measurement_id,oligo_id,oligo_name,evidence_class,endpoint_domain,species,timing_evidence,exposure_duration,onset_text,observation_window_text,competing_explanation_text,reversibility,readout_name,readout_value,effect_vs_control,neurotox_grade,ascertainment,source_id,source_ref,source_table,chronic_eligibility,chronic_eligibility_basis
CMS2261,CNS013,tofersen,human_label_pooled,clinical_neuro_ae,human,onset_and_window,28wk,"developed transverse myelitis in the setting of neurosarcoidosis, which was the most likely cause of that subject's myelitis'. Study 101C: 28-week randomised, double-blind, placebo-controlled study in 108 adult SOD1-ALS patients; tofersen 100 mg IT N=72, place","observed in the tofersen group compared to placebo for ... lumbar radiculopathy, chemical (aseptic) meningitis, myelitis, and transverse myelitis' (p.104). Counted separately from 'Myelitis' as a distinct preferred term in the same table. The reviewer's assess",,not_assessed,transverse_myelitis,1/72,1.4pct_tofersen_vs_0pct_placebo_EAIR_3.2_vs_0_per_100_patient_years,2,reported_event,R1,FDA_NDA215887,"Integrated Review p.105 (PDF p.106) Table 39, Exposure-Adjusted Analysis by Preferred Term, Study 233AS101 Part C, row 'Myelitis transverse'",,
CMS2265,CNS013,tofersen,human_label_pooled,clinical_neuro_ae,human,onset_and_window,pooled_101C_28wk_plus_102_open_label_extension,"9 MONTHS AFTER ONSET.' Split out from the 2/147 aggregate because it is the only tofersen neurologic event in this review with a documented persisting deficit. Reversibility = irreversible on the strength of that 9-month follow-up. Graded 2, not 3: sensory los","follow-up. Graded 2, not 3: sensory loss in a nerve root distribution, not paralysis or documented degeneration. is_cns_specific FALSE: radicular sensory loss is a nerve-root/peripheral readout. grade_provisional. 1_of_147_tofersen_vs_0_placebo pooled_101C_28w",,irreversible,radiculitis_with_persisting_sensory_sequelae,1/147,1_of_147_tofersen_vs_0_placebo,2,reported_event,R1,FDA_NDA215887,"Integrated Review p.163 (PDF p.164) Section 7.7.1, Assessment paragraph",,
CMS1163,CNS013,tofersen,human_label_pooled,clinical_neuro_ae,human,onset_only,median 148.4wk (max 245wk),"onset after 5-58 doses; 4 symptomatic, 2 asymptomatic; all 6 had abnormal MRI; 2 discontinued (event resolved), 4 continued. No placebo denominator (pooled open-label). CONFLICT: EMA EPAR Table 37 lists myelitis as an ADR in 4/147 (2.7%) of the same pool - see",,,reversible,myelitis_serious,6/147,4.1pct_no_concurrent_control_arm,2,reported_event,R2,EMA_EU/1/23/1783,"EU SmPC sec 4.8, Description of selected adverse reactions",,
CMS1164,CNS013,tofersen,human_label_pooled,clinical_neuro_ae,human,onset_only,median 148.4wk (max 245wk),"onset after 1-24 doses); both symptomatic; 1 abnormal MRI, 1 normal MRI; no discontinuations; resolved WITH sequelae in one and without sequelae in the other. cns_region recorded as spinal_cord (nerve roots within the spinal canal); vocabulary has no 'nerve_ro",,,partially_reversible,radiculitis_serious,2/147,1.4pct_no_concurrent_control_arm,2,reported_event,R2,EMA_EU/1/23/1783,"EU SmPC sec 4.8, Description of selected adverse reactions",,
CMS1201,CNS277,inotersen,human_label_pooled,clinical_neuro_ae,human,onset_only,"onset 2mo after first dose, progressed over 6mo","developed a change in gait that progressed over 6 months to paraparesis, in the absence of radiologic evidence of spinal cord compression.' Progressive and disabling -> grade 3. Denominator not given for this narrative (the label's clinical-study safety popula",,,TBD,paraparesis,1 patient,no_control_single_case,3,reported_event,R9,FDA_NDA211172,"US label sec 5.5 Inflammatory and Immune Effects, 'Neurologic Serious Adverse Reactions'",,
CMS1464,CNS014,tominersen,human_trial_sponsor,chronic_neurotoxicity,human,onset_only,"21wk (maximum effect), followed to 69wk","at Week 21, trending back towards baseline by Week 69 -> reversible. above baseline at every on-treatment timepoint; greatest at Week 21 21wk (maximum effect), followed to 69wk",,,reversible,NfL_CSF,TBD,above baseline at every on-treatment timepoint; greatest at Week 21,2,reported_event,CP_CHDI2022_BOAK,"Roche medical-affairs slide deck, CHDI 2022, M-XX-00008257 (medically.gene.com)","slide 13, 'Transient increases in CSF NfL were observed with Q8W dosing' (Q8W n=195/169/158 at wk21/37/69)",,
CMS1465,CNS014,tominersen,human_trial_sponsor,chronic_neurotoxicity,human,onset_only,"21wk, resolved by 37wk","by Weeks 37 and 69 -> graded 1 (mild and transient) rather than 2. Values plotted only. point estimates above baseline at Week 21 only; in line with baseline at Weeks 37 and 69 21wk, resolved by 37wk",,,reversible,NfL_CSF,TBD,point estimates above baseline at Week 21 only; in line with baseline at Weeks 37 and 69,1,reported_event,CP_CHDI2022_BOAK,"Roche medical-affairs slide deck, CHDI 2022, M-XX-00008257 (medically.gene.com)","slide 13, Q16W series (n=165/156/175 at wk21/37/69)",,
CMS1522,CNS013,tofersen,human_trial_publication,chronic_neurotoxicity,human,onset_only,148wk,"16 weeks after treatment initiation, sustained to week 148 with no attenuation 148wk",,,not_assessed,NfL_plasma,-67.0,"maximal reductions about 16 weeks after treatment initiation, sustained to week 148 with no attenuation",0,measured,CP_MILLER2026_JAMANEUROL,doi:10.1001/jamaneurol.2025.4946,"Results, 'Plasma NfL' subsection, and Figure 1A",,
CMS1523,CNS013,tofersen,human_trial_publication,chronic_neurotoxicity,human,onset_only,148wk,"16 weeks after treatment initiation, sustained to week 148 with no attenuation 148wk",,,not_assessed,NfL_plasma,-64.0,"maximal reductions about 16 weeks after treatment initiation, sustained to week 148 with no attenuation",0,measured,CP_MILLER2026_JAMANEUROL,doi:10.1001/jamaneurol.2025.4946,"Results, 'Plasma NfL' subsection, and Figure 1A",,
CMS1585,CNS003,diranersen,human_trial_publication,clinical_neuro_ae,human,onset_only,13wk treatment plus 23wk post-treatment,emerged in any participant. ;; source_ref_as_cited=PMID:37095250; doi:10.1038/s41591-023-02326-3 0 of 34 on MAPTRx vs 2 of 12 (16.7pct) on placebo 13wk treatment plus 23wk post-treatment,,,not_assessed,serious_adverse_event,0,0 of 34 on MAPTRx vs 2 of 12 (16.7pct) on placebo,0,explicit_zero_with_denominator,CP_MUMMERY2023_NATMED,doi:10.1038/s41591-023-02326-3,"Table 2, 'Any serious AE' row",,
CMS1588,CNS012,nusinersen,human_trial_publication,chronic_neurotoxicity,human,onset_only,64d,"at day 64, nominally significant P=0.0075 by joint-rank test 64d",,,not_assessed,NfL_plasma,-77.0,"-77pct on 12/12 mg vs -88pct on 50/28 mg at day 64, nominally significant P=0.0075 by joint-rank test",0,measured,CP_DEVOTE_NATMED2026,doi:10.1038/s41591-025-04193-6,"Results, 'Part B cohort with infantile-onset SMA: neurodegeneration'",,
CMS1589,CNS012,nusinersen,human_trial_publication,chronic_neurotoxicity,human,onset_only,183d,"at day 183, P<0.0001 183d",,,not_assessed,NfL_plasma,-94.0,"-94pct on 50/28 mg vs -32pct on matched sham at day 183, P<0.0001",0,measured,CP_DEVOTE_NATMED2026,doi:10.1038/s41591-025-04193-6,"Results, 'Part B cohort with infantile-onset SMA: neurodegeneration', with Table 2 and Fig. 2b",,
CMS1590,CNS012,nusinersen,human_trial_publication,chronic_neurotoxicity,human,onset_only,183d,"at day 183, P<0.0001 183d",,,not_assessed,NfL_plasma,-32.0,"-94pct on 50/28 mg vs -32pct on matched sham at day 183, P<0.0001",0,measured,CP_DEVOTE_NATMED2026,doi:10.1038/s41591-025-04193-6,"Results, 'Part B cohort with infantile-onset SMA: neurodegeneration', with Table 2 and Fig. 2b",,
CMS1608,CNS004,BIIB094,human_trial_publication,clinical_neuro_ae,human,onset_only,parts A and B,emerged at 10-150 mg intrathecal. Read from the abstract. ;; source_ref_as_cited=PMID:41876647; doi:10.1038/s41591-026-04262-4 no BIIB094-related serious adverse events in either part parts A and B,,,not_assessed,serious_adverse_event,0,no BIIB094-related serious adverse events in either part,0,review_required,CP_MABROUK2026_NATMED,doi:10.1038/s41591-026-04262-4,abstract,,
CMS2035,CNS549,ASO-/-3,human_laboratory,chronic_neurotoxicity,human,onset_only,28d,"at days 7, 14, 21 and 28 28d",,,not_assessed,TUJ1_mRNA,TBD,"no obvious difference in expression vs untreated neurons at days 7, 14, 21 and 28",0,measured,S_CNS_IV_HUBENER2022,doi:10.1016/j.omtn.2021.11.015,Fig 5B,,
CMS2036,CNS564,ASOmut4,human_laboratory,chronic_neurotoxicity,human,onset_only,28d,"at days 7, 14, 21 and 28 28d",,,not_assessed,TUJ1_mRNA,TBD,"no obvious difference in expression vs untreated neurons at days 7, 14, 21 and 28",0,measured,S_CNS_IV_HUBENER2022,doi:10.1016/j.omtn.2021.11.015,Fig 5B,,
CMS2037,CNS565,ASOwt4,human_laboratory,chronic_neurotoxicity,human,onset_only,28d,"at days 7, 14, 21 and 28 28d",,,not_assessed,TUJ1_mRNA,TBD,"no obvious difference in expression vs untreated neurons at days 7, 14, 21 and 28",0,measured,S_CNS_IV_HUBENER2022,doi:10.1016/j.omtn.2021.11.015,Fig 5B,,
CMS2038,CNS549,ASO-/-3,human_laboratory,chronic_neurotoxicity,human,onset_only,28d,"at days 7, 14, 21 and 28 28d",,,not_assessed,MAP2_mRNA,TBD,"no obvious difference in expression vs untreated neurons at days 7, 14, 21 and 28",0,measured,S_CNS_IV_HUBENER2022,doi:10.1016/j.omtn.2021.11.015,Fig 5C,,
CMS2039,CNS564,ASOmut4,human_laboratory,chronic_neurotoxicity,human,onset_only,28d,"at days 7, 14, 21 and 28 28d",,,not_assessed,MAP2_mRNA,TBD,"no obvious difference in expression vs untreated neurons at days 7, 14, 21 and 28",0,measured,S_CNS_IV_HUBENER2022,doi:10.1016/j.omtn.2021.11.015,Fig 5C,,
CMS2040,CNS565,ASOwt4,human_laboratory,chronic_neurotoxicity,human,onset_only,28d,"at days 7, 14, 21 and 28 28d",,,not_assessed,MAP2_mRNA,TBD,"no obvious difference in expression vs untreated neurons at days 7, 14, 21 and 28",0,measured,S_CNS_IV_HUBENER2022,doi:10.1016/j.omtn.2021.11.015,Fig 5C,,
CMS2321,CNS013,tofersen,human_label_pooled,clinical_neuro_ae,human,onset_only,pooled_101C_28wk_plus_102_open_label_extension,"developed myelitis.' Doses received before onset ranged from 1 to 24. 'Each event was associated with a CSF pleocytosis and elevated CSF protein.' Outcomes were mixed - two cases asymptomatic, one severe case resolved over 2 months, one EAP case of unknown out",,,partially_reversible,myelitis,4/147,2.7pct_tofersen_vs_0_in_placebo_arm_of_101C,2,reported_event,R1,FDA_NDA215887,"Integrated Review pp.161-163 (PDF pp.162-164) Section 7.7.1 Myelitis and Radiculitis, Background and Assessment",,
CMS2322,CNS013,tofersen,human_label_pooled,clinical_neuro_ae,human,onset_only,pooled_101C_28wk_plus_102_open_label_extension,at Day 433 'remained unresolved'; a mild/moderate intracranial hypertension case at Day 198 'remained unresolved at time of data cut-off' -> partially_reversible for the aggregate. Papilledema is named explicitly at grade 2 in the rubric. grade_provisional. 2.,,,partially_reversible,papilledema_or_intracranial_pressure_increased_serious,4/139,2.9pct_tofersen_vs_0pct_placebo_in_101C,2,reported_event,R1,FDA_NDA215887,"Integrated Review pp.165-166 (PDF pp.166-167) Section 7.7.3 Papilledema/Elevated Intracranial Pressure, Background and Assessment, with Table 80",,
CMS1180,CNS012,nusinersen,human_label_pooled,clinical_neuro_ae,human,window_only,up to 3940d (median 2388d),,observed after administration of SPINRAZA.' No incidence printed -> readout_value TBD. grade_provisional observed_no_rate_given up to 3940d (median 2388d),,reversible,post_lumbar_puncture_syndrome,TBD,observed_no_rate_given,1,reported_event,R4,FDA_NDA209531,"US label sec 6.1, sentence following Table 3",,
CMS1296,CNS014,tominersen,human_trial_registry,clinical_neuro_ae,human,window_only,up to approximately 3 years,,up to approximately 3 years,"confounding is substantial. LANE-ADJACENT row: arachnoiditis can obstruct CSF flow and is one of the mechanisms by which intrathecal ASOs are hypothesised to cause communicating hydrocephalus (the Stoker case, m56, was attributed to a sterile meningitis). endp",not_assessed,arachnoiditis,1_of_143,"open-label roll-over study, NO placebo arm; comparison is between dosing frequencies at an identical 120 mg dose (Q4W n=14, Q8W n=143, Q16W n=88)",2,reported_event,CNSSRC_CTG_NCT03842969,NCT03842969,"Adverse Events - Serious events, 'Arachnoiditis', Tominersen 120 mg Q8W arm",,
CMS1384,CNS013,tofersen,human_trial_registry,clinical_neuro_ae,human,window_only,up_to_364wk,,up to 364 weeks rather than to the oligonucleotide. Graded 1 and flagged; in the placebo-controlled parent study this term was BELOW the intrathecal-placebo rate. No concurrent control here. grade_provisional ;; corrected: reversibility -> not_assessed. This i,no concurrent control arm in this study. PROCEDURE-RELATED: attributable to repeated lumbar punctures over up to 364 weeks rather than to the oligonucleotide. Graded 1 and flagged; in the placebo-controlled parent study this term was BELOW the intrathecal-plac,not_assessed,Post_lumbar_puncture_syndrome,23.8,no_concurrent_control_arm,1,reported_event,CT_NCT03070119,NCT03070119,"resultsSection.adverseEventsModule.otherEvents[58] | term='Post lumbar puncture syndrome' | organSystem='Injury, poisoning and procedural complications' | arm=EG001 (233AS101: Part C (Prior BIIB067 10",,
CMS1454,CNS012,nusinersen,human_trial_registry,clinical_neuro_ae,human,window_only,single_dose_followup,,followup,"no concurrent control arm in this study. PROCEDURE-RELATED by MedDRA coding - attributed to the lumbar puncture, not the oligonucleotide. Part C is single-arm, no concurrent control. Grade 1. grade_provisional ;; corrected: reversibility -> not_assessed. This",not_assessed,Procedural_headache,32.5,no_concurrent_control_arm,1,reported_event,CT_NCT04089566,NCT04089566,"resultsSection.adverseEventsModule.otherEvents[78] | term='Procedural headache' | organSystem='Injury, poisoning and procedural complications' | arm=EG005 (Part C: 50/28 mg Nusinersen)",,
CMS1462,CNS018,zilganersen,human_trial_sponsor,clinical_neuro_ae,human,window_only,"60wk double-blind, then escalation to 50 mg in the extension",,"follow-up period - that follow-up period is where any reversibility data will come from. No numeric adverse-event rates disclosed. ;; source_ref_as_cited=Ionis press release, 22 Sep 2025, ir.ionis.com (zilganersen pivotal topline); NCT04849741 randomised 2:1 a",,not_assessed,any_adverse_event,most adverse events mild or moderate,randomised 2:1 against control within the same study,0,review_required,CP_IONIS_PR_ZILG_20250922,NCT04849741,"press-release body, safety paragraph and 'About the Zilganersen Study'",,
CMS1466,CNS014,tominersen,human_trial_sponsor,chronic_neurotoxicity,human,window_only,up to 69wk,,"observed in the higher CSF-exposure quartiles but were NOT observed in the lowest exposure quartile; the greatest ventricular-volume increases occurred in the highest exposure quartile with smaller increases at lower exposures. Values are plotted only, so read",,not_assessed,NfL_CSF,no increase in the lowest exposure quartile,lowest CSF exposure quartile (average concentration 1.28-3.96 ug/mL) vs highest (5.82-8.91 ug/mL),0,measured,CP_CHDI2023_MCCOLGAN,"Roche medical-affairs slide deck, CHDI 2023, M-XX-00013000 (medically.roche.com)","slide 15, exposure-quartile analysis pooled across 120 mg Q8W and Q16W with loading (n=791)",,
CMS1570,CNS017,WVE-120102,human_class_review,chronic_neurotoxicity,human,window_only,whole trial including the 32 mg cohort,,observed'; 'NfL did not increase over time' whole trial including the 32 mg cohort,,not_assessed,NfL_CSF,no change observed,'no changes in CSF NfL were observed'; 'NfL did not increase over time',0,measured,CP_BIODRUGS2022_HD_ASO_REVIEW,doi:10.1007/s40259-022-00519-9,"section 'Wave Life Sciences WVE-120101 and WVE-120102', paragraphs 1 and 3",,
CMS2099,CNS547,ASO 1142,human_laboratory,chronic_neurotoxicity,human,window_only,4wk (DIV7 to DIV35),,observed for every ASO in every line - an unquantified on-target liability. ;; source_ref_as_cited=10.1038/s41467-025-67752-y neurite outgrowth rescued toward the CRISPR-corrected isogenic control value 4wk (DIV7 to DIV35),,not_assessed,neurite_outgrowth_length_MAP2,TBD,neurite outgrowth rescued toward the CRISPR-corrected isogenic control value,0,measured,S_CNS_IV_KIF1A2026,doi:10.1038/s41467-025-67752-y,Fig 4D,,
CMS2100,CNS548,ASO 1144,human_laboratory,chronic_neurotoxicity,human,window_only,4wk (DIV7 to DIV35),,observed for every ASO in every line - an unquantified on-target liability. ;; VERIFIED[CONFIRMED_MINOR] Two things. (1) The '60% allele-specific knockdown' attributed to ASO 1144 is not attributable from the text: the paper says only 'the ASOs targeting rs106,,not_assessed,neurite_outgrowth_length_MAP2,TBD,neurite outgrowth rescued toward the CRISPR-corrected isogenic control value,0,measured,S_CNS_IV_KIF1A2026,doi:10.1038/s41467-025-67752-y,Fig 4D,,
CMS2103,CNS286,valeriasen,human_laboratory,chronic_neurotoxicity,human,window_only,up to 3wk,,up to 3 weeks appeared healthy with normal neurite morphology up to 3wk,,not_assessed,neurite_morphology_and_general_health,normal,patient neurons treated for up to 3 weeks appeared healthy with normal neurite morphology,0,measured,S_CNS_IV_KCNT1_2026,doi:10.1038/s41591-026-04314-9,"Results, 'Impact of KCNT1 reduction on electrophysiologic currents'; Extended Data Fig 2e-g",,
CMS2259,CNS013,tofersen,human_label_pooled,clinical_neuro_ae,human,window_only,28wk,,"observed in the tofersen group compared to placebo for ... lumbar radiculopathy, chemical (aseptic) meningitis, myelitis, and transverse myelitis' (p.104). Graded 2 per the rubric's inclusion of radiculitis among moderate, resolving neurologic AEs. Study 101C:",,not_assessed,lumbar_radiculopathy,1/72,1.4pct_tofersen_vs_0pct_placebo_EAIR_3.3_vs_0_per_100_patient_years,2,reported_event,R1,FDA_NDA215887,"Integrated Review p.105 (PDF p.106) Table 39, Exposure-Adjusted Analysis by Preferred Term, Study 233AS101 Part C, row 'Lumbar radiculopathy'",,
CMS2260,CNS013,tofersen,human_label_pooled,clinical_neuro_ae,human,window_only,28wk,,"observed in the tofersen group compared to placebo for ... lumbar radiculopathy, chemical (aseptic) meningitis, myelitis, and transverse myelitis' (p.104). Serious adverse event, also in Table 24 as an AE leading to discontinuation. Section 7.7.2 (p.163) repor",,reversible,chemical_meningitis,1/72,1.4pct_tofersen_vs_0pct_placebo_EAIR_3.2_vs_0_per_100_patient_years,2,reported_event,R1,FDA_NDA215887,"Integrated Review p.105 (PDF p.106) Table 39, Exposure-Adjusted Analysis by Preferred Term, Study 233AS101 Part C, row 'Meningitis chemical'",,
CMS2262,CNS013,tofersen,human_label_pooled,clinical_neuro_ae,human,window_only,28wk,,"observed in the tofersen group compared to placebo for ... lumbar radiculopathy, chemical (aseptic) meningitis, myelitis, and transverse myelitis' (p.104). Serious adverse event; also appears in Table 24 (p.89) as an AE leading to treatment discontinuation, 1",,not_assessed,myelitis,1/72,1.4pct_tofersen_vs_0pct_placebo_EAIR_3.2_vs_0_per_100_patient_years,2,reported_event,R1,FDA_NDA215887,"Integrated Review p.105 (PDF p.106) Table 39, Exposure-Adjusted Analysis by Preferred Term, Study 233AS101 Part C, row 'Myelitis'",,
CMS2333,CNS587,ASO class - SafeSense human adverse event atlas (112 ASOs),human_class_review,clinical_neuro_ae,human,window_only,TBD,,observed.' RESTATES PRIMARY ROWS: aggregate over programmes already held. grade_provisional no_significant_association_between_length_and_AE_rate;Pearson_and_Spearman_both_non_significant TBD,,not_assessed,AE_rate_vs_oligonucleotide_length,TBD,no_significant_association_between_length_and_AE_rate;Pearson_and_Spearman_both_non_significant,0,review_required,SafeSense2026,doi:10.1016/j.omtn.2026.103035,"Figure 4C (scatterplot of ASO length vs mean safety rate with linear regression and 95% CI) and Figure S2B (length bins), with the Results subsection 'ASO length is not associated with AE burden'",,
CMS2334,CNS587,ASO class - SafeSense human adverse event atlas (112 ASOs),human_class_review,clinical_neuro_ae,human,window_only,TBD,,"observed within i.t. administration.' On the neurologic domain specifically the paper says of Figure 5A: 'Among all classes, phosphorodiamidate morpholino oligomers (PMO) and 2'-MOE-modified ASOs exhibited the lowest overall AE rates... In contrast, higher AE",,not_assessed,AE_rate_LNA_vs_2prime_MOE,TBD,LNA_higher_than_2prime_MOE;strongest_within_intrathecal_administration;magnitude_figure_only,1,reported_event,SafeSense2026,doi:10.1016/j.omtn.2026.103035,"Figure 5B panels BI and BII (WLS regression, LNA vs 2'-MOE, stratified by route) and Figure 5A, with the Results subsection 'Sugar chemistry influences ASO safety profiles'",,
CMS2335,CNS587,ASO class - SafeSense human adverse event atlas (112 ASOs),human_class_review,clinical_neuro_ae,human,window_only,TBD,,"observed in PS-only treatments. However, neurologic and procedure-related AE categories remained relatively more pronounced in PO/PS-modified ASOs (Figure 6C).' Across all treatments PO/PS configurations were associated with higher overall AE rates than PS-onl","confounding by sugar chemistry: 'Within this subset, AE category patterns remained generally consistent between backbone configurations, with slightly higher representation of several AE categories observed in PS-only treatments. However, neurologic and proced",not_assessed,neurologic_AE_rate_PO_PS_mixed_vs_PS_only_backbone,TBD,neurologic_and_procedure_categories_more_pronounced_in_PO_PS_within_2prime_MOE_gapmers;magnitude_figure_only,1,reported_event,SafeSense2026,doi:10.1016/j.omtn.2026.103035,"Figure 6C (accumulated AE rates across clinical groups for 2'-MOE-modified treatments stratified by backbone, log1p scale) and Figure 6A, with the Results subsection 'Backbone composition and AE patte",,
CMS2336,CNS587,ASO class - SafeSense human adverse event atlas (112 ASOs),human_class_review,clinical_neuro_ae,human,window_only,TBD,,"observed across multiple clinical categories (Figure 7BI). However, the majority of these events were procedure-related or nonspecific in nature (e.g., general or mortality categories), and many are plausibly attributable to the underlying disease context or t","underlying disease context or the invasive administration procedure itself. When analyses were restricted to SAEs, the representation of non-neurologic systemic categories was further reduced (Figure 7BII), suggesting that clinically significant peripheral tox",not_assessed,non_neurologic_systemic_AE_after_intrathecal_delivery,TBD,non_neurologic_events_mostly_procedure_related_or_nonspecific;further_reduced_when_restricted_to_severe_AEs,0,review_required,SafeSense2026,doi:10.1016/j.omtn.2026.103035,"Figure 7B panels BI (overall AE prevalence by clinical AE group after intrathecal administration) and BII (severe AE prevalence in the same categories), with the Results subsection 'Cross-compartment ",,
CMS2337,CNS587,ASO class - SafeSense human adverse event atlas (112 ASOs),human_class_review,clinical_neuro_ae,human,window_only,TBD,,"observed with systemic administration were predominantly nonspecific and do not suggest meaningful CNS exposure.' readout_value=TBD: Figure 7C shows accumulated prevalence per term but no value, count or denominator is printed in the text. The three named term",,not_assessed,neurologic_AE_after_systemic_administration,TBD,"neurologic_terms_reported_but_nonspecific (headache, dizziness, fall); authors conclude no meaningful CNS exposure",0,review_required,SafeSense2026,doi:10.1016/j.omtn.2026.103035,"Figure 7C (accumulated prevalence of neurologic AE terms following systemic i.v. and s.c. administration), with the Results subsection 'Cross-compartment AE patterns suggest limited peripheral toxicit",,
CMS1131,CNS013,tofersen,human_label_pooled,clinical_neuro_ae,human,duration_only,28wk,,,,not_assessed,headache,45.8,45.8pct(33/72)_vs_44.4pct(16/36)_placebo,0,measured,R3,EMA/276404/2024,"EPAR Table 36 (TEAEs >=10% in any pooled group, cut-off 15 Jul 2022), row 'Headache'",,
CMS1132,CNS013,tofersen,human_label_pooled,clinical_neuro_ae,human,duration_only,28wk,,,,TBD,back_pain,19.4,19.4pct(14/72)_vs_5.6pct(2/36)_placebo,1,reported_event,R3,EMA/276404/2024,"EPAR Table 36, row 'Back pain'",,
CMS1133,CNS013,tofersen,human_label_pooled,clinical_neuro_ae,human,duration_only,28wk,,,,TBD,dizziness,5.6,5.6pct(4/72)_vs_8.3pct(3/36)_placebo,0,measured,R3,EMA/276404/2024,"EPAR Table 36, row 'Dizziness'",,
CMS1135,CNS013,tofersen,human_label_pooled,clinical_neuro_ae,human,duration_only,28wk,,,,not_assessed,post_lumbar_puncture_syndrome,18.1,18.1pct(13/72)_vs_30.6pct(11/36)_placebo,0,measured,R3,EMA/276404/2024,"EPAR Table 36, row 'Post lumbar puncture syndrome'",,
CMS1139,CNS013,tofersen,human_label_pooled,clinical_neuro_ae,human,duration_only,median 148.4wk (max 245wk),,,,TBD,neuralgia,7/147,4.8pct_no_concurrent_control_arm,1,reported_event,R3,EMA/276404/2024,EPAR Table 37,,
CMS1141,CNS013,tofersen,human_label_pooled,clinical_neuro_ae,human,duration_only,median 148.4wk (max 245wk),,,,TBD,radiculitis_ADR_any_severity,4/147,2.7pct_no_concurrent_control_arm,2,reported_event,R3,EMA/276404/2024,EPAR Table 37,,
CMS1142,CNS013,tofersen,human_label_pooled,clinical_neuro_ae,human,duration_only,median 148.4wk (max 245wk),,,,TBD,myelitis_ADR_any_severity,4/147,2.7pct_no_concurrent_control_arm,2,reported_event,R3,EMA/276404/2024,"EPAR Table 37 (ADRs for pooled group ABCL1, cut-off 28 Feb 2023)",,
CMS1172,CNS273,eteplirsen,human_label_pooled,clinical_neuro_ae,human,duration_only,label review,,,,not_assessed,CNS_warning_absent_from_label,0,no_CNS_warning_or_precaution_in_label,0,absence_of_label_warning,R10,FDA_NDA206488,US label sec 5 Warnings and Precautions and sec 6.2 Postmarketing Experience (both read in full),,
CMS1173,CNS273,eteplirsen,human_label_pooled,clinical_neuro_ae,human,duration_only,0.5-50 mg/kg range,,,,TBD,headache,>10,no_control_arm,1,reported_event,R10,FDA_NDA206488,"US label sec 6.1, 'Adverse Reactions from Observational Clinical Studies'",,
CMS1175,CNS012,nusinersen,human_label_pooled,clinical_neuro_ae,human,duration_only,up to 3940d (median 2388d),,,,TBD,neurologic_AE_meeting_reporting_threshold,0,no_neurologic_term_in_table;SPINRAZA_n=80_vs_sham_n=41,0,threshold_limited_zero,R4,FDA_NDA209531,"US label Table 2 (sec 6.1), Infantile-Onset SMA Study 1 - full table inspected",,
CMS1176,CNS012,nusinersen,human_label_pooled,clinical_neuro_ae,human,duration_only,up to 3940d (median 2388d),,,,not_assessed,back_pain,25,25pct_vs_0pct_sham_control,1,reported_event,R4,FDA_NDA209531,"US label Table 3 (sec 6.1), Later-Onset SMA Study 2, row 'Back pain'",,
CMS1178,CNS012,nusinersen,human_label_pooled,clinical_neuro_ae,human,duration_only,up to 3940d (median 2388d),,,,reversible,headache,29,29pct_vs_7pct_sham_control,1,reported_event,R4,FDA_NDA209531,"US label Table 3 (sec 6.1), Later-Onset SMA Study 2, row 'Headache'",,
CMS1179,CNS012,nusinersen,human_label_pooled,clinical_neuro_ae,human,duration_only,up to 3940d (median 2388d),,,,reversible,vomiting,29,29pct_vs_12pct_sham_control,1,reported_event,R4,FDA_NDA209531,"US label Table 3 (sec 6.1), Later-Onset SMA Study 2, row 'Vomiting'",,
CMS1181,CNS012,nusinersen,human_label_pooled,clinical_neuro_ae,human,duration_only,postmarketing,,,,TBD,meningitis_infectious_LP_associated,TBD,postmarketing_reports_no_denominator,2,reported_event,R4,FDA_NDA209531,US label sec 6.2 Postmarketing Experience,,
CMS1192,CNS280,patisiran,human_label_pooled,clinical_neuro_ae,human,duration_only,18mo,,,,TBD,vertigo,5,5pct_vs_1pct_placebo,1,reported_event,R12,FDA_NDA210922,"US label Table 1 (sec 6.1), row 'Vertigo'",,
CMS1193,CNS280,patisiran,human_label_pooled,chronic_neurotoxicity,human,duration_only,label review,,,,not_assessed,CNS_finding_none_reported_in_label,0,no_CNS_warning_and_no_CNS_nonclinical_finding,0,absence_of_label_warning,R12,FDA_NDA210922,US label sec 5 Warnings and Precautions and sec 13.1 Nonclinical Toxicology (both read in full),,
CMS1194,CNS280,patisiran,human_label_pooled,clinical_neuro_ae,human,duration_only,postmarketing,,,,reversible,syncope_as_infusion_related_reaction_symptom,TBD,no_denominator,1,reported_event,R12,FDA_NDA210922,US label sec 5.1 Infusion-Related Reactions and sec 6.2 Postmarketing Experience,,
CMS1195,CNS277,inotersen,human_label_pooled,clinical_neuro_ae,human,duration_only,mean 385d (median 449d),,,,TBD,headache,26,26pct_vs_12pct_placebo,1,reported_event,R9,FDA_NDA211172,"US label Table 2 (sec 6.1), row 'Headache'",,
CMS1196,CNS277,inotersen,human_label_pooled,clinical_neuro_ae,human,duration_only,mean 385d,,,"Confounded by the underlying indication (hATTR POLYNEUROPATHY), so attribution to the oligonucleotide is weak. grade_provisional 10pct_vs_3pct_placebo mean 385d",TBD,paresthesia,10,10pct_vs_3pct_placebo,1,reported_event,R9,FDA_NDA211172,"US label Table 2 (sec 6.1), row 'Paresthesia'",,
CMS1197,CNS277,inotersen,human_label_pooled,clinical_neuro_ae,human,duration_only,mean 385d,,,,TBD,presyncope_or_syncope,13,13pct_vs_5pct_placebo,1,reported_event,R9,FDA_NDA211172,"US label Table 2 (sec 6.1), row 'Pre-syncope or syncope'",,
CMS1198,CNS277,inotersen,human_label_pooled,chronic_neurotoxicity,human,duration_only,label review,,,,not_assessed,CNS_finding_none_reported_in_nonclinical_sections,0,no_CNS_nonclinical_finding_in_label,0,not_assessed_in_source,R9,FDA_NDA211172,"US label sec 13.1 Carcinogenesis, Mutagenesis, Impairment of Fertility (whole section read)",,
CMS1199,CNS277,inotersen,human_label_pooled,clinical_neuro_ae,human,duration_only,up to 65wk,,,,TBD,stroke_and_cervicocephalic_arterial_dissection,1/161,0.6pct_no_concurrent_control_rate_given,3,reported_event,R9,FDA_NDA211172,US label sec 5.4 Stroke and Cervicocephalic Arterial Dissection,,
CMS1203,CNS275,golodirsen,human_label_pooled,clinical_neuro_ae,human,duration_only,up to 96wk,,,,TBD,headache,41,41pct_vs_10pct_placebo,1,reported_event,R11,FDA_NDA211970,"US label Table 1 (sec 6.1), row 'Headache'",,
CMS1204,CNS275,golodirsen,human_label_pooled,clinical_neuro_ae,human,duration_only,label review,,,,not_assessed,CNS_warning_absent_from_label,0,no_CNS_warning_or_precaution_in_label,0,absence_of_label_warning,R11,FDA_NDA211970,"US label sec 5 Warnings and Precautions (hypersensitivity 5.1, renal toxicity 5.2) and sec 6.2 Postmarketing",,
CMS1205,CNS275,golodirsen,human_label_pooled,clinical_neuro_ae,human,duration_only,up to 96wk,,,,TBD,dizziness,TBD,>5pct_and_greater_than_placebo_exact_rates_not_printed,1,reported_event,R11,FDA_NDA211970,"US label sec 6.1, sentence following Table 1 ('Other adverse reactions ... greater than 5%')",,
CMS1207,CNS274,givosiran,human_label_pooled,clinical_neuro_ae,human,duration_only,median 5.5mo (range 2.7-6.4mo),,,,not_assessed,neurologic_adverse_reaction_none_in_table,0,0_neurologic_terms;GIVLAARI_n=48_vs_placebo_n=46,0,threshold_limited_zero,R13,FDA_NDA212194,US label Table 1 (sec 6.1) - full table inspected; plus sec 5 Warnings and Precautions and sec 6.3,,
CMS1208,CNS274,givosiran,human_label_pooled,chronic_neurotoxicity,human,duration_only,label review,,,,not_assessed,CNS_finding_none_reported_in_nonclinical_sections,0,no_CNS_nonclinical_finding_in_label,0,not_assessed_in_source,R13,FDA_NDA212194,US label sec 13.1 Nonclinical Toxicology (whole section read),,
CMS1209,CNS276,inclisiran,human_label_pooled,clinical_neuro_ae,human,duration_only,median 77wk,,,,not_assessed,neurologic_adverse_reaction_none_in_table,0,0_neurologic_terms;LEQVIO_n=1833_vs_placebo_n=1822,0,threshold_limited_zero,R14,FDA_NDA214012,US label Table 1 (sec 6.1) - full table inspected; plus sec 5 Warnings and Precautions and sec 6.2,,
CMS1210,CNS276,inclisiran,human_label_pooled,clinical_neuro_ae,human,duration_only,12mo double-blind period,,,,TBD,headache,13,13pct_vs_6pct_placebo,1,reported_event,R14,FDA_NDA214012,"US label sec 6.1, 'Adverse Reactions in Pediatric Patients with HeFH'",,
CMS1212,CNS278,lumasiran,human_label_pooled,clinical_neuro_ae,human,duration_only,6mo double-blind period,,,,not_assessed,neurologic_adverse_reaction_none_in_table,0,0_neurologic_terms;OXLUMO_n=26_vs_placebo_n=13,0,explicit_zero_with_denominator,R16,FDA_NDA214103,US label Table 2 (sec 6.1) - full table inspected; plus sec 5 (no Warnings and Precautions section) and 6.2,,
CMS1213,CNS278,lumasiran,human_label_pooled,chronic_neurotoxicity,human,duration_only,label review,,,,not_assessed,CNS_finding_none_reported_in_nonclinical_sections,0,no_CNS_nonclinical_finding_in_label,0,not_assessed_in_source,R16,FDA_NDA214103,US label sec 13.1 Nonclinical Toxicology (whole section read),,
CMS1214,CNS279,nedosiran,human_label_pooled,chronic_neurotoxicity,human,duration_only,label review,,,,not_assessed,CNS_finding_none_reported_in_nonclinical_sections,0,no_CNS_nonclinical_finding_in_label,0,not_assessed_in_source,R15,FDA_NDA215842,US label sec 13.1 Nonclinical Toxicology (whole section read),,
CMS1215,CNS279,nedosiran,human_label_pooled,clinical_neuro_ae,human,duration_only,median 15mo (range 1-29mo),,,,not_assessed,neurologic_adverse_reaction_none_reported,0,0_neurologic_terms;RIVFLOZA_n=18_vs_placebo_n=11,0,explicit_zero_with_denominator,R15,FDA_NDA215842,US label sec 6.1 Clinical Trials Experience (whole section read; the label prints no adverse-reaction table),,
CMS1218,CNS013,tofersen,human_label_pooled,clinical_neuro_ae,human,duration_only,28wk,,,,TBD,neuralgia,6,6pct_vs_0pct_placebo,1,reported_event,R1,FDA_NDA215887,"US label Table 1 (sec 6.1), row 'Neuralgia'",,
CMS1219,CNS013,tofersen,human_label_pooled,clinical_neuro_ae,human,duration_only,28wk,,,,TBD,pain_incl_back_pain_and_pain_in_extremity,42,42pct_vs_22pct_placebo,1,reported_event,R1,FDA_NDA215887,"US label Table 1 (sec 6.1), row 'Pain'",,
CMS1226,CNS013,tofersen,human_label_pooled,clinical_neuro_ae,human,duration_only,median 148.4wk (max 245wk),,,,reversible,myelitis_or_radiculitis_combined,6/147,6_patients_of_147_safety_population,2,reported_event,R1,FDA_NDA215887,US label sec 5.1 Myelitis and/or Radiculitis,,
CMS1273,CNS014,tominersen,human_trial_registry,clinical_neuro_ae,human,duration_only,every 28 days for 14 months,,,,not_assessed,aseptic_meningitis,1_of_23,chemical meningitis 1/23 monthly vs 0/23 bimonthly,2,reported_event,CNSSRC_CTG_NCT03342053,NCT03342053,"Adverse Events - Serious adverse events, 'Meningitis chemical', RO7234292 Monthly arm",,
CMS1325,CNS283,mipomersen,human_trial_registry,clinical_neuro_ae,human,duration_only,26wk,,,,not_assessed,Dizziness,5.9,5.9pct_vs_0.0pct_control (2/34 vs 0/17),1,reported_event,CT_NCT00607373,NCT00607373,resultsSection.adverseEventsModule.otherEvents[70] | term='Dizziness' | organSystem='Nervous system disorders' | arm=EG001 (Mipomersen),,
CMS1326,CNS283,mipomersen,human_trial_registry,clinical_neuro_ae,human,duration_only,26wk,,,,not_assessed,Facial_palsy,2.9,2.9pct_vs_0.0pct_control (1/34 vs 0/17),1,reported_event,CT_NCT00607373,NCT00607373,resultsSection.adverseEventsModule.otherEvents[71] | term='Facial palsy' | organSystem='Nervous system disorders' | arm=EG001 (Mipomersen),,
CMS1327,CNS283,mipomersen,human_trial_registry,clinical_neuro_ae,human,duration_only,26wk,,,,not_assessed,Headache,14.7,14.7pct_vs_11.8pct_control (5/34 vs 2/17),0,measured,CT_NCT00607373,NCT00607373,resultsSection.adverseEventsModule.otherEvents[72] | term='Headache' | organSystem='Nervous system disorders' | arm=EG001 (Mipomersen),,
CMS1328,CNS277,inotersen,human_trial_registry,clinical_neuro_ae,human,duration_only,65wk,,,,not_assessed,Headache,23.2,23.2pct_vs_11.7pct_control (26/112 vs 7/60),1,reported_event,CT_NCT01737398,NCT01737398,resultsSection.adverseEventsModule.otherEvents[49] | term='Headache' | organSystem='Nervous system disorders' | arm=EG000 (Inotersen),,
CMS1329,CNS277,inotersen,human_trial_registry,clinical_neuro_ae,human,duration_only,65wk,,,Confounded by the underlying amyloid polyneuropathy. Grade 1. grade_provisional 9.8pct_vs_3.3pct_control (11/112 vs 2/60) 65wk,not_assessed,Paraesthesia,9.8,9.8pct_vs_3.3pct_control (11/112 vs 2/60),1,reported_event,CT_NCT01737398,NCT01737398,resultsSection.adverseEventsModule.otherEvents[50] | term='Paraesthesia' | organSystem='Nervous system disorders' | arm=EG000 (Inotersen),,
CMS1330,CNS277,inotersen,human_trial_registry,clinical_neuro_ae,human,duration_only,65wk,,,,not_assessed,Dizziness,12.5,12.5pct_vs_11.7pct_control (14/112 vs 7/60),0,measured,CT_NCT01737398,NCT01737398,resultsSection.adverseEventsModule.otherEvents[51] | term='Dizziness' | organSystem='Nervous system disorders' | arm=EG000 (Inotersen),,
CMS1331,CNS277,inotersen,human_trial_registry,clinical_neuro_ae,human,duration_only,65wk,,,,not_assessed,Neuralgia,2.7,2.7pct_vs_13.3pct_control (3/112 vs 8/60),0,measured,CT_NCT01737398,NCT01737398,resultsSection.adverseEventsModule.otherEvents[55] | term='Neuralgia' | organSystem='Nervous system disorders' | arm=EG000 (Inotersen),,
CMS1332,CNS277,inotersen,human_trial_registry,clinical_neuro_ae,human,duration_only,65wk,,,,not_assessed,Neuropathy_peripheral,1.8,1.8pct_vs_6.7pct_control (2/112 vs 4/60),0,measured,CT_NCT01737398,NCT01737398,resultsSection.adverseEventsModule.otherEvents[56] | term='Neuropathy peripheral' | organSystem='Nervous system disorders' | arm=EG000 (Inotersen),,
CMS1333,CNS277,inotersen,human_trial_registry,clinical_neuro_ae,human,duration_only,65wk,,,attribution is weak. grade_provisional 0.9pct_vs_0.0pct_control (1/112 vs 0/60) 65wk,not_assessed,Myelopathy,0.9,0.9pct_vs_0.0pct_control (1/112 vs 0/60),2,reported_event,CT_NCT01737398,NCT01737398,resultsSection.adverseEventsModule.seriousEvents[40] | term='Myelopathy' | organSystem='Nervous system disorders' | arm=EG000 (Inotersen),,
CMS1334,CNS277,inotersen,human_trial_registry,clinical_neuro_ae,human,duration_only,65wk,,,,not_assessed,Seizure,0.9,0.9pct_vs_0.0pct_control (1/112 vs 0/60),1,reported_event,CT_NCT01737398,NCT01737398,resultsSection.adverseEventsModule.seriousEvents[43] | term='Seizure' | organSystem='Nervous system disorders' | arm=EG000 (Inotersen),,
CMS1335,CNS280,patisiran,human_trial_registry,clinical_neuro_ae,human,duration_only,up_to_567d,,,Confounded by amyloid autonomic/peripheral neuropathy. grade_provisional 5.4pct_vs_2.6pct_control (8/148 vs 2/77) up_to_567d,not_assessed,Balance_disorder,5.4,5.4pct_vs_2.6pct_control (8/148 vs 2/77),1,reported_event,CT_NCT01960348,NCT01960348,resultsSection.adverseEventsModule.otherEvents[28] | term='Balance disorder' | organSystem='Nervous system disorders' | arm=EG000 (Patisiran (ALN-TTR02)),,
CMS1336,CNS280,patisiran,human_trial_registry,clinical_neuro_ae,human,duration_only,up_to_567d,,,,not_assessed,Paraesthesia,5.4,5.4pct_vs_3.9pct_control (8/148 vs 3/77),0,measured,CT_NCT01960348,NCT01960348,resultsSection.adverseEventsModule.otherEvents[32] | term='Paraesthesia' | organSystem='Nervous system disorders' | arm=EG000 (Patisiran (ALN-TTR02)),,
CMS1337,CNS280,patisiran,human_trial_registry,clinical_neuro_ae,human,duration_only,up_to_567d,,,,not_assessed,Vertigo,5.4,5.4pct_vs_1.3pct_control (8/148 vs 1/77),1,reported_event,CT_NCT01960348,NCT01960348,resultsSection.adverseEventsModule.otherEvents[33] | term='Vertigo' | organSystem='Ear and labyrinth disorders' | arm=EG000 (Patisiran (ALN-TTR02)),,
CMS1338,CNS280,patisiran,human_trial_registry,clinical_neuro_ae,human,duration_only,up_to_567d,,,,not_assessed,Dizziness,12.8,12.8pct_vs_14.3pct_control (19/148 vs 11/77),0,measured,CT_NCT01960348,NCT01960348,resultsSection.adverseEventsModule.otherEvents[6] | term='Dizziness' | organSystem='Nervous system disorders' | arm=EG000 (Patisiran (ALN-TTR02)),,
CMS1339,CNS280,patisiran,human_trial_registry,clinical_neuro_ae,human,duration_only,up_to_567d,,,,not_assessed,Headache,10.8,10.8pct_vs_11.7pct_control (16/148 vs 9/77),0,measured,CT_NCT01960348,NCT01960348,resultsSection.adverseEventsModule.otherEvents[9] | term='Headache' | organSystem='Nervous system disorders' | arm=EG000 (Patisiran (ALN-TTR02)),,
CMS1340,CNS280,patisiran,human_trial_registry,clinical_neuro_ae,human,duration_only,up_to_567d,,,,not_assessed,Ataxia,0.7,0.7pct_vs_0.0pct_control (1/148 vs 0/77),1,reported_event,CT_NCT01960348,NCT01960348,resultsSection.adverseEventsModule.seriousEvents[94] | term='Ataxia' | organSystem='Nervous system disorders' | arm=EG000 (Patisiran (ALN-TTR02)),,
CMS1341,CNS012,nusinersen,human_trial_registry,clinical_neuro_ae,human,duration_only,up_to_394d,,,"CONFOUND: the control was a SHAM PROCEDURE - per the study record, 'small needle prick on the lower back at the location where the IT injection is normally made' - NOT a real lumbar puncture. The control arm therefore had no dural puncture, no CSF removal and",not_assessed,Brain_injury,1.2,1.2pct_vs_0.0pct_control (1/80 vs 0/41),1,reported_event,CT_NCT02193074,NCT02193074,resultsSection.adverseEventsModule.seriousEvents[65] | term='Brain injury' | organSystem='Nervous system disorders' | arm=EG001 (Nusinersen),,
CMS1342,CNS012,nusinersen,human_trial_registry,clinical_neuro_ae,human,duration_only,up_to_394d,,,"underlying disease rather than to the oligonucleotide. Low attribution confidence. IMPORTANT CONFOUND: the control was a SHAM PROCEDURE - per the study record, 'small needle prick on the lower back at the location where the IT injection is normally made' - NOT",not_assessed,Hypoxic-ischaemic_encephalopathy,1.2,1.2pct_vs_0.0pct_control (1/80 vs 0/41),1,reported_event,CT_NCT02193074,NCT02193074,resultsSection.adverseEventsModule.seriousEvents[66] | term='Hypoxic-ischaemic encephalopathy' | organSystem='Nervous system disorders' | arm=EG001 (Nusinersen),,
CMS1343,CNS285,volanesorsen,human_trial_registry,clinical_neuro_ae,human,duration_only,52wk,,,,not_assessed,Back_pain,3.0,3.0pct_vs_12.1pct_control (1/33 vs 4/33),0,measured,CT_NCT02211209,NCT02211209,resultsSection.adverseEventsModule.otherEvents[45] | term='Back pain' | organSystem='Musculoskeletal and connective tissue disorders' | arm=EG001 (Volanesorsen),,
CMS1344,CNS285,volanesorsen,human_trial_registry,clinical_neuro_ae,human,duration_only,52wk,,,,not_assessed,Headache,21.2,21.2pct_vs_15.2pct_control (7/33 vs 5/33),1,reported_event,CT_NCT02211209,NCT02211209,resultsSection.adverseEventsModule.otherEvents[49] | term='Headache' | organSystem='Nervous system disorders' | arm=EG001 (Volanesorsen),,
CMS1345,CNS285,volanesorsen,human_trial_registry,clinical_neuro_ae,human,duration_only,52wk,,,,not_assessed,Paraesthesia,6.1,6.1pct_vs_0.0pct_control (2/33 vs 0/33),1,reported_event,CT_NCT02211209,NCT02211209,resultsSection.adverseEventsModule.otherEvents[51] | term='Paraesthesia' | organSystem='Nervous system disorders' | arm=EG001 (Volanesorsen),,
CMS1346,CNS285,volanesorsen,human_trial_registry,clinical_neuro_ae,human,duration_only,52wk,,,,not_assessed,Somnolence,6.1,6.1pct_vs_0.0pct_control (2/33 vs 0/33),1,reported_event,CT_NCT02211209,NCT02211209,resultsSection.adverseEventsModule.otherEvents[52] | term='Somnolence' | organSystem='Nervous system disorders' | arm=EG001 (Volanesorsen),,
CMS1347,CNS012,nusinersen,human_trial_registry,clinical_neuro_ae,human,duration_only,15mo,,,"CONFOUND: the control was a SHAM PROCEDURE - per the study record, 'small needle prick on the lower back at the location where the IT injection is normally made' - NOT a real lumbar puncture. The control arm therefore had no dural puncture, no CSF removal and",not_assessed,Back_pain,25.0,25.0pct_vs_0.0pct_control (21/84 vs 0/42),1,reported_event,CT_NCT02292537,NCT02292537,resultsSection.adverseEventsModule.otherEvents[16] | term='Back pain' | organSystem='Musculoskeletal and connective tissue disorders' | arm=EG001 (Nusinersen),,
CMS1348,CNS012,nusinersen,human_trial_registry,clinical_neuro_ae,human,duration_only,15mo,,,"CONFOUND: the control was a SHAM PROCEDURE - per the study record, 'small needle prick on the lower back at the location where the IT injection is normally made' - NOT a real lumbar puncture. The control arm therefore had no dural puncture, no CSF removal and",not_assessed,Pain_in_extremity,4.8,4.8pct_vs_7.1pct_control (4/84 vs 3/42),0,measured,CT_NCT02292537,NCT02292537,resultsSection.adverseEventsModule.otherEvents[18] | term='Pain in extremity' | organSystem='Musculoskeletal and connective tissue disorders' | arm=EG001 (Nusinersen),,
CMS1349,CNS012,nusinersen,human_trial_registry,clinical_neuro_ae,human,duration_only,15mo,,,"CONFOUND: the control was a SHAM PROCEDURE - per the study record, 'small needle prick on the lower back at the location where the IT injection is normally made' - NOT a real lumbar puncture. The control arm therefore had no dural puncture, no CSF removal and",not_assessed,Headache,28.6,28.6pct_vs_7.1pct_control (24/84 vs 3/42),1,reported_event,CT_NCT02292537,NCT02292537,resultsSection.adverseEventsModule.otherEvents[20] | term='Headache' | organSystem='Nervous system disorders' | arm=EG001 (Nusinersen),,
CMS1350,CNS012,nusinersen,human_trial_registry,clinical_neuro_ae,human,duration_only,15mo,,,"CONFOUND: the control was a SHAM PROCEDURE - per the study record, 'small needle prick on the lower back at the location where the IT injection is normally made' - NOT a real lumbar puncture. The control arm therefore had no dural puncture, no CSF removal and",not_assessed,Post_lumbar_puncture_syndrome,1.2,1.2pct_vs_0.0pct_control (1/84 vs 0/42),1,reported_event,CT_NCT02292537,NCT02292537,"resultsSection.adverseEventsModule.seriousEvents[16] | term='Post lumbar puncture syndrome' | organSystem='Injury, poisoning and procedural complications' | arm=EG001 (Nusinersen)",,
CMS1351,CNS275,golodirsen,human_trial_registry,clinical_neuro_ae,human,duration_only,12wk,,,,not_assessed,Headache,37.5,37.5pct_vs_0.0pct_control (3/8 vs 0/4),1,reported_event,CT_NCT02310906,NCT02310906,resultsSection.adverseEventsModule.otherEvents[77] | term='Headache' | organSystem='Nervous system disorders' | arm=EG004 (Part 1: Golodirsen (30 mg/kg)),,
CMS1352,CNS275,golodirsen,human_trial_registry,clinical_neuro_ae,human,duration_only,up_to_168wk,,,,not_assessed,Headache,44.0,44.0pct_vs_0.0pct_control (11/25 vs 0/14),1,reported_event,CT_NCT02310906,NCT02310906,resultsSection.adverseEventsModule.otherEvents[77] | term='Headache' | organSystem='Nervous system disorders' | arm=EG005 (Part 2a: Total Golodirsen Group),,
CMS1353,CNS275,golodirsen,human_trial_registry,clinical_neuro_ae,human,duration_only,up_to_168wk,,,,not_assessed,Lethargy,8.0,8.0pct_vs_7.1pct_control (2/25 vs 1/14),0,measured,CT_NCT02310906,NCT02310906,resultsSection.adverseEventsModule.otherEvents[78] | term='Lethargy' | organSystem='Nervous system disorders' | arm=EG005 (Part 2a: Total Golodirsen Group),,
CMS1354,CNS275,golodirsen,human_trial_registry,clinical_neuro_ae,human,duration_only,up_to_168wk,,,,not_assessed,Convulsion,4.0,4.0pct_vs_0.0pct_control (1/25 vs 0/14),1,reported_event,CT_NCT02310906,NCT02310906,resultsSection.adverseEventsModule.seriousEvents[6] | term='Convulsion' | organSystem='Nervous system disorders' | arm=EG005 (Part 2a: Total Golodirsen Group),,
CMS1355,CNS012,nusinersen,human_trial_registry,clinical_neuro_ae,human,duration_only,up_to_2891d,,,,not_assessed,Post_lumbar_puncture_syndrome,13.3,13.3pct_vs_40.0pct_control (2/15 vs 4/10),0,measured,CT_NCT02386553,NCT02386553,"resultsSection.adverseEventsModule.otherEvents[155] | term='Post lumbar puncture syndrome' | organSystem='Injury, poisoning and procedural complications' | arm=EG000 (ISIS 396443 2 SMN2 Copies)",,
CMS1356,CNS012,nusinersen,human_trial_registry,clinical_neuro_ae,human,duration_only,up_to_2891d,,,,not_assessed,Headache,20.0,20.0pct_vs_30.0pct_control (3/15 vs 3/10),0,measured,CT_NCT02386553,NCT02386553,resultsSection.adverseEventsModule.otherEvents[261] | term='Headache' | organSystem='Nervous system disorders' | arm=EG000 (ISIS 396443 2 SMN2 Copies),,
CMS1358,CNS012,nusinersen,human_trial_registry,clinical_neuro_ae,human,duration_only,up_to_2891d,,,,not_assessed,Hyperreflexia,6.7,6.7pct_vs_0.0pct_control (1/15 vs 0/10),1,reported_event,CT_NCT02386553,NCT02386553,resultsSection.adverseEventsModule.seriousEvents[31] | term='Hyperreflexia' | organSystem='Nervous system disorders' | arm=EG000 (ISIS 396443 2 SMN2 Copies),,
CMS1359,CNS013,tofersen,human_trial_registry,clinical_neuro_ae,human,duration_only,24wk,,,,not_assessed,Neck_pain,5.6,5.6pct_vs_11.1pct_control (4/72 vs 4/36),0,measured,CT_NCT02623699,NCT02623699,resultsSection.adverseEventsModule.otherEvents[101] | term='Neck pain' | organSystem='Musculoskeletal and connective tissue disorders' | arm=EG011 (Part C-Pivotal: BIIB067 100 mg),,
CMS1360,CNS013,tofersen,human_trial_registry,clinical_neuro_ae,human,duration_only,24wk,,,,not_assessed,Pain_in_extremity,26.4,26.4pct_vs_16.7pct_control (19/72 vs 6/36),1,reported_event,CT_NCT02623699,NCT02623699,resultsSection.adverseEventsModule.otherEvents[102] | term='Pain in extremity' | organSystem='Musculoskeletal and connective tissue disorders' | arm=EG011 (Part C-Pivotal: BIIB067 100 mg),,
CMS1361,CNS013,tofersen,human_trial_registry,clinical_neuro_ae,human,duration_only,24wk,,,,not_assessed,Dizziness,5.6,5.6pct_vs_8.3pct_control (4/72 vs 3/36),0,measured,CT_NCT02623699,NCT02623699,resultsSection.adverseEventsModule.otherEvents[104] | term='Dizziness' | organSystem='Nervous system disorders' | arm=EG011 (Part C-Pivotal: BIIB067 100 mg),,
CMS1362,CNS013,tofersen,human_trial_registry,clinical_neuro_ae,human,duration_only,12wk,,,,not_assessed,Headache,40.0,40.0pct_vs_58.3pct_control (4/10 vs 7/12),0,measured,CT_NCT02623699,NCT02623699,resultsSection.adverseEventsModule.otherEvents[106] | term='Headache' | organSystem='Nervous system disorders' | arm=EG006 (Part B-MAD: Cohort 5: BIIB067 20 mg),,
CMS1363,CNS013,tofersen,human_trial_registry,clinical_neuro_ae,human,duration_only,12wk,,,,not_assessed,Headache,22.2,22.2pct_vs_58.3pct_control (2/9 vs 7/12),0,measured,CT_NCT02623699,NCT02623699,resultsSection.adverseEventsModule.otherEvents[106] | term='Headache' | organSystem='Nervous system disorders' | arm=EG007 (Part B-MAD: Cohort 6: BIIB067 40 mg),,
CMS1364,CNS013,tofersen,human_trial_registry,clinical_neuro_ae,human,duration_only,12wk,,,,not_assessed,Headache,44.4,44.4pct_vs_58.3pct_control (4/9 vs 7/12),0,measured,CT_NCT02623699,NCT02623699,resultsSection.adverseEventsModule.otherEvents[106] | term='Headache' | organSystem='Nervous system disorders' | arm=EG008 (Part B-MAD: Cohort 7: BIIB067 60 mg),,
CMS1365,CNS013,tofersen,human_trial_registry,clinical_neuro_ae,human,duration_only,12wk,,,,not_assessed,Headache,60.0,60.0pct_vs_58.3pct_control (6/10 vs 7/12),0,measured,CT_NCT02623699,NCT02623699,resultsSection.adverseEventsModule.otherEvents[106] | term='Headache' | organSystem='Nervous system disorders' | arm=EG009 (Part B-MAD: Cohort 8: BIIB067 100 mg),,
CMS1366,CNS013,tofersen,human_trial_registry,clinical_neuro_ae,human,duration_only,24wk,,,,not_assessed,Headache,45.8,45.8pct_vs_44.4pct_control (33/72 vs 16/36),0,measured,CT_NCT02623699,NCT02623699,resultsSection.adverseEventsModule.otherEvents[106] | term='Headache' | organSystem='Nervous system disorders' | arm=EG011 (Part C-Pivotal: BIIB067 100 mg),,
CMS1367,CNS013,tofersen,human_trial_registry,clinical_neuro_ae,human,duration_only,24wk,,,,not_assessed,Neuralgia,5.6,5.6pct_vs_0.0pct_control (4/72 vs 0/36),1,reported_event,CT_NCT02623699,NCT02623699,resultsSection.adverseEventsModule.otherEvents[113] | term='Neuralgia' | organSystem='Nervous system disorders' | arm=EG011 (Part C-Pivotal: BIIB067 100 mg),,
CMS1368,CNS013,tofersen,human_trial_registry,clinical_neuro_ae,human,duration_only,24wk,,,,not_assessed,Paraesthesia,8.3,8.3pct_vs_16.7pct_control (6/72 vs 6/36),0,measured,CT_NCT02623699,NCT02623699,resultsSection.adverseEventsModule.otherEvents[114] | term='Paraesthesia' | organSystem='Nervous system disorders' | arm=EG011 (Part C-Pivotal: BIIB067 100 mg),,
CMS1370,CNS013,tofersen,human_trial_registry,clinical_neuro_ae,human,duration_only,24wk,,,,not_assessed,Post_lumbar_puncture_syndrome,18.1,18.1pct_vs_30.6pct_control (13/72 vs 11/36),0,measured,CT_NCT02623699,NCT02623699,"resultsSection.adverseEventsModule.otherEvents[63] | term='Post lumbar puncture syndrome' | organSystem='Injury, poisoning and procedural complications' | arm=EG011 (Part C-Pivotal: BIIB067 100 mg)",,
CMS1375,CNS013,tofersen,human_trial_registry,clinical_neuro_ae,human,duration_only,24wk,,,,not_assessed,Back_pain,20.8,20.8pct_vs_5.6pct_control (15/72 vs 2/36),1,reported_event,CT_NCT02623699,NCT02623699,resultsSection.adverseEventsModule.otherEvents[91] | term='Back pain' | organSystem='Musculoskeletal and connective tissue disorders' | arm=EG011 (Part C-Pivotal: BIIB067 100 mg),,
CMS1376,CNS013,tofersen,human_trial_registry,clinical_neuro_ae,human,duration_only,24wk,,,,not_assessed,Lumbar_radiculopathy,1.4,1.4pct_vs_0.0pct_control (1/72 vs 0/36),2,reported_event,CT_NCT02623699,NCT02623699,resultsSection.adverseEventsModule.seriousEvents[10] | term='Lumbar radiculopathy' | organSystem='Nervous system disorders' | arm=EG011 (Part C-Pivotal: BIIB067 100 mg),,
CMS1377,CNS013,tofersen,human_trial_registry,clinical_neuro_ae,human,duration_only,24wk,,,,not_assessed,Myelitis_transverse,1.4,1.4pct_vs_0.0pct_control (1/72 vs 0/36),2,reported_event,CT_NCT02623699,NCT02623699,resultsSection.adverseEventsModule.seriousEvents[11] | term='Myelitis transverse' | organSystem='Nervous system disorders' | arm=EG011 (Part C-Pivotal: BIIB067 100 mg),,
CMS1380,CNS013,tofersen,human_trial_registry,clinical_neuro_ae,human,duration_only,24wk,,,,not_assessed,Myelitis,1.4,1.4pct_vs_0.0pct_control (1/72 vs 0/36),2,reported_event,CT_NCT02623699,NCT02623699,resultsSection.adverseEventsModule.seriousEvents[5] | term='Myelitis' | organSystem='Infections and infestations' | arm=EG011 (Part C-Pivotal: BIIB067 100 mg),,
CMS1382,CNS013,tofersen,human_trial_registry,clinical_neuro_ae,human,duration_only,24wk,,,,not_assessed,Loss_of_consciousness,1.4,1.4pct_vs_0.0pct_control (1/72 vs 0/36),1,reported_event,CT_NCT02623699,NCT02623699,resultsSection.adverseEventsModule.seriousEvents[9] | term='Loss of consciousness' | organSystem='Nervous system disorders' | arm=EG011 (Part C-Pivotal: BIIB067 100 mg),,
CMS1387,CNS013,tofersen,human_trial_registry,clinical_neuro_ae,human,duration_only,up_to_364wk,,,"no concurrent control arm in this study. PROCEDURE-RELATED in large part (repeated lumbar punctures at the same level). Graded 1. No concurrent control. grade_provisional ;; corrected: reversibility -> not_assessed. This is an adverse-event INCIDENCE locus, wh",not_assessed,Back_pain,42.9,no_concurrent_control_arm,1,reported_event,CT_NCT03070119,NCT03070119,resultsSection.adverseEventsModule.otherEvents[81] | term='Back pain' | organSystem='Musculoskeletal and connective tissue disorders' | arm=EG001 (233AS101: Part C (Prior BIIB067 100 mg)),,
CMS1389,CNS013,tofersen,human_trial_registry,clinical_neuro_ae,human,duration_only,up_to_364wk,,,no concurrent control arm in this study. Serious myelitis on long-term intrathecal dosing; replicates the myelitis signal seen in the placebo-controlled parent study (NCT02623699). No concurrent control in this extension. grade_provisional no_concurrent_contro,not_assessed,Myelitis,1.6,no_concurrent_control_arm,2,reported_event,CT_NCT03070119,NCT03070119,resultsSection.adverseEventsModule.seriousEvents[25] | term='Myelitis' | organSystem='Infections and infestations' | arm=EG001 (233AS101: Part C (Prior BIIB067 100 mg)),,
CMS1390,CNS013,tofersen,human_trial_registry,clinical_neuro_ae,human,duration_only,up_to_364wk,,,"no concurrent control arm in this study. Single serious encephalopathy event on long-term dosing. Graded 2; attribution uncertain in an advanced-ALS population (hypercapnia/hypoxia are alternative causes), flagged for review. No concurrent control. grade_provi",not_assessed,Encephalopathy,1.6,no_concurrent_control_arm,2,reported_event,CT_NCT03070119,NCT03070119,resultsSection.adverseEventsModule.seriousEvents[58] | term='Encephalopathy' | organSystem='Nervous system disorders' | arm=EG001 (233AS101: Part C (Prior BIIB067 100 mg)),,
CMS1394,CNS013,tofersen,human_trial_registry,clinical_neuro_ae,human,duration_only,up_to_364wk,,,no concurrent control arm in this study. Serious radiculopathy; grade-2 exemplar in the rubric. Injection-level procedural contribution cannot be excluded. No concurrent control. grade_provisional no_concurrent_control_arm up_to_364wk,not_assessed,Radiculopathy,2.3,no_concurrent_control_arm,2,reported_event,CT_NCT03070119,NCT03070119,resultsSection.adverseEventsModule.seriousEvents[64] | term='Radiculopathy' | organSystem='Nervous system disorders' | arm=EG002 (233AS101: Parts A and B (All Doses)),,
CMS1396,CNS016,WVE-120101,human_trial_registry,clinical_neuro_ae,human,duration_only,up_to_210d,,,,not_assessed,Post_lumbar_puncture_syndrome,0.0,0.0pct_vs_12.5pct_control (0/10 vs 2/16),0,explicit_zero_with_denominator,CT_NCT03225833,NCT03225833,"resultsSection.adverseEventsModule.otherEvents[28] | term='Post lumbar puncture syndrome' | organSystem='Injury, poisoning and procedural complications' | arm=EG005 (WVE-120101 (32 mg))",,
CMS1400,CNS016,WVE-120101,human_trial_registry,clinical_neuro_ae,human,duration_only,up_to_210d,,,,not_assessed,Headache,22.2,22.2pct_vs_31.2pct_control (2/9 vs 5/16),0,measured,CT_NCT03225833,NCT03225833,resultsSection.adverseEventsModule.otherEvents[64] | term='Headache' | organSystem='Nervous system disorders' | arm=EG003 (WVE-120101 (8 mg)),,
CMS1401,CNS016,WVE-120101,human_trial_registry,clinical_neuro_ae,human,duration_only,up_to_210d,,,,not_assessed,Dizziness,40.0,40.0pct_vs_0.0pct_control (4/10 vs 0/16),1,reported_event,CT_NCT03225833,NCT03225833,resultsSection.adverseEventsModule.otherEvents[65] | term='Dizziness' | organSystem='Nervous system disorders' | arm=EG005 (WVE-120101 (32 mg)),,
CMS1402,CNS016,WVE-120101,human_trial_registry,clinical_neuro_ae,human,duration_only,up_to_210d,,,,not_assessed,Dysarthria,20.0,20.0pct_vs_0.0pct_control (2/10 vs 0/16),1,reported_event,CT_NCT03225833,NCT03225833,resultsSection.adverseEventsModule.otherEvents[66] | term='Dysarthria' | organSystem='Nervous system disorders' | arm=EG005 (WVE-120101 (32 mg)),,
CMS1406,CNS016,WVE-120101,human_trial_registry,clinical_neuro_ae,human,duration_only,up_to_196d,,,"Confounded by Huntington's disease progression, but the dose confinement argues for a drug effect. grade_provisional ;; VERIFIED[CONFIRMED_MINOR] Same exposure_duration error as CMS1404: the 32 mg cohort ran to Day 196, not Day 210. ;; corrected(exposure_durat",not_assessed,Ataxia,10.0,10.0pct_vs_0.0pct_control (1/10 vs 0/16),2,reported_event,CT_NCT03225833,NCT03225833,resultsSection.adverseEventsModule.seriousEvents[3] | term='Ataxia' | organSystem='Nervous system disorders' | arm=EG005 (WVE-120101 (32 mg)),,
CMS1407,CNS016,WVE-120101,human_trial_registry,clinical_neuro_ae,human,duration_only,up_to_210d,,,confound/dose-confinement reasoning as the ataxia row. grade_provisional 10.0pct_vs_0.0pct_control (1/10 vs 0/16) up_to_210d,not_assessed,Dysarthria,10.0,10.0pct_vs_0.0pct_control (1/10 vs 0/16),2,reported_event,CT_NCT03225833,NCT03225833,resultsSection.adverseEventsModule.seriousEvents[4] | term='Dysarthria' | organSystem='Nervous system disorders' | arm=EG005 (WVE-120101 (32 mg)),,
CMS1408,CNS014,tominersen,human_trial_registry,clinical_neuro_ae,human,duration_only,14mo,,,,not_assessed,Post_lumbar_puncture_syndrome,17.4,17.4pct_vs_21.7pct_control (4/23 vs 5/23),0,measured,CT_NCT03342053,NCT03342053,"resultsSection.adverseEventsModule.otherEvents[18] | term='Post lumbar puncture syndrome' | organSystem='Injury, poisoning and procedural complications' | arm=EG000 (RO7234292 Monthly)",,
CMS1412,CNS014,tominersen,human_trial_registry,clinical_neuro_ae,human,duration_only,14mo,,,,not_assessed,Lumbar_radiculopathy,8.7,8.7pct_vs_0.0pct_control (2/23 vs 0/23),1,reported_event,CT_NCT03342053,NCT03342053,resultsSection.adverseEventsModule.otherEvents[35] | term='Lumbar radiculopathy' | organSystem='Nervous system disorders' | arm=EG000 (RO7234292 Monthly),,
CMS1415,CNS014,tominersen,human_trial_registry,clinical_neuro_ae,human,duration_only,14mo,,,,not_assessed,Hemiparesis,4.3,4.3pct_vs_0.0pct_control (1/23 vs 0/23),2,reported_event,CT_NCT03342053,NCT03342053,resultsSection.adverseEventsModule.seriousEvents[11] | term='Hemiparesis' | organSystem='Nervous system disorders' | arm=EG000 (RO7234292 Monthly),,
CMS1418,CNS014,tominersen,human_trial_registry,clinical_neuro_ae,human,duration_only,14mo,,,,not_assessed,Radiculopathy,4.3,4.3pct_vs_0.0pct_control (1/23 vs 0/23),2,reported_event,CT_NCT03342053,NCT03342053,resultsSection.adverseEventsModule.seriousEvents[15] | term='Radiculopathy' | organSystem='Nervous system disorders' | arm=EG000 (RO7234292 Monthly),,
CMS1419,CNS014,tominersen,human_trial_registry,clinical_neuro_ae,human,duration_only,14mo,,,,not_assessed,Myelitis,4.3,4.3pct_vs_0.0pct_control (1/23 vs 0/23),2,reported_event,CT_NCT03342053,NCT03342053,resultsSection.adverseEventsModule.seriousEvents[2] | term='Myelitis' | organSystem='Infections and infestations' | arm=EG000 (RO7234292 Monthly),,
CMS1421,CNS276,inclisiran,human_trial_registry,clinical_neuro_ae,human,duration_only,18mo,,,,not_assessed,Back_pain,5.0,5.0pct_vs_5.0pct_control (39/781 vs 39/778),0,measured,CT_NCT03399370,NCT03399370,resultsSection.adverseEventsModule.otherEvents[2] | term='Back pain' | organSystem='Musculoskeletal and connective tissue disorders' | arm=EG000 (Inclisiran),,
CMS1422,CNS276,inclisiran,human_trial_registry,clinical_neuro_ae,human,duration_only,18mo,,,,not_assessed,Cerebrovascular_accident,0.5,0.5pct_vs_0.4pct_control (4/781 vs 3/778),0,measured,CT_NCT03399370,NCT03399370,resultsSection.adverseEventsModule.seriousEvents[215] | term='Cerebrovascular accident' | organSystem='Nervous system disorders' | arm=EG000 (Inclisiran),,
CMS1423,CNS276,inclisiran,human_trial_registry,clinical_neuro_ae,human,duration_only,18mo,,,,not_assessed,Headache,0.1,0.1pct_vs_0.1pct_control (1/781 vs 1/778),0,measured,CT_NCT03399370,NCT03399370,resultsSection.adverseEventsModule.seriousEvents[220] | term='Headache' | organSystem='Nervous system disorders' | arm=EG000 (Inclisiran),,
CMS1424,CNS276,inclisiran,human_trial_registry,clinical_neuro_ae,human,duration_only,18mo,,,,not_assessed,Ischaemic_stroke,0.9,0.9pct_vs_0.5pct_control (7/781 vs 4/778),1,reported_event,CT_NCT03399370,NCT03399370,resultsSection.adverseEventsModule.seriousEvents[222] | term='Ischaemic stroke' | organSystem='Nervous system disorders' | arm=EG000 (Inclisiran),,
CMS1426,CNS276,inclisiran,human_trial_registry,clinical_neuro_ae,human,duration_only,18mo,,,,not_assessed,Seizure,0.0,0.0pct_vs_0.1pct_control (0/781 vs 1/778),0,explicit_zero_with_denominator,CT_NCT03399370,NCT03399370,resultsSection.adverseEventsModule.seriousEvents[230] | term='Seizure' | organSystem='Nervous system disorders' | arm=EG000 (Inclisiran),,
CMS1427,CNS014,tominersen,human_trial_registry,clinical_neuro_ae,human,duration_only,up_to_137wk,,,,not_assessed,Post_lumbar_puncture_syndrome,9.1,9.1pct_vs_8.0pct_control (24/263 vs 21/264),0,measured,CT_NCT03761849,NCT03761849,"resultsSection.adverseEventsModule.otherEvents[13] | term='Post lumbar puncture syndrome' | organSystem='Injury, poisoning and procedural complications' | arm=EG003 (Q8W NDC)",,
CMS1431,CNS014,tominersen,human_trial_registry,clinical_neuro_ae,human,duration_only,up_to_137wk,,,,not_assessed,Back_pain,21.7,21.7pct_vs_18.6pct_control (57/263 vs 49/264),0,measured,CT_NCT03761849,NCT03761849,resultsSection.adverseEventsModule.otherEvents[17] | term='Back pain' | organSystem='Musculoskeletal and connective tissue disorders' | arm=EG003 (Q8W NDC),,
CMS1432,CNS014,tominersen,human_trial_registry,clinical_neuro_ae,human,duration_only,up_to_137wk,,,,not_assessed,Dizziness,7.6,7.6pct_vs_6.4pct_control (20/263 vs 17/264),0,measured,CT_NCT03761849,NCT03761849,resultsSection.adverseEventsModule.otherEvents[19] | term='Dizziness' | organSystem='Nervous system disorders' | arm=EG003 (Q8W NDC),,
CMS1433,CNS014,tominersen,human_trial_registry,clinical_neuro_ae,human,duration_only,up_to_137wk,,,,not_assessed,Headache,23.2,23.2pct_vs_22.3pct_control (61/263 vs 59/264),0,measured,CT_NCT03761849,NCT03761849,resultsSection.adverseEventsModule.otherEvents[20] | term='Headache' | organSystem='Nervous system disorders' | arm=EG003 (Q8W NDC),,
CMS1434,CNS014,tominersen,human_trial_registry,clinical_neuro_ae,human,duration_only,up_to_137wk,,,,not_assessed,Headache,21.6,21.6pct_vs_22.3pct_control (57/264 vs 59/264),0,measured,CT_NCT03761849,NCT03761849,resultsSection.adverseEventsModule.otherEvents[20] | term='Headache' | organSystem='Nervous system disorders' | arm=EG004 (Q16W NDC),,
CMS1435,CNS014,tominersen,human_trial_registry,clinical_neuro_ae,human,duration_only,up_to_137wk,,,,not_assessed,Paraesthesia,2.7,2.7pct_vs_2.3pct_control (7/263 vs 6/264),0,measured,CT_NCT03761849,NCT03761849,resultsSection.adverseEventsModule.otherEvents[21] | term='Paraesthesia' | organSystem='Nervous system disorders' | arm=EG003 (Q8W NDC),,
CMS1436,CNS014,tominersen,human_trial_registry,clinical_neuro_ae,human,duration_only,up_to_137wk,,,,not_assessed,Somnolence,3.8,3.8pct_vs_1.9pct_control (10/263 vs 5/264),1,reported_event,CT_NCT03761849,NCT03761849,resultsSection.adverseEventsModule.otherEvents[22] | term='Somnolence' | organSystem='Nervous system disorders' | arm=EG003 (Q8W NDC),,
CMS1437,CNS014,tominersen,human_trial_registry,clinical_neuro_ae,human,duration_only,up_to_13mo,,,,not_assessed,Tremor,5.6,5.6pct_vs_0.0pct_control (2/36 vs 0/36),1,reported_event,CT_NCT03761849,NCT03761849,resultsSection.adverseEventsModule.otherEvents[26] | term='Tremor' | organSystem='Nervous system disorders' | arm=EG001 (Q4W ODC),,
CMS1440,CNS014,tominersen,human_trial_registry,clinical_neuro_ae,human,duration_only,up_to_137wk,,,attribution to the oligonucleotide weak. grade_provisional 0.4pct_vs_0.0pct_control (1/263 vs 0/264) up_to_137wk,not_assessed,Ataxia,0.4,0.4pct_vs_0.0pct_control (1/263 vs 0/264),1,reported_event,CT_NCT03761849,NCT03761849,resultsSection.adverseEventsModule.seriousEvents[61] | term='Ataxia' | organSystem='Nervous system disorders' | arm=EG003 (Q8W NDC),,
CMS1444,CNS014,tominersen,human_trial_registry,clinical_neuro_ae,human,duration_only,up_to_137wk,,,,not_assessed,Intracranial_hypotension,0.4,0.4pct_vs_0.0pct_control (1/264 vs 0/264),1,reported_event,CT_NCT03761849,NCT03761849,resultsSection.adverseEventsModule.seriousEvents[71] | term='Intracranial hypotension' | organSystem='Nervous system disorders' | arm=EG004 (Q16W NDC),,
CMS1445,CNS014,tominersen,human_trial_registry,clinical_neuro_ae,human,duration_only,up_to_137wk,,,,not_assessed,Seizure,0.4,0.4pct_vs_0.4pct_control (1/263 vs 1/264),0,measured,CT_NCT03761849,NCT03761849,resultsSection.adverseEventsModule.seriousEvents[76] | term='Seizure' | organSystem='Nervous system disorders' | arm=EG003 (Q8W NDC),,
CMS1446,CNS284,viltolarsen,human_trial_registry,clinical_neuro_ae,human,duration_only,48wk,,,,not_assessed,Pain_in_extremity,7.9,7.9pct_vs_5.1pct_control (3/38 vs 2/39),0,measured,CT_NCT04060199,NCT04060199,resultsSection.adverseEventsModule.otherEvents[45] | term='Pain in extremity' | organSystem='Musculoskeletal and connective tissue disorders' | arm=EG000 (Viltolarsen),,
CMS1447,CNS284,viltolarsen,human_trial_registry,clinical_neuro_ae,human,duration_only,48wk,,,,not_assessed,Back_pain,2.6,2.6pct_vs_5.1pct_control (1/38 vs 2/39),0,measured,CT_NCT04060199,NCT04060199,resultsSection.adverseEventsModule.otherEvents[46] | term='Back pain' | organSystem='Musculoskeletal and connective tissue disorders' | arm=EG000 (Viltolarsen),,
CMS1448,CNS284,viltolarsen,human_trial_registry,clinical_neuro_ae,human,duration_only,48wk,,,,not_assessed,Headache,7.9,7.9pct_vs_12.8pct_control (3/38 vs 5/39),0,measured,CT_NCT04060199,NCT04060199,resultsSection.adverseEventsModule.otherEvents[49] | term='Headache' | organSystem='Nervous system disorders' | arm=EG000 (Viltolarsen),,
CMS1449,CNS284,viltolarsen,human_trial_registry,clinical_neuro_ae,human,duration_only,48wk,,,,not_assessed,Epilepsy,0.0,0.0pct_vs_2.6pct_control (0/38 vs 1/39),0,explicit_zero_with_denominator,CT_NCT04060199,NCT04060199,resultsSection.adverseEventsModule.seriousEvents[5] | term='Epilepsy' | organSystem='Nervous system disorders' | arm=EG000 (Viltolarsen),,
CMS1453,CNS012,nusinersen,human_trial_registry,clinical_neuro_ae,human,duration_only,up_to_399d,,,,not_assessed,Procedural_headache,25.0,25.0pct_vs_0.0pct_control (4/16 vs 0/8),1,reported_event,CT_NCT04089566,NCT04089566,"resultsSection.adverseEventsModule.otherEvents[78] | term='Procedural headache' | organSystem='Injury, poisoning and procedural complications' | arm=EG004 (Part B: Later-Onset SMA: 50/28 mg Nusinersen",,
CMS1455,CNS012,nusinersen,human_trial_registry,clinical_neuro_ae,human,duration_only,up_to_399d,,,,not_assessed,Tremor,6.2,6.2pct_vs_0.0pct_control (1/16 vs 0/8),1,reported_event,CT_NCT04089566,NCT04089566,resultsSection.adverseEventsModule.otherEvents[7] | term='Tremor' | organSystem='Nervous system disorders' | arm=EG004 (Part B: Later-Onset SMA: 50/28 mg Nusinersen),,
CMS1457,CNS005,BIIB105,human_trial_sponsor,clinical_neuro_ae,human,duration_only,6mo placebo-controlled period,,,,not_assessed,AE_leading_to_discontinuation,8.3,8.3pct_vs_3.6pct_placebo,1,reported_event,CP_BIOGEN_PR_20240516,"Biogen/Ionis press release, 16 May 2024, investors.biogen.com","press-release body, paragraph beginning 'During the 6-month placebo-controlled portion of the study'",,
CMS1458,CNS005,BIIB105,human_trial_sponsor,chronic_neurotoxicity,human,duration_only,6mo placebo-controlled plus 40+wk open-label extension,,,,not_assessed,NfL_plasma,TBD,no reduction in plasma NfL over the 6-month placebo-controlled period and no impact over 40+ weeks of open-label extension,0,review_required,CP_BIOGEN_PR_20240516,"Biogen/Ionis press release, 16 May 2024, investors.biogen.com","press-release body, paragraphs 3 and 5",,
CMS1459,CNS014,tominersen,human_trial_sponsor,chronic_neurotoxicity,human,duration_only,16mo,,,,not_assessed,NfL_CSF,"reduction reported, magnitude not disclosed",reduction relative to placebo; magnitude not given in the source,0,review_required,CP_HDBUZZ_GENHD2_2026,HDBuzz report of the Roche/Genentech announcement of 9 Jul 2026 (en.hdbuzz.net),HDBuzz news report of the Roche/Genentech GENERATION HD2 announcement of 9 Jul 2026,,
CMS1460,CNS014,tominersen,human_trial_sponsor,clinical_neuro_ae,human,duration_only,16mo,,,,not_assessed,programme_dosing_stop,tominersen development discontinued 9 Jul 2026,cUHDRS and Total Functional Capacity at 16 months not met vs placebo,0,measured,CP_HDBUZZ_GENHD2_2026,HDBuzz report of the Roche/Genentech announcement of 9 Jul 2026 (en.hdbuzz.net),HDBuzz news report of the Roche/Genentech announcement of 9 Jul 2026,,
CMS1461,CNS018,zilganersen,human_trial_sponsor,clinical_neuro_ae,human,duration_only,"60wk double-blind period, dosing every 12 weeks",,,,not_assessed,serious_adverse_event,numerically lower than control,incidence of serious adverse events numerically LOWER in the zilganersen arm than the control arm,0,review_required,CP_IONIS_PR_ZILG_20250922,NCT04849741,"press-release body, paragraph beginning 'Zilganersen demonstrated a favorable safety and tolerability profile'",,
CMS1463,CNS008,ION582,human_trial_sponsor,clinical_neuro_ae,human,duration_only,"3mo multiple-ascending-dose period, assessed to 6mo",,,,not_assessed,any_adverse_event,favourable safety and tolerability at all dose levels,no control arm (open-label),0,review_required,CP_IONIS_PR_HALOS_20240722,NCT05127226,"press-release body, 'HALOS Study Results' section, first bullet",,
CMS1467,CNS014,tominersen,human_trial_sponsor,chronic_neurotoxicity,human,duration_only,66wk (series spans 17-81wk),,,no concurrent control arm (open-label roll-over study) 66wk (series spans 17-81wk),not_assessed,NfL_CSF,-8.33,no concurrent control arm (open-label roll-over study),0,measured,CP_CHDI2023_MCCOLGAN,"Roche medical-affairs slide deck, CHDI 2023, M-XX-00013000 (medically.roche.com)","slide 16, 'In GEN-EXTEND, CSF NfL levels remained below baseline in the Q16W no-load dosing regimen' - printed data labels",,
CMS1468,CNS014,tominersen,human_trial_sponsor,chronic_neurotoxicity,human,duration_only,13wk,,,,reversible,NfL_plasma,1.2,+1.2 percentage points vs placebo,0,measured,CP_CHDI2023_MCCOLGAN,"Roche medical-affairs slide deck, CHDI 2023, M-XX-00013000 (medically.roche.com)","slide 21, 'GENERATION HD1: In the Q16W group, plasma NfL showed trends below placebo beyond Week 21' - printed data labels",,
CMS1469,CNS014,tominersen,human_trial_sponsor,chronic_neurotoxicity,human,duration_only,13wk,,,,not_assessed,NfL_plasma,-2.6,-2.6 percentage points vs placebo,0,measured,CP_CHDI2023_MCCOLGAN,"Roche medical-affairs slide deck, CHDI 2023, M-XX-00013000 (medically.roche.com)","slide 21, 'GENERATION HD1: In the Q16W group, plasma NfL showed trends below placebo beyond Week 21' - printed data labels",,
CMS1470,CNS014,tominersen,human_trial_sponsor,chronic_neurotoxicity,human,duration_only,21wk,,,,reversible,NfL_plasma,12.1,+12.1 percentage points vs placebo,2,reported_event,CP_CHDI2023_MCCOLGAN,"Roche medical-affairs slide deck, CHDI 2023, M-XX-00013000 (medically.roche.com)","slide 21, 'GENERATION HD1: In the Q16W group, plasma NfL showed trends below placebo beyond Week 21' - printed data labels",,
CMS1471,CNS014,tominersen,human_trial_sponsor,chronic_neurotoxicity,human,duration_only,21wk,,,,reversible,NfL_plasma,2.7,+2.7 percentage points vs placebo,1,reported_event,CP_CHDI2023_MCCOLGAN,"Roche medical-affairs slide deck, CHDI 2023, M-XX-00013000 (medically.roche.com)","slide 21, 'GENERATION HD1: In the Q16W group, plasma NfL showed trends below placebo beyond Week 21' - printed data labels",,
CMS1472,CNS014,tominersen,human_trial_sponsor,chronic_neurotoxicity,human,duration_only,37wk,,,,reversible,NfL_plasma,5.8,+5.8 percentage points vs placebo,1,reported_event,CP_CHDI2023_MCCOLGAN,"Roche medical-affairs slide deck, CHDI 2023, M-XX-00013000 (medically.roche.com)","slide 21, 'GENERATION HD1: In the Q16W group, plasma NfL showed trends below placebo beyond Week 21' - printed data labels",,
CMS1473,CNS014,tominersen,human_trial_sponsor,chronic_neurotoxicity,human,duration_only,37wk,,,,not_assessed,NfL_plasma,-1.9,-1.9 percentage points vs placebo,0,measured,CP_CHDI2023_MCCOLGAN,"Roche medical-affairs slide deck, CHDI 2023, M-XX-00013000 (medically.roche.com)","slide 21, 'GENERATION HD1: In the Q16W group, plasma NfL showed trends below placebo beyond Week 21' - printed data labels",,
CMS1474,CNS014,tominersen,human_trial_sponsor,chronic_neurotoxicity,human,duration_only,69wk,,,,reversible,NfL_plasma,2.9,+2.9 percentage points vs placebo,1,reported_event,CP_CHDI2023_MCCOLGAN,"Roche medical-affairs slide deck, CHDI 2023, M-XX-00013000 (medically.roche.com)","slide 21, 'GENERATION HD1: In the Q16W group, plasma NfL showed trends below placebo beyond Week 21' - printed data labels",,
CMS1475,CNS014,tominersen,human_trial_sponsor,chronic_neurotoxicity,human,duration_only,69wk,,,,not_assessed,NfL_plasma,-4.0,-4.0 percentage points vs placebo,0,measured,CP_CHDI2023_MCCOLGAN,"Roche medical-affairs slide deck, CHDI 2023, M-XX-00013000 (medically.roche.com)","slide 21, 'GENERATION HD1: In the Q16W group, plasma NfL showed trends below placebo beyond Week 21' - printed data labels",,
CMS1476,CNS014,tominersen,human_trial_sponsor,chronic_neurotoxicity,human,duration_only,101wk,,,,not_assessed,NfL_plasma,-4.2,-4.2 percentage points vs placebo,0,measured,CP_CHDI2023_MCCOLGAN,"Roche medical-affairs slide deck, CHDI 2023, M-XX-00013000 (medically.roche.com)","slide 21, 'GENERATION HD1: In the Q16W group, plasma NfL showed trends below placebo beyond Week 21' - printed data labels",,
CMS1477,CNS014,tominersen,human_trial_sponsor,chronic_neurotoxicity,human,duration_only,101wk,,,,not_assessed,NfL_plasma,-7.1,-7.1 percentage points vs placebo,0,measured,CP_CHDI2023_MCCOLGAN,"Roche medical-affairs slide deck, CHDI 2023, M-XX-00013000 (medically.roche.com)","slide 21, 'GENERATION HD1: In the Q16W group, plasma NfL showed trends below placebo beyond Week 21' - printed data labels",,
CMS1478,CNS014,tominersen,human_trial_sponsor,clinical_neuro_ae,human,duration_only,"up to 15mo (open-label extension CS2, Q4W)",,,,not_assessed,dose_frequency_tolerability,TBD,120 mg Q4W vs 120 mg Q8W within the same extension: more AEs on Q4W,1,reported_event,CP_CHDI2021_SCHOBEL,"Roche/Genentech medical-affairs slide deck, CHDI 2021, M-XX-00005115 (medically.gene.com)","slide 12, bullet 'Less tolerability observed in the Q4W dosing 120 mg arm (more AEs)'",,
CMS1479,CNS014,tominersen,human_trial_sponsor,clinical_neuro_ae,human,duration_only,up to 69wk,,,,not_assessed,serious_adverse_event,15.0,15.0pct_vs_10.8pct_placebo,1,reported_event,CP_CHDI2021_SCHOBEL,"Roche/Genentech medical-affairs slide deck, CHDI 2021, M-XX-00005115 (medically.gene.com)","slide 31, 'AEs overview' table, SAEs row",,
CMS1480,CNS014,tominersen,human_trial_sponsor,clinical_neuro_ae,human,duration_only,up to 69wk,,,,not_assessed,serious_adverse_event,8.4,8.4pct_vs_10.8pct_placebo,0,measured,CP_CHDI2021_SCHOBEL,"Roche/Genentech medical-affairs slide deck, CHDI 2021, M-XX-00005115 (medically.gene.com)","slide 31, 'AEs overview' table, SAEs row",,
CMS1481,CNS014,tominersen,human_trial_sponsor,clinical_neuro_ae,human,duration_only,up to 69wk,,,,not_assessed,serious_adverse_event,10.8,10.8pct_vs_10.8pct_placebo,0,measured,CP_CHDI2021_SCHOBEL,"Roche/Genentech medical-affairs slide deck, CHDI 2021, M-XX-00005115 (medically.gene.com)","slide 31, 'AEs overview' table, SAEs row",,
CMS1482,CNS014,tominersen,human_trial_sponsor,clinical_neuro_ae,human,duration_only,up to 69wk,,,,not_assessed,AE_leading_to_discontinuation,3.1,3.1pct_vs_3.8pct_placebo,0,measured,CP_CHDI2021_SCHOBEL,"Roche/Genentech medical-affairs slide deck, CHDI 2021, M-XX-00005115 (medically.gene.com)","slide 31, 'Led to study drug discontinuation' row",,
CMS1483,CNS014,tominersen,human_trial_sponsor,clinical_neuro_ae,human,duration_only,up to 69wk,,,,not_assessed,AE_leading_to_discontinuation,4.6,4.6pct_vs_3.8pct_placebo,0,measured,CP_CHDI2021_SCHOBEL,"Roche/Genentech medical-affairs slide deck, CHDI 2021, M-XX-00005115 (medically.gene.com)","slide 31, 'Led to study drug discontinuation' row",,
CMS1484,CNS014,tominersen,human_trial_sponsor,clinical_neuro_ae,human,duration_only,up to 69wk,,,,not_assessed,AE_leading_to_discontinuation,3.8,3.8pct_vs_3.8pct_placebo,0,measured,CP_CHDI2021_SCHOBEL,"Roche/Genentech medical-affairs slide deck, CHDI 2021, M-XX-00005115 (medically.gene.com)","slide 31, 'Led to study drug discontinuation' row",,
CMS1485,CNS014,tominersen,human_trial_sponsor,clinical_neuro_ae,human,duration_only,up to 69wk,,,,partially_reversible,AE_leading_to_dose_interruption,11.2,11.2pct_vs_3.5pct_placebo,1,reported_event,CP_CHDI2021_SCHOBEL,"Roche/Genentech medical-affairs slide deck, CHDI 2021, M-XX-00005115 (medically.gene.com)","slide 31, 'Led to study drug interruption' row",,
CMS1486,CNS014,tominersen,human_trial_sponsor,clinical_neuro_ae,human,duration_only,up to 69wk,,,,reversible,AE_leading_to_dose_interruption,7.7,7.7pct_vs_3.5pct_placebo,1,reported_event,CP_CHDI2021_SCHOBEL,"Roche/Genentech medical-affairs slide deck, CHDI 2021, M-XX-00005115 (medically.gene.com)","slide 31, 'Led to study drug interruption' row",,
CMS1487,CNS014,tominersen,human_trial_sponsor,clinical_neuro_ae,human,duration_only,up to 69wk,,,,not_assessed,AE_leading_to_dose_interruption,3.5,3.5pct_vs_3.5pct_placebo,0,measured,CP_CHDI2021_SCHOBEL,"Roche/Genentech medical-affairs slide deck, CHDI 2021, M-XX-00005115 (medically.gene.com)","slide 31, 'Led to study drug interruption' row",,
CMS1488,CNS014,tominersen,human_trial_sponsor,clinical_neuro_ae,human,duration_only,up to 69wk,,,,not_assessed,nervous_system_disorder_SAE,2.7,2.7pct_vs_1.5pct_placebo,2,reported_event,CP_CHDI2021_SCHOBEL,"Roche/Genentech medical-affairs slide deck, CHDI 2021, M-XX-00005115 (medically.gene.com)","slide 32, AEs and SAEs table, 'Nervous system disorders' SAE column",,
CMS1489,CNS014,tominersen,human_trial_sponsor,clinical_neuro_ae,human,duration_only,up to 69wk,,,,not_assessed,nervous_system_disorder_SAE,1.1,1.1pct_vs_1.5pct_placebo,0,measured,CP_CHDI2021_SCHOBEL,"Roche/Genentech medical-affairs slide deck, CHDI 2021, M-XX-00005115 (medically.gene.com)","slide 32, AEs and SAEs table, 'Nervous system disorders' SAE column",,
CMS1490,CNS014,tominersen,human_trial_sponsor,clinical_neuro_ae,human,duration_only,up to 69wk,,,,not_assessed,nervous_system_disorder_SAE,1.5,1.5pct_vs_1.5pct_placebo,0,measured,CP_CHDI2021_SCHOBEL,"Roche/Genentech medical-affairs slide deck, CHDI 2021, M-XX-00005115 (medically.gene.com)","slide 32, AEs and SAEs table, 'Nervous system disorders' SAE column",,
CMS1491,CNS014,tominersen,human_trial_sponsor,clinical_neuro_ae,human,duration_only,up to 69wk,,,,not_assessed,nervous_system_disorder_AE,43.5,43.5pct_vs_36.2pct_placebo,1,reported_event,CP_CHDI2021_SCHOBEL,"Roche/Genentech medical-affairs slide deck, CHDI 2021, M-XX-00005115 (medically.gene.com)","slide 32, AEs and SAEs table, 'Nervous system disorders' system-organ-class row",,
CMS1492,CNS014,tominersen,human_trial_sponsor,clinical_neuro_ae,human,duration_only,up to 69wk,,,,not_assessed,nervous_system_disorder_AE,37.9,37.9pct_vs_36.2pct_placebo,1,reported_event,CP_CHDI2021_SCHOBEL,"Roche/Genentech medical-affairs slide deck, CHDI 2021, M-XX-00005115 (medically.gene.com)","slide 32, AEs and SAEs table, 'Nervous system disorders' system-organ-class row",,
CMS1493,CNS014,tominersen,human_trial_sponsor,clinical_neuro_ae,human,duration_only,up to 69wk,,,,not_assessed,nervous_system_disorder_AE,36.2,36.2pct_vs_36.2pct_placebo,0,measured,CP_CHDI2021_SCHOBEL,"Roche/Genentech medical-affairs slide deck, CHDI 2021, M-XX-00005115 (medically.gene.com)","slide 32, AEs and SAEs table, 'Nervous system disorders' system-organ-class row",,
CMS1494,CNS014,tominersen,human_trial_sponsor,clinical_neuro_ae,human,duration_only,up to 69wk,,,,not_assessed,dizziness,7.7,7.7pct_vs_5.8pct_placebo,1,reported_event,CP_CHDI2021_SCHOBEL,"Roche/Genentech medical-affairs slide deck, CHDI 2021, M-XX-00005115 (medically.gene.com)","slide 32, preferred term 'Dizziness'",,
CMS1495,CNS014,tominersen,human_trial_sponsor,clinical_neuro_ae,human,duration_only,up to 69wk,,,,not_assessed,dizziness,5.8,5.8pct_vs_5.8pct_placebo,0,measured,CP_CHDI2021_SCHOBEL,"Roche/Genentech medical-affairs slide deck, CHDI 2021, M-XX-00005115 (medically.gene.com)","slide 32, preferred term 'Dizziness'",,
CMS1496,CNS014,tominersen,human_trial_sponsor,clinical_neuro_ae,human,duration_only,up to 69wk,,,,not_assessed,headache,19.6,19.6pct_vs_21.9pct_placebo,0,measured,CP_CHDI2021_SCHOBEL,"Roche/Genentech medical-affairs slide deck, CHDI 2021, M-XX-00005115 (medically.gene.com)","slide 32, preferred term 'Headaches'",,
CMS1497,CNS014,tominersen,human_trial_sponsor,clinical_neuro_ae,human,duration_only,up to 69wk,,,,not_assessed,headache,20.3,20.3pct_vs_21.9pct_placebo,0,measured,CP_CHDI2021_SCHOBEL,"Roche/Genentech medical-affairs slide deck, CHDI 2021, M-XX-00005115 (medically.gene.com)","slide 32, preferred term 'Headaches'",,
CMS1498,CNS014,tominersen,human_trial_sponsor,clinical_neuro_ae,human,duration_only,up to 69wk,,,,not_assessed,headache,21.9,21.9pct_vs_21.9pct_placebo,0,measured,CP_CHDI2021_SCHOBEL,"Roche/Genentech medical-affairs slide deck, CHDI 2021, M-XX-00005115 (medically.gene.com)","slide 32, preferred term 'Headaches'",,
CMS1499,CNS014,tominersen,human_trial_sponsor,clinical_neuro_ae,human,duration_only,up to 69wk,,,,reversible,post_lumbar_puncture_syndrome,10.0,10.0pct_vs_8.1pct_placebo,1,reported_event,CP_CHDI2021_SCHOBEL,"Roche/Genentech medical-affairs slide deck, CHDI 2021, M-XX-00005115 (medically.gene.com)","slide 32, preferred term 'Post-lumbar puncture syndrome'",,
CMS1500,CNS014,tominersen,human_trial_sponsor,clinical_neuro_ae,human,duration_only,up to 69wk,,,,not_assessed,post_lumbar_puncture_syndrome,6.9,6.9pct_vs_8.1pct_placebo,0,measured,CP_CHDI2021_SCHOBEL,"Roche/Genentech medical-affairs slide deck, CHDI 2021, M-XX-00005115 (medically.gene.com)","slide 32, preferred term 'Post-lumbar puncture syndrome'",,
CMS1501,CNS014,tominersen,human_trial_sponsor,clinical_neuro_ae,human,duration_only,up to 69wk,,,,not_assessed,post_lumbar_puncture_syndrome,8.1,8.1pct_vs_8.1pct_placebo,0,measured,CP_CHDI2021_SCHOBEL,"Roche/Genentech medical-affairs slide deck, CHDI 2021, M-XX-00005115 (medically.gene.com)","slide 32, preferred term 'Post-lumbar puncture syndrome'",,
CMS1519,CNS014,tominersen,human_trial_sponsor,clinical_neuro_ae,human,duration_only,17mo,,,,not_assessed,programme_dosing_stop,"dosing stopped in all arms, March 2021",iDMC benefit-risk assessment of both tominersen arms vs placebo,0,measured,CP_CHDI2021_SCHOBEL,"Roche/Genentech medical-affairs slide deck, CHDI 2021, M-XX-00005115 (medically.gene.com)","slides 15, 38 and 39 ('Overall summary of the preliminary GENERATION HD1 results and actions')",,
CMS1531,CNS013,tofersen,human_trial_publication,clinical_neuro_ae,human,duration_only,median 181.71wk,,,,TBD,AE_leading_to_discontinuation,26.9,no placebo comparator in the integrated dataset - all participants eventually received tofersen,2,reported_event,CP_MILLER2026_JAMANEUROL,doi:10.1001/jamaneurol.2025.4946,"Table 3, Summary of Adverse Events",,
CMS1532,CNS013,tofersen,human_trial_publication,clinical_neuro_ae,human,duration_only,median 181.71wk,,,,TBD,CSF_protein_increased_AE,26.9,no placebo comparator in the integrated dataset - all participants eventually received tofersen,1,reported_event,CP_MILLER2026_JAMANEUROL,doi:10.1001/jamaneurol.2025.4946,"Table 3, Summary of Adverse Events",,
CMS1533,CNS013,tofersen,human_trial_publication,clinical_neuro_ae,human,duration_only,median 181.71wk,,,,TBD,any_adverse_event,99.0,no placebo comparator in the integrated dataset - all participants eventually received tofersen,1,reported_event,CP_MILLER2026_JAMANEUROL,doi:10.1001/jamaneurol.2025.4946,"Table 3, Summary of Adverse Events",,
CMS1534,CNS013,tofersen,human_trial_publication,clinical_neuro_ae,human,duration_only,median 181.71wk,,,,TBD,headache,60.6,no placebo comparator in the integrated dataset - all participants eventually received tofersen,1,reported_event,CP_MILLER2026_JAMANEUROL,doi:10.1001/jamaneurol.2025.4946,"Table 3, Summary of Adverse Events",,
CMS1535,CNS013,tofersen,human_trial_publication,clinical_neuro_ae,human,duration_only,median 181.71wk,,,,TBD,post_lumbar_puncture_syndrome,25.0,no placebo comparator in the integrated dataset - all participants eventually received tofersen,1,reported_event,CP_MILLER2026_JAMANEUROL,doi:10.1001/jamaneurol.2025.4946,"Table 3, Summary of Adverse Events",,
CMS1536,CNS013,tofersen,human_trial_publication,clinical_neuro_ae,human,duration_only,median 181.71wk,,,,TBD,serious_AE_related_to_trial_agent,9.6,no placebo comparator in the integrated dataset - all participants eventually received tofersen,2,reported_event,CP_MILLER2026_JAMANEUROL,doi:10.1001/jamaneurol.2025.4946,"Table 3, Summary of Adverse Events",,
CMS1537,CNS013,tofersen,human_trial_publication,clinical_neuro_ae,human,duration_only,median 181.71wk,,,"intrinsic to ALS progression - respiratory failure 12.5%, aspiration pneumonia 11.5%, acute respiratory failure 7.7%, dysphagia 7.7%. Within VALOR itself the events occurring in at least 5% of tofersen-treated patients and at more than 5% higher frequency than",TBD,serious_adverse_event,55.8,no placebo comparator in the integrated dataset - all participants eventually received tofersen,1,reported_event,CP_MILLER2026_JAMANEUROL,doi:10.1001/jamaneurol.2025.4946,"Table 3, Summary of Adverse Events",,
CMS1564,CNS016,WVE-120101,human_class_review,clinical_neuro_ae,human,duration_only,single + multiple ascending dose,,,,not_assessed,any_adverse_event,91,91pct_vs_75pct_placebo,1,reported_event,CP_BIODRUGS2022_HD_ASO_REVIEW,doi:10.1007/s40259-022-00519-9,"section 'Wave Life Sciences WVE-120101 and WVE-120102', paragraph 1",,
CMS1566,CNS017,WVE-120102,human_class_review,clinical_neuro_ae,human,duration_only,"single + multiple ascending dose, doses up to 16 mg",,,,not_assessed,any_adverse_event,72,72pct of 31 treated vs 83pct of 13 placebo,0,measured,CP_BIODRUGS2022_HD_ASO_REVIEW,doi:10.1007/s40259-022-00519-9,"section 'Wave Life Sciences WVE-120101 and WVE-120102', paragraph 1 (December 2019 PRECISION-HD2 topline)",,
CMS1567,CNS017,WVE-120102,human_class_review,clinical_neuro_ae,human,duration_only,monthly dosing,,,,reversible,AE_leading_to_discontinuation,6_of_13,6 of 13 in the 32 mg cohort,3,reported_event,CP_BIODRUGS2022_HD_ASO_REVIEW,doi:10.1007/s40259-022-00519-9,"section 'Wave Life Sciences WVE-120101 and WVE-120102', paragraph 3",,
CMS1569,CNS017,WVE-120102,human_class_review,clinical_neuro_ae,human,duration_only,whole trial including the 32 mg cohort,,,,not_assessed,any_adverse_event,83,83pct of 66 treated vs 90pct of 22 placebo,0,measured,CP_BIODRUGS2022_HD_ASO_REVIEW,doi:10.1007/s40259-022-00519-9,"section 'Wave Life Sciences WVE-120101 and WVE-120102', paragraph 3 (final PRECISION-HD2 dataset)",,
CMS1572,CNS009,ulefnersen,human_trial_publication,chronic_neurotoxicity,human,duration_only,6mo,,,,not_assessed,NfL_CSF,-82.8,no control arm; 'The concentration of NfL in CSF was reduced by up to 82.8% after 6 months of treatment',0,review_required,CP_SHNEIDER2025_LANCET,doi:10.1016/S0140-6736(25,"abstract, FINDINGS",,
CMS1573,CNS009,ulefnersen,human_trial_publication,clinical_neuro_ae,human,duration_only,2.8-33.9mo,,,,TBD,back_pain,50.0,6 of 12; no control arm,1,reported_event,CP_SHNEIDER2025_LANCET,doi:10.1016/S0140-6736(25,"abstract, FINDINGS",,
CMS1574,CNS009,ulefnersen,human_trial_publication,clinical_neuro_ae,human,duration_only,2.8-33.9mo,,,,not_assessed,fatal_adverse_event,2_of_12,no control arm,0,review_required,CP_SHNEIDER2025_LANCET,doi:10.1016/S0140-6736(25,"abstract, FINDINGS",,
CMS1575,CNS009,ulefnersen,human_trial_publication,clinical_neuro_ae,human,duration_only,2.8-33.9mo,,,,TBD,headache,33.0,4 of 12; no control arm,1,reported_event,CP_SHNEIDER2025_LANCET,doi:10.1016/S0140-6736(25,"abstract, FINDINGS",,
CMS1576,CNS009,ulefnersen,human_trial_publication,clinical_neuro_ae,human,duration_only,2.8-33.9mo,,,,TBD,nausea,25.0,3 of 12; no control arm,1,reported_event,CP_SHNEIDER2025_LANCET,doi:10.1016/S0140-6736(25,"abstract, FINDINGS",,
CMS1577,CNS009,ulefnersen,human_trial_publication,clinical_neuro_ae,human,duration_only,2.8-33.9mo,,,,TBD,post_lumbar_puncture_headache,25.0,3 of 12; no control arm,1,reported_event,CP_SHNEIDER2025_LANCET,doi:10.1016/S0140-6736(25,"abstract, FINDINGS",,
CMS1578,CNS002,BIIB078,human_trial_publication,clinical_neuro_ae,human,duration_only,3-6mo,,,,not_assessed,fatal_adverse_event,5_of_79,5 of 79 (6.3pct) on BIIB078 vs 3 of 27 (11.1pct) on placebo,0,measured,CP_VANDENBERG2024_LANCETNEUROL,doi:10.1016/S1474-4422(24,"abstract, FINDINGS",,
CMS1579,CNS002,BIIB078,human_trial_publication,clinical_neuro_ae,human,duration_only,3mo (cohorts 1-3) or 6mo (cohorts 4-6),,,,not_assessed,serious_adverse_event,18.0,14 of 79 (18pct) on BIIB078 vs 9 of 27 (33pct) on placebo,0,measured,CP_VANDENBERG2024_LANCETNEUROL,doi:10.1016/S1474-4422(24,"abstract, FINDINGS",,
CMS1580,CNS002,BIIB078,human_trial_publication,chronic_neurotoxicity,human,duration_only,3-6mo,,,,not_assessed,NfL_plasma,no reduction; no rise reported,no reduction in neurofilament levels relative to the placebo cohort,0,review_required,CP_VANDENBERG2024_LANCETNEUROL,doi:10.1016/S1474-4422(24,"abstract, INTERPRETATION",,
CMS1581,CNS003,diranersen,human_trial_publication,chronic_neurotoxicity,human,duration_only,6mo,,,,not_assessed,safety_MRI,no clinically meaningful change,qualitative neuroradiological review across all cohorts including 115 mg quarterly,0,review_required,CP_MUMMERY2023_NATMED,doi:10.1038/s41591-023-02326-3,'Primary endpoint of safety' section,,
CMS1584,CNS003,diranersen,human_trial_publication,clinical_neuro_ae,human,duration_only,13wk treatment plus 23wk post-treatment,,,,reversible,any_adverse_event,94.0,94pct on MAPTRx (n=34) vs 75pct on placebo (n=12),1,reported_event,CP_MUMMERY2023_NATMED,doi:10.1038/s41591-023-02326-3,Table 2 and the 'Primary endpoint of safety' section,,
CMS1586,CNS003,diranersen,human_trial_publication,clinical_neuro_ae,human,duration_only,13wk treatment plus 23wk post-treatment,,,,reversible,post_lumbar_puncture_syndrome,44.0,13 of 34 mild plus 2 of 34 moderate on MAPTRx vs 1 of 12 mild plus 3 of 12 moderate on placebo,1,reported_event,CP_MUMMERY2023_NATMED,doi:10.1038/s41591-023-02326-3,"Table 2, 'Post-LP headache' row, plus the narrative",,
CMS1587,CNS288,rugonersen,human_trial_publication,clinical_neuro_ae,human,duration_only,multiple ascending dose plus long-term extension,,,,not_assessed,any_adverse_event,acceptable safety and tolerability profile,no control arm (open-label),0,review_required,CP_HIPP2025_NATMED,doi:10.1038/s41591-025-03784-7,abstract,,
CMS1593,CNS012,nusinersen,human_trial_publication,clinical_neuro_ae,human,duration_only,up to about 302d,,,,reversible,procedural_headache,25.0,matched CHERISH sham arm reported 0pct for both terms in the later-onset comparison,1,reported_event,CP_DEVOTE_NATMED2026,doi:10.1038/s41591-025-04193-6,"Table 3, 'AEs occurring in more than 15% according to preferred term'",,
CMS1594,CNS012,nusinersen,human_trial_publication,clinical_neuro_ae,human,duration_only,up to about 302d,,,,reversible,procedural_headache,32.5,matched CHERISH sham arm reported 0pct for both terms in the later-onset comparison,1,reported_event,CP_DEVOTE_NATMED2026,doi:10.1038/s41591-025-04193-6,"Table 3, 'AEs occurring in more than 15% according to preferred term'",,
CMS1595,CNS012,nusinersen,human_trial_publication,clinical_neuro_ae,human,duration_only,up to about 302d,,,,reversible,procedural_pain,18.8,matched CHERISH sham arm reported 0pct for both terms in the later-onset comparison,1,reported_event,CP_DEVOTE_NATMED2026,doi:10.1038/s41591-025-04193-6,"Table 3, 'AEs occurring in more than 15% according to preferred term'",,
CMS1596,CNS012,nusinersen,human_trial_publication,clinical_neuro_ae,human,duration_only,up to about 302d,,,,reversible,procedural_pain,20.0,matched CHERISH sham arm reported 0pct for both terms in the later-onset comparison,1,reported_event,CP_DEVOTE_NATMED2026,doi:10.1038/s41591-025-04193-6,"Table 3, 'AEs occurring in more than 15% according to preferred term'",,
CMS1597,CNS012,nusinersen,human_trial_publication,clinical_neuro_ae,human,duration_only,50.06 participant-years (50/28 mg) or 21.44 (12/12 mg) in Part B,,,"intrinsic to infantile SMA (pneumonia, respiratory failure, aspiration pneumonia). There were NO treatment-related serious adverse events in the 50/28 mg group; the only treatment-related SAE in the whole of Part B was one respiratory failure in the 12/12 mg g",not_assessed,fatal_adverse_event,20.0,20.0pct_vs_55.0pct_matched_sham,0,measured,CP_DEVOTE_NATMED2026,doi:10.1038/s41591-025-04193-6,"Table 3, 'Parts B and C: overall safety summary', infantile-onset SMA columns",,
CMS1598,CNS012,nusinersen,human_trial_publication,clinical_neuro_ae,human,duration_only,50.06 participant-years (50/28 mg) or 21.44 (12/12 mg) in Part B,,,"intrinsic to infantile SMA (pneumonia, respiratory failure, aspiration pneumonia). There were NO treatment-related serious adverse events in the 50/28 mg group; the only treatment-related SAE in the whole of Part B was one respiratory failure in the 12/12 mg g",not_assessed,fatal_adverse_event,24.0,24.0pct_vs_55.0pct_matched_sham,0,measured,CP_DEVOTE_NATMED2026,doi:10.1038/s41591-025-04193-6,"Table 3, 'Parts B and C: overall safety summary', infantile-onset SMA columns",,
CMS1599,CNS012,nusinersen,human_trial_publication,clinical_neuro_ae,human,duration_only,50.06 participant-years (50/28 mg) or 21.44 (12/12 mg) in Part B,,,"intrinsic to infantile SMA (pneumonia, respiratory failure, aspiration pneumonia). There were NO treatment-related serious adverse events in the 50/28 mg group; the only treatment-related SAE in the whole of Part B was one respiratory failure in the 12/12 mg g",not_assessed,fatal_adverse_event,55.0,55.0pct_vs_55.0pct_matched_sham,0,measured,CP_DEVOTE_NATMED2026,doi:10.1038/s41591-025-04193-6,"Table 3, 'Parts B and C: overall safety summary', infantile-onset SMA columns",,
CMS1600,CNS012,nusinersen,human_trial_publication,clinical_neuro_ae,human,duration_only,50.06 participant-years (50/28 mg) or 21.44 (12/12 mg) in Part B,,,"intrinsic to infantile SMA (pneumonia, respiratory failure, aspiration pneumonia). There were NO treatment-related serious adverse events in the 50/28 mg group; the only treatment-related SAE in the whole of Part B was one respiratory failure in the 12/12 mg g",not_assessed,serious_adverse_event,60.0,60.0pct_vs_95.0pct_matched_sham,0,measured,CP_DEVOTE_NATMED2026,doi:10.1038/s41591-025-04193-6,"Table 3, 'Parts B and C: overall safety summary', infantile-onset SMA columns",,
CMS1601,CNS012,nusinersen,human_trial_publication,clinical_neuro_ae,human,duration_only,50.06 participant-years (50/28 mg) or 21.44 (12/12 mg) in Part B,,,"intrinsic to infantile SMA (pneumonia, respiratory failure, aspiration pneumonia). There were NO treatment-related serious adverse events in the 50/28 mg group; the only treatment-related SAE in the whole of Part B was one respiratory failure in the 12/12 mg g",not_assessed,serious_adverse_event,72.0,72.0pct_vs_95.0pct_matched_sham,0,measured,CP_DEVOTE_NATMED2026,doi:10.1038/s41591-025-04193-6,"Table 3, 'Parts B and C: overall safety summary', infantile-onset SMA columns",,
CMS1602,CNS012,nusinersen,human_trial_publication,clinical_neuro_ae,human,duration_only,50.06 participant-years (50/28 mg) or 21.44 (12/12 mg) in Part B,,,"intrinsic to infantile SMA (pneumonia, respiratory failure, aspiration pneumonia). There were NO treatment-related serious adverse events in the 50/28 mg group; the only treatment-related SAE in the whole of Part B was one respiratory failure in the 12/12 mg g",not_assessed,serious_adverse_event,95.0,95.0pct_vs_95.0pct_matched_sham,0,measured,CP_DEVOTE_NATMED2026,doi:10.1038/s41591-025-04193-6,"Table 3, 'Parts B and C: overall safety summary', infantile-onset SMA columns",,
CMS1603,CNS012,nusinersen,human_trial_publication,clinical_neuro_ae,human,duration_only,50.06 participant-years (50/28 mg) or 21.44 (12/12 mg) in Part B,,,"intrinsic to infantile SMA (pneumonia, respiratory failure, aspiration pneumonia). There were NO treatment-related serious adverse events in the 50/28 mg group; the only treatment-related SAE in the whole of Part B was one respiratory failure in the 12/12 mg g",not_assessed,severe_adverse_event,44.0,44.0pct_vs_90.0pct_matched_sham,0,measured,CP_DEVOTE_NATMED2026,doi:10.1038/s41591-025-04193-6,"Table 3, 'Parts B and C: overall safety summary', infantile-onset SMA columns",,
CMS1604,CNS012,nusinersen,human_trial_publication,clinical_neuro_ae,human,duration_only,50.06 participant-years (50/28 mg) or 21.44 (12/12 mg) in Part B,,,"intrinsic to infantile SMA (pneumonia, respiratory failure, aspiration pneumonia). There were NO treatment-related serious adverse events in the 50/28 mg group; the only treatment-related SAE in the whole of Part B was one respiratory failure in the 12/12 mg g",not_assessed,severe_adverse_event,56.0,56.0pct_vs_90.0pct_matched_sham,0,measured,CP_DEVOTE_NATMED2026,doi:10.1038/s41591-025-04193-6,"Table 3, 'Parts B and C: overall safety summary', infantile-onset SMA columns",,
CMS1605,CNS012,nusinersen,human_trial_publication,clinical_neuro_ae,human,duration_only,50.06 participant-years (50/28 mg) or 21.44 (12/12 mg) in Part B,,,"intrinsic to infantile SMA (pneumonia, respiratory failure, aspiration pneumonia). There were NO treatment-related serious adverse events in the 50/28 mg group; the only treatment-related SAE in the whole of Part B was one respiratory failure in the 12/12 mg g",not_assessed,severe_adverse_event,90.0,90.0pct_vs_90.0pct_matched_sham,0,measured,CP_DEVOTE_NATMED2026,doi:10.1038/s41591-025-04193-6,"Table 3, 'Parts B and C: overall safety summary', infantile-onset SMA columns",,
CMS1606,CNS004,BIIB094,human_trial_publication,clinical_neuro_ae,human,duration_only,single dose,,,,not_assessed,any_adverse_event,64.5,20 of 31 participants in part A (single doses of BIIB094 10-150 mg or placebo; 40 participants dosed),1,reported_event,CP_MABROUK2026_NATMED,doi:10.1038/s41591-026-04262-4,abstract,,
CMS1607,CNS004,BIIB094,human_trial_publication,clinical_neuro_ae,human,duration_only,4 doses every 4 weeks,,,,not_assessed,any_adverse_event,84.8,28 of 33 participants in part B (four doses of BIIB094 40-120 mg or placebo; 42 participants),1,reported_event,CP_MABROUK2026_NATMED,doi:10.1038/s41591-026-04262-4,abstract,,
CMS1620,CNS003,diranersen,human_trial_publication,clinical_neuro_ae,human,duration_only,open-label long-term extension to week 100,,,,TBD,AE_leading_to_discontinuation,9.1,no concurrent placebo arm in the open-label extension,2,reported_event,CP_BIIB080_NATAGING2026,doi:10.1038/s43587-025-01031-9,"Table 3, 'Summary of TEAEs during the LTE (safety population)', N=33",,
CMS1621,CNS003,diranersen,human_trial_publication,clinical_neuro_ae,human,duration_only,open-label long-term extension to week 100,,,,TBD,any_adverse_event,93.9,no concurrent placebo arm in the open-label extension,1,reported_event,CP_BIIB080_NATAGING2026,doi:10.1038/s43587-025-01031-9,"Table 3, 'Summary of TEAEs during the LTE (safety population)', N=33",,
CMS1622,CNS003,diranersen,human_trial_publication,clinical_neuro_ae,human,duration_only,open-label long-term extension to week 100,,,,TBD,confusional_state,12.1,no concurrent placebo arm in the open-label extension,1,reported_event,CP_BIIB080_NATAGING2026,doi:10.1038/s43587-025-01031-9,"Table 3, 'Summary of TEAEs during the LTE (safety population)', N=33",,
CMS1623,CNS003,diranersen,human_trial_publication,clinical_neuro_ae,human,duration_only,open-label long-term extension to week 100,,,,TBD,serious_adverse_event,12.1,no concurrent placebo arm in the open-label extension,0,measured,CP_BIIB080_NATAGING2026,doi:10.1038/s43587-025-01031-9,"Table 3, 'Summary of TEAEs during the LTE (safety population)', N=33",,
CMS1624,CNS003,diranersen,human_trial_publication,clinical_neuro_ae,human,duration_only,open-label long-term extension to week 100,,,,TBD,treatment_related_adverse_event,42.4,no concurrent placebo arm in the open-label extension,1,reported_event,CP_BIIB080_NATAGING2026,doi:10.1038/s43587-025-01031-9,"Table 3, 'Summary of TEAEs during the LTE (safety population)', N=33",,
CMS1625,CNS012,nusinersen,human_trial_publication,clinical_neuro_ae,human,duration_only,up to about 13mo,,,,not_assessed,any_adverse_event,similar incidence and severity to sham control,'The incidence and severity of adverse events were similar in the two groups' (nusinersen n=73 vs sham control n=37 in the final analysis),0,measured,CP_FINKEL2017_ENDEAR,doi:10.1056/NEJMoa1702752,"abstract, RESULTS",,
CMS1626,CNS012,nusinersen,human_trial_publication,clinical_neuro_ae,human,duration_only,"15mo (doses on days 1, 29, 85 and 274)",,,,not_assessed,any_adverse_event,93.0,93pct on nusinersen vs 100pct on sham control,0,measured,CP_MERCURI2018_CHERISH,doi:10.1056/NEJMoa1710504,"abstract, RESULTS",,
CMS1628,CNS014,tominersen,human_trial_publication,clinical_neuro_ae,human,duration_only,4 monthly doses (~16wk),,,,reversible,any_adverse_event,98,pooled across HTTRx (n=34) and placebo (n=12); the abstract does not separate the arms,1,reported_event,CP_TABRIZI2019,doi:10.1056/NEJMoa1900907,"abstract, RESULTS",,
CMS1635,CNS014,tominersen,human_trial_publication,clinical_neuro_ae,human,duration_only,4 monthly doses (~16wk),,,,not_assessed,serious_adverse_event,0,0 of 34 HTTRx-treated patients,0,explicit_zero_with_denominator,CP_TABRIZI2019,doi:10.1056/NEJMoa1900907,"abstract, RESULTS and CONCLUSIONS",,
CMS1638,CNS019,zorevunersen,human_trial_publication,clinical_neuro_ae,human,duration_only,up to 36mo,,,,not_assessed,fatal_adverse_event,3_of_81,no control arm,0,review_required,CP_LAUX2026_NEJM,doi:10.1056/NEJMoa2506295,"abstract, RESULTS",,
CMS1639,CNS019,zorevunersen,human_trial_publication,clinical_neuro_ae,human,duration_only,"single dose, or 2-3 doses over 3 months",,,,TBD,post_lumbar_puncture_syndrome,25.0,no control arm (open-label phase 1-2a),1,reported_event,CP_LAUX2026_NEJM,doi:10.1056/NEJMoa2506295,"abstract, RESULTS",,
CMS1641,CNS012,nusinersen,human_trial_publication,clinical_neuro_ae,human,duration_only,5 doses over 269d,,,,not_assessed,treatment_related_adverse_event,0,0 of 6; no control arm (open-label safety cohort),0,explicit_zero_with_denominator,CP_DEVOTE_PARTA_JND2023,doi:10.3233/jnd-221667,"Results, 'Safety and tolerability', and Table 2 (Summary of adverse events by participant)",,
CMS2050,CNS564,ASOmut4,human_laboratory,chronic_neurotoxicity,human,duration_only,14d,,,,not_assessed,neuronal_network_morphology_TUJ1_immunostaining,TBD,no obvious morphological change; stable and robust neuronal network vs untreated,0,measured,S_CNS_IV_HUBENER2022,doi:10.1016/j.omtn.2021.11.015,Fig 5E,,
CMS2055,CNS551,ASO2 (Hdac2 LNA gapmer),human_laboratory,chronic_neurotoxicity,human,duration_only,72h,,,,not_assessed,CDKN1A_mRNA,TBD,CDKN1A (p21) mRNA raised vs vehicle,2,measured,S_CNS_IV_LATEONSET2025,doi:10.1016/j.omtn.2025.102692,Fig 3C,,
CMS2072,CNS551,ASO2 (Hdac2 LNA gapmer),human_laboratory,chronic_neurotoxicity,human,duration_only,3h,,,,not_assessed,p54nrb_NONO_mislocalization_to_nucleoli,TBD,significant increase vs vehicle at 50 nM (3h),2,measured,S_CNS_IV_LATEONSET2025,doi:10.1016/j.omtn.2025.102692,"Fig 7D,E",,
CMS2073,CNS551,ASO2 (Hdac2 LNA gapmer),human_laboratory,chronic_neurotoxicity,human,duration_only,3h,,,,not_assessed,p54nrb_NONO_mislocalization_to_nucleoli,TBD,significant increase vs vehicle at 200 nM (3h),2,measured,S_CNS_IV_LATEONSET2025,doi:10.1016/j.omtn.2025.102692,"Fig 7D,E",,
CMS2080,CNS560,ASO243,human_laboratory,chronic_neurotoxicity,human,duration_only,DIV11 (1 week post single dose),,,,not_assessed,wild_type_E198_allele_knockdown_on_target_liability,0,0% knockdown of the non-pathogenic E198 allele vs non-targeting scramble ASO,0,measured,S_CNS_IV_PPP2R5D2025,doi:10.1016/j.xhgg.2025.100450,Fig 5C,,
CMS2081,CNS561,ASO249,human_laboratory,chronic_neurotoxicity,human,duration_only,DIV11 (1 week post single dose),,,,not_assessed,wild_type_E198_allele_knockdown_on_target_liability,16,16% knockdown of the non-pathogenic E198 allele vs non-targeting scramble ASO,0,measured,S_CNS_IV_PPP2R5D2025,doi:10.1016/j.xhgg.2025.100450,Fig 5C,,
CMS2082,CNS562,ASO267,human_laboratory,chronic_neurotoxicity,human,duration_only,DIV11 (1 week post single dose),,,,not_assessed,wild_type_E198_allele_knockdown_on_target_liability,4,4% knockdown of the non-pathogenic E198 allele vs non-targeting scramble ASO,0,measured,S_CNS_IV_PPP2R5D2025,doi:10.1016/j.xhgg.2025.100450,Fig 5C,,
CMS2083,CNS579,PPP2R5D scramble ASO,human_laboratory,chronic_neurotoxicity,human,duration_only,DIV11 (1 week post single dose),,,,not_assessed,neurite_outgrowth_length_MAP2,60.78,mean 60.78 um vs untreated E198K 59.04 um and CRISPR-corrected isogenic control 49.33 um,0,measured,S_CNS_IV_PPP2R5D2025,doi:10.1016/j.xhgg.2025.100450,Fig 5E,,
CMS2084,CNS560,ASO243,human_laboratory,chronic_neurotoxicity,human,duration_only,DIV11 (1 week post single dose),,,,not_assessed,neurite_outgrowth_length_MAP2,54.78,mean 54.78 um vs untreated E198K 59.04 um and CRISPR-corrected isogenic control 49.33 um,0,measured,S_CNS_IV_PPP2R5D2025,doi:10.1016/j.xhgg.2025.100450,Fig 5E,,
CMS2085,CNS561,ASO249,human_laboratory,chronic_neurotoxicity,human,duration_only,DIV11 (1 week post single dose),,,,not_assessed,neurite_outgrowth_length_MAP2,52.37,mean 52.37 um vs untreated E198K 59.04 um and CRISPR-corrected isogenic control 49.33 um,0,measured,S_CNS_IV_PPP2R5D2025,doi:10.1016/j.xhgg.2025.100450,Fig 5E,,
CMS2086,CNS562,ASO267,human_laboratory,chronic_neurotoxicity,human,duration_only,DIV11 (1 week post single dose),,,,not_assessed,neurite_outgrowth_length_MAP2,62.68,mean 62.68 um vs scramble ASO control 60.78 um (no change); untreated E198K 59.04 um and corrected isogenic control corE198K 49.33 um,0,measured,S_CNS_IV_PPP2R5D2025,doi:10.1016/j.xhgg.2025.100450,Fig 5E,,
CMS2087,CNS560,ASO243,human_laboratory,chronic_neurotoxicity,human,duration_only,DIV35 (4 weeks post single dose),,,,not_assessed,wild_type_E198_allele_knockdown_on_target_liability,36,36% knockdown of the non-pathogenic E198 allele vs non-targeting scramble ASO,1,measured,S_CNS_IV_PPP2R5D2025,doi:10.1016/j.xhgg.2025.100450,Fig 5F,,
CMS2088,CNS561,ASO249,human_laboratory,chronic_neurotoxicity,human,duration_only,DIV35 (4 weeks post single dose),,,,not_assessed,wild_type_E198_allele_knockdown_on_target_liability,55,55% knockdown of the non-pathogenic E198 allele vs non-targeting scramble ASO,2,measured,S_CNS_IV_PPP2R5D2025,doi:10.1016/j.xhgg.2025.100450,Fig 5F,,
CMS2089,CNS562,ASO267,human_laboratory,chronic_neurotoxicity,human,duration_only,DIV35 (4 weeks post single dose),,,,not_assessed,wild_type_E198_allele_knockdown_on_target_liability,19,19% knockdown of the non-pathogenic E198 allele vs non-targeting scramble ASO,1,measured,S_CNS_IV_PPP2R5D2025,doi:10.1016/j.xhgg.2025.100450,Fig 5F,,
CMS2090,CNS579,PPP2R5D scramble ASO,human_laboratory,chronic_neurotoxicity,human,duration_only,DIV35 (4 weeks post single dose),,,,not_assessed,neurite_outgrowth_length_MAP2,149.3,mean 149.30 um vs untreated E198K 148.50 um and CRISPR-corrected isogenic control 123.90 um,0,measured,S_CNS_IV_PPP2R5D2025,doi:10.1016/j.xhgg.2025.100450,Fig 5H,,
CMS2091,CNS560,ASO243,human_laboratory,chronic_neurotoxicity,human,duration_only,DIV35 (4 weeks post single dose),,,,not_assessed,neurite_outgrowth_length_MAP2,126.9,mean 126.90 um vs untreated E198K 148.50 um and CRISPR-corrected isogenic control 123.90 um,0,measured,S_CNS_IV_PPP2R5D2025,doi:10.1016/j.xhgg.2025.100450,Fig 5H,,
CMS2092,CNS561,ASO249,human_laboratory,chronic_neurotoxicity,human,duration_only,DIV35 (4 weeks post single dose),,,,not_assessed,neurite_outgrowth_length_MAP2,127.1,mean 127.10 um vs untreated E198K 148.50 um and CRISPR-corrected isogenic control 123.90 um,0,measured,S_CNS_IV_PPP2R5D2025,doi:10.1016/j.xhgg.2025.100450,Fig 5H,,
CMS2093,CNS562,ASO267,human_laboratory,chronic_neurotoxicity,human,duration_only,DIV35 (4 weeks post single dose),,,,not_assessed,neurite_outgrowth_length_MAP2,143.1,mean 143.10 um vs untreated E198K 148.50 um and CRISPR-corrected isogenic control 123.90 um,0,measured,S_CNS_IV_PPP2R5D2025,doi:10.1016/j.xhgg.2025.100450,Fig 5H,,
CMS2094,CNS560,ASO243,human_laboratory,chronic_neurotoxicity,human,duration_only,DIV35 (4 weeks post single dose),,,,not_assessed,MAP2_immunostaining_intensity,TBD,MAP2 expression unchanged in ASO-treated neurons while PPP2R5D protein was reduced,0,measured,S_CNS_IV_PPP2R5D2025,doi:10.1016/j.xhgg.2025.100450,Fig 5I,,
CMS2098,CNS575,KIF1A scramble ASO,human_laboratory,chronic_neurotoxicity,human,duration_only,4wk (DIV7 to DIV35),,,,not_assessed,neurite_outgrowth_length_MAP2,TBD,"not significantly different from untreated P305L neurons (p = 0.9979, n = 77 vs 82 outgrowths)",0,measured,S_CNS_IV_KIF1A2026,doi:10.1038/s41467-025-67752-y,Fig 4D,,
CMS2101,CNS286,valeriasen,human_laboratory,chronic_neurotoxicity,human,duration_only,"2wk (treated DIV22, collected DIV29)",,,,not_assessed,transcriptome_wide_off_target_DEGs,11,KCNT1 downregulated at Padj = 1.7e-34; 11 additional genes downregulated at nominal Padj < 0.05; none of the in-silico predicted off-targets were perturbed; no pathway-level changes,0,measured,S_CNS_IV_KCNT1_2026,doi:10.1038/s41591-026-04314-9,Fig 1g and Supplementary Table 5,,
CMS2108,CNS570,CAG19,human_laboratory,chronic_neurotoxicity,human,duration_only,15d (day 38-53 of neural induction),,,,not_assessed,off_target_repeat_gene_panel_POU3F2_ATN1_ATXN2_AR_BRI3BP_DMPK,no significant change,"no off-target effect on four CAG/CTG repeat-containing genes (POU3F2, ATN1, ATXN2, AR) or two CUG repeat-containing transcripts (BRI3BP, DMPK) while HTT mRNA fell up to 61%",0,measured,S_CNS_IV_KOTOWSKAZIMMER2021,doi:10.1089/nat.2021.0021,Fig 5 (d43-d53 mRNA levels),,
CMS2109,CNS577,MECP2 ASO #1,human_laboratory,chronic_neurotoxicity,human,duration_only,14d,,,,not_assessed,Sholl_dendritic_complexity_intersections,TBD,significant excess intersections at 40% of distances vs 75% for scramble-treated MDS neurons; indistinguishable from unaffected controls at 60% of assessment points,0,assessed_no_effect,S_CNS_IV_MDS2024,doi:10.1093/hmg/ddae135,Fig 6B,,
CMS2110,CNS577,MECP2 ASO #1,human_laboratory,chronic_neurotoxicity,human,duration_only,14d,,,,not_assessed,total_neurite_length,TBD,reduced towards the length seen in scramble-treated unaffected control iNeurons,0,measured,S_CNS_IV_MDS2024,doi:10.1093/hmg/ddae135,Fig 6C,,
CMS2111,CNS577,MECP2 ASO #1,human_laboratory,chronic_neurotoxicity,human,duration_only,14d,,,,not_assessed,soma_area,TBD,no change in soma size vs 20 uM scramble-ASO-treated MDS iNeurons (21 vs 22-23 neurons),0,measured,S_CNS_IV_MDS2024,doi:10.1093/hmg/ddae135,Fig 6D,,
CMS2112,CNS577,MECP2 ASO #1,human_laboratory,chronic_neurotoxicity,human,duration_only,14d,,,,not_assessed,gene_expression_program_change_on_MeCP2_depletion,TBD,a disease-signature subset was aberrantly altered in UNAFFECTED control human neurons upon MeCP2 depletion,1,measured,S_CNS_IV_MDS2024,doi:10.1093/hmg/ddae135,"Results, 'Qualitative rescue of gene expression in MDS iNeurons after ASO treatment'",,
CMS2119,CNS546,APP-AON,human_laboratory,chronic_neurotoxicity,human,duration_only,4h transfection + 72h,,,,not_assessed,differentially_expressed_genes_vs_scrambled_AON,3911,"3911 DEGs of 25,124 tested vs scrambled AON1; 206 up and 94 down with |LFC|>1",1,measured,S_CNS_IV_KUIJPER2025,doi:10.1093/hmg/ddaf153,Table 1,,
CMS2120,CNS574,HTT-AON,human_laboratory,chronic_neurotoxicity,human,duration_only,4h transfection + 72h,,,,not_assessed,differentially_expressed_genes_vs_scrambled_AON,11387,"11387 DEGs of 25,124 tested vs scrambled AON1; 778 up and 841 down with |LFC|>1",1,measured,S_CNS_IV_KUIJPER2025,doi:10.1093/hmg/ddaf153,Table 1,,
CMS2121,CNS566,ATXN3-AON,human_laboratory,chronic_neurotoxicity,human,duration_only,4h transfection + 72h,,,,not_assessed,differentially_expressed_genes_vs_scrambled_AON,16453,"16453 DEGs of 25,124 tested vs scrambled AON1; 3857 up and 1664 down with |LFC|>1",2,measured,S_CNS_IV_KUIJPER2025,doi:10.1093/hmg/ddaf153,Table 1,,
CMS2122,CNS546,APP-AON,human_laboratory,chronic_neurotoxicity,human,duration_only,4h transfection + 72h,,,,not_assessed,differential_splicing_events_vs_scrambled_AON,489,489 events called by both rMATS and Whippet vs scrambled AON1,1,measured,S_CNS_IV_KUIJPER2025,doi:10.1093/hmg/ddaf153,Table 2,,
CMS2123,CNS574,HTT-AON,human_laboratory,chronic_neurotoxicity,human,duration_only,4h transfection + 72h,,,,not_assessed,differential_splicing_events_vs_scrambled_AON,867,867 events called by both rMATS and Whippet vs scrambled AON1,1,measured,S_CNS_IV_KUIJPER2025,doi:10.1093/hmg/ddaf153,Table 2,,
CMS2124,CNS566,ATXN3-AON,human_laboratory,chronic_neurotoxicity,human,duration_only,4h transfection + 72h,,,,not_assessed,differential_splicing_events_vs_scrambled_AON,6230,6230 events called by both rMATS and Whippet vs scrambled AON1,2,measured,S_CNS_IV_KUIJPER2025,doi:10.1093/hmg/ddaf153,Table 2,,
CMS2125,CNS546,APP-AON,human_laboratory,chronic_neurotoxicity,human,duration_only,4h transfection + 72h,,,,not_assessed,splicing_events_matching_predicted_AON_binding_sites,4,4 AON-specific events (of 5 total matching a predicted binding site),0,measured,S_CNS_IV_KUIJPER2025,doi:10.1093/hmg/ddaf153,Table 4,,
CMS2126,CNS574,HTT-AON,human_laboratory,chronic_neurotoxicity,human,duration_only,4h transfection + 72h,,,,not_assessed,splicing_events_matching_predicted_AON_binding_sites,4,4 AON-specific events (of 5 total matching a predicted binding site),0,measured,S_CNS_IV_KUIJPER2025,doi:10.1093/hmg/ddaf153,Table 4,,
CMS2127,CNS566,ATXN3-AON,human_laboratory,chronic_neurotoxicity,human,duration_only,4h transfection + 72h,,,,not_assessed,splicing_events_matching_predicted_AON_binding_sites,117,117 AON-specific events (of 122 total matching a predicted binding site),1,measured,S_CNS_IV_KUIJPER2025,doi:10.1093/hmg/ddaf153,Table 4,,
CMS2128,CNS566,ATXN3-AON,human_laboratory,chronic_neurotoxicity,human,duration_only,4h transfection + 72h,,,,not_assessed,differentially_expressed_genes_vs_scrambled_AON2,226,139 up / 87 down vs scrambled AON2 in line C1.2,1,measured,S_CNS_IV_KUIJPER2025,doi:10.1093/hmg/ddaf153,Table 6,,
CMS2129,CNS566,ATXN3-AON,human_laboratory,chronic_neurotoxicity,human,duration_only,4h transfection + 72h,,,,not_assessed,differentially_expressed_genes_vs_scrambled_AON2,9385 (derived: 4650 up + 4735 down; not printed in Table 6),4650 up / 4735 down vs scrambled AON2 in line C2,2,measured,S_CNS_IV_KUIJPER2025,doi:10.1093/hmg/ddaf153,Table 6,,
CMS2130,CNS567,ATXN3-AON2,human_laboratory,chronic_neurotoxicity,human,duration_only,4h transfection + 72h,,,,not_assessed,differentially_expressed_genes_vs_scrambled_AON2,62,12 up / 50 down vs scrambled AON2 in line C1.2,0,measured,S_CNS_IV_KUIJPER2025,doi:10.1093/hmg/ddaf153,Table 6,,
CMS2131,CNS567,ATXN3-AON2,human_laboratory,chronic_neurotoxicity,human,duration_only,4h transfection + 72h,,,,not_assessed,differentially_expressed_genes_vs_scrambled_AON2,4596,1839 up / 2757 down vs scrambled AON2 in line C2,1,measured,S_CNS_IV_KUIJPER2025,doi:10.1093/hmg/ddaf153,Table 6,,
CMS2148,CNS572,Gene Tools standard control oligomer,human_laboratory,chronic_neurotoxicity,human,duration_only,24h,,,,irreversible,nuclear_inclusion_formation_DBHS_paraspeckle_proteins,present,"nuclear inclusions containing DBHS proteins formed after 2'-O-methyl phosphorothioate AO transfection; not formed with PMO chemistry, phosphodiester AOs, or annealed duplex PS oligomers",2,measured,S_CNS_IV_INCLUSIONS2022,doi:10.3389/fgene.2022.791416,"Results, 'Nuclear inclusions were also observed...'; Supplementary Fig S2",,
CMS2149,CNS583,SMN7D(-10-29),human_laboratory,chronic_neurotoxicity,human,duration_only,24h,,,,irreversible,nuclear_inclusion_formation_DBHS_paraspeckle_proteins,present,"nuclear inclusions containing DBHS proteins formed after 2'-O-methyl phosphorothioate AO transfection; not formed with PMO chemistry, phosphodiester AOs, or annealed duplex PS oligomers",2,measured,S_CNS_IV_INCLUSIONS2022,doi:10.3389/fgene.2022.791416,"Results, 'Nuclear inclusions were also observed...'; Supplementary Fig S2",,
CMS2264,CNS013,tofersen,human_label_pooled,clinical_neuro_ae,human,duration_only,pooled_101C_28wk_plus_102_open_label_extension,,,,reversible,myelitis_with_paraplegia,1/147,1_of_147_tofersen_vs_0_of_36_placebo_in_101C,3,reported_event,R1,FDA_NDA215887,"Integrated Review p.163 (PDF p.164) Section 7.7.1, Assessment paragraph",,
CMS2266,CNS013,tofersen,human_label_pooled,clinical_neuro_ae,human,duration_only,pooled_101C_28wk_plus_102_open_label_extension,,,,reversible,aseptic_meningitis,1/139,0.7pct_in_Study_102_vs_0_in_placebo_arm_of_101C,2,reported_event,R1,FDA_NDA215887,"Integrated Review p.163 (PDF p.164) Section 7.7.2, Background",,
CMS2267,CNS013,tofersen,human_label_pooled,clinical_neuro_ae,human,duration_only,pooled_101C_28wk_plus_102_open_label_extension,,,,not_assessed,papilledema_or_intracranial_pressure_increased_nonserious,3/139,2.2pct_tofersen_vs_0pct_placebo_in_101C,2,reported_event,R1,FDA_NDA215887,"Integrated Review p.166 (PDF p.167) Section 7.7.3, Assessment",,
CMS2311,CNS013,tofersen,human_label_pooled,clinical_neuro_ae,human,duration_only,28wk,,,,not_assessed,back_pain,15/72,"20.8pct_tofersen_vs_5.6pct_placebo_risk_difference_15.3 (3.3, 27.3)",1,reported_event,R1,FDA_NDA215887,"Integrated Review p.90 (PDF p.91) Table 26, Patients With Common Adverse Events Occurring at >=3% Frequency, Study 233AS101 Part C, row 'Back pain'",,
CMS2314,CNS013,tofersen,human_label_pooled,clinical_neuro_ae,human,duration_only,28wk,,,,not_assessed,dizziness,4/72,"5.6pct_tofersen_vs_8.3pct_placebo_risk_difference_-2.8 (-13.2, 7.7)",0,measured,R1,FDA_NDA215887,"Integrated Review p.90 (PDF p.91) Table 26, Patients With Common Adverse Events Occurring at >=3% Frequency, Study 233AS101 Part C, row 'Dizziness'",,
CMS2315,CNS013,tofersen,human_label_pooled,clinical_neuro_ae,human,duration_only,28wk,,,,not_assessed,headache,33/72,"45.8pct_tofersen_vs_44.4pct_placebo_risk_difference_1.4 (-18.5, 21.3)",0,measured,R1,FDA_NDA215887,"Integrated Review p.90 (PDF p.91) Table 26, Patients With Common Adverse Events Occurring at >=3% Frequency, Study 233AS101 Part C, row 'Headache'",,
CMS2316,CNS013,tofersen,human_label_pooled,clinical_neuro_ae,human,duration_only,28wk,,,,not_assessed,hypoesthesia,3/72,"4.2pct_tofersen_vs_2.8pct_placebo_risk_difference_1.4 (-5.7, 8.5)",0,measured,R1,FDA_NDA215887,"Integrated Review p.90 (PDF p.91) Table 26, Patients With Common Adverse Events Occurring at >=3% Frequency, Study 233AS101 Part C, row 'Hypoesthesia'",,
CMS2317,CNS013,tofersen,human_label_pooled,clinical_neuro_ae,human,duration_only,28wk,,,,not_assessed,muscle_spasms,5/72,"6.9pct_tofersen_vs_5.6pct_placebo_risk_difference_1.4 (-8.1, 10.9)",0,measured,R1,FDA_NDA215887,"Integrated Review p.90 (PDF p.91) Table 26, Patients With Common Adverse Events Occurring at >=3% Frequency, Study 233AS101 Part C, row 'Muscle spasms'",,
CMS2318,CNS013,tofersen,human_label_pooled,clinical_neuro_ae,human,duration_only,28wk,,,,not_assessed,neuralgia,4/72,"5.6pct_tofersen_vs_0.0pct_placebo_risk_difference_5.6 (0.3, 10.8)",1,reported_event,R1,FDA_NDA215887,"Integrated Review p.90 (PDF p.91) Table 26, Patients With Common Adverse Events Occurring at >=3% Frequency, Study 233AS101 Part C, row 'Neuralgia'",,
CMS2320,CNS013,tofersen,human_label_pooled,clinical_neuro_ae,human,duration_only,pooled_101C_28wk_plus_102_open_label_extension,,,,partially_reversible,radiculitis,2/147,1.4pct_tofersen_vs_0_in_placebo_arm_of_101C,2,reported_event,R1,FDA_NDA215887,Integrated Review pp.161-163 (PDF pp.162-164) Section 7.7.1 Myelitis and Radiculitis,,
CMS1627,CNS287,milasen,human_trial_publication,clinical_neuro_ae,human,none,TBD,,,,not_assessed,serious_adverse_event,0,no control arm (n-of-1 study),0,review_required,CP_KIM2019_NEJM,doi:10.1056/NEJMoa1813279,abstract (PubMed record fetched via NCBI E-utilities efetch),,
CMS2257,CNS012,nusinersen,human_label_pooled,clinical_neuro_ae,human,none,TBD,,,,not_assessed,procedural_pain,6,6pct_vs_0pct_matched_sham_control (implied 3/50 vs 0/20),1,reported_event,R4,FDA_NDA209531,"US label Table 4 (sec 6.1), 'Adverse Reactions that Occurred in at least 5% of SPINRAZA High Dose Regimen Patients and Occurred at Least 5% More Frequently or At Least 2 Times as Frequently Than Match",,
CMS2258,CNS012,nusinersen,human_label_pooled,clinical_neuro_ae,human,none,TBD,,,"underlying disease, and the label offers no attribution to nusinersen. IMPORTANT LIMIT ON THIS NEGATIVE: the threshold is 'at least 5% of SPINRAZA High Dose Regimen patients AND at least 5% more frequently or at least 2 times as frequently than matched sham co",TBD,neurologic_AE_meeting_reporting_threshold,0,no_CNS_neurologic_term_in_high_dose_table;SPINRAZA_high_dose_n=50_vs_matched_sham_n=20,0,threshold_limited_zero,R4,FDA_NDA209531,"US label Table 4 (sec 6.1), Infantile-Onset SMA Study 4, High Dose Regimen - full table inspected, all 7 rows",,
CMS2332,CNS587,ASO class - SafeSense human adverse event atlas (112 ASOs),human_class_review,clinical_neuro_ae,human,none,TBD,,,,not_assessed,neurologic_AE_rate_gapmer_vs_fully_modified,TBD,gapmer_higher_than_fully_modified;most_pronounced_in_intrathecal_subgroup;magnitude_figure_only,1,reported_event,SafeSense2026,doi:10.1016/j.omtn.2026.103035,"Figure 4B panel BII (radar plot, intrathecal administration only) and Figure 4A panel AI (WLS coefficient plot), with the Results subsection 'Gapmer ASOs are associated with higher adverse event rates",,
CMS2338,CNS587,ASO class - SafeSense human adverse event atlas (112 ASOs),human_class_review,clinical_neuro_ae,human,none,TBD,,,"CONFOUNDER ROW, filed so the confound is visible to a modeller rather than buried. Paper states verbatim: 'For example, neurologic AEs were most prominent in neurodegenerative and neurodevelopmental indications, consistent with the underlying disease context'",not_assessed,neurologic_AE_share_by_clinical_indication,TBD,neurologic_AEs_most_prominent_in_neurodegenerative_and_neurodevelopmental_indications;attributed_by_authors_to_disease_context_not_drug,0,review_required,SafeSense2026,doi:10.1016/j.omtn.2026.103035,"Figure 8B (heatmap, mean proportion of total observed AEs by AE category within each clinical indication), with the Results subsection 'AE distribution by clinical indication'",,
CMS2195,CNS012,nusinersen,animal_invivo,chronic_neurotoxicity,monkey,onset_and_window,14wk,"7 days after the last of 10 doses). Inferior hippocampal area. Group mean severity score 1.67. Individual severity scores 2, 2, 1. Graded 2 rather than 1 because the identical lesion was still present at the same incidence and severity in 2/2 HD males after th","recovery period - a persisting structural CNS lesion, not a transient one. Graded 2 rather than 3 because vacuolation is not necrosis: the pathology report states the finding of a small number of necrotic cells 'indicated that the vacuolation seldom (if ever)",,irreversible,hippocampal_neuronal_vacuolation,3/3,3/3_vs_0/3_concurrent_control,2,measured,R4,FDA_NDA209531,"Pharmacology Review p.24 (PDF p.27) Table IVB.6 'Brain histopathology', Microscopic Evaluation Data TERMINAL DAY 106, 14-week juvenile monkey study 396443-AS03, hippocampus rows; cross-checked against",,
CMS2220,CNS012,nusinersen,animal_invivo,chronic_neurotoxicity,monkey,onset_and_window,53wk,"7 days after the last dose). Finding as printed: 'Brain, Limbic System/Hippocampus, Inferior Hippocampus/Amygdyloid, Hippocampal Area, Vacuolation, Large Vacuoles, Neurons'. Group mean severity 0.00. Vehicle control males. RECOVERY INTERVAL: 26 weeks. The stud",recovery period ...' (p.47); the supervisory memo p.7 also says 'An additional 2/sex for C and HD were followed for a 26-week recovery period'. DISCREPANCY to flag: the Executive Summary p.4 instead says '24 weeks of recovery'. 26wk used. NOAEL for this study,,not_assessed,hippocampal_neuronal_vacuolation,0/5,0/5_vs_0/5_concurrent_control,0,assessed_no_effect,R4,FDA_NDA209531,"Pharmacology Review p.39 (PDF p.42) Table IVC.8 'Histopathology findings in 1-year monkey study', MALES (Groups 1M-4M); top cell of each pair = terminal sacrifice, bottom cell = recovery sacrifice",,
CMS2224,CNS012,nusinersen,animal_invivo,chronic_neurotoxicity,monkey,onset_and_window,53wk,"7 days after the last dose). Finding as printed: 'Brain, Limbic System/Hippocampus, Inferior Hippocampus/Amygdyloid, Hippocampal Area, Vacuolation, Large Vacuoles, Neurons'. Group mean severity 1.00. Graded 2, not 1, because the lesion persisted through the 26","recovery period at an equal or HIGHER mean severity (1.00 at terminal -> 1.50 at recovery). Graded 2, not 3, because it is vacuolation, not degeneration: Fluoro-Jade B revealed no necrotic neurons in any animal and the pathologist judged there was no astrocyte",,irreversible,hippocampal_neuronal_vacuolation,3/5,3/5_vs_0/5_concurrent_control,2,measured,R4,FDA_NDA209531,"Pharmacology Review p.39 (PDF p.42) Table IVC.8 'Histopathology findings in 1-year monkey study', MALES (Groups 1M-4M); top cell of each pair = terminal sacrifice, bottom cell = recovery sacrifice",,
CMS2232,CNS012,nusinersen,animal_invivo,chronic_neurotoxicity,monkey,onset_and_window,53wk,"7 days after the last dose). Finding as printed: 'Brain, Limbic System/Hippocampus, Inferior Hippocampus/Amygdyloid, Hippocampal Area, Vacuolation, Large Vacuoles, Neurons'. Group mean severity 1.00. Persists after 26-week recovery (1/2) at a lower mean severi",recovery period ...' (p.47); the supervisory memo p.7 also says 'An additional 2/sex for C and HD were followed for a 26-week recovery period'. DISCREPANCY to flag: the Executive Summary p.4 instead says '24 weeks of recovery'. 26wk used. NOAEL for this study,,irreversible,hippocampal_neuronal_vacuolation,2/5,2/5_vs_0/5_concurrent_control,2,measured,R4,FDA_NDA209531,"Pharmacology Review p.40 (PDF p.43) Table IVC.8 'Histopathology findings in 1-year monkey study', FEMALES (Groups 1F-4F); top cell of each pair = terminal sacrifice, bottom cell = recovery sacrifice",,
CMS1643,CNS492,Kuroda2025 ASO1,animal_invivo,chronic_neurotoxicity,mouse,onset_only,21d,"3 days after a single central injection, persisted for 6 days or more and worsened over time. The authors emphasise this is distinct from acute toxicity - no acute neurotoxicity was seen with ASO1, ASO3 or ASO4, and the acute toxicity of ASO2 resolved complete",,,irreversible,motor_function_score,TBD,tolerability score significantly increased vs vehicle (two-sided Dunnett) with motor-function and appearance impairment and reduced open-field maximum speed; significant body-weight decrease,2,measured,KUR2025,doi:10.1016/j.omtn.2025.102692,Figure 1B (tolerability score over time) with dosing detail in the Figure 1 legend,,
CMS1644,CNS497,Kuroda2025 ASO2,animal_invivo,chronic_neurotoxicity,mouse,onset_only,7d,"3 days after a single central injection, persisted for 6 days or more and worsened over time. The authors emphasise this is distinct from acute toxicity - no acute neurotoxicity was seen with ASO1, ASO3 or ASO4, and the acute toxicity of ASO2 resolved complete",,,irreversible,motor_function_score,TBD,"marked tolerability-score increase including impaired consciousness, reduced open-field distance, mobile time and maximum speed, and severe body-weight reduction; animals killed 7 days post-injection",2,measured,KUR2025,doi:10.1016/j.omtn.2025.102692,Figure 1B (tolerability score over time) with dosing detail in the Figure 1 legend,,
CMS1645,CNS508,Kuroda2025 ASO3,animal_invivo,chronic_neurotoxicity,mouse,onset_only,7d,"3 days after a single central injection, persisted for 6 days or more and worsened over time. The authors emphasise this is distinct from acute toxicity - no acute neurotoxicity was seen with ASO1, ASO3 or ASO4, and the acute toxicity of ASO2 resolved complete",,,irreversible,motor_function_score,TBD,"marked tolerability-score increase including impaired consciousness, reduced open-field distance, mobile time and maximum speed, and severe body-weight reduction; animals killed 7 days post-injection",2,measured,KUR2025,doi:10.1016/j.omtn.2025.102692,Figure 1B (tolerability score over time) with dosing detail in the Figure 1 legend,,
CMS1646,CNS509,Kuroda2025 ASO4,animal_invivo,chronic_neurotoxicity,mouse,onset_only,21d,"3 days after a single central injection, persisted for 6 days or more and worsened over time. The authors emphasise this is distinct from acute toxicity - no acute neurotoxicity was seen with ASO1, ASO3 or ASO4, and the acute toxicity of ASO2 resolved complete",,,irreversible,motor_function_score,TBD,tolerability score significantly increased vs vehicle with motor-function and appearance impairment and reduced open-field maximum speed; significant body-weight decrease,2,measured,KUR2025,doi:10.1016/j.omtn.2025.102692,Figure 1B (tolerability score over time) with dosing detail in the Figure 1 legend,,
CMS1647,CNS510,Kuroda2025 ASO5,animal_invivo,chronic_neurotoxicity,mouse,onset_only,21d,"3 days after a single central injection, persisted for 6 days or more and worsened over time. The authors emphasise this is distinct from acute toxicity - no acute neurotoxicity was seen with ASO1, ASO3 or ASO4, and the acute toxicity of ASO2 resolved complete",,,not_assessed,motor_function_score,TBD,no increase in tolerability score and no reduction in open-field maximum speed - the authors' non-toxic reference control,0,measured,KUR2025,doi:10.1016/j.omtn.2025.102692,Figure 1B (tolerability score over time) with dosing detail in the Figure 1 legend,,
CMS1649,CNS492,Kuroda2025 ASO1,animal_invivo,chronic_neurotoxicity,mouse,onset_only,21d,"3 days after a single central injection, persisted for 6 days or more and worsened over time. The authors emphasise this is distinct from acute toxicity - no acute neurotoxicity was seen with ASO1, ASO3 or ASO4, and the acute toxicity of ASO2 resolved complete",,,irreversible,open_field_max_speed,TBD,maximum speed in the open-field test significantly decreased versus vehicle for all four toxic ASOs (ASO1-ASO4); distance and mobile time additionally decreased for ASO2 and ASO3,2,measured,KUR2025,doi:10.1016/j.omtn.2025.102692,Figure 1C (open-field maximum speed) and Figure 1D (track plots),,
CMS1650,CNS497,Kuroda2025 ASO2,animal_invivo,chronic_neurotoxicity,mouse,onset_only,7d,"3 days after a single central injection, persisted for 6 days or more and worsened over time. The authors emphasise this is distinct from acute toxicity - no acute neurotoxicity was seen with ASO1, ASO3 or ASO4, and the acute toxicity of ASO2 resolved complete",,,not_assessed,open_field_max_speed,TBD,maximum speed in the open-field test significantly decreased versus vehicle for all four toxic ASOs (ASO1-ASO4); distance and mobile time additionally decreased for ASO2 and ASO3,2,measured,KUR2025,doi:10.1016/j.omtn.2025.102692,Figure 1C (open-field maximum speed) and Figure 1D (track plots),,
CMS1651,CNS508,Kuroda2025 ASO3,animal_invivo,chronic_neurotoxicity,mouse,onset_only,7d,"3 days after a single central injection, persisted for 6 days or more and worsened over time. The authors emphasise this is distinct from acute toxicity - no acute neurotoxicity was seen with ASO1, ASO3 or ASO4, and the acute toxicity of ASO2 resolved complete",,,not_assessed,open_field_max_speed,TBD,maximum speed in the open-field test significantly decreased versus vehicle for all four toxic ASOs (ASO1-ASO4); distance and mobile time additionally decreased for ASO2 and ASO3,2,measured,KUR2025,doi:10.1016/j.omtn.2025.102692,Figure 1C (open-field maximum speed) and Figure 1D (track plots),,
CMS1652,CNS509,Kuroda2025 ASO4,animal_invivo,chronic_neurotoxicity,mouse,onset_only,21d,"3 days after a single central injection, persisted for 6 days or more and worsened over time. The authors emphasise this is distinct from acute toxicity - no acute neurotoxicity was seen with ASO1, ASO3 or ASO4, and the acute toxicity of ASO2 resolved complete",,,irreversible,open_field_max_speed,TBD,maximum speed in the open-field test significantly decreased versus vehicle for all four toxic ASOs (ASO1-ASO4); distance and mobile time additionally decreased for ASO2 and ASO3,2,measured,KUR2025,doi:10.1016/j.omtn.2025.102692,Figure 1C (open-field maximum speed) and Figure 1D (track plots),,
CMS1653,CNS497,Kuroda2025 ASO2,animal_invivo,chronic_neurotoxicity,rat,onset_only,14d,"3 days after a single central injection, persisted for 6 days or more and worsened over time. The authors emphasise this is distinct from acute toxicity - no acute neurotoxicity was seen with ASO1, ASO3 or ASO4, and the acute toxicity of ASO2 resolved complete",,,irreversible,motor_function_score,TBD,"tolerability score rose progressively (## at day 10, #### at day 14 vs vehicle) with severe paraplegia",3,measured,KUR2025,doi:10.1016/j.omtn.2025.102692,Figure 1F (tolerability score over time) and Supplementary Figure S6A,,
CMS1654,CNS497,Kuroda2025 ASO2,animal_invivo,chronic_neurotoxicity,rat,onset_only,14d,"3 days after a single central injection, persisted for 6 days or more and worsened over time. The authors emphasise this is distinct from acute toxicity - no acute neurotoxicity was seen with ASO1, ASO3 or ASO4, and the acute toxicity of ASO2 resolved complete",,,irreversible,open_field_max_speed,TBD,"maximum speed in the open-field test decreased versus vehicle (## at day 10, ### at day 14) with abnormal track plots",2,measured,KUR2025,doi:10.1016/j.omtn.2025.102692,Figure 1G and Supplementary Figure S6B,,
CMS1655,CNS494,Kuroda2025 ASO1_2OMe_gap2,animal_invivo,chronic_neurotoxicity,mouse,onset_only,10d,"3 days after a single central injection, persisted for 6 days or more and worsened over time. The authors emphasise this is distinct from acute toxicity - no acute neurotoxicity was seen with ASO1, ASO3 or ASO4, and the acute toxicity of ASO2 resolved complete",,,irreversible,motor_function_score,TBD,2'-OMe at gap position 2 tended to alleviate the late-onset neurotoxicity of the parent ASO1,1,measured,KUR2025,doi:10.1016/j.omtn.2025.102692,"Figures 2G/2H (2'-OMe variants of ASO1), 3E-3H (2'-OMe variant of ASO2), 4C-4J (5'-CP variants) and 6C-6I (5'-CP + PO variants)",,
CMS1656,CNS493,Kuroda2025 ASO1_2OMe_gap1,animal_invivo,chronic_neurotoxicity,mouse,onset_only,10d,"3 days after a single central injection, persisted for 6 days or more and worsened over time. The authors emphasise this is distinct from acute toxicity - no acute neurotoxicity was seen with ASO1, ASO3 or ASO4, and the acute toxicity of ASO2 resolved complete",,,irreversible,motor_function_score,TBD,2'-OMe at gap position 1 significantly EXACERBATED the late-onset neurotoxicity of the parent ASO1,2,measured,KUR2025,doi:10.1016/j.omtn.2025.102692,"Figures 2G/2H (2'-OMe variants of ASO1), 3E-3H (2'-OMe variant of ASO2), 4C-4J (5'-CP variants) and 6C-6I (5'-CP + PO variants)",,
CMS1657,CNS495,Kuroda2025 ASO1_5CP_gap3,animal_invivo,chronic_neurotoxicity,mouse,onset_only,21d,"3 days after a single central injection, persisted for 6 days or more and worsened over time. The authors emphasise this is distinct from acute toxicity - no acute neurotoxicity was seen with ASO1, ASO3 or ASO4, and the acute toxicity of ASO2 resolved complete",,,irreversible,motor_function_score,TBD,5'-CP at gap position 3 mitigated the late-onset neurotoxicity of ASO1 (improved tolerability scores and open-field maximum speed) but reduced knockdown activity,1,measured,KUR2025,doi:10.1016/j.omtn.2025.102692,"Figures 2G/2H (2'-OMe variants of ASO1), 3E-3H (2'-OMe variant of ASO2), 4C-4J (5'-CP variants) and 6C-6I (5'-CP + PO variants)",,
CMS1658,CNS496,Kuroda2025 ASO1_5CP_gap3_PS3minus,animal_invivo,chronic_neurotoxicity,mouse,onset_only,21d,"3 days after a single central injection, persisted for 6 days or more and worsened over time. The authors emphasise this is distinct from acute toxicity - no acute neurotoxicity was seen with ASO1, ASO3 or ASO4, and the acute toxicity of ASO2 resolved complete",,,irreversible,motor_function_score,TBD,5'-CP at position 3 with PO replacement reduced late-onset neurotoxicity while maintaining Mapt knockdown in hippocampus and lumbar cord,1,measured,KUR2025,doi:10.1016/j.omtn.2025.102692,"Figures 2G/2H (2'-OMe variants of ASO1), 3E-3H (2'-OMe variant of ASO2), 4C-4J (5'-CP variants) and 6C-6I (5'-CP + PO variants)",,
CMS1659,CNS498,Kuroda2025 ASO2_2OMe_gap2,animal_invivo,chronic_neurotoxicity,mouse,onset_only,11d,"3 days after a single central injection, persisted for 6 days or more and worsened over time. The authors emphasise this is distinct from acute toxicity - no acute neurotoxicity was seen with ASO1, ASO3 or ASO4, and the acute toxicity of ASO2 resolved complete",,,irreversible,motor_function_score,TBD,"2'-OMe at gap position 2 WORSENED both cytotoxicity and late-onset neurotoxicity of ASO2 - the opposite of its effect on ASO1, i.e. the benefit of a given gap modification is sequence-dependent",3,measured,KUR2025,doi:10.1016/j.omtn.2025.102692,"Figures 2G/2H (2'-OMe variants of ASO1), 3E-3H (2'-OMe variant of ASO2), 4C-4J (5'-CP variants) and 6C-6I (5'-CP + PO variants)",,
CMS1660,CNS501,Kuroda2025 ASO2_5CP_gap3,animal_invivo,chronic_neurotoxicity,mouse,onset_only,11d,"3 days after a single central injection, persisted for 6 days or more and worsened over time. The authors emphasise this is distinct from acute toxicity - no acute neurotoxicity was seen with ASO1, ASO3 or ASO4, and the acute toxicity of ASO2 resolved complete",,,not_assessed,motor_function_score,TBD,"5'-CP at gap position 3 reduced ASO2 late-onset neurotoxicity (tolerability score, maximum speed and body weight all improved) without significantly reducing Hdac2 knockdown, and abolished the Cdkn1a ",1,measured,KUR2025,doi:10.1016/j.omtn.2025.102692,"Figures 2G/2H (2'-OMe variants of ASO1), 3E-3H (2'-OMe variant of ASO2), 4C-4J (5'-CP variants) and 6C-6I (5'-CP + PO variants)",,
CMS1661,CNS497,Kuroda2025 ASO2,animal_invivo,chronic_neurotoxicity,rat,onset_only,14d,"3 days after a single central injection, persisted for 6 days or more and worsened over time. The authors emphasise this is distinct from acute toxicity - no acute neurotoxicity was seen with ASO1, ASO3 or ASO4, and the acute toxicity of ASO2 resolved complete",,,irreversible,mortality,1/4,one of four rats died from severe toxicity on day 14; no vehicle deaths,3,measured,KUR2025,doi:10.1016/j.omtn.2025.102692,"Results, 'Neurobehavioral analysis of late-onset CNS toxicity in rodents...'",,
CMS1662,CNS505,Kuroda2025 ASO2_PS1minus,animal_invivo,chronic_neurotoxicity,mouse,onset_only,14d,"3 days after a single central injection, persisted for 6 days or more and worsened over time. The authors emphasise this is distinct from acute toxicity - no acute neurotoxicity was seen with ASO1, ASO3 or ASO4, and the acute toxicity of ASO2 resolved complete",,,irreversible,mortality,2/5,two of five mice succumbed to severe toxicity or were euthanised between 2 and 9 days post-injection; the parent ASO2 group and the vehicle group had no deaths in the corresponding experiments,3,measured,KUR2025,doi:10.1016/j.omtn.2025.102692,"Results, 'PS-bond replacement with a PO bond...' (Figure 5C) and 'The 5'-CP gap modification allows PS to PO replacement...' (Figures 6H-6K)",,
CMS1663,CNS506,Kuroda2025 ASO2_PS3minus,animal_invivo,chronic_neurotoxicity,mouse,onset_only,10d,"3 days after a single central injection, persisted for 6 days or more and worsened over time. The authors emphasise this is distinct from acute toxicity - no acute neurotoxicity was seen with ASO1, ASO3 or ASO4, and the acute toxicity of ASO2 resolved complete",,,irreversible,mortality,1/5,one of five mice succumbed to severe toxicity or was euthanised between 2 and 9 days post-injection; the parent ASO2 group and the vehicle group had no deaths in the corresponding experiments,3,measured,KUR2025,doi:10.1016/j.omtn.2025.102692,"Results, 'PS-bond replacement with a PO bond...' (Figure 5C) and 'The 5'-CP gap modification allows PS to PO replacement...' (Figures 6H-6K)",,
CMS1664,CNS507,Kuroda2025 ASO2_PS9minus,animal_invivo,chronic_neurotoxicity,mouse,onset_only,14d,"3 days after a single central injection, persisted for 6 days or more and worsened over time. The authors emphasise this is distinct from acute toxicity - no acute neurotoxicity was seen with ASO1, ASO3 or ASO4, and the acute toxicity of ASO2 resolved complete",,,irreversible,mortality,3/5,three of five mice succumbed to severe toxicity or were euthanised between 2 and 9 days post-injection; the parent ASO2 group and the vehicle group had no deaths in the corresponding experiments,3,measured,KUR2025,doi:10.1016/j.omtn.2025.102692,"Results, 'PS-bond replacement with a PO bond...' (Figure 5C) and 'The 5'-CP gap modification allows PS to PO replacement...' (Figures 6H-6K)",,
CMS1665,CNS499,Kuroda2025 ASO2_5CP_gap1,animal_invivo,chronic_neurotoxicity,mouse,onset_only,14d,"3 days after a single central injection, persisted for 6 days or more and worsened over time. The authors emphasise this is distinct from acute toxicity - no acute neurotoxicity was seen with ASO1, ASO3 or ASO4, and the acute toxicity of ASO2 resolved complete",,,irreversible,mortality,2/4,two of four mice were killed for severe toxicity or found dead before 14 days post-injection; the parent ASO2 group and the vehicle group had no deaths in the corresponding experiments,3,measured,KUR2025,doi:10.1016/j.omtn.2025.102692,"Results, 'PS-bond replacement with a PO bond...' (Figure 5C) and 'The 5'-CP gap modification allows PS to PO replacement...' (Figures 6H-6K)",,
CMS1666,CNS500,Kuroda2025 ASO2_5CP_gap1_PS1minus,animal_invivo,chronic_neurotoxicity,mouse,onset_only,7d,"3 days after a single central injection, persisted for 6 days or more and worsened over time. The authors emphasise this is distinct from acute toxicity - no acute neurotoxicity was seen with ASO1, ASO3 or ASO4, and the acute toxicity of ASO2 resolved complete",,,irreversible,mortality,4/4,all four mice were killed for severe toxicity or found dead before 14 days post-injection; the parent ASO2 group and the vehicle group had no deaths in the corresponding experiments,3,measured,KUR2025,doi:10.1016/j.omtn.2025.102692,"Results, 'PS-bond replacement with a PO bond...' (Figure 5C) and 'The 5'-CP gap modification allows PS to PO replacement...' (Figures 6H-6K)",,
CMS1667,CNS504,Kuroda2025 ASO2_5CP_gap9_PS9minus,animal_invivo,chronic_neurotoxicity,mouse,onset_only,14d,"3 days after a single central injection, persisted for 6 days or more and worsened over time. The authors emphasise this is distinct from acute toxicity - no acute neurotoxicity was seen with ASO1, ASO3 or ASO4, and the acute toxicity of ASO2 resolved complete",,,irreversible,mortality,1/4,one of four mice was killed for severe toxicity or found dead before 14 days post-injection; the parent ASO2 group and the vehicle group had no deaths in the corresponding experiments,3,measured,KUR2025,doi:10.1016/j.omtn.2025.102692,"Results, 'PS-bond replacement with a PO bond...' (Figure 5C) and 'The 5'-CP gap modification allows PS to PO replacement...' (Figures 6H-6K)",,
CMS1668,CNS503,Kuroda2025 ASO2_5CP_gap9,animal_invivo,chronic_neurotoxicity,mouse,onset_only,14d,"3 days after a single central injection, persisted for 6 days or more and worsened over time. The authors emphasise this is distinct from acute toxicity - no acute neurotoxicity was seen with ASO1, ASO3 or ASO4, and the acute toxicity of ASO2 resolved complete",,,not_assessed,mortality,0/4,no deaths reported in this group; the parent ASO2 group and the vehicle group had no deaths in the corresponding experiments,0,measured,KUR2025,doi:10.1016/j.omtn.2025.102692,"Results, 'PS-bond replacement with a PO bond...' (Figure 5C) and 'The 5'-CP gap modification allows PS to PO replacement...' (Figures 6H-6K)",,
CMS1669,CNS502,Kuroda2025 ASO2_5CP_gap3_PS3minus,animal_invivo,chronic_neurotoxicity,mouse,onset_only,14d,"3 days after a single central injection, persisted for 6 days or more and worsened over time. The authors emphasise this is distinct from acute toxicity - no acute neurotoxicity was seen with ASO1, ASO3 or ASO4, and the acute toxicity of ASO2 resolved complete",,,not_assessed,mortality,0/4,no deaths reported in this group; this variant reduced late-onset neurotoxicity without significantly decreasing knockdown activity; the parent ASO2 group and the vehicle group had no deaths in the co,0,measured,KUR2025,doi:10.1016/j.omtn.2025.102692,"Results, 'PS-bond replacement with a PO bond...' (Figure 5C) and 'The 5'-CP gap modification allows PS to PO replacement...' (Figures 6H-6K)",,
CMS1671,CNS497,Kuroda2025 ASO2,animal_invivo,chronic_neurotoxicity,rat,onset_only,14d,"3 days after a single central injection, persisted for 6 days or more and worsened over time. The authors emphasise this is distinct from acute toxicity - no acute neurotoxicity was seen with ASO1, ASO3 or ASO4, and the acute toxicity of ASO2 resolved complete",,,irreversible,bladder_volume,TBD,"increased bladder volume at dissection 14 days post-injection, indicating urinary dysfunction from damage at lumbar and sacral spinal cord levels",2,measured,KUR2025,doi:10.1016/j.omtn.2025.102692,Supplementary Figure S6D,,
CMS1986,CNS292,BravoHernandez2026 ASO D,animal_invivo,chronic_neurotoxicity,rat,onset_only,2wk,"2 weeks after dosing. Concentrations are shown only graphically (0-20 ug/g axis), hence readout_value TBD. ASO D is the same molecule as ASO5_PO in the companion paper doi:10.1093/nar/gkaf1333. ;; source_ref_as_cited=doi:10.1093/nar/gkag057; PMID 41633500; PMC",,,not_assessed,ASO_tissue_concentration,TBD,dose-dependent ASO tissue concentration in cortex and spinal cord across 0.03-1 mg; no significant difference between the magnesium-supplemented (40 mM) and unsupplemented formulations (unpaired t-tes,0,measured,BRA2026,doi:10.1093/nar/gkag057,"Supplementary Figure S9 (A cortex, B spinal cord); group sizes in Supplementary Table 19",,
CMS1995,CNS308,Class review: ASOs in 28 NHP intrathecal safety studies (Korte 2020),animal_invivo,chronic_neurotoxicity,monkey,onset_only,TBD,18 days after dosing. These findings were rare and resulted in poor general condition requiring euthanasia. TBD,,,irreversible,delayed_hindlimb_paralysis,TBD,Group 5: test-article-related adverse hindlimb paresis or paralysis occurring between 2 and 18 days after dosing. These findings were rare and resulted in poor general condition requiring euthanasia.,3,measured,KOR2020,doi:10.1177/1091581820948454,"abstract, neurological sign group 5 of 5",,
CMS2189,CNS012,nusinersen,animal_invivo,chronic_neurotoxicity,monkey,onset_only,14wk,7 days after the last of 10 doses). Inferior hippocampal area. Group mean severity score 0.00. Vehicle control males. NOAEL for monkey neurohistopathology = 0.3 mg/dose (Executive Summary p.4: 'The NOAEL for neurohistopathology in monkeys (0.3 mg/dose or 39 mg,,,not_assessed,hippocampal_neuronal_vacuolation,0/3,0/3_vs_0/3_concurrent_control,0,assessed_no_effect,R4,FDA_NDA209531,"Pharmacology Review p.24 (PDF p.27) Table IVB.6 'Brain histopathology', Microscopic Evaluation Data TERMINAL DAY 106, 14-week juvenile monkey study 396443-AS03, hippocampus rows; cross-checked against",,
CMS2190,CNS012,nusinersen,animal_invivo,chronic_neurotoxicity,monkey,onset_only,14wk,7 days after the last of 10 doses). Inferior hippocampal area. Group mean severity score 0.00. Vehicle control females. NOAEL for monkey neurohistopathology = 0.3 mg/dose (Executive Summary p.4: 'The NOAEL for neurohistopathology in monkeys (0.3 mg/dose or 39,,,not_assessed,hippocampal_neuronal_vacuolation,0/4,0/4_vs_0/4_concurrent_control,0,assessed_no_effect,R4,FDA_NDA209531,"Pharmacology Review p.24 (PDF p.27) Table IVB.6 'Brain histopathology', Microscopic Evaluation Data TERMINAL DAY 106, 14-week juvenile monkey study 396443-AS03, hippocampus rows; cross-checked against",,
CMS2191,CNS012,nusinersen,animal_invivo,chronic_neurotoxicity,monkey,onset_only,14wk,7 days after the last of 10 doses). Inferior hippocampal area. Group mean severity score 0.00. 0.3 mg = the NOAEL dose; no lesion. NOAEL for monkey neurohistopathology = 0.3 mg/dose (Executive Summary p.4: 'The NOAEL for neurohistopathology in monkeys (0.3 mg/,,,not_assessed,hippocampal_neuronal_vacuolation,0/3,0/3_vs_0/3_concurrent_control,0,assessed_no_effect,R4,FDA_NDA209531,"Pharmacology Review p.24 (PDF p.27) Table IVB.6 'Brain histopathology', Microscopic Evaluation Data TERMINAL DAY 106, 14-week juvenile monkey study 396443-AS03, hippocampus rows; cross-checked against",,
CMS2192,CNS012,nusinersen,animal_invivo,chronic_neurotoxicity,monkey,onset_only,14wk,7 days after the last of 10 doses). Inferior hippocampal area. Group mean severity score 0.00. 0.3 mg = the NOAEL dose; no lesion. NOAEL for monkey neurohistopathology = 0.3 mg/dose (Executive Summary p.4: 'The NOAEL for neurohistopathology in monkeys (0.3 mg/,,,not_assessed,hippocampal_neuronal_vacuolation,0/4,0/4_vs_0/4_concurrent_control,0,assessed_no_effect,R4,FDA_NDA209531,"Pharmacology Review p.24 (PDF p.27) Table IVB.6 'Brain histopathology', Microscopic Evaluation Data TERMINAL DAY 106, 14-week juvenile monkey study 396443-AS03, hippocampus rows; cross-checked against",,
CMS2193,CNS012,nusinersen,animal_invivo,chronic_neurotoxicity,monkey,onset_only,14wk,7 days after the last of 10 doses). Inferior hippocampal area. Group mean severity score 0.33. Slight severity in the single affected male. ADVERSITY CALL: vacuolation unaccompanied by necrosis was NOT considered adverse - the pharm/tox supervisor wrote that t,,,not_assessed,hippocampal_neuronal_vacuolation,1/3,1/3_vs_0/3_concurrent_control,1,measured,R4,FDA_NDA209531,"Pharmacology Review p.24 (PDF p.27) Table IVB.6 'Brain histopathology', Microscopic Evaluation Data TERMINAL DAY 106, 14-week juvenile monkey study 396443-AS03, hippocampus rows; cross-checked against",,
CMS2194,CNS012,nusinersen,animal_invivo,chronic_neurotoxicity,monkey,onset_only,14wk,7 days after the last of 10 doses). Inferior hippocampal area. Group mean severity score 0.00. No lesion in MD females at Day 106. NOAEL for monkey neurohistopathology = 0.3 mg/dose (Executive Summary p.4: 'The NOAEL for neurohistopathology in monkeys (0.3 mg/,,,not_assessed,hippocampal_neuronal_vacuolation,0/4,0/4_vs_0/4_concurrent_control,0,assessed_no_effect,R4,FDA_NDA209531,"Pharmacology Review p.24 (PDF p.27) Table IVB.6 'Brain histopathology', Microscopic Evaluation Data TERMINAL DAY 106, 14-week juvenile monkey study 396443-AS03, hippocampus rows; cross-checked against",,
CMS2196,CNS012,nusinersen,animal_invivo,chronic_neurotoxicity,monkey,onset_only,14wk,"7 days after the last of 10 doses). Inferior hippocampal area. Group mean severity score 1.25. Individual severity scores 2, 1, 1, 1. Same grading logic as HD males; still present 2/2 at Day 183. NOAEL for monkey neurohistopathology = 0.3 mg/dose (Executive Su",,,irreversible,hippocampal_neuronal_vacuolation,4/4,4/4_vs_0/4_concurrent_control,2,measured,R4,FDA_NDA209531,"Pharmacology Review p.24 (PDF p.27) Table IVB.6 'Brain histopathology', Microscopic Evaluation Data TERMINAL DAY 106, 14-week juvenile monkey study 396443-AS03, hippocampus rows; cross-checked against",,
CMS2222,CNS012,nusinersen,animal_invivo,chronic_neurotoxicity,monkey,onset_only,53wk,"7 days after the last dose). Finding as printed: 'Brain, Limbic System/Hippocampus, Inferior Hippocampus/Amygdyloid, Hippocampal Area, Vacuolation, Large Vacuoles, Neurons'. Group mean severity 0.00. 0.3 mg is the NOAEL for this study; no lesion. Recovery anim",,,not_assessed,hippocampal_neuronal_vacuolation,0/5,0/5_vs_0/5_concurrent_control,0,assessed_no_effect,R4,FDA_NDA209531,"Pharmacology Review p.39 (PDF p.42) Table IVC.8 'Histopathology findings in 1-year monkey study', MALES (Groups 1M-4M); top cell of each pair = terminal sacrifice, bottom cell = recovery sacrifice",,
CMS2223,CNS012,nusinersen,animal_invivo,chronic_neurotoxicity,monkey,onset_only,53wk,"7 days after the last dose). Finding as printed: 'Brain, Limbic System/Hippocampus, Inferior Hippocampus/Amygdyloid, Hippocampal Area, Vacuolation, Large Vacuoles, Neurons'. Group mean severity 0.40. Above the NOAEL. Graded 1: vacuolation without evidence in t",,,not_assessed,hippocampal_neuronal_vacuolation,2/5,2/5_vs_0/5_concurrent_control,1,measured,R4,FDA_NDA209531,"Pharmacology Review p.39 (PDF p.42) Table IVC.8 'Histopathology findings in 1-year monkey study', MALES (Groups 1M-4M); top cell of each pair = terminal sacrifice, bottom cell = recovery sacrifice",,
CMS2231,CNS012,nusinersen,animal_invivo,chronic_neurotoxicity,monkey,onset_only,53wk,"7 days after the last dose). Finding as printed: 'Brain, Limbic System/Hippocampus, Inferior Hippocampus/Amygdyloid, Hippocampal Area, Vacuolation, Large Vacuoles, Neurons'. Group mean severity 0.00. No lesion in MD females. Recovery not evaluated at this dose",,,not_assessed,hippocampal_neuronal_vacuolation,0/5,0/5_vs_0/5_concurrent_control,0,assessed_no_effect,R4,FDA_NDA209531,"Pharmacology Review p.40 (PDF p.43) Table IVC.8 'Histopathology findings in 1-year monkey study', FEMALES (Groups 1F-4F); top cell of each pair = terminal sacrifice, bottom cell = recovery sacrifice",,
CMS0507,CNS038,ASO-005459,animal_invivo,chronic_neurotoxicity,mouse,window_only,28d,,"monitored over 4 weeks, and the patent does not say which one Table 7 reports - left TBD, not guessed 0_in_all_5_animals 28d",,not_assessed,tolerability_score_total,0,0_in_all_5_animals,0,measured,P6,US12241065B2,"Table 7 (Example 5), day 28 rows (animals 26-30)",,
CMS1157,CNS012,nusinersen,animal_invivo,chronic_neurotoxicity,monkey,window_only,53wk,,"observed in one mid-dose male and in 3 of 7 high-dose males. Based on a 5-point microscopic severity grading scale, the hippocampal vacuolation findings from both studies were mainly slight (Grade 1) and minimal (Grade 2) with one mild (Grade 3).' Note the EPA",,not_assessed,hippocampal_neuronal_vacuolation_and_necrosis,3 of 7 high-dose males,vs_vehicle_control,2,measured,R6,EMA/289068/2017,"EPAR sec 2.3.4 Toxicology, 53-week juvenile monkey IT study",,
CMS1989,CNS542,Unnamed 2'-MOE ASO (Dubost 2025 NHP 41-week GLP study),animal_invivo,chronic_neurotoxicity,monkey,window_only,41wk_dosing_plus_26wk_recovery,,recovery period 41wk_dosing_plus_26wk_recovery,,irreversible,neuronal_ASO_accumulation_granular_material,TBD,"granular material in spinal cord neurons in high-dose animals, present in all spinal cord segments but mainly lumbar; in situ hybridisation with an miRNA probe complementary to the ASO showed it to be",1,measured,DUB2025,doi:10.1177/01926233241311277,abstract,,
CMS2008,CNS522,NVP-13,animal_invivo,chronic_neurotoxicity,monkey,window_only,13wk_7_intrathecal_doses,,"recovery group was necropsied after a recovery phase. NOAEL stated as at least 4 mg/animal. Authors' interpretation: mononuclear infiltration occurred at all dose levels with NO dose relationship, was perivascular and mostly meningeal, and was highest at the l",,partially_reversible,meningeal_fibrosis,1/4,1/4 at 1 mg/animal vs 0/4 in the concurrent aCSF control group,1,measured,PET2022,doi:10.3390/pharmaceutics14010200,"Table 1 (microscopic observations), lumbar spinal cord rows; narrative in sections 3.14.1 and 3.14.3",,
CMS2009,CNS522,NVP-13,animal_invivo,chronic_neurotoxicity,monkey,window_only,13wk_7_intrathecal_doses,,"recovery group was necropsied after a recovery phase. NOAEL stated as at least 4 mg/animal. Authors' interpretation: mononuclear infiltration occurred at all dose levels with NO dose relationship, was perivascular and mostly meningeal, and was highest at the l",,not_assessed,meningeal_fibrosis,0/4,0/4 at 2 mg/animal vs 0/4 in the concurrent aCSF control group,0,assessed_no_effect,PET2022,doi:10.3390/pharmaceutics14010200,"Table 1 (microscopic observations), lumbar spinal cord rows; narrative in sections 3.14.1 and 3.14.3",,
CMS2010,CNS522,NVP-13,animal_invivo,chronic_neurotoxicity,monkey,window_only,13wk_7_intrathecal_doses,,"recovery group was necropsied after a recovery phase. NOAEL stated as at least 4 mg/animal. Authors' interpretation: mononuclear infiltration occurred at all dose levels with NO dose relationship, was perivascular and mostly meningeal, and was highest at the l",,partially_reversible,meningeal_fibrosis,3/4,3/4 at 4 mg/animal vs 0/4 in the concurrent aCSF control group,2,measured,PET2022,doi:10.3390/pharmaceutics14010200,"Table 1 (microscopic observations), lumbar spinal cord rows; narrative in sections 3.14.1 and 3.14.3",,
CMS2197,CNS012,nusinersen,animal_invivo,chronic_neurotoxicity,monkey,window_only,53wk,,"observed at 4 to 8 hr after dosing on Days 29 (17388F, 17377F), 71 (17342M), 197 (17388F), and 365 (17342M).' Five discrete post-dose events in 4 individual animals. Denominator for the HD group is 7/sex. Recorded as reversible: each event was a post-dose obse",,reversible,lower_spinal_reflex_deficit_intermittent_during_dosing,5,no_such_events_in_control_group,1,measured,R4,FDA_NDA209531,"Pharmacology Review p.33 (PDF p.36), 1-year monkey study, section vi Physical and Neurological Examinations, with Table IVC.3 (p.34, PDF p.37) listing the Day 1 findings per animal",,
CMS2225,CNS012,nusinersen,animal_invivo,chronic_neurotoxicity,monkey,window_only,26wk_recovery,,recovery period ...' (p.47); the supervisory memo p.7 also says 'An additional 2/sex for C and HD were followed for a 26-week recovery period'. DISCREPANCY to flag: the Executive Summary p.4 instead says '24 weeks of recovery'. 26wk used. NOAEL for this study,,irreversible,hippocampal_neuronal_vacuolation,2/2,2/2_after_recovery_vs_3/5_at_end_of_dosing,2,measured,R4,FDA_NDA209531,"Pharmacology Review p.39 (PDF p.42) Table IVC.8 'Histopathology findings in 1-year monkey study', MALES (Groups 1M-4M); top cell of each pair = terminal sacrifice, bottom cell = recovery sacrifice",,
CMS2226,CNS012,nusinersen,animal_invivo,chronic_neurotoxicity,monkey,window_only,53wk,,recovery period ...' (p.47); the supervisory memo p.7 also says 'An additional 2/sex for C and HD were followed for a 26-week recovery period'. DISCREPANCY to flag: the Executive Summary p.4 instead says '24 weeks of recovery'. 26wk used. NOAEL for this study,,irreversible,hippocampal_vacuoles_with_flocculent_material,2/5,2/5_vs_0/5_concurrent_control,1,measured,R4,FDA_NDA209531,"Pharmacology Review p.39 (PDF p.42) Table IVC.8 'Histopathology findings in 1-year monkey study', MALES (Groups 1M-4M); top cell of each pair = terminal sacrifice, bottom cell = recovery sacrifice",,
CMS2227,CNS012,nusinersen,animal_invivo,chronic_neurotoxicity,monkey,window_only,26wk_recovery,,recovery period ...' (p.47); the supervisory memo p.7 also says 'An additional 2/sex for C and HD were followed for a 26-week recovery period'. DISCREPANCY to flag: the Executive Summary p.4 instead says '24 weeks of recovery'. 26wk used. grade_provisional. 1/,,irreversible,hippocampal_vacuoles_with_flocculent_material,1/2,1/2_after_recovery_vs_2/5_at_end_of_dosing,1,measured,R4,FDA_NDA209531,"Pharmacology Review p.39 (PDF p.42) Table IVC.8 'Histopathology findings in 1-year monkey study', MALES (Groups 1M-4M); top cell of each pair = terminal sacrifice, bottom cell = recovery sacrifice",,
CMS2228,CNS012,nusinersen,animal_invivo,chronic_neurotoxicity,monkey,window_only,53wk,,recovery period ...' (p.47); the supervisory memo p.7 also says 'An additional 2/sex for C and HD were followed for a 26-week recovery period'. DISCREPANCY to flag: the Executive Summary p.4 instead says '24 weeks of recovery'. 26wk used. NOAEL for this study,,reversible,hippocampal_CA3_neuronal_vacuolation,1/5,1/5_vs_0/5_concurrent_control,1,measured,R4,FDA_NDA209531,"Pharmacology Review p.40 (PDF p.43) Table IVC.8 'Histopathology findings in 1-year monkey study', FEMALES (Groups 1F-4F); top cell of each pair = terminal sacrifice, bottom cell = recovery sacrifice",,
CMS2229,CNS012,nusinersen,animal_invivo,chronic_neurotoxicity,monkey,window_only,26wk_recovery,,recovery period ...' (p.47); the supervisory memo p.7 also says 'An additional 2/sex for C and HD were followed for a 26-week recovery period'. DISCREPANCY to flag: the Executive Summary p.4 instead says '24 weeks of recovery'. 26wk used. grade_provisional. ;;,,not_assessed,hippocampal_CA3_neuronal_vacuolation,0/2,0/2_after_recovery_vs_1/5_at_end_of_dosing,0,measured,R4,FDA_NDA209531,"Pharmacology Review p.40 (PDF p.43) Table IVC.8 'Histopathology findings in 1-year monkey study', FEMALES (Groups 1F-4F); top cell of each pair = terminal sacrifice, bottom cell = recovery sacrifice",,
CMS2233,CNS012,nusinersen,animal_invivo,chronic_neurotoxicity,monkey,window_only,26wk_recovery,,recovery period ...' (p.47); the supervisory memo p.7 also says 'An additional 2/sex for C and HD were followed for a 26-week recovery period'. DISCREPANCY to flag: the Executive Summary p.4 instead says '24 weeks of recovery'. 26wk used. NOAEL for this study,,irreversible,hippocampal_neuronal_vacuolation,1/2,1/2_after_recovery_vs_2/5_at_end_of_dosing,2,measured,R4,FDA_NDA209531,"Pharmacology Review p.40 (PDF p.43) Table IVC.8 'Histopathology findings in 1-year monkey study', FEMALES (Groups 1F-4F); top cell of each pair = terminal sacrifice, bottom cell = recovery sacrifice",,
CMS2234,CNS012,nusinersen,animal_invivo,chronic_neurotoxicity,monkey,window_only,53wk,,recovery period ...' (p.47); the supervisory memo p.7 also says 'An additional 2/sex for C and HD were followed for a 26-week recovery period'. DISCREPANCY to flag: the Executive Summary p.4 instead says '24 weeks of recovery'. 26wk used. NOAEL for this study,,reversible,hippocampal_vacuoles_with_flocculent_material,1/5,1/5_vs_0/5_concurrent_control,1,measured,R4,FDA_NDA209531,"Pharmacology Review p.40 (PDF p.43) Table IVC.8 'Histopathology findings in 1-year monkey study', FEMALES (Groups 1F-4F); top cell of each pair = terminal sacrifice, bottom cell = recovery sacrifice",,
CMS2235,CNS012,nusinersen,animal_invivo,chronic_neurotoxicity,monkey,window_only,26wk_recovery,,recovery period ...' (p.47); the supervisory memo p.7 also says 'An additional 2/sex for C and HD were followed for a 26-week recovery period'. DISCREPANCY to flag: the Executive Summary p.4 instead says '24 weeks of recovery'. 26wk used. grade_provisional. ;;,,not_assessed,hippocampal_vacuoles_with_flocculent_material,0/2,0/2_after_recovery_vs_1/5_at_end_of_dosing,0,measured,R4,FDA_NDA209531,"Pharmacology Review p.40 (PDF p.43) Table IVC.8 'Histopathology findings in 1-year monkey study', FEMALES (Groups 1F-4F); top cell of each pair = terminal sacrifice, bottom cell = recovery sacrifice",,
CMS2241,CNS012,nusinersen,animal_invivo,chronic_neurotoxicity,monkey,window_only,12wk_recovery,,"recovery period following 14 weeks of dosing. Incidence 3/3 at end of dosing -> 2/2 after recovery, i.e. unchanged, so reversibility = irreversible. The review states 'Vacuolation was observed with a similar incidence and severity in all (2/sex) HD recovery an",,irreversible,hippocampal_neuronal_vacuolation,2/2,2/2_HD_males_after_recovery_vs_0/3_control_at_terminal,2,measured,R4,FDA_NDA209531,"Pharmacology Review supervisory memo p.6 (PDF p.83), 14-week monkey study 396443-AS03, table of selected CNS findings, RECOVERY block (Day 183, 12-week recovery); narrative cross-check at Pharmacology",,
CMS2270,CNS013,tofersen,animal_invivo,chronic_neurotoxicity,monkey,window_only,13wk,,"observed after a 13-week recovery period.' REVERSIBILITY IS RECOVERY-GROUP EVIDENCE: lesion present at the end of dosing, ABSENT after a 13-WEEK recovery period -> reversible. GRADE 1, not 2: vacuolation without degeneration and fully reversible; contrast the",,reversible,neuronal_vacuolation,TBD,present_at_all_doses_absent_in_vehicle_control,1,measured,R1,FDA_NDA215887,"Integrated Review p.179 (PDF p.180) Section 13.1.3 General Toxicology, Monkey, 13-week Q2W IT study; safety-pharmacology NOAEL for the same study at p.178 (PDF p.179) Section 13.1.2",,
CMS2271,CNS013,tofersen,animal_invivo,chronic_neurotoxicity,monkey,window_only,13wk_recovery,,recovery period following 13 weeks of Q2W IT dosing at 4 mg. 'Vacuolation was not observed after a 13-week recovery period.' This is the single most valuable statement in the tofersen nonclinical package for this dataset: a designated recovery group in which t,,not_assessed,neuronal_vacuolation,0,absent_after_recovery_vs_present_at_end_of_dosing,0,assessed_no_effect,R1,FDA_NDA215887,"Integrated Review p.179 (PDF p.180) Section 13.1.3 General Toxicology, Monkey, 13-week Q2W IT study; safety-pharmacology NOAEL for the same study at p.178 (PDF p.179) Section 13.1.2",,
CMS2272,CNS013,tofersen,animal_invivo,chronic_neurotoxicity,monkey,window_only,13wk,,"observed after a 13-week recovery period.' REVERSIBILITY IS RECOVERY-GROUP EVIDENCE: lesion present at the end of dosing, ABSENT after a 13-WEEK recovery period -> reversible. GRADE 1, not 2: vacuolation without degeneration and fully reversible; contrast the",,reversible,neuronal_vacuolation,TBD,present_at_all_doses_absent_in_vehicle_control,1,measured,R1,FDA_NDA215887,"Integrated Review p.179 (PDF p.180) Section 13.1.3 General Toxicology, Monkey, 13-week Q2W IT study; safety-pharmacology NOAEL for the same study at p.178 (PDF p.179) Section 13.1.2",,
CMS2273,CNS013,tofersen,animal_invivo,chronic_neurotoxicity,monkey,window_only,13wk_recovery,,recovery period following 13 weeks of Q2W IT dosing at 12 mg. 'Vacuolation was not observed after a 13-week recovery period.' This is the single most valuable statement in the tofersen nonclinical package for this dataset: a designated recovery group in which,,not_assessed,neuronal_vacuolation,0,absent_after_recovery_vs_present_at_end_of_dosing,0,assessed_no_effect,R1,FDA_NDA215887,"Integrated Review p.179 (PDF p.180) Section 13.1.3 General Toxicology, Monkey, 13-week Q2W IT study; safety-pharmacology NOAEL for the same study at p.178 (PDF p.179) Section 13.1.2",,
CMS2274,CNS013,tofersen,animal_invivo,chronic_neurotoxicity,monkey,window_only,13wk,,"observed after a 13-week recovery period.' REVERSIBILITY IS RECOVERY-GROUP EVIDENCE: lesion present at the end of dosing, ABSENT after a 13-WEEK recovery period -> reversible. GRADE 1, not 2: vacuolation without degeneration and fully reversible; contrast the",,reversible,neuronal_vacuolation,TBD,present_at_all_doses_absent_in_vehicle_control,1,measured,R1,FDA_NDA215887,"Integrated Review p.179 (PDF p.180) Section 13.1.3 General Toxicology, Monkey, 13-week Q2W IT study; safety-pharmacology NOAEL for the same study at p.178 (PDF p.179) Section 13.1.2",,
CMS2275,CNS013,tofersen,animal_invivo,chronic_neurotoxicity,monkey,window_only,13wk_recovery,,recovery period following 13 weeks of Q2W IT dosing at 35 mg. 'Vacuolation was not observed after a 13-week recovery period.' This is the single most valuable statement in the tofersen nonclinical package for this dataset: a designated recovery group in which,,not_assessed,neuronal_vacuolation,0,absent_after_recovery_vs_present_at_end_of_dosing,0,assessed_no_effect,R1,FDA_NDA215887,"Integrated Review p.179 (PDF p.180) Section 13.1.3 General Toxicology, Monkey, 13-week Q2W IT study; safety-pharmacology NOAEL for the same study at p.178 (PDF p.179) Section 13.1.2",,
CMS2278,CNS013,tofersen,animal_invivo,chronic_neurotoxicity,monkey,window_only,9mo,,recovery groups' (p.83). REVERSIBILITY IS RECOVERY-GROUP EVIDENCE: 'was not present in recovery groups'. THE RECOVERY INTERVAL IS NOT STATED anywhere in the Integrated Review for this 9-month study - only for the 13-week study (13 weeks) - so it is not asserte,,reversible,neuronal_vacuolation,TBD,present_at_all_doses_absent_in_vehicle_control,1,measured,R1,FDA_NDA215887,"Integrated Review p.179 (PDF p.180) Section 13.1.3 General Toxicology, Monkey, 9-month Q2W IT study; the same study is summarised at p.83 (PDF p.84) Section 7.1 Potential Risks or Safety Concerns Base",,
CMS2279,CNS013,tofersen,animal_invivo,chronic_neurotoxicity,monkey,window_only,9mo_plus_recovery_interval_not_stated,,recovery groups' (Integrated Review p.83). The length of the recovery period is NOT given in this document; exposure_duration therefore says so explicitly rather than borrowing the 13-week interval from the shorter study. NOAEL: 12 mg every 2 weeks. 'Based on,,not_assessed,neuronal_vacuolation,0,absent_in_recovery_groups_vs_present_at_end_of_dosing,0,assessed_no_effect,R1,FDA_NDA215887,"Integrated Review p.179 (PDF p.180) Section 13.1.3 General Toxicology, Monkey, 9-month Q2W IT study; the same study is summarised at p.83 (PDF p.84) Section 7.1 Potential Risks or Safety Concerns Base",,
CMS2280,CNS013,tofersen,animal_invivo,chronic_neurotoxicity,monkey,window_only,9mo,,recovery groups' (p.83). REVERSIBILITY IS RECOVERY-GROUP EVIDENCE: 'was not present in recovery groups'. THE RECOVERY INTERVAL IS NOT STATED anywhere in the Integrated Review for this 9-month study - only for the 13-week study (13 weeks) - so it is not asserte,,reversible,neuronal_vacuolation,TBD,present_at_all_doses_absent_in_vehicle_control,1,measured,R1,FDA_NDA215887,"Integrated Review p.179 (PDF p.180) Section 13.1.3 General Toxicology, Monkey, 9-month Q2W IT study; the same study is summarised at p.83 (PDF p.84) Section 7.1 Potential Risks or Safety Concerns Base",,
CMS2281,CNS013,tofersen,animal_invivo,chronic_neurotoxicity,monkey,window_only,9mo_plus_recovery_interval_not_stated,,recovery groups' (Integrated Review p.83). The length of the recovery period is NOT given in this document; exposure_duration therefore says so explicitly rather than borrowing the 13-week interval from the shorter study. NOAEL: 12 mg every 2 weeks. 'Based on,,not_assessed,neuronal_vacuolation,0,absent_in_recovery_groups_vs_present_at_end_of_dosing,0,assessed_no_effect,R1,FDA_NDA215887,"Integrated Review p.179 (PDF p.180) Section 13.1.3 General Toxicology, Monkey, 9-month Q2W IT study; the same study is summarised at p.83 (PDF p.84) Section 7.1 Potential Risks or Safety Concerns Base",,
CMS2282,CNS013,tofersen,animal_invivo,chronic_neurotoxicity,monkey,window_only,9mo,,recovery groups' (p.83). REVERSIBILITY IS RECOVERY-GROUP EVIDENCE: 'was not present in recovery groups'. THE RECOVERY INTERVAL IS NOT STATED anywhere in the Integrated Review for this 9-month study - only for the 13-week study (13 weeks) - so it is not asserte,,reversible,neuronal_vacuolation,TBD,present_at_all_doses_absent_in_vehicle_control,1,measured,R1,FDA_NDA215887,"Integrated Review p.179 (PDF p.180) Section 13.1.3 General Toxicology, Monkey, 9-month Q2W IT study; the same study is summarised at p.83 (PDF p.84) Section 7.1 Potential Risks or Safety Concerns Base",,
CMS2283,CNS013,tofersen,animal_invivo,chronic_neurotoxicity,monkey,window_only,9mo_plus_recovery_interval_not_stated,,recovery groups' (Integrated Review p.83). The length of the recovery period is NOT given in this document; exposure_duration therefore says so explicitly rather than borrowing the 13-week interval from the shorter study. NOAEL: 12 mg every 2 weeks. 'Based on,,not_assessed,neuronal_vacuolation,0,absent_in_recovery_groups_vs_present_at_end_of_dosing,0,assessed_no_effect,R1,FDA_NDA215887,"Integrated Review p.179 (PDF p.180) Section 13.1.3 General Toxicology, Monkey, 9-month Q2W IT study; the same study is summarised at p.83 (PDF p.84) Section 7.1 Potential Risks or Safety Concerns Base",,
CMS2324,CNS013,tofersen,animal_invivo,chronic_neurotoxicity,monkey,window_only,13wk,,recovery group described -> not_assessed. No NOAEL is stated for this special-purpose study. grade_provisional. control_incidence_not_reported 13wk,,not_assessed,neuronal_vacuolation_brain,TBD,control_incidence_not_reported,1,measured,R1,FDA_NDA215887,"Integrated Review pp.184-185 (PDF pp.185-186) Section 13.2.5 Special Toxicology Studies, 'A 13-Week Impurity Qualification Toxicity Study When Administered as an Intrathecal Bolus Injection in Cynomol",,
CMS2325,CNS013,tofersen,animal_invivo,chronic_neurotoxicity,monkey,window_only,13wk,,recovery group described -> not_assessed. No NOAEL is stated for this special-purpose study. grade_provisional. control_incidence_not_reported 13wk,,not_assessed,neuronal_vacuolation_spinal_cord,TBD,control_incidence_not_reported,1,measured,R1,FDA_NDA215887,"Integrated Review pp.184-185 (PDF pp.185-186) Section 13.2.5 Special Toxicology Studies, 'A 13-Week Impurity Qualification Toxicity Study When Administered as an Intrathecal Bolus Injection in Cynomol",,
CMS0285,CNS039,ISIS 333611,animal_invivo,chronic_neurotoxicity,rat,duration_only,8wk,,,,not_assessed,FOB_score_8wk,0.0,0.0_vs_0_or_1_PBS,0,measured,P2,US10968453B2,"Table 67 (Example 16), ISIS 333611, ""8 week FOB / 1 mg"" column",,
CMS0286,CNS039,ISIS 333611,animal_invivo,chronic_neurotoxicity,rat,duration_only,8wk,,,,irreversible,FOB_score_8wk,1.2,1.2_vs_0_or_1_PBS,2,measured,P2,US10968453B2,"Table 67 (Example 16), ISIS 333611, ""8 week FOB / 3 mg"" column",,
CMS0289,CNS013,tofersen,animal_invivo,chronic_neurotoxicity,rat,duration_only,8wk,,,,not_assessed,FOB_score_8wk,0.0,0.0_vs_0_or_1_PBS,0,measured,P2,US10968453B2,"Table 67 (Example 16), ISIS 666853, ""8 week FOB / 1 mg"" column",,
CMS0290,CNS013,tofersen,animal_invivo,chronic_neurotoxicity,rat,duration_only,8wk,,,,not_assessed,FOB_score_8wk,0.0,0.0_vs_0_or_1_PBS,0,measured,P2,US10968453B2,"Table 67 (Example 16), ISIS 666853, ""8 week FOB / 3 mg"" column",,
CMS0293,CNS101,ISIS 666859,animal_invivo,chronic_neurotoxicity,rat,duration_only,8wk,,,,not_assessed,FOB_score_8wk,0.0,0.0_vs_0_or_1_PBS,0,measured,P2,US10968453B2,"Table 67 (Example 16), ISIS 666859, ""8 week FOB / 1 mg"" column",,
CMS0294,CNS101,ISIS 666859,animal_invivo,chronic_neurotoxicity,rat,duration_only,8wk,,,,not_assessed,FOB_score_8wk,0.3,0.3_vs_0_or_1_PBS,0,measured,P2,US10968453B2,"Table 67 (Example 16), ISIS 666859, ""8 week FOB / 3 mg"" column",,
CMS0297,CNS112,ISIS 666870,animal_invivo,chronic_neurotoxicity,rat,duration_only,8wk,,,,not_assessed,FOB_score_8wk,0.0,0.0_vs_0_or_1_PBS,0,measured,P2,US10968453B2,"Table 67 (Example 16), ISIS 666870, ""8 week FOB / 1 mg"" column",,
CMS0298,CNS112,ISIS 666870,animal_invivo,chronic_neurotoxicity,rat,duration_only,8wk,,,,not_assessed,FOB_score_8wk,0.8,0.8_vs_0_or_1_PBS,0,measured,P2,US10968453B2,"Table 67 (Example 16), ISIS 666870, ""8 week FOB / 3 mg"" column",,
CMS0301,CNS130,ISIS 666919,animal_invivo,chronic_neurotoxicity,rat,duration_only,8wk,,,,not_assessed,FOB_score_8wk,0.0,0.0_vs_0_or_1_PBS,0,measured,P2,US10968453B2,"Table 67 (Example 16), ISIS 666919, ""8 week FOB / 1 mg"" column",,
CMS0302,CNS130,ISIS 666919,animal_invivo,chronic_neurotoxicity,rat,duration_only,8wk,,,,not_assessed,FOB_score_8wk,0.1,0.1_vs_0_or_1_PBS,0,measured,P2,US10968453B2,"Table 67 (Example 16), ISIS 666919, ""8 week FOB / 3 mg"" column",,
CMS0512,CNS181,ISIS 791656,animal_invivo,chronic_neurotoxicity,mouse,duration_only,8wk,,,,irreversible,FOB_score_8wk,3.5,TBD,3,measured,P1,US9605263B2,"Table 15 (Example 12), ISIS 791656, column ""Score 8 weeks after injection""",,
CMS0517,CNS182,ISIS 791657,animal_invivo,chronic_neurotoxicity,mouse,duration_only,8wk,,,,irreversible,FOB_score_8wk,3.5,TBD,3,measured,P1,US9605263B2,"Table 15 (Example 12), ISIS 791657, column ""Score 8 weeks after injection""",,
CMS0522,CNS183,ISIS 791658,animal_invivo,chronic_neurotoxicity,mouse,duration_only,8wk,,,,not_assessed,FOB_score_8wk,0.0,0.00_vs_0_PBS,0,measured,P1,US9605263B2,"Table 15 (Example 12), ISIS 791658, column ""Score 8 weeks after injection""",,
CMS0527,CNS184,ISIS 791659,animal_invivo,chronic_neurotoxicity,mouse,duration_only,8wk,,,,not_assessed,FOB_score_8wk,0.0,0.00_vs_0_PBS,0,measured,P1,US9605263B2,"Table 15 (Example 12), ISIS 791659, column ""Score 8 weeks after injection""",,
CMS0532,CNS185,ISIS 791660,animal_invivo,chronic_neurotoxicity,mouse,duration_only,8wk,,,,irreversible,FOB_score_8wk,1.8,1.80_vs_0_PBS,2,measured,P1,US9605263B2,"Table 15 (Example 12), ISIS 791660, column ""Score 8 weeks after injection""",,
CMS0537,CNS186,ISIS 791661,animal_invivo,chronic_neurotoxicity,mouse,duration_only,8wk,,,,irreversible,FOB_score_8wk,1.8,1.80_vs_0_PBS,2,measured,P1,US9605263B2,"Table 15 (Example 12), ISIS 791661, column ""Score 8 weeks after injection""",,
CMS0542,CNS187,ISIS 791662,animal_invivo,chronic_neurotoxicity,mouse,duration_only,8wk,,,,irreversible,FOB_score_8wk,5.3,TBD,3,measured,P1,US9605263B2,"Table 15 (Example 12), ISIS 791662, column ""Score 8 weeks after injection""",,
CMS0543,CNS188,ISIS 791663,animal_invivo,chronic_neurotoxicity,mouse,duration_only,8wk,,,,irreversible,FOB_score_8wk,7.0,7.0 (no vehicle FOB score reported for the mouse experiments in this patent),3,measured,P1,US9605263B2,"Table 15 (Example 12), ISIS 791663, column ""Score 8 weeks after injection""",,
CMS0548,CNS189,ISIS 791664,animal_invivo,chronic_neurotoxicity,mouse,duration_only,8wk,,,,not_assessed,FOB_score_8wk,0.0,0.00_vs_0_PBS,0,measured,P1,US9605263B2,"Table 15 (Example 12), ISIS 791664, column ""Score 8 weeks after injection""",,
CMS0553,CNS190,ISIS 791665,animal_invivo,chronic_neurotoxicity,mouse,duration_only,8wk,,,,irreversible,FOB_score_8wk,3.5,TBD,3,measured,P1,US9605263B2,"Table 15 (Example 12), ISIS 791665, column ""Score 8 weeks after injection""",,
CMS0558,CNS191,ISIS 801274,animal_invivo,chronic_neurotoxicity,mouse,duration_only,8wk,,,,not_assessed,FOB_score_8wk,0.0,0.00_vs_0_PBS,0,measured,P1,US9605263B2,"Table 15 (Example 12), ISIS 801274, column ""Score 8 weeks after injection""",,
CMS0563,CNS192,ISIS 801275,animal_invivo,chronic_neurotoxicity,mouse,duration_only,8wk,,,,irreversible,FOB_score_8wk,3.5,TBD,3,measured,P1,US9605263B2,"Table 15 (Example 12), ISIS 801275, column ""Score 8 weeks after injection""",,
CMS0568,CNS193,ISIS 801276,animal_invivo,chronic_neurotoxicity,mouse,duration_only,8wk,,,,not_assessed,FOB_score_8wk,0.0,0.00_vs_0_PBS,0,measured,P1,US9605263B2,"Table 15 (Example 12), ISIS 801276, column ""Score 8 weeks after injection""",,
CMS0573,CNS194,ISIS 801277,animal_invivo,chronic_neurotoxicity,mouse,duration_only,8wk,,,,not_assessed,FOB_score_8wk,0.0,0.00_vs_0_PBS,0,measured,P1,US9605263B2,"Table 15 (Example 12), ISIS 801277, column ""Score 8 weeks after injection""",,
CMS0578,CNS195,ISIS 801278,animal_invivo,chronic_neurotoxicity,mouse,duration_only,8wk,,,,not_assessed,FOB_score_8wk,0.0,0.00_vs_0_PBS,0,measured,P1,US9605263B2,"Table 15 (Example 12), ISIS 801278, column ""Score 8 weeks after injection""",,
CMS0583,CNS196,ISIS 801279,animal_invivo,chronic_neurotoxicity,mouse,duration_only,8wk,,,,not_assessed,FOB_score_8wk,0.0,0.00_vs_0_PBS,0,measured,P1,US9605263B2,"Table 15 (Example 12), ISIS 801279, column ""Score 8 weeks after injection""",,
CMS0588,CNS197,ISIS 801280,animal_invivo,chronic_neurotoxicity,mouse,duration_only,8wk,,,,irreversible,FOB_score_8wk,5.3,TBD,3,measured,P1,US9605263B2,"Table 15 (Example 12), ISIS 801280, column ""Score 8 weeks after injection""",,
CMS0593,CNS198,ISIS 801281,animal_invivo,chronic_neurotoxicity,mouse,duration_only,8wk,,,,not_assessed,FOB_score_8wk,0.0,0.00_vs_0_PBS,0,measured,P1,US9605263B2,"Table 15 (Example 12), ISIS 801281, column ""Score 8 weeks after injection""",,
CMS0598,CNS199,ISIS 801282,animal_invivo,chronic_neurotoxicity,mouse,duration_only,8wk,,,,not_assessed,FOB_score_8wk,0.0,0.00_vs_0_PBS,0,measured,P1,US9605263B2,"Table 15 (Example 12), ISIS 801282, column ""Score 8 weeks after injection""",,
CMS0603,CNS200,ISIS 801283,animal_invivo,chronic_neurotoxicity,mouse,duration_only,8wk,,,,not_assessed,FOB_score_8wk,0.0,0.00_vs_0_PBS,0,measured,P1,US9605263B2,"Table 15 (Example 12), ISIS 801283, column ""Score 8 weeks after injection""",,
CMS0608,CNS201,ISIS 801284,animal_invivo,chronic_neurotoxicity,mouse,duration_only,8wk,,,,irreversible,FOB_score_8wk,1.8,1.80_vs_0_PBS,2,measured,P1,US9605263B2,"Table 15 (Example 12), ISIS 801284, column ""Score 8 weeks after injection""",,
CMS0613,CNS202,ISIS 801285,animal_invivo,chronic_neurotoxicity,mouse,duration_only,8wk,,,,not_assessed,FOB_score_8wk,0.0,0.00_vs_0_PBS,0,measured,P1,US9605263B2,"Table 15 (Example 12), ISIS 801285, column ""Score 8 weeks after injection""",,
CMS0618,CNS203,ISIS 801286,animal_invivo,chronic_neurotoxicity,mouse,duration_only,8wk,,,,not_assessed,FOB_score_8wk,0.0,0.00_vs_0_PBS,0,measured,P1,US9605263B2,"Table 15 (Example 12), ISIS 801286, column ""Score 8 weeks after injection""",,
CMS0623,CNS204,ISIS 801287,animal_invivo,chronic_neurotoxicity,mouse,duration_only,8wk,,,,not_assessed,FOB_score_8wk,0.0,0.00_vs_0_PBS,0,measured,P1,US9605263B2,"Table 15 (Example 12), ISIS 801287, column ""Score 8 weeks after injection""",,
CMS0628,CNS205,ISIS 801288,animal_invivo,chronic_neurotoxicity,mouse,duration_only,8wk,,,,not_assessed,FOB_score_8wk,0.0,0.00_vs_0_PBS,0,measured,P1,US9605263B2,"Table 15 (Example 12), ISIS 801288, column ""Score 8 weeks after injection""",,
CMS0629,CNS206,ISIS 801289,animal_invivo,chronic_neurotoxicity,mouse,duration_only,8wk,,,,irreversible,FOB_score_8wk,7.0,7.0 (no vehicle FOB score reported for the mouse experiments in this patent),3,measured,P1,US9605263B2,"Table 15 (Example 12), ISIS 801289, column ""Score 8 weeks after injection""",,
CMS0634,CNS207,ISIS 801290,animal_invivo,chronic_neurotoxicity,mouse,duration_only,8wk,,,,partially_reversible,FOB_score_8wk,3.5,3.50_vs_0_PBS,3,measured,P1,US9605263B2,"Table 15 (Example 12), ISIS 801290, column ""Score 8 weeks after injection""",,
CMS0639,CNS208,ISIS 801291,animal_invivo,chronic_neurotoxicity,mouse,duration_only,8wk,,,,not_assessed,FOB_score_8wk,0.0,0.00_vs_0_PBS,0,measured,P1,US9605263B2,"Table 15 (Example 12), ISIS 801291, column ""Score 8 weeks after injection""",,
CMS0644,CNS209,ISIS 801292,animal_invivo,chronic_neurotoxicity,mouse,duration_only,8wk,,,,not_assessed,FOB_score_8wk,0.0,0.00_vs_0_PBS,0,measured,P1,US9605263B2,"Table 15 (Example 12), ISIS 801292, column ""Score 8 weeks after injection""",,
CMS0649,CNS210,ISIS 801293,animal_invivo,chronic_neurotoxicity,mouse,duration_only,8wk,,,,not_assessed,FOB_score_8wk,0.0,0.00_vs_0_PBS,0,measured,P1,US9605263B2,"Table 15 (Example 12), ISIS 801293, column ""Score 8 weeks after injection""",,
CMS0654,CNS211,ISIS 801294,animal_invivo,chronic_neurotoxicity,mouse,duration_only,8wk,,,,not_assessed,FOB_score_8wk,0.0,0.00_vs_0_PBS,0,measured,P1,US9605263B2,"Table 15 (Example 12), ISIS 801294, column ""Score 8 weeks after injection""",,
CMS0659,CNS212,ISIS 801295,animal_invivo,chronic_neurotoxicity,mouse,duration_only,8wk,,,,irreversible,FOB_score_8wk,1.8,1.80_vs_0_PBS,2,measured,P1,US9605263B2,"Table 15 (Example 12), ISIS 801295, column ""Score 8 weeks after injection""",,
CMS0660,CNS213,ISIS 801296,animal_invivo,chronic_neurotoxicity,mouse,duration_only,8wk,,,,irreversible,FOB_score_8wk,7.0,TBD,3,measured,P1,US9605263B2,"Table 15 (Example 12), ISIS 801296, column ""Score 8 weeks after injection""",,
CMS0665,CNS214,ISIS 801297,animal_invivo,chronic_neurotoxicity,mouse,duration_only,8wk,,,,irreversible,FOB_score_8wk,3.5,3.5 (no vehicle FOB score reported for the mouse experiments in this patent),3,measured,P1,US9605263B2,"Table 15 (Example 12), ISIS 801297, column ""Score 8 weeks after injection""",,
CMS0670,CNS215,ISIS 801298,animal_invivo,chronic_neurotoxicity,mouse,duration_only,8wk,,,,irreversible,FOB_score_8wk,3.5,TBD,3,measured,P1,US9605263B2,"Table 15 (Example 12), ISIS 801298, column ""Score 8 weeks after injection""",,
CMS0675,CNS216,ISIS 801299,animal_invivo,chronic_neurotoxicity,mouse,duration_only,8wk,,,,irreversible,FOB_score_8wk,5.3,TBD,3,measured,P1,US9605263B2,"Table 15 (Example 12), ISIS 801299, column ""Score 8 weeks after injection""",,
CMS0680,CNS217,ISIS 801300,animal_invivo,chronic_neurotoxicity,mouse,duration_only,8wk,,,,irreversible,FOB_score_8wk,3.5,TBD,3,measured,P1,US9605263B2,"Table 15 (Example 12), ISIS 801300, column ""Score 8 weeks after injection""",,
CMS0681,CNS218,ISIS 801301,animal_invivo,chronic_neurotoxicity,mouse,duration_only,8wk,,,,irreversible,FOB_score_8wk,7.0,7.0 (no vehicle FOB score reported for the mouse experiments in this patent),3,measured,P1,US9605263B2,"Table 15 (Example 12), ISIS 801301, column ""Score 8 weeks after injection""",,
CMS0686,CNS219,ISIS 801302,animal_invivo,chronic_neurotoxicity,mouse,duration_only,8wk,,,,irreversible,FOB_score_8wk,5.3,TBD,3,measured,P1,US9605263B2,"Table 15 (Example 12), ISIS 801302, column ""Score 8 weeks after injection""",,
CMS0691,CNS220,ISIS 801303,animal_invivo,chronic_neurotoxicity,mouse,duration_only,8wk,,,,irreversible,FOB_score_8wk,1.8,1.80_vs_0_PBS,2,measured,P1,US9605263B2,"Table 15 (Example 12), ISIS 801303, column ""Score 8 weeks after injection""",,
CMS0696,CNS221,ISIS 801304,animal_invivo,chronic_neurotoxicity,mouse,duration_only,8wk,,,,partially_reversible,FOB_score_8wk,4.8,4.80_vs_0_PBS,3,measured,P1,US9605263B2,"Table 15 (Example 12), ISIS 801304, column ""Score 8 weeks after injection""",,
CMS0701,CNS222,ISIS 801305,animal_invivo,chronic_neurotoxicity,mouse,duration_only,8wk,,,,irreversible,FOB_score_8wk,5.3,TBD,3,measured,P1,US9605263B2,"Table 15 (Example 12), ISIS 801305, column ""Score 8 weeks after injection""",,
CMS0706,CNS223,ISIS 801306,animal_invivo,chronic_neurotoxicity,mouse,duration_only,8wk,,,,not_assessed,FOB_score_8wk,0.0,0.00_vs_0_PBS,0,measured,P1,US9605263B2,"Table 15 (Example 12), ISIS 801306, column ""Score 8 weeks after injection""",,
CMS0711,CNS224,ISIS 801307,animal_invivo,chronic_neurotoxicity,mouse,duration_only,8wk,,,,irreversible,FOB_score_8wk,5.3,5.3 (no vehicle FOB score reported for the mouse experiments in this patent),3,measured,P1,US9605263B2,"Table 15 (Example 12), ISIS 801307, column ""Score 8 weeks after injection""",,
CMS0716,CNS225,ISIS 801308,animal_invivo,chronic_neurotoxicity,mouse,duration_only,8wk,,,,irreversible,FOB_score_8wk,5.3,TBD,3,measured,P1,US9605263B2,"Table 15 (Example 12), ISIS 801308, column ""Score 8 weeks after injection""",,
CMS0717,CNS226,ISIS 801309,animal_invivo,chronic_neurotoxicity,mouse,duration_only,8wk,,,,irreversible,FOB_score_8wk,7.0,TBD,3,measured,P1,US9605263B2,"Table 15 (Example 12), ISIS 801309, column ""Score 8 weeks after injection""",,
CMS0722,CNS227,ISIS 801310,animal_invivo,chronic_neurotoxicity,mouse,duration_only,8wk,,,,irreversible,FOB_score_8wk,1.8,1.80_vs_0_PBS,2,measured,P1,US9605263B2,"Table 15 (Example 12), ISIS 801310, column ""Score 8 weeks after injection""",,
CMS0723,CNS228,ISIS 801311,animal_invivo,chronic_neurotoxicity,mouse,duration_only,8wk,,,,irreversible,FOB_score_8wk,7.0,7.0 (no vehicle FOB score reported for the mouse experiments in this patent),3,measured,P1,US9605263B2,"Table 15 (Example 12), ISIS 801311, column ""Score 8 weeks after injection""",,
CMS0728,CNS229,ISIS 801312,animal_invivo,chronic_neurotoxicity,mouse,duration_only,8wk,,,,not_assessed,FOB_score_8wk,0.0,0.00_vs_0_PBS,0,measured,P1,US9605263B2,"Table 15 (Example 12), ISIS 801312, column ""Score 8 weeks after injection""",,
CMS0733,CNS230,ISIS 801313,animal_invivo,chronic_neurotoxicity,mouse,duration_only,8wk,,,,irreversible,FOB_score_8wk,3.5,TBD,3,measured,P1,US9605263B2,"Table 15 (Example 12), ISIS 801313, column ""Score 8 weeks after injection""",,
CMS0738,CNS231,ISIS 801314,animal_invivo,chronic_neurotoxicity,mouse,duration_only,8wk,,,,not_assessed,FOB_score_8wk,0.0,0.00_vs_0_PBS,0,measured,P1,US9605263B2,"Table 15 (Example 12), ISIS 801314, column ""Score 8 weeks after injection""",,
CMS0743,CNS232,ISIS 801315,animal_invivo,chronic_neurotoxicity,mouse,duration_only,8wk,,,,irreversible,FOB_score_8wk,1.8,1.80_vs_0_PBS,2,measured,P1,US9605263B2,"Table 15 (Example 12), ISIS 801315, column ""Score 8 weeks after injection""",,
CMS0748,CNS233,ISIS 801316,animal_invivo,chronic_neurotoxicity,mouse,duration_only,8wk,,,,not_assessed,FOB_score_8wk,0.0,0.00_vs_0_PBS,0,measured,P1,US9605263B2,"Table 15 (Example 12), ISIS 801316, column ""Score 8 weeks after injection""",,
CMS0753,CNS234,ISIS 802459,animal_invivo,chronic_neurotoxicity,mouse,duration_only,8wk,,,,not_assessed,FOB_score_8wk,0.0,0.00_vs_0_PBS,0,measured,P1,US9605263B2,"Table 15 (Example 12), ISIS 802459, column ""Score 8 weeks after injection""",,
CMS0758,CNS235,ISIS 802460,animal_invivo,chronic_neurotoxicity,mouse,duration_only,8wk,,,,partially_reversible,FOB_score_8wk,5.3,5.30_vs_0_PBS,3,measured,P1,US9605263B2,"Table 15 (Example 12), ISIS 802460, column ""Score 8 weeks after injection""",,
CMS0763,CNS236,ISIS 802461,animal_invivo,chronic_neurotoxicity,mouse,duration_only,8wk,,,,irreversible,FOB_score_8wk,3.5,TBD,3,measured,P1,US9605263B2,"Table 15 (Example 12), ISIS 802461, column ""Score 8 weeks after injection""",,
CMS0768,CNS237,ISIS 802462,animal_invivo,chronic_neurotoxicity,mouse,duration_only,8wk,,,,irreversible,FOB_score_8wk,3.5,3.5 (no vehicle FOB score reported for the mouse experiments in this patent),3,measured,P1,US9605263B2,"Table 15 (Example 12), ISIS 802462, column ""Score 8 weeks after injection""",,
CMS0769,CNS238,ISIS 802463,animal_invivo,chronic_neurotoxicity,mouse,duration_only,8wk,,,,irreversible,FOB_score_8wk,7.0,TBD,3,measured,P1,US9605263B2,"Table 15 (Example 12), ISIS 802463, column ""Score 8 weeks after injection""",,
CMS0774,CNS239,ISIS 802464,animal_invivo,chronic_neurotoxicity,mouse,duration_only,8wk,,,,irreversible,FOB_score_8wk,1.8,1.80_vs_0_PBS,2,measured,P1,US9605263B2,"Table 15 (Example 12), ISIS 802464, column ""Score 8 weeks after injection""",,
CMS0779,CNS240,ISIS 802465,animal_invivo,chronic_neurotoxicity,mouse,duration_only,8wk,,,,not_assessed,FOB_score_8wk,0.0,0.00_vs_0_PBS,0,measured,P1,US9605263B2,"Table 15 (Example 12), ISIS 802465, column ""Score 8 weeks after injection""",,
CMS0784,CNS241,ISIS 802466,animal_invivo,chronic_neurotoxicity,mouse,duration_only,8wk,,,,irreversible,FOB_score_8wk,1.8,1.80_vs_0_PBS,2,measured,P1,US9605263B2,"Table 15 (Example 12), ISIS 802466, column ""Score 8 weeks after injection""",,
CMS0789,CNS242,ISIS 802467,animal_invivo,chronic_neurotoxicity,mouse,duration_only,8wk,,,,irreversible,FOB_score_8wk,1.3,1.30_vs_0_PBS,2,measured,P1,US9605263B2,"Table 15 (Example 12), ISIS 802467, column ""Score 8 weeks after injection""",,
CMS0794,CNS243,ISIS 802468,animal_invivo,chronic_neurotoxicity,mouse,duration_only,8wk,,,,not_assessed,FOB_score_8wk,0.0,0.00_vs_0_PBS,0,measured,P1,US9605263B2,"Table 15 (Example 12), ISIS 802468, column ""Score 8 weeks after injection""",,
CMS0799,CNS244,ISIS 802469,animal_invivo,chronic_neurotoxicity,mouse,duration_only,8wk,,,,not_assessed,FOB_score_8wk,0.0,0.00_vs_0_PBS,0,measured,P1,US9605263B2,"Table 15 (Example 12), ISIS 802469, column ""Score 8 weeks after injection""",,
CMS0804,CNS245,ISIS 802470,animal_invivo,chronic_neurotoxicity,mouse,duration_only,8wk,,,,irreversible,FOB_score_8wk,1.5,1.50_vs_0_PBS,2,measured,P1,US9605263B2,"Table 15 (Example 12), ISIS 802470, column ""Score 8 weeks after injection""",,
CMS0809,CNS246,ISIS 802471,animal_invivo,chronic_neurotoxicity,mouse,duration_only,8wk,,,,not_assessed,FOB_score_8wk,0.0,0.00_vs_0_PBS,0,measured,P1,US9605263B2,"Table 15 (Example 12), ISIS 802471, column ""Score 8 weeks after injection""",,
CMS0814,CNS247,ISIS 802472,animal_invivo,chronic_neurotoxicity,mouse,duration_only,8wk,,,,irreversible,FOB_score_8wk,3.5,TBD,3,measured,P1,US9605263B2,"Table 15 (Example 12), ISIS 802472, column ""Score 8 weeks after injection""",,
CMS0819,CNS248,ISIS 802473,animal_invivo,chronic_neurotoxicity,mouse,duration_only,8wk,,,,not_assessed,FOB_score_8wk,0.0,0.00_vs_0_PBS,0,measured,P1,US9605263B2,"Table 15 (Example 12), ISIS 802473, column ""Score 8 weeks after injection""",,
CMS0824,CNS249,ISIS 802474,animal_invivo,chronic_neurotoxicity,mouse,duration_only,8wk,,,,irreversible,FOB_score_8wk,1.8,1.80_vs_0_PBS,2,measured,P1,US9605263B2,"Table 15 (Example 12), ISIS 802474, column ""Score 8 weeks after injection""",,
CMS0825,CNS250,ISIS 802475,animal_invivo,chronic_neurotoxicity,mouse,duration_only,8wk,,,,irreversible,FOB_score_8wk,7.0,7.0 (no vehicle FOB score reported for the mouse experiments in this patent),3,measured,P1,US9605263B2,"Table 15 (Example 12), ISIS 802475, column ""Score 8 weeks after injection""",,
CMS0830,CNS251,ISIS 802476,animal_invivo,chronic_neurotoxicity,mouse,duration_only,8wk,,,,irreversible,FOB_score_8wk,1.8,1.80_vs_0_PBS,2,measured,P1,US9605263B2,"Table 15 (Example 12), ISIS 802476, column ""Score 8 weeks after injection""",,
CMS0835,CNS252,ISIS 802477,animal_invivo,chronic_neurotoxicity,mouse,duration_only,8wk,,,,not_assessed,FOB_score_8wk,0.0,0.00_vs_0_PBS,0,measured,P1,US9605263B2,"Table 15 (Example 12), ISIS 802477, column ""Score 8 weeks after injection""",,
CMS0840,CNS253,ISIS 802478,animal_invivo,chronic_neurotoxicity,mouse,duration_only,8wk,,,,irreversible,FOB_score_8wk,3.5,TBD,3,measured,P1,US9605263B2,"Table 15 (Example 12), ISIS 802478, column ""Score 8 weeks after injection""",,
CMS0845,CNS254,ISIS 806673,animal_invivo,chronic_neurotoxicity,mouse,duration_only,8wk,,,,not_assessed,FOB_score_8wk,0.0,0.00_vs_0_PBS,0,measured,P1,US9605263B2,"Table 15 (Example 12), ISIS 806673, column ""Score 8 weeks after injection""",,
CMS0850,CNS255,ISIS 806674,animal_invivo,chronic_neurotoxicity,mouse,duration_only,8wk,,,,not_assessed,FOB_score_8wk,0.0,0.00_vs_0_PBS,0,measured,P1,US9605263B2,"Table 15 (Example 12), ISIS 806674, column ""Score 8 weeks after injection""",,
CMS0855,CNS256,ISIS 806675,animal_invivo,chronic_neurotoxicity,mouse,duration_only,8wk,,,,not_assessed,FOB_score_8wk,0.0,0.00_vs_0_PBS,0,measured,P1,US9605263B2,"Table 15 (Example 12), ISIS 806675, column ""Score 8 weeks after injection""",,
CMS0860,CNS257,ISIS 806676,animal_invivo,chronic_neurotoxicity,mouse,duration_only,8wk,,,,not_assessed,FOB_score_8wk,0.0,0.00_vs_0_PBS,0,measured,P1,US9605263B2,"Table 15 (Example 12), ISIS 806676, column ""Score 8 weeks after injection""",,
CMS0865,CNS258,ISIS 806677,animal_invivo,chronic_neurotoxicity,mouse,duration_only,8wk,,,,not_assessed,FOB_score_8wk,0.0,0.00_vs_0_PBS,0,measured,P1,US9605263B2,"Table 15 (Example 12), ISIS 806677, column ""Score 8 weeks after injection""",,
CMS0870,CNS259,ISIS 806678,animal_invivo,chronic_neurotoxicity,mouse,duration_only,8wk,,,,not_assessed,FOB_score_8wk,0.0,0.00_vs_0_PBS,0,measured,P1,US9605263B2,"Table 15 (Example 12), ISIS 806678, column ""Score 8 weeks after injection""",,
CMS0875,CNS260,ISIS 806679,animal_invivo,chronic_neurotoxicity,mouse,duration_only,8wk,,,,not_assessed,FOB_score_8wk,0.0,0.00_vs_0_PBS,0,measured,P1,US9605263B2,"Table 15 (Example 12), ISIS 806679, column ""Score 8 weeks after injection""",,
CMS0880,CNS261,ISIS 806680,animal_invivo,chronic_neurotoxicity,mouse,duration_only,8wk,,,,not_assessed,FOB_score_8wk,0.0,0.00_vs_0_PBS,0,measured,P1,US9605263B2,"Table 15 (Example 12), ISIS 806680, column ""Score 8 weeks after injection""",,
CMS0885,CNS262,ISIS 806681,animal_invivo,chronic_neurotoxicity,mouse,duration_only,8wk,,,,not_assessed,FOB_score_8wk,0.0,0.00_vs_0_PBS,0,measured,P1,US9605263B2,"Table 15 (Example 12), ISIS 806681, column ""Score 8 weeks after injection""",,
CMS0890,CNS263,ISIS 806682,animal_invivo,chronic_neurotoxicity,mouse,duration_only,8wk,,,,irreversible,FOB_score_8wk,1.8,1.80_vs_0_PBS,2,measured,P1,US9605263B2,"Table 15 (Example 12), ISIS 806682, column ""Score 8 weeks after injection""",,
CMS0895,CNS264,ISIS 806683,animal_invivo,chronic_neurotoxicity,mouse,duration_only,8wk,,,,not_assessed,FOB_score_8wk,0.0,0.00_vs_0_PBS,0,measured,P1,US9605263B2,"Table 15 (Example 12), ISIS 806683, column ""Score 8 weeks after injection""",,
CMS0900,CNS265,ISIS 806684,animal_invivo,chronic_neurotoxicity,mouse,duration_only,8wk,,,,not_assessed,FOB_score_8wk,0.0,0.00_vs_0_PBS,0,measured,P1,US9605263B2,"Table 15 (Example 12), ISIS 806684, column ""Score 8 weeks after injection""",,
CMS0905,CNS266,ISIS 806685,animal_invivo,chronic_neurotoxicity,mouse,duration_only,8wk,,,,not_assessed,FOB_score_8wk,0.0,0.00_vs_0_PBS,0,measured,P1,US9605263B2,"Table 15 (Example 12), ISIS 806685, column ""Score 8 weeks after injection""",,
CMS0910,CNS267,ISIS 806686,animal_invivo,chronic_neurotoxicity,mouse,duration_only,8wk,,,,not_assessed,FOB_score_8wk,0.0,0.00_vs_0_PBS,0,measured,P1,US9605263B2,"Table 15 (Example 12), ISIS 806686, column ""Score 8 weeks after injection""",,
CMS0915,CNS268,ISIS 806687,animal_invivo,chronic_neurotoxicity,mouse,duration_only,8wk,,,,not_assessed,FOB_score_8wk,0.0,0.00_vs_0_PBS,0,measured,P1,US9605263B2,"Table 15 (Example 12), ISIS 806687, column ""Score 8 weeks after injection""",,
CMS0920,CNS269,ISIS 806688,animal_invivo,chronic_neurotoxicity,mouse,duration_only,8wk,,,,irreversible,FOB_score_8wk,1.8,1.80_vs_0_PBS,2,measured,P1,US9605263B2,"Table 15 (Example 12), ISIS 806688, column ""Score 8 weeks after injection""",,
CMS0925,CNS270,ISIS 806689,animal_invivo,chronic_neurotoxicity,mouse,duration_only,8wk,,,,not_assessed,FOB_score_8wk,0.0,0.00_vs_0_PBS,0,measured,P1,US9605263B2,"Table 15 (Example 12), ISIS 806689, column ""Score 8 weeks after injection""",,
CMS0930,CNS271,ISIS 806690,animal_invivo,chronic_neurotoxicity,mouse,duration_only,8wk,,,,not_assessed,FOB_score_8wk,0.0,0.00_vs_0_PBS,0,measured,P1,US9605263B2,"Table 15 (Example 12), ISIS 806690, column ""Score 8 weeks after injection""",,
CMS0931,CNS272,ISIS 806691,animal_invivo,chronic_neurotoxicity,mouse,duration_only,8wk,,,,irreversible,FOB_score_8wk,5.3,TBD,3,measured,P1,US9605263B2,"Table 15 (Example 12), ISIS 806691, column ""Score 8 weeks after injection""",,
CMS0937,CNS204,ISIS 801287,animal_invivo,chronic_neurotoxicity,rat,duration_only,8wk,,,,not_assessed,FOB_score_8wk,0.0,0.0_vs_0_saline,0,measured,P1,US9605263B2,"Table 16 (Example 13), ISIS 801287, column ""Score 8 weeks after injection""",,
CMS0943,CNS205,ISIS 801288,animal_invivo,chronic_neurotoxicity,rat,duration_only,8wk,,,,irreversible,FOB_score_8wk,3.5,3.5_vs_0_saline,3,measured,P1,US9605263B2,"Table 16 (Example 13), ISIS 801288, column ""Score 8 weeks after injection""",,
CMS0949,CNS234,ISIS 802459,animal_invivo,chronic_neurotoxicity,rat,duration_only,8wk,,,,not_assessed,FOB_score_8wk,0.0,0.0_vs_0_saline,0,measured,P1,US9605263B2,"Table 16 (Example 13), ISIS 802459, column ""Score 8 weeks after injection""",,
CMS0955,CNS248,ISIS 802473,animal_invivo,chronic_neurotoxicity,rat,duration_only,8wk,,,,irreversible,FOB_score_8wk,2.3,2.3_vs_0_saline,2,measured,P1,US9605263B2,"Table 16 (Example 13), ISIS 802473, column ""Score 8 weeks after injection""",,
CMS0961,CNS257,ISIS 806676,animal_invivo,chronic_neurotoxicity,rat,duration_only,8wk,,,,irreversible,FOB_score_8wk,1.8,1.8_vs_0_saline,2,measured,P1,US9605263B2,"Table 16 (Example 13), ISIS 806676, column ""Score 8 weeks after injection""",,
CMS0967,CNS260,ISIS 806679,animal_invivo,chronic_neurotoxicity,rat,duration_only,8wk,,,,not_assessed,FOB_score_8wk,0.0,0.0_vs_0_saline,0,measured,P1,US9605263B2,"Table 16 (Example 13), ISIS 806679, column ""Score 8 weeks after injection""",,
CMS0973,CNS261,ISIS 806680,animal_invivo,chronic_neurotoxicity,rat,duration_only,8wk,,,,not_assessed,FOB_score_8wk,0.3,0.3_vs_0_saline,0,measured,P1,US9605263B2,"Table 16 (Example 13), ISIS 806680, column ""Score 8 weeks after injection""",,
CMS0979,CNS271,ISIS 806690,animal_invivo,chronic_neurotoxicity,rat,duration_only,8wk,,,,not_assessed,FOB_score_8wk,0.0,0.0_vs_0_saline,0,measured,P1,US9605263B2,"Table 16 (Example 13), ISIS 806690, column ""Score 8 weeks after injection""",,
CMS1148,CNS013,tofersen,animal_invivo,chronic_neurotoxicity,monkey,duration_only,13wk-9mo,,,,not_assessed,neuronal_vacuolation,TBD,vs_vehicle_control,1,measured,R3,EMA/276404/2024,EPAR sec 2.5.4.2 Repeat dose toxicity narrative,,
CMS1151,CNS013,tofersen,animal_invivo,chronic_neurotoxicity,monkey,duration_only,9mo,,,,not_assessed,acute_neurotoxicity_score,0,no_adverse_effect,0,measured,R3,EMA/276404/2024,"EPAR sec 2.5.4.2 Repeat dose toxicity, 9-month monkey study",,
CMS1152,CNS013,tofersen,animal_invivo,chronic_neurotoxicity,monkey,duration_only,13wk,,,,not_assessed,acute_neurotoxicity_score,0,no_adverse_effect,0,assessed_no_effect,R3,EMA/276404/2024,"EPAR sec 2.5.4.2, 13-week monkey study",,
CMS1153,CNS013,tofersen,animal_invivo,chronic_neurotoxicity,mouse,duration_only,26wk,,,,not_assessed,CNS_finding_none_reported,0,no_adverse_findings_at_highest_dose,0,assessed_no_effect,R3,EMA/276404/2024,"EPAR sec 2.5.4.2, 26-week CD-1 mouse SC study",,
CMS1156,CNS012,nusinersen,animal_invivo,chronic_neurotoxicity,mouse,duration_only,13wk,,,,not_assessed,CNS_finding_none_reported,0,NOAEL_10mg/kg;no_CNS_findings_at_any_dose,0,assessed_no_effect,R6,EMA/289068/2017,"EPAR sec 2.3.4 Toxicology, 13-week juvenile CD-1 mouse SC study",,
CMS1158,CNS012,nusinersen,animal_invivo,chronic_neurotoxicity,monkey,duration_only,53wk,,,,not_assessed,hippocampal_neuronal_vacuolation_and_necrosis,1 mid-dose male,vs_vehicle_control,2,measured,R6,EMA/289068/2017,"EPAR sec 2.3.4 Toxicology, 53-week juvenile monkey IT study",,
CMS1159,CNS012,nusinersen,animal_invivo,chronic_neurotoxicity,monkey,duration_only,6 weekly IT doses,,,,not_assessed,hippocampal_neuronal_vacuolation,0,absent_with_Carnoy_or_Karnovsky_fixation,0,measured,R6,EMA/289068/2017,"EPAR sec 2.3.4 Toxicology, investigational cynomolgus study 396443-AS11",,
CMS1167,CNS013,tofersen,animal_invivo,chronic_neurotoxicity,monkey,duration_only,9mo,,,,not_assessed,acute_neurotoxicity_score,0,no_adverse_effect,0,assessed_no_effect,R2,EMA_EU/1/23/1783,EU SmPC sec 5.3 Toxicology; EPAR sec 2.5.4.2,,
CMS1168,CNS013,tofersen,animal_invivo,chronic_neurotoxicity,monkey,duration_only,9mo,,,,TBD,neurological_signs_requiring_diazepam,1 female,vs_vehicle_control,3,measured,R2,EMA_EU/1/23/1783,EU SmPC sec 5.3 Toxicology; corroborated by EPAR sec 2.5.4.2 (9-month study),,
CMS1184,CNS012,nusinersen,animal_invivo,chronic_neurotoxicity,monkey,duration_only,14wk,,,,not_assessed,hippocampal_neuronal_vacuolation_and_necrosis,TBD,present_at_mid_and_high_dose;absent_at_0.3mg,2,measured,R4,FDA_NDA209531,US label sec 8.4 Juvenile Animal Toxicity Data,,
CMS1185,CNS012,nusinersen,animal_invivo,chronic_neurotoxicity,monkey,duration_only,14wk,,,,not_assessed,hippocampal_neuronal_vacuolation_and_necrosis,TBD,present_at_mid_dose,2,measured,R4,FDA_NDA209531,US label sec 8.4 Juvenile Animal Toxicity Data,,
CMS1186,CNS012,nusinersen,animal_invivo,chronic_neurotoxicity,monkey,duration_only,14wk,,,,not_assessed,hippocampal_neuronal_vacuolation_and_necrosis,0,no_effect_dose_for_neurohistopathology,0,measured,R4,FDA_NDA209531,US label sec 8.4 Juvenile Animal Toxicity Data,,
CMS1187,CNS012,nusinersen,animal_invivo,chronic_neurotoxicity,monkey,duration_only,53wk,,,,not_assessed,hippocampal_neuronal_vacuolation_and_necrosis,0,no_effect_dose_for_neurohistopathology,0,measured,R4,FDA_NDA209531,US label sec 8.4 Juvenile Animal Toxicity Data,,
CMS1648,CNS510,Kuroda2025 ASO5,animal_invivo,chronic_neurotoxicity,mouse,duration_only,21d,,,,not_assessed,open_field_max_speed,TBD,no reduction in open-field maximum speed relative to vehicle; ASO5 served as the non-toxic negative control in this panel,0,measured,KUR2025,doi:10.1016/j.omtn.2025.102692,Figure 1C (open-field maximum speed),,
CMS1987,CNS542,Unnamed 2'-MOE ASO (Dubost 2025 NHP 41-week GLP study),animal_invivo,chronic_neurotoxicity,monkey,duration_only,41wk_dosing_plus_26wk_recovery,,,,TBD,glial_ependymal_ASO_accumulation,TBD,"glial and ependymal cells in the spinal cord also showed dose-dependent ASO accumulation, preceding detection of granular material by haematoxylin and eosin",1,measured,DUB2025,doi:10.1177/01926233241311277,abstract,,
CMS2181,CNS012,nusinersen,animal_invivo,chronic_neurotoxicity,monkey,duration_only,4wk,,,,not_assessed,hippocampal_neuronal_vacuolation,0/6,0/6_vs_0/6_concurrent_control,0,measured,R4,FDA_NDA209531,"Pharmacology Review p.22 (PDF p.25), 14-week monkey study, Day 36 interim-sacrifice histopathology; conclusion restated p.25 (PDF p.28)",,
CMS2221,CNS012,nusinersen,animal_invivo,chronic_neurotoxicity,monkey,duration_only,26wk_recovery,,,,not_assessed,hippocampal_neuronal_vacuolation,0/2,concurrent_vehicle_recovery_control,0,measured,R4,FDA_NDA209531,"Pharmacology Review p.39 (PDF p.42) Table IVC.8 'Histopathology findings in 1-year monkey study', MALES (Groups 1M-4M); top cell of each pair = terminal sacrifice, bottom cell = recovery sacrifice",,
CMS2236,CNS012,nusinersen,animal_invivo,chronic_neurotoxicity,monkey,duration_only,53wk,,,,not_assessed,tissue_concentration_hippocampus,10.1+/-2.81,dose_dependent_vs_zero_in_vehicle,0,assessed_no_effect,R4,FDA_NDA209531,"Pharmacology Review supervisory memo p.10 (PDF p.87), 1-year monkey study, table of tissue concentrations (mean +/- SD, ug/g) on Day 372, 7 days after the last dose",,
CMS2237,CNS012,nusinersen,animal_invivo,chronic_neurotoxicity,monkey,duration_only,53wk,,,,not_assessed,tissue_concentration_hippocampus,28.9+/-10.3,dose_dependent_vs_zero_in_vehicle,0,assessed_no_effect,R4,FDA_NDA209531,"Pharmacology Review supervisory memo p.10 (PDF p.87), 1-year monkey study, table of tissue concentrations (mean +/- SD, ug/g) on Day 372, 7 days after the last dose",,
CMS2238,CNS012,nusinersen,animal_invivo,chronic_neurotoxicity,monkey,duration_only,53wk,,,,not_assessed,tissue_concentration_hippocampus,88.9+/-18.0,dose_dependent_vs_zero_in_vehicle,0,assessed_no_effect,R4,FDA_NDA209531,"Pharmacology Review supervisory memo p.10 (PDF p.87), 1-year monkey study, table of tissue concentrations (mean +/- SD, ug/g) on Day 372, 7 days after the last dose",,
CMS2254,CNS012,nusinersen,animal_invivo,chronic_neurotoxicity,monkey,duration_only,14wk,,,,not_assessed,tissue_concentration_brain_cortex,15.2+/-3.9,dose_dependent_increase_vs_zero_in_vehicle,0,measured,R4,FDA_NDA209531,"Pharmacology Review supervisory memo p.7 (PDF p.84), 14-week monkey study, table of tissue concentrations (mean +/- SD, ug/g) on Day 106, 7 days after the last dose",,
CMS2255,CNS012,nusinersen,animal_invivo,chronic_neurotoxicity,monkey,duration_only,14wk,,,,not_assessed,tissue_concentration_brain_cortex,35.4+/-13.7,dose_dependent_increase_vs_zero_in_vehicle,0,measured,R4,FDA_NDA209531,"Pharmacology Review supervisory memo p.7 (PDF p.84), 14-week monkey study, table of tissue concentrations (mean +/- SD, ug/g) on Day 106, 7 days after the last dose",,
CMS2256,CNS012,nusinersen,animal_invivo,chronic_neurotoxicity,monkey,duration_only,14wk,,,,not_assessed,tissue_concentration_brain_cortex,166+/-45.8,dose_dependent_increase_vs_zero_in_vehicle,0,measured,R4,FDA_NDA209531,"Pharmacology Review supervisory memo p.7 (PDF p.84), 14-week monkey study, table of tissue concentrations (mean +/- SD, ug/g) on Day 106, 7 days after the last dose",,
CMS2276,CNS013,tofersen,animal_invivo,chronic_neurotoxicity,monkey,duration_only,13wk,,,,not_assessed,neuronal_vacuolation,0,concurrent_vehicle_control,0,assessed_no_effect,R1,FDA_NDA215887,"Integrated Review p.179 (PDF p.180) Section 13.1.3 General Toxicology, Monkey, 13-week Q2W IT study; safety-pharmacology NOAEL for the same study at p.178 (PDF p.179) Section 13.1.2",,
CMS2284,CNS013,tofersen,animal_invivo,chronic_neurotoxicity,monkey,duration_only,9mo,,,,not_assessed,patellar_and_foot_grip_reflex_impairment,TBD,high_dose_only_not_at_12mg_NOAEL,1,measured,R1,FDA_NDA215887,"Integrated Review p.179 (PDF p.180) Section 13.1.3 General Toxicology, Monkey, 9-month Q2W IT study; the same study is summarised at p.83 (PDF p.84) Section 7.1 Potential Risks or Safety Concerns Base",,
CMS2285,CNS013,tofersen,animal_invivo,chronic_neurotoxicity,monkey,duration_only,9mo,,,,not_assessed,patellar_and_foot_grip_reflex_impairment,0,no_neurological_signs_at_or_below_12mg,0,assessed_no_effect,R1,FDA_NDA215887,"Integrated Review p.179 (PDF p.180) Section 13.1.3 General Toxicology, Monkey, 9-month Q2W IT study; the same study is summarised at p.83 (PDF p.84) Section 7.1 Potential Risks or Safety Concerns Base",,
CMS2286,CNS013,tofersen,animal_invivo,chronic_neurotoxicity,monkey,duration_only,9mo,,,,not_assessed,uncoordinated_leg_movement,TBD,high_dose_only_not_at_12mg_NOAEL,1,measured,R1,FDA_NDA215887,"Integrated Review p.179 (PDF p.180) Section 13.1.3 General Toxicology, Monkey, 9-month Q2W IT study; the same study is summarised at p.83 (PDF p.84) Section 7.1 Potential Risks or Safety Concerns Base",,
