measurement_id,oligo_id,study_type,species,subject_class,system_model,tissue,delivery_method,dose_or_conc_value,dose_or_conc_unit,exposure_duration,readout_category,readout_name,readout_value,readout_unit,effect_direction,effect_vs_control,renal_endpoints_measured,nephrotox_grade,is_kidney_specific,source_id,source_ref,source_table,redistribution,notes
MSR001,OLG001,clinical,human,human_clinical,patient_cohort,kidney,systemic_dose,284,mg,weekly,clinical_renal_outcome,crescentic_glomerulonephritis,3,pct_incidence,increase,3pct_vs_0pct_placebo,measured_and_reported,3,TRUE,A1,NEJM2018_NEJMoa1716793;FDA_label_211172,NEURO-TTR;label_sec5.2,public_domain,all_cases_V30M_carriers;grade_provisional;renal_endpoints_measured_and_reported:positive_or_quantitative_finding_implies_measurement
MSR002,OLG001,clinical,human,human_clinical,patient_cohort,kidney,systemic_dose,284,mg,weekly,functional,UPCR_proteinuria_gt5xULN,15,pct_incidence,increase,15pct_vs_8pct_placebo,measured_and_reported,2,TRUE,A1,FDA_label_211172,label_sec5.2,public_domain,grade_provisional;renal_endpoints_measured_and_reported:positive_or_quantitative_finding_implies_measurement
MSR003,OLG001,clinical,human,human_clinical,patient_cohort,kidney,systemic_dose,284,mg,weekly,functional,serum_creatinine_rise_gt0.5mgdL,11,pct_incidence,increase,11pct_vs_2pct_placebo,measured_and_reported,2,TRUE,A1,FDA_label_211172,label_sec5.2,public_domain,grade_provisional;renal_endpoints_measured_and_reported:positive_or_quantitative_finding_implies_measurement
MSR004,OLG001,clinical,human,human_clinical,case_report,kidney,systemic_dose,284,mg,chronic,histopathology,focal_segmental_glomerulosclerosis,TBD,NA,increase,single_biopsy_confirmed_case,measured_and_reported,3,TRUE,A2,AJKD2022_S0272-6386_22_00929-5,case_report,summary_stat,grade_provisional;renal_endpoints_measured_and_reported:positive_or_quantitative_finding_implies_measurement
MSR005,OLG002,clinical,human,human_clinical,healthy_volunteer,proximal_tubule,systemic_dose,5,mg,4_weekly_doses,clinical_renal_outcome,acute_tubular_necrosis_AKI,TBD,NA,increase,biopsy_confirmed,measured_and_reported,3,TRUE,A3,vanPoelgeest2013_10.1111_bcp.12738,case_biopsy,summary_stat,tubular_necrosis_plus_ASO_accumulation;recovered_44d;grade_provisional;renal_endpoints_measured_and_reported:positive_or_quantitative_finding_implies_measurement
MSR006,OLG002,clinical,human,human_clinical,healthy_volunteer,proximal_tubule,systemic_dose,5,mg,4_weekly_doses,injury_biomarker,KIM-1_urinary,TBD,NA,increase,elevated_after_4_doses,measured_and_reported,2,TRUE,A3,vanPoelgeest2013_10.1111_bcp.12738,results,summary_stat,grade_provisional;renal_endpoints_measured_and_reported:positive_or_quantitative_finding_implies_measurement
MSR007,OLG002,clinical,human,human_clinical,healthy_volunteer,proximal_tubule,systemic_dose,5,mg,4_weekly_doses,injury_biomarker,beta2_microglobulin_urinary,TBD,NA,increase,elevated;also_alpha-GST,measured_and_reported,2,TRUE,A3,vanPoelgeest2013_10.1111_bcp.12738,results,summary_stat,grade_provisional;renal_endpoints_measured_and_reported:positive_or_quantitative_finding_implies_measurement
MSR008,OLG002,in_vitro,human,human_invitro,proximal_tubule_on_chip,proximal_tubule,gymnotic_free_uptake,TBD,uM,TBD,injury_biomarker,KIM-1,2.5,fold_change,increase,2.5fold_perfusate,measured_and_reported,2,TRUE,A4,ArchToxicol2021_10.1007_s00204-021-03062-8,results,summary_stat,in_vitro_model_recapitulates_clinical_nephrotox;grade_provisional;renal_endpoints_measured_and_reported:assay_readout_is_the_measurement
MSR009,OLG003,clinical,human,human_clinical,patient_cohort,kidney,systemic_dose,2.5,mg/kg,monthly,functional,eGFR_decrease_creatinine_rise,15,pct_incidence,increase,15pct_vs_7pct_placebo;median_plus0.07mgdL,measured_and_reported,1,TRUE,A5,NEJM2019_NEJMoa1913147;FDA_label_Givlaari,ENVISION;label,public_domain,porphyria_baseline_CKD_confounder;grade_provisional;renal_endpoints_measured_and_reported:positive_or_quantitative_finding_implies_measurement
MSR010,OLG003,clinical,human,human_clinical,patient_cohort,kidney,systemic_dose,2.5,mg/kg,monthly_24mo,clinical_renal_outcome,CKD_onset_or_worsening,5,patients,increase,5_givosiran_patients,measured_and_reported,2,TRUE,A6,LiverInt2022_10.1111_liv.15090,ENVISION_24mo,summary_stat,grade_provisional;renal_endpoints_measured_and_reported:positive_or_quantitative_finding_implies_measurement
MSR011,OLG004,clinical,human,human_clinical,patient_cohort,kidney,intrathecal,12,mg,per_dose,functional,urine_protein_elevated,58,pct_incidence,increase,58pct_vs_34pct_sham,measured_and_reported,1,TRUE,A7,FDA_label_Spinraza,label_sec5.3;Study1_and_2,public_domain,mild_proteinuria;monitored_each_dose;grade_provisional;renal_endpoints_measured_and_reported:positive_or_quantitative_finding_implies_measurement
MSR012,OLG005,clinical,human,human_clinical,patient_cohort,kidney,systemic_dose,285,mg,weekly,functional,proteinuria,7.84,pct_incidence,increase,7.84pct_treatment_naive,measured_and_reported,2,TRUE,A8,EMA_SmPC_Waylivra;APPROACH_NCT02658175,SmPC_sec4.4_4.8,public_domain,grade_provisional;renal_endpoints_measured_and_reported:positive_or_quantitative_finding_implies_measurement
MSR013,OLG005,clinical,human,human_clinical,patient_cohort,kidney,systemic_dose,285,mg,weekly,histopathology,focal_segmental_glomerulosclerosis,7.14,pct_incidence,increase,1_of_14_previously_treated,measured_and_reported,3,TRUE,A8,EMA_SmPC_Waylivra,SmPC,public_domain,grade_provisional;renal_endpoints_measured_and_reported:positive_or_quantitative_finding_implies_measurement
MSR014,OLG006,clinical,human,human_clinical,patient_cohort,kidney,systemic_dose,200,mg,weekly,functional,proteinuria_dipstick_1plus,9,pct_incidence,increase,9pct_vs_3pct_placebo,measured_and_reported,1,TRUE,A9,FDA_label_203568;EMA_EPAR_Kynamro,label_sec5;EPAR,public_domain,kidney_principal_target_organ;grade_provisional;renal_endpoints_measured_and_reported:positive_or_quantitative_finding_implies_measurement
MSR015,OLG006,clinical,human,human_clinical,patient_cohort,kidney,systemic_dose,200,mg,chronic,clinical_renal_outcome,glomerulonephritis,TBD,NA,increase,single_OLE_case,measured_and_reported,3,TRUE,A9,FDA_label_203568;EMA_EPAR_Kynamro,open_label_extension,public_domain,isolated_case;grade_provisional;renal_endpoints_measured_and_reported:positive_or_quantitative_finding_implies_measurement
MSR016,OLG007,clinical,human,human_clinical,patient_cohort,kidney,systemic_dose,284,mg,q6month,functional,proteinuria,0,pct_incidence,no_change,not_among_common_AEs,measured_and_reported,0,TRUE,A10,FDA_label_Leqvio;Novartis_SmPC,label_sec6,public_domain,negative_control;no_renal_dose_adjustment;grade_provisional;renal_endpoints_measured_and_reported:positive_or_quantitative_finding_implies_measurement
MSR017,OLG008,clinical,human,human_clinical,DMD_patients_n12,kidney,systemic_dose,6,mg/kg,72_weeks,functional,urinary_total_protein,210,mg/L,increase,from80to210mgL_p_lt0.001_recovery190,measured_and_reported,1,TRUE,N2,Janssen2019_PMC6796739,Fig1A_study_DMD114673,summary_stat,mild_subclinical_below_300mgL;grade_provisional;renal_endpoints_measured_and_reported:positive_or_quantitative_finding_implies_measurement
MSR018,OLG008,clinical,human,human_clinical,DMD_patients_n12,kidney,systemic_dose,6,mg/kg,72_weeks,functional,urinary_A1M,36.4,mg/L,increase,belowLOD_to_36.4mgL_p_lt0.001_ULN12,measured_and_reported,1,TRUE,N2,Janssen2019_PMC6796739,Fig1D,summary_stat,reversible_to_5.65_after_8wk_interruption;grade_provisional;renal_endpoints_measured_and_reported:positive_or_quantitative_finding_implies_measurement
MSR019,OLG008,clinical,human,human_clinical,DMD_patients_n12,kidney,systemic_dose,6,mg/kg,intermittent_8on_4off,functional,urinary_A1M_reversibility,7.11,mg/L,decrease,on33.4_to_off7.11mgL_p_lt0.001,measured_and_reported,1,TRUE,N2,Janssen2019_PMC6796739,Fig1E,summary_stat,demonstrates_reversibility;grade_provisional;renal_endpoints_measured_and_reported:positive_or_quantitative_finding_implies_measurement
MSR020,OLG008,animal_invivo,monkey,animal_invivo,cynomolgus_M_fascicularis,kidney,systemic_dose,12,mg/kg,39_weeks,functional,urinary_A1M,21,fold_change,increase,dose_dep_4x_6x_21x_at_2_6_12mgkg,measured_and_reported,1,TRUE,N2,Janssen2019_PMC6796739,results,summary_stat,correlates_kidney_accumulation_R2_0.98;grade_provisional;renal_endpoints_measured_and_reported:assay_readout_is_the_measurement
MSR021,OLG008,animal_invivo,monkey,animal_invivo,cynomolgus_M_fascicularis,kidney,systemic_dose,12,mg/kg,39_weeks,histopathology,tubular_damage,none,NA,no_change,no_histopath_tubular_toxicity_at_necropsy,measured_and_reported,0,TRUE,N2,Janssen2019_PMC6796739,necropsy_39wk,summary_stat,functional_proteinuria_without_structural_injury;grade_provisional;renal_endpoints_measured_and_reported:assay_readout_is_the_measurement
MSR022,OLG008,in_vitro,human,human_invitro,ciPTEC,proximal_tubule,gymnotic_free_uptake,10,fold_Cmax,7_days,viability,cell_viability,no_change,pct_control,no_change,no_cytotoxicity_up_to_7d,measured_and_reported,0,TRUE,N2,Janssen2019_PMC6796739,results,summary_stat,key_no_viability_loss;grade_provisional;renal_endpoints_measured_and_reported:assay_readout_is_the_measurement
MSR023,OLG008,in_vitro,human,human_invitro,ciPTEC,proximal_tubule,gymnotic_free_uptake,10,fold_Cmax,4-24h,functional,A1M_albumin_RAP_uptake,reduced,pct_control,decrease,reduced_receptor_mediated_uptake,measured_and_reported,1,TRUE,N2,Janssen2019_PMC6796739,Fig5,summary_stat,competes_for_megalin_cubilin_endocytosis;grade_provisional;renal_endpoints_measured_and_reported:assay_readout_is_the_measurement
MSR024,OLG008,in_vitro,human,human_invitro,ciPTEC,proximal_tubule,gymnotic_free_uptake,10,fold_Cmax,4-24h,accumulation,lysosomal_accumulation,present,NA,increase,accumulates_in_lysosomes,measured_and_reported,0,TRUE,N2,Janssen2019_PMC6796739,results,summary_stat,mechanistic_uptake;grade_provisional;renal_endpoints_measured_and_reported:assay_readout_is_the_measurement
MSR025,OLG009,in_vitro,human,human_invitro,ciPTEC,proximal_tubule,gymnotic_free_uptake,10.8,uM,0.5-4h,functional,BSA_albumin_uptake,50,pct_reduction,decrease,up_to_50pct_inhibition_conc_dependent,measured_and_reported,1,TRUE,N2,Janssen2019_PMC6796739,Fig5E-G,summary_stat,AON1_range_0.32-10.8uM;grade_provisional;renal_endpoints_measured_and_reported:assay_readout_is_the_measurement
MSR026,OLG010,in_vitro,human,human_invitro,ciPTEC,proximal_tubule,gymnotic_free_uptake,11.4,uM,0.5-4h,functional,BSA_albumin_uptake,50,pct_reduction,decrease,up_to_50pct_inhibition_conc_dependent,measured_and_reported,1,TRUE,N2,Janssen2019_PMC6796739,Fig5E-G,summary_stat,AON2_range_0.34-11.4uM;grade_provisional;renal_endpoints_measured_and_reported:assay_readout_is_the_measurement
MSR027,OLG011,animal_invivo,multi_species,animal_invivo,preclinical_mouse_rat_monkey,kidney,systemic_dose,TBD,NA,preclinical,histopathology,renal_toxicity_kidney_damage,present,NA,increase,kidney_damage_small_safety_margin_juvenile,measured_and_reported,2,TRUE,REV,Wu2022_PMC10174585;FDA_NCR_211970,golodirsen_section,summary_stat,FDA_renal_tox_warning;monitor_cystatinC_GFR;grade_provisional;renal_endpoints_measured_and_reported:assay_readout_is_the_measurement
MSR028,OLG012,animal_invivo,multi_species,animal_invivo,preclinical_tox_studies,kidney,systemic_dose,TBD,NA,preclinical,histopathology,renal_toxicity,present,NA,increase,kidney_toxicity_preclinical,measured_and_reported,2,TRUE,REV,Wu2022_PMC10174585;FDA_NCR_213026,casimersen_section,summary_stat,FDA_renal_tox_warning;grade_provisional;renal_endpoints_measured_and_reported:assay_readout_is_the_measurement
MSR029,OLG013,animal_invivo,multi_species,animal_invivo,preclinical_tox_studies,kidney,systemic_dose,TBD,NA,preclinical,histopathology,renal_toxicity_potential_glomerulonephritis,present,NA,increase,kidney_toxicity_preclinical,measured_and_reported,2,TRUE,REV,Wu2022_PMC10174585;FDA_label_Viltepso,viltolarsen_section,summary_stat,potential_GN_warning;monitor_cystatinC;grade_provisional;renal_endpoints_measured_and_reported:assay_readout_is_the_measurement
MSR030,OLG004,clinical,human,human_clinical,later_onset_SMA,kidney,intrathecal,12,mg,per_dose,functional,urine_protein_elevated,69,pct_incidence,increase,36of52_69pct_no_creatinine_or_cystatinC_rise,measured_and_reported,1,TRUE,REV,Wu2022_PMC10174585,nusinersen_section_FDA_label,summary_stat,renal_impairment_not_proven_controversial_possible_sampling_artifact;grade_provisional;renal_endpoints_measured_and_reported:positive_or_quantitative_finding_implies_measurement
MSR031,OLG014,animal_invivo,mouse,animal_invivo,mouse_kidney,proximal_tubule,systemic_dose,50,mg/kg,TBD,histopathology,proximal_tubular_pathology,mild,qualitative,increase,mild_proximal_tubular_pathology_dose_responsive,measured_and_reported,2,TRUE,K1,Sandelius2020_PMID33084520,results_histopath,summary_stat,grade_provisional;renal_endpoints_measured_and_reported:assay_readout_is_the_measurement
MSR032,OLG014,animal_invivo,mouse,animal_invivo,mouse_kidney,proximal_tubule,systemic_dose,50,mg/kg,TBD,injury_biomarker,KIM-1_urinary,elevated,qualitative,increase,elevated_vs_control_ASO,measured_and_reported,2,TRUE,K1,Sandelius2020_PMID33084520,results,summary_stat,KIM-1_most_associated_with_pathology;grade_provisional;renal_endpoints_measured_and_reported:assay_readout_is_the_measurement
MSR033,OLG014,animal_invivo,mouse,animal_invivo,mouse_kidney,proximal_tubule,systemic_dose,50,mg/kg,TBD,injury_biomarker,clusterin_urinary,elevated,qualitative,increase,elevated_vs_control_ASO,measured_and_reported,2,TRUE,K1,Sandelius2020_PMID33084520,results,summary_stat,clusterin_most_associated_with_pathology;grade_provisional;renal_endpoints_measured_and_reported:assay_readout_is_the_measurement
MSR034,OLG014,animal_invivo,mouse,animal_invivo,mouse_kidney,proximal_tubule,systemic_dose,50,mg/kg,TBD,injury_biomarker,NGAL_urinary,elevated,qualitative,increase,elevated_vs_control_ASO,measured_and_reported,2,TRUE,K1,Sandelius2020_PMID33084520,results,summary_stat,grade_provisional;renal_endpoints_measured_and_reported:assay_readout_is_the_measurement
MSR035,OLG014,animal_invivo,mouse,animal_invivo,mouse_kidney,proximal_tubule,systemic_dose,50,mg/kg,TBD,injury_biomarker,cystatin_C_urinary,elevated,qualitative,increase,elevated_vs_control_ASO,measured_and_reported,2,TRUE,K1,Sandelius2020_PMID33084520,results,summary_stat,grade_provisional;renal_endpoints_measured_and_reported:assay_readout_is_the_measurement
MSR036,OLG015,animal_invivo,mouse,animal_invivo,mouse_kidney,proximal_tubule,systemic_dose,TBD,mg/kg,TBD,histopathology,tubular_pathology,none,NA,no_change,no_histopathology,measured_and_reported,0,TRUE,K1,Sandelius2020_PMID33084520,results_histopath,summary_stat,control_ASO_same_chemistry;grade_provisional;renal_endpoints_measured_and_reported:assay_readout_is_the_measurement
MSR037,OLG015,animal_invivo,mouse,animal_invivo,mouse_kidney,proximal_tubule,systemic_dose,TBD,mg/kg,TBD,injury_biomarker,KIM-1_urinary,mild_elevation,qualitative,increase,mild_despite_no_pathology,measured_and_reported,1,TRUE,K1,Sandelius2020_PMID33084520,results,summary_stat,biomarker_rise_without_injury;grade_provisional;renal_endpoints_measured_and_reported:assay_readout_is_the_measurement
MSR038,OLG015,animal_invivo,mouse,animal_invivo,mouse_kidney,proximal_tubule,systemic_dose,TBD,mg/kg,TBD,injury_biomarker,NGAL_urinary,mild_elevation,qualitative,increase,mild_despite_no_pathology,measured_and_reported,1,TRUE,K1,Sandelius2020_PMID33084520,results,summary_stat,biomarker_rise_without_injury;grade_provisional;renal_endpoints_measured_and_reported:assay_readout_is_the_measurement
MSR039,OLG015,animal_invivo,mouse,animal_invivo,mouse_kidney,proximal_tubule,systemic_dose,TBD,mg/kg,TBD,injury_biomarker,cystatin_C_urinary,mild_elevation,qualitative,increase,mild_despite_no_pathology,measured_and_reported,1,TRUE,K1,Sandelius2020_PMID33084520,results,summary_stat,biomarker_rise_without_injury;grade_provisional;renal_endpoints_measured_and_reported:assay_readout_is_the_measurement
MSR040,OLG016,clinical,human,human_clinical,DMD_patients,kidney,systemic_dose,30,mg/kg,weekly,functional,proteinuria,10.1,pct_incidence,increase,8of79_resolved_except_one_no_creatinine_cystatinC_rise,measured_and_reported,1,TRUE,WS,PROMOVI_PMC8673535;FDA_label_Exondys51,clinical_safety,public_domain,mild_no_interruption_no_renal_warning_label;grade_provisional;renal_endpoints_measured_and_reported:positive_or_quantitative_finding_implies_measurement
MSR041,OLG016,animal_invivo,rat,animal_invivo,Sprague_Dawley,kidney,systemic_dose,TBD,mg/kg,subchronic,histopathology,microscopic_kidney_changes,mild,qualitative,increase,no_deaths_milder_than_golodirsen,measured_and_reported,1,TRUE,WS,FDA_NCR_211970_golodirsen_comparison,nonclinical,public_domain,no_severe_renal_impairment;grade_provisional;renal_endpoints_measured_and_reported:assay_readout_is_the_measurement
MSR042,OLG017,clinical,human,human_clinical,ALS_patients,kidney,intrathecal,100,mg,per_dose,functional,proteinuria,none,NA,no_change,no_tofersen_specific_renal_event_class_precaution_only,not_measured,0,TRUE,WS,Qalsody_FDA_label;EMA_EPAR,label_warnings,public_domain,neuro_AEs_predominate_ASO_class_renal_statement;grade_provisional;renal_endpoints_not_measured:label has no renal endpoint and no renal impairment subsection
MSR043,OLG018,clinical,human,human_clinical,ATTR_patients,kidney,systemic_dose,45,mg,monthly,functional,proteinuria,8.33,pct_incidence,increase,12of144,measured_and_reported,1,TRUE,WS,FDA_217388;Wainua_label,clinical_AE,public_domain,GalNAc_successor_to_inotersen_lower_renal_exposure;grade_provisional;renal_endpoints_measured_and_reported:positive_or_quantitative_finding_implies_measurement
MSR044,OLG019,clinical,human,human_clinical,ATTR_patients,kidney,systemic_dose,0.3,mg/kg,q3weeks,functional,renal_function_change,none,NA,no_change,no_clinically_significant_change_AKI_was_placebo_group,not_reported_in_source,0,TRUE,WS,Onpattro_PI;NBK549761,clinical_review,public_domain,LNP_delivery_negative_control;grade_provisional;renal_endpoints_not_reported_in_source:Onpattro label AE table carries no renal endpoint
MSR045,OLG020,clinical,human,human_clinical,PH1_patients,kidney,systemic_dose,TBD,mg/kg,monthly,functional,renal_safety,no_signal,NA,no_change,kidney_protective_oxalate_lowering_no_nephrotox,measured_and_reported,0,TRUE,WS,Oxlumo_label;NBK588653;ILLUMINATE-B,clinical_safety,public_domain,kidney_indication_negative_control;grade_provisional;renal_endpoints_measured_and_reported:eGFR reported but as efficacy/eligibility stratification not safety
MSR046,OLG021,clinical,human,human_clinical,PH1_patients,kidney,systemic_dose,TBD,mg,monthly,functional,eGFR,2.5,pct_change,no_change,mean_eGFR_change_plus2.5pct_preserved,measured_and_reported,0,TRUE,WS,Rivfloza_label;PMC11068990_PHYOX3,clinical_safety,summary_stat,GalNAc_siRNA_negative_control;grade_provisional;renal_endpoints_measured_and_reported:positive_or_quantitative_finding_implies_measurement
MSR047,OLG022,clinical,human,human_clinical,ATTR_patients,kidney,systemic_dose,25,mg,q3months,functional,renal_safety,no_signal,NA,no_change,no_new_renal_safety_concern_similar_in_eGFR_lt30,not_reported_in_source,0,TRUE,WS,Amvuttra_PI;HELIOS-A,clinical_safety,public_domain,GalNAc_siRNA_negative_control;grade_provisional;renal_endpoints_not_reported_in_source:Amvuttra label AE table carries no renal endpoint
MSR048,OLG023,animal_invivo,multi_species,animal_invivo,rat_and_monkey,proximal_tubule,systemic_dose,TBD,mg/kg,nonclinical,histopathology,basophilic_granules_proximal_tubule,present,NA,increase,reversible_not_adverse_typical_GalNAc_siRNA,measured_and_reported,1,TRUE,WS,NAT2019_PMC6987735,nonclinical_safety,summary_stat,ENDEAVOUR_mortality_separate_unexplained;grade_provisional;renal_endpoints_measured_and_reported:assay_readout_is_the_measurement
MSR049,OLG024,clinical,human,human_clinical,AMD_patients,kidney,intravitreal,0.3,mg,q6weeks,functional,systemic_renal_safety,no_signal,NA,no_change,no_systemic_nephrotox_no_renal_dose_adjustment,cannot_determine,0,TRUE,WS,Macugen_FDA_label_021756;PMC11944999,label,public_domain,aptamer_intravitreal_local_negative_control;grade_provisional;renal_endpoints_cannot_determine:unverified_absence_claim_not_checked_against_primary_source
MSR050,OLG025,animal_invivo,monkey,animal_invivo,cynomolgus,proximal_tubule,systemic_dose,TBD,mg/kg,subchronic,histopathology,basophilic_granules_tubular_vacuolation,present,NA,increase,reversible_no_tubular_dysfunction_normal_serumchem_urinalysis,measured_and_reported,1,TRUE,WS,Yu2012_Toxicology_ISIS113715_monkey,nonclinical,summary_stat,representative_2-MOE_ASO_renal_uptake;grade_provisional;renal_endpoints_measured_and_reported:assay_readout_is_the_measurement
MSR051,OLG011,animal_invivo,rat,animal_invivo,juvenile_Sprague_Dawley,kidney,systemic_dose,TBD,mg/kg,juvenile_high_dose,clinical_renal_outcome,renal_failure_premature_death,present,NA,increase,multiple_premature_deaths_tubular_degeneration_regeneration,measured_and_reported,3,TRUE,WS,FDA_NCR_211970_golodirsen,nonclinical_juvenile,public_domain,severe_juvenile_renal_toxicity;grade_provisional;renal_endpoints_measured_and_reported:assay_readout_is_the_measurement
MSR052,OLG013,animal_invivo,monkey,animal_invivo,cynomolgus,proximal_tubule,systemic_dose,600,mg/kg,single_IV,histopathology,proximal_tubule_vacuolation,present,NA,increase,single_600mgkg_IV_dose,measured_and_reported,2,TRUE,WS,FDA_review_Viltepso,nonclinical,public_domain,viltolarsen_monkey_PT_vacuolation;grade_provisional;renal_endpoints_measured_and_reported:assay_readout_is_the_measurement
MSR053,OLG026,animal_invivo,monkey,animal_invivo,cynomolgus,proximal_tubule,systemic_dose,20,mg/kg,weekly,histopathology,tubular_degeneration_basophilia_vacuolation,present,NA,increase,cortex_3500-4500ugg_atrophy_regeneration,measured_and_reported,2,TRUE,WS,Engelhardt2016_nat.2015.0598;PMID29846725,nonclinical,summary_stat,2-MOE_animal_overpredicts_vs_human;grade_provisional;renal_endpoints_measured_and_reported:assay_readout_is_the_measurement
MSR054,OLG027,animal_invivo,monkey,animal_invivo,cynomolgus,kidney,systemic_dose,10,mg/kg,nonclinical,histopathology,renal_atrophy,present,NA,increase,atrophic_kidney_at_10mgkg_RBC_renal_lumen_at_50mgkg,measured_and_reported,2,TRUE,WS,Alicaforsen_review_ScienceDirect,nonclinical,summary_stat,first_gen_PS-DNA_ASO;grade_provisional;renal_endpoints_measured_and_reported:assay_readout_is_the_measurement
MSR055,OLG028,clinical,human,human_clinical,hemophilia_patients,kidney,systemic_dose,TBD,mg,monthly,functional,renal_safety,no_signal,NA,no_change,no_PK_impact_of_renal_impairment_no_renal_AE,cannot_determine,0,TRUE,WS,Qfitlia_FDA_label_219019,label,public_domain,GalNAc_siRNA_negative_control;grade_provisional;renal_endpoints_cannot_determine:unverified_absence_claim_not_checked_against_primary_source
MSR056,OLG029,clinical,human,human_clinical,Crohn_patients,kidney,oral,160,mg,daily,functional,renal_safety,no_signal,NA,no_change,oral_low_systemic_kidney_exposure_well_tolerated,cannot_determine,0,TRUE,WS,NEJM2015_NEJMoa1407250,clinical_safety,summary_stat,oral_ASO_negative_control;grade_provisional;renal_endpoints_cannot_determine:unverified_absence_claim_not_checked_against_primary_source
MSR057,OLG030,animal_invivo,multi_species,animal_invivo,rat_and_monkey,proximal_tubule,systemic_dose,30,mg/kg,subacute,histopathology,basophilic_granules_proximal_tubule,present,NA,increase,at_ge30mgkg_no_degeneration_up_to_300mgkg,measured_and_reported,1,TRUE,WS,Janas2018_ToxPathol;Janas2019_NAR_PMC6468299,nonclinical_class,summary_stat,accumulation_without_injury_uptake_not_GalNAc_mediated;grade_provisional;renal_endpoints_measured_and_reported:assay_readout_is_the_measurement
MSR058,OLG031,clinical,human,human_clinical,pooled_2MOE_ASO_trials,kidney,systemic_dose,TBD,mg,chronic,functional,renal_function,no_significant_change,NA,no_change,no_significant_human_renal_dysfunction_animals_overpredict,cannot_determine,0,TRUE,WS,Crooke2018_PMC5790433,pooled_human_analysis,summary_stat,class_level_human_reassurance;grade_provisional;renal_endpoints_cannot_determine:unverified_absence_claim_not_checked_against_primary_source
MSR059,OLG012,animal_invivo,rat,animal_invivo,Sprague_Dawley,kidney,systemic_dose,250,mg/kg,13_weeks,histopathology,renal_tubular_degeneration,present,NA,increase,at_all_doses_250to2000mgkg_BUN_rise_at_2000,measured_and_reported,2,TRUE,WS,FDA_NCR_213026_casimersen,nonclinical_rat,public_domain,tubular_degeneration_all_doses;grade_provisional;renal_endpoints_measured_and_reported:assay_readout_is_the_measurement
MSR060,OLG012,animal_invivo,monkey,animal_invivo,cynomolgus,proximal_tubule,systemic_dose,640,mg/kg,nonclinical,histopathology,tubular_basophilia_vacuolation,present,NA,increase,all_doses_up_to_640mgkg,measured_and_reported,2,TRUE,WS,FDA_NCR_213026_casimersen,nonclinical_monkey,public_domain,cytoplasmic_basophilia_tubular_epithelium;grade_provisional;renal_endpoints_measured_and_reported:assay_readout_is_the_measurement
MSR061,OLG013,animal_invivo,multi_species,animal_invivo,mouse_rat_monkey,kidney,systemic_dose,240,mg/kg,repeat_dose_4to39wk,histopathology,renal_tubule_effects,present,NA,increase,kidney_primary_target_ge240mouse_ge250rat_ge200monkey,measured_and_reported,2,TRUE,WS,FDA_review_Viltepso_212154,nonclinical,public_domain,kidney_primary_target_organ;grade_provisional;renal_endpoints_measured_and_reported:assay_readout_is_the_measurement
MSR062,OLG022,animal_invivo,multi_species,animal_invivo,rat_and_monkey,kidney,systemic_dose,30,mg/kg,3to5_weeks,histopathology,basophilic_granules_kidney,present,NA,increase,nonadverse_reversible_correlates_PK,measured_and_reported,1,TRUE,WS,Janas2018_ToxPathol_PMC6249674,nonclinical_ALN-TTRSC02,summary_stat,vutrisiran_nonclinical_accumulation;grade_provisional;renal_endpoints_measured_and_reported:assay_readout_is_the_measurement
MSR063,OLG032,clinical,human,human_clinical,Lp(a)_patients,kidney,systemic_dose,TBD,mg,monthly,functional,nephrotoxicity_screen,no_signal,NA,no_change,no_excess_nephrotox_UTI_13pct_vs_6pct,not_measured,0,TRUE,WS,PMC7577764_ClinKidneyJ,clinical_safety,summary_stat,GalNAc_2-MOE_ASO_negative;grade_provisional;renal_endpoints_not_measured:no renal endpoint; trial excluded eGFR<60 and UACR>100mg/g
MSR064,OLG033,clinical,human,human_clinical,hypertension_patients,kidney,systemic_dose,TBD,mg,q3to6month,functional,kidney_function,no_signal,NA,no_change,no_kidney_dysfunction_no_hyperkalemia_despite_RAAS,cannot_determine,0,TRUE,WS,KARDIA_trials,clinical_safety,summary_stat,GalNAc_siRNA_negative;grade_provisional;renal_endpoints_cannot_determine:unverified_absence_claim_not_checked_against_primary_source
MSR065,OLG034,clinical,human,human_clinical,Lp(a)_patients,kidney,systemic_dose,TBD,mg,q12week,functional,renal_AE,0.9,pct_incidence,no_change,0.9pct_olpasiran_vs_1.9pct_placebo,measured_and_reported,0,TRUE,WS,OCEANa-DOSE_NEJM2023_NEJMoa2211023,clinical_safety,summary_stat,GalNAc_siRNA_negative_lower_than_placebo;grade_provisional;renal_endpoints_measured_and_reported:positive_or_quantitative_finding_implies_measurement
MSR066,OLG035,clinical,human,human_clinical,IgA_nephropathy_patients,kidney,systemic_dose,TBD,mg,monthly,functional,renal_safety,no_signal,NA,no_change,favorable_safety_reduces_proteinuria_kidney_indication,measured_and_reported,0,TRUE,WS,CJASN2024_PMC11020434,phase2_IgAN,summary_stat,"kidney_therapeutic_C5_siRNA;grade_provisional;renal_endpoints_measured_and_reported:eGFR measured, wk32 -2.9 vs placebo -6.3 mL/min/1.73m2"
MSR067,OLG036,clinical,human,human_clinical,HAE_patients,kidney,systemic_dose,TBD,mg,q4to8week,functional,renal_safety,no_signal,NA,no_change,only_injection_site_AEs_no_renal_signal,cannot_determine,0,TRUE,WS,NEJM2024_NEJMoa2402478;Dawnzera_label,clinical_safety,public_domain,GalNAc_2-MOE_ASO_negative;grade_provisional;renal_endpoints_cannot_determine:unverified_absence_claim_not_checked_against_primary_source
MSR068,OLG037,clinical,human,human_clinical,chronic_HBV_patients,kidney,systemic_dose,300,mg,weekly,functional,renal_dysfunction,mild,qualitative,increase,monitored_AE_no_serious_renal_injury,measured_and_reported,1,TRUE,WS,bepirovirsen_PMC9804925;B-Clear_NEJM,clinical_safety,summary_stat,unconjugated_2-MOE_ASO;grade_provisional;renal_endpoints_measured_and_reported:positive_or_quantitative_finding_implies_measurement
MSR069,OLG002,in_vitro,human,human_invitro,proximal_tubule_on_chip,proximal_tubule,gymnotic_free_uptake,TBD,uM,TBD,injury_biomarker,NGAL,3.9,fold_change,increase,3.9fold_perfusate,measured_and_reported,2,TRUE,A4,ArchToxicol2021_10.1007_s00204-021-03062-8,results,summary_stat,grade_provisional;renal_endpoints_measured_and_reported:assay_readout_is_the_measurement
MSR070,OLG002,in_vitro,human,human_invitro,proximal_tubule_on_chip,proximal_tubule,gymnotic_free_uptake,TBD,uM,TBD,injury_biomarker,clusterin,2.3,fold_change,increase,2.3fold_perfusate,measured_and_reported,2,TRUE,A4,ArchToxicol2021_10.1007_s00204-021-03062-8,results,summary_stat,grade_provisional;renal_endpoints_measured_and_reported:assay_readout_is_the_measurement
MSR071,OLG002,in_vitro,human,human_invitro,proximal_tubule_on_chip,proximal_tubule,gymnotic_free_uptake,TBD,uM,TBD,injury_biomarker,osteopontin,3.9,fold_change,increase,3.9fold_perfusate,measured_and_reported,2,TRUE,A4,ArchToxicol2021_10.1007_s00204-021-03062-8,results,summary_stat,grade_provisional;renal_endpoints_measured_and_reported:assay_readout_is_the_measurement
MSR072,OLG002,in_vitro,human,human_invitro,proximal_tubule_on_chip,proximal_tubule,gymnotic_free_uptake,TBD,uM,TBD,functional,VEGF,1.9,fold_change,increase,1.9fold_perfusate,measured_and_reported,1,TRUE,A4,ArchToxicol2021_10.1007_s00204-021-03062-8,results,summary_stat,milder_increase;grade_provisional;renal_endpoints_measured_and_reported:assay_readout_is_the_measurement
MSR073,OLG002,in_vitro,human,human_invitro,3D-RPTEC,proximal_tubule,gymnotic_free_uptake,TBD,uM,prolonged,viability,ATP_depletion,present,NA,decrease,after_prolonged_exposure_cytotoxicity,measured_and_reported,2,TRUE,WS,JTS_3D-RPTEC_jstage_jts51_75,results,summary_stat,ER_mitochondrial_stress_mechanism;grade_provisional;renal_endpoints_measured_and_reported:assay_readout_is_the_measurement
MSR074,OLG003,animal_invivo,rat,animal_invivo,Sprague_Dawley,proximal_tubule,systemic_dose,30,mg/kg,subacute,histopathology,basophilic_granules_proximal_tubule,present,NA,increase,ge30mgkg_IHC_confirmed_drug,measured_and_reported,1,TRUE,WS,Janas2018_ToxPathol_PMC6249674,nonclinical_givosiran,summary_stat,accumulation_IHC_confirmed;grade_provisional;renal_endpoints_measured_and_reported:assay_readout_is_the_measurement
MSR075,OLG020,animal_invivo,rat,animal_invivo,Sprague_Dawley,kidney,systemic_dose,TBD,mg/kg,subacute,histopathology,basophilic_granules_kidney,present,NA,increase,rat_kidney_basophilic_granules,measured_and_reported,1,TRUE,WS,Janas2018_ToxPathol_PMC6249674,nonclinical_lumasiran,summary_stat,accumulation;grade_provisional;renal_endpoints_measured_and_reported:assay_readout_is_the_measurement
MSR076,OLG001,animal_invivo,multi_species,animal_invivo,CD1_mouse_6mo_monkey_9mo,kidney,systemic_dose,TBD,mg/kg,6to9_months,accumulation,kidney_tissue_accumulation,present,NA,increase,kidney_highest_conc_half_life_13.5d,measured_and_reported,1,TRUE,WS,FDA_PharmR_211172,nonclinical,public_domain,2-MOE_class_accumulation;grade_provisional;renal_endpoints_measured_and_reported:assay_readout_is_the_measurement
MSR077,OLG038,clinical,human,human_clinical,cardiac_surgery_AKI_risk,kidney,systemic_dose,10,mg/kg,single_dose,clinical_renal_outcome,AKI_incidence,reduced,NA,decrease,13pct_absolute_risk_reduction_protective,cannot_determine,0,TRUE,WS,Circulation2021_CIRCULATIONAHA.120.053029,phase2,summary_stat,kidney_protective_p53_siRNA_reduces_AKI;grade_provisional;renal_endpoints_cannot_determine:unverified_absence_claim_not_checked_against_primary_source
MSR078,OLG039,clinical,human,human_clinical,AATD_patients,kidney,systemic_dose,TBD,mg,q4to12week,functional,renal_safety,no_signal,NA,no_change,well_tolerated_no_renal_signal_reported,not_measured,0,TRUE,WS,SEQUOIA_PMC12369710,clinical_safety,summary_stat,GalNAc_siRNA_negative;grade_provisional;renal_endpoints_not_measured:safety assessments were TEAEs FEV1 DLCO only; renal dysfunction excluded
MSR079,OLG040,clinical,human,human_clinical,dyslipidemia_patients,kidney,systemic_dose,TBD,mg,monthly,functional,renal_function_markers,no_change,NA,no_change,no_renal_function_change_vs_placebo,cannot_determine,0,TRUE,WS,TRANSLATE-TIMI70_Circulation2022,clinical_safety,summary_stat,GalNAc_2-MOE_ASO_negative;grade_provisional;renal_endpoints_cannot_determine:unverified_absence_claim_not_checked_against_primary_source
MSR080,OLG041,in_vitro,human,human_invitro,PTEC-TERT1,proximal_tubule,gymnotic_free_uptake,100,uM,9_days,viability,intracellular_ATP,no_change,pct_control,no_change,no_cytotoxicity_innocuous_scramble,measured_and_reported,0,TRUE,M1,Moisan2017_PMC5363415,Fig1-2,summary_stat,negative_control;grade_provisional;renal_endpoints_measured_and_reported:assay_readout_is_the_measurement
MSR081,OLG041,animal_invivo,rat,animal_invivo,rat_kidney,kidney,systemic_dose,TBD,mg/kg,short_term,histopathology,renal_histopathology,none,NA,no_change,innocuous_profile,measured_and_reported,0,TRUE,M1,Moisan2017_PMC5363415,Table1,summary_stat,scramble_negative_control;grade_provisional;renal_endpoints_measured_and_reported:assay_readout_is_the_measurement
MSR082,OLG042,in_vitro,human,human_invitro,PTEC-TERT1,proximal_tubule,gymnotic_free_uptake,100,uM,9_days,viability,intracellular_ATP,reduced,pct_control,decrease,concentration_dependent_cytotoxicity,measured_and_reported,2,TRUE,M1,Moisan2017_PMC5363415,Fig2,summary_stat,severely_nephrotoxic_AON;grade_provisional;renal_endpoints_measured_and_reported:assay_readout_is_the_measurement
MSR083,OLG042,in_vitro,human,human_invitro,PTEC-TERT1,proximal_tubule,gymnotic_free_uptake,100,uM,3to9_days,injury_biomarker,extracellular_EGF,elevated,pct_control,increase,EGF_accumulation_biomarker_of_toxicity,measured_and_reported,2,TRUE,M1,Moisan2017_PMC5363415,Fig2D,summary_stat,EGF_in_vitro_biomarker;grade_provisional;renal_endpoints_measured_and_reported:assay_readout_is_the_measurement
MSR084,OLG042,animal_invivo,rat,animal_invivo,rat_kidney,kidney,systemic_dose,TBD,mg/kg,short_term,histopathology,renal_histopathology,severe,NA,increase,severely_nephrotoxic,measured_and_reported,3,TRUE,M1,Moisan2017_PMC5363415,Table1,summary_stat,PCSK9_LNA;grade_provisional;renal_endpoints_measured_and_reported:assay_readout_is_the_measurement
MSR085,OLG043,in_vitro,human,human_invitro,PTEC-TERT1,proximal_tubule,gymnotic_free_uptake,100,uM,9_days,viability,intracellular_ATP,reduced,pct_control,decrease,mild_cytotoxicity,measured_and_reported,1,TRUE,M1,Moisan2017_PMC5363415,Fig2C,summary_stat,mildly_toxic_best_tolerated_of_PCSK9_series;grade_provisional;renal_endpoints_measured_and_reported:assay_readout_is_the_measurement
MSR086,OLG043,animal_invivo,rat,animal_invivo,rat_kidney,kidney,systemic_dose,TBD,mg/kg,short_term,histopathology,renal_histopathology,mild,NA,increase,mildly_toxic,measured_and_reported,1,TRUE,M1,Moisan2017_PMC5363415,Table1,summary_stat,PCSK9_LNA_mild;grade_provisional;renal_endpoints_measured_and_reported:assay_readout_is_the_measurement
MSR087,OLG044,in_vitro,human,human_invitro,PTEC-TERT1,proximal_tubule,gymnotic_free_uptake,100,uM,9_days,viability,intracellular_ATP,reduced,pct_control,decrease,concentration_dependent,measured_and_reported,2,TRUE,M1,Moisan2017_PMC5363415,Fig2C,summary_stat,MYD88_AON;grade_provisional;renal_endpoints_measured_and_reported:assay_readout_is_the_measurement
MSR088,OLG044,in_vitro,human,human_invitro,PTEC-TERT1,proximal_tubule,gymnotic_free_uptake,100,uM,3to9_days,injury_biomarker,extracellular_EGF,elevated,pct_control,increase,EGF_accumulation,measured_and_reported,2,TRUE,M1,Moisan2017_PMC5363415,Fig2D,summary_stat,MYD88_AON_kidney_pathology;grade_provisional;renal_endpoints_measured_and_reported:assay_readout_is_the_measurement
MSR089,OLG002,in_vitro,human,human_invitro,PTEC-TERT1,proximal_tubule,gymnotic_free_uptake,100,uM,9_days,viability,intracellular_ATP,reduced,pct_control,decrease,concentration_dependent_cytotoxicity,measured_and_reported,2,TRUE,M1,Moisan2017_PMC5363415,Fig1C-2,summary_stat,SPC5001_is_Moisan_AON-B;grade_provisional;renal_endpoints_measured_and_reported:assay_readout_is_the_measurement
MSR090,OLG002,in_vitro,human,human_invitro,PTEC-TERT1,proximal_tubule,gymnotic_free_uptake,100,uM,3to9_days,injury_biomarker,extracellular_EGF,elevated,pct_control,increase,EGF_accumulation_biomarker,measured_and_reported,2,TRUE,M1,Moisan2017_PMC5363415,Fig2D,summary_stat,SPC5001_is_Moisan_AON-B;grade_provisional;renal_endpoints_measured_and_reported:assay_readout_is_the_measurement
MSR91,OLG045,animal_invivo,rat,animal_invivo,rat_15day_nephrotox_study,kidney,systemic_dose,40,mg/kg,15_days,clinical_renal_outcome,in_vivo_nephrotoxicity_composite,innocuous,class,no_change,innocuous_kidneywt_creatinine_urineprotein_KIM-1,measured_and_reported,0,TRUE,N3,US11105794B2,Table1,public_domain,Roche_patent_panel_target_Scramble;grade_provisional;species_duration_dose_corrected_2026-09_from_US11105794_p25_method_WistarHan_rats_dosed_40mgkg_days1and8_sacrificed_day15;renal_endpoints_measured_and_reported:assay_readout_is_the_measurement
MSR92,OLG046,animal_invivo,rat,animal_invivo,rat_15day_nephrotox_study,kidney,systemic_dose,40,mg/kg,15_days,clinical_renal_outcome,in_vivo_nephrotoxicity_composite,low,class,increase,low_kidneywt_creatinine_urineprotein_KIM-1,measured_and_reported,1,TRUE,N3,US11105794B2,Table1,public_domain,Roche_patent_panel_target_PCSK9;grade_provisional;species_duration_dose_corrected_2026-09_from_US11105794_p25_method_WistarHan_rats_dosed_40mgkg_days1and8_sacrificed_day15;renal_endpoints_measured_and_reported:assay_readout_is_the_measurement
MSR93,OLG047,animal_invivo,rat,animal_invivo,rat_15day_nephrotox_study,kidney,systemic_dose,40,mg/kg,15_days,clinical_renal_outcome,in_vivo_nephrotoxicity_composite,medium,class,increase,medium_kidneywt_creatinine_urineprotein_KIM-1,measured_and_reported,2,TRUE,N3,US11105794B2,Table1,public_domain,Roche_patent_panel_target_PCSK9;grade_provisional;species_duration_dose_corrected_2026-09_from_US11105794_p25_method_WistarHan_rats_dosed_40mgkg_days1and8_sacrificed_day15;renal_endpoints_measured_and_reported:assay_readout_is_the_measurement
MSR94,OLG048,animal_invivo,rat,animal_invivo,rat_15day_nephrotox_study,kidney,systemic_dose,40,mg/kg,15_days,clinical_renal_outcome,in_vivo_nephrotoxicity_composite,high,class,increase,high_kidneywt_creatinine_urineprotein_KIM-1,measured_and_reported,3,TRUE,N3,US11105794B2,Table1,public_domain,Roche_patent_panel_target_PCSK9;grade_provisional;species_duration_dose_corrected_2026-09_from_US11105794_p25_method_WistarHan_rats_dosed_40mgkg_days1and8_sacrificed_day15;renal_endpoints_measured_and_reported:assay_readout_is_the_measurement
MSR95,OLG049,animal_invivo,rat,animal_invivo,rat_15day_nephrotox_study,kidney,systemic_dose,40,mg/kg,15_days,clinical_renal_outcome,in_vivo_nephrotoxicity_composite,medium,class,increase,medium_kidneywt_creatinine_urineprotein_KIM-1,measured_and_reported,2,TRUE,N3,US11105794B2,Table1,public_domain,Roche_patent_panel_target_Myd88;grade_provisional;species_duration_dose_corrected_2026-09_from_US11105794_p25_method_WistarHan_rats_dosed_40mgkg_days1and8_sacrificed_day15;renal_endpoints_measured_and_reported:assay_readout_is_the_measurement
MSR96,OLG050,animal_invivo,rat,animal_invivo,rat_15day_nephrotox_study,kidney,systemic_dose,40,mg/kg,15_days,clinical_renal_outcome,in_vivo_nephrotoxicity_composite,innocuous,class,no_change,innocuous_kidneywt_creatinine_urineprotein_KIM-1,measured_and_reported,0,TRUE,N3,US11105794B2,Table1,public_domain,Roche_patent_panel_target_Myd88;grade_provisional;species_duration_dose_corrected_2026-09_from_US11105794_p25_method_WistarHan_rats_dosed_40mgkg_days1and8_sacrificed_day15;renal_endpoints_measured_and_reported:assay_readout_is_the_measurement
MSR97,OLG051,animal_invivo,rat,animal_invivo,rat_15day_nephrotox_study,kidney,systemic_dose,40,mg/kg,15_days,clinical_renal_outcome,in_vivo_nephrotoxicity_composite,innocuous,class,no_change,innocuous_kidneywt_creatinine_urineprotein_KIM-1,measured_and_reported,0,TRUE,N3,US11105794B2,Table1,public_domain,Roche_patent_panel_target_Myd88;grade_provisional;species_duration_dose_corrected_2026-09_from_US11105794_p25_method_WistarHan_rats_dosed_40mgkg_days1and8_sacrificed_day15;renal_endpoints_measured_and_reported:assay_readout_is_the_measurement
MSR98,OLG052,animal_invivo,rat,animal_invivo,rat_15day_nephrotox_study,kidney,systemic_dose,40,mg/kg,15_days,clinical_renal_outcome,in_vivo_nephrotoxicity_composite,high,class,increase,high_kidneywt_creatinine_urineprotein_KIM-1,measured_and_reported,3,TRUE,N3,US11105794B2,Table1,public_domain,Roche_patent_panel_target_Myd88;grade_provisional;species_duration_dose_corrected_2026-09_from_US11105794_p25_method_WistarHan_rats_dosed_40mgkg_days1and8_sacrificed_day15;renal_endpoints_measured_and_reported:assay_readout_is_the_measurement
MSR99,OLG053,animal_invivo,rat,animal_invivo,rat_15day_nephrotox_study,kidney,systemic_dose,40,mg/kg,15_days,clinical_renal_outcome,in_vivo_nephrotoxicity_composite,low_medium,class,increase,low_medium_kidneywt_creatinine_urineprotein_KIM-1,measured_and_reported,2,TRUE,N3,US11105794B2,Table1,public_domain,Roche_patent_panel_target_Myd88;grade_provisional;species_duration_dose_corrected_2026-09_from_US11105794_p25_method_WistarHan_rats_dosed_40mgkg_days1and8_sacrificed_day15;renal_endpoints_measured_and_reported:assay_readout_is_the_measurement
MSR100,OLG054,animal_invivo,rat,animal_invivo,rat_15day_nephrotox_study,kidney,systemic_dose,40,mg/kg,15_days,clinical_renal_outcome,in_vivo_nephrotoxicity_composite,medium,class,increase,medium_kidneywt_creatinine_urineprotein_KIM-1,measured_and_reported,2,TRUE,N3,US11105794B2,Table1,public_domain,Roche_patent_panel_target_Myd88;grade_provisional;species_duration_dose_corrected_2026-09_from_US11105794_p25_method_WistarHan_rats_dosed_40mgkg_days1and8_sacrificed_day15;renal_endpoints_measured_and_reported:assay_readout_is_the_measurement
MSR101,OLG055,animal_invivo,rat,animal_invivo,rat_15day_nephrotox_study,kidney,systemic_dose,40,mg/kg,15_days,clinical_renal_outcome,in_vivo_nephrotoxicity_composite,medium,class,increase,medium_kidneywt_creatinine_urineprotein_KIM-1,measured_and_reported,2,TRUE,N3,US11105794B2,Table1,public_domain,Roche_patent_panel_target_Myd88;grade_provisional;species_duration_dose_corrected_2026-09_from_US11105794_p25_method_WistarHan_rats_dosed_40mgkg_days1and8_sacrificed_day15;renal_endpoints_measured_and_reported:assay_readout_is_the_measurement
MSR102,OLG056,animal_invivo,rat,animal_invivo,rat_15day_nephrotox_study,kidney,systemic_dose,40,mg/kg,15_days,clinical_renal_outcome,in_vivo_nephrotoxicity_composite,high,class,increase,high_kidneywt_creatinine_urineprotein_KIM-1,measured_and_reported,3,TRUE,N3,US11105794B2,Table1,public_domain,Roche_patent_panel_target_Myd88;grade_provisional;species_duration_dose_corrected_2026-09_from_US11105794_p25_method_WistarHan_rats_dosed_40mgkg_days1and8_sacrificed_day15;renal_endpoints_measured_and_reported:assay_readout_is_the_measurement
MSR103,OLG057,animal_invivo,rat,animal_invivo,rat_15day_nephrotox_study,kidney,systemic_dose,40,mg/kg,15_days,clinical_renal_outcome,in_vivo_nephrotoxicity_composite,medium,class,increase,medium_kidneywt_creatinine_urineprotein_KIM-1,measured_and_reported,2,TRUE,N3,US11105794B2,Table1,public_domain,Roche_patent_panel_target_Myd88;grade_provisional;species_duration_dose_corrected_2026-09_from_US11105794_p25_method_WistarHan_rats_dosed_40mgkg_days1and8_sacrificed_day15;renal_endpoints_measured_and_reported:assay_readout_is_the_measurement
MSR104,OLG058,animal_invivo,rat,animal_invivo,rat_15day_nephrotox_study,kidney,systemic_dose,40,mg/kg,15_days,clinical_renal_outcome,in_vivo_nephrotoxicity_composite,high,class,increase,high_kidneywt_creatinine_urineprotein_KIM-1,measured_and_reported,3,TRUE,N3,US11105794B2,Table1,public_domain,Roche_patent_panel_target_Myd88;grade_provisional;species_duration_dose_corrected_2026-09_from_US11105794_p25_method_WistarHan_rats_dosed_40mgkg_days1and8_sacrificed_day15;renal_endpoints_measured_and_reported:assay_readout_is_the_measurement
MSR105,OLG059,animal_invivo,rat,animal_invivo,rat_15day_nephrotox_study,kidney,systemic_dose,40,mg/kg,15_days,clinical_renal_outcome,in_vivo_nephrotoxicity_composite,medium_high,class,increase,medium_high_kidneywt_creatinine_urineprotein_KIM-1,measured_and_reported,3,TRUE,N3,US11105794B2,Table1,public_domain,Roche_patent_panel_target_BCL11A;grade_provisional;species_duration_dose_corrected_2026-09_from_US11105794_p25_method_WistarHan_rats_dosed_40mgkg_days1and8_sacrificed_day15;renal_endpoints_measured_and_reported:assay_readout_is_the_measurement
MSR106,OLG060,animal_invivo,rat,animal_invivo,rat_15day_nephrotox_study,kidney,systemic_dose,40,mg/kg,15_days,clinical_renal_outcome,in_vivo_nephrotoxicity_composite,medium_high,class,increase,medium_high_kidneywt_creatinine_urineprotein_KIM-1,measured_and_reported,3,TRUE,N3,US11105794B2,Table1,public_domain,Roche_patent_panel_target_BCL11A;grade_provisional;species_duration_dose_corrected_2026-09_from_US11105794_p25_method_WistarHan_rats_dosed_40mgkg_days1and8_sacrificed_day15;renal_endpoints_measured_and_reported:assay_readout_is_the_measurement
MSR107,OLG061,animal_invivo,rat,animal_invivo,rat_15day_nephrotox_study,kidney,systemic_dose,40,mg/kg,15_days,clinical_renal_outcome,in_vivo_nephrotoxicity_composite,high,class,increase,high_kidneywt_creatinine_urineprotein_KIM-1,measured_and_reported,3,TRUE,N3,US11105794B2,Table1,public_domain,Roche_patent_panel_target_BCL11A;grade_provisional;species_duration_dose_corrected_2026-09_from_US11105794_p25_method_WistarHan_rats_dosed_40mgkg_days1and8_sacrificed_day15;renal_endpoints_measured_and_reported:assay_readout_is_the_measurement
MSR108,OLG062,animal_invivo,rat,animal_invivo,rat_15day_nephrotox_study,kidney,systemic_dose,40,mg/kg,15_days,clinical_renal_outcome,in_vivo_nephrotoxicity_composite,low,class,increase,low_kidneywt_creatinine_urineprotein_KIM-1,measured_and_reported,1,TRUE,N3,US11105794B2,Table1,public_domain,Roche_patent_panel_target_BCL11A;grade_provisional;species_duration_dose_corrected_2026-09_from_US11105794_p25_method_WistarHan_rats_dosed_40mgkg_days1and8_sacrificed_day15;renal_endpoints_measured_and_reported:assay_readout_is_the_measurement
MSR109,OLG063,animal_invivo,rat,animal_invivo,rat_15day_nephrotox_study,kidney,systemic_dose,40,mg/kg,15_days,clinical_renal_outcome,in_vivo_nephrotoxicity_composite,low_medium,class,increase,low_medium_kidneywt_creatinine_urineprotein_KIM-1,measured_and_reported,2,TRUE,N3,US11105794B2,Table1,public_domain,Roche_patent_panel_target_BCL11A;grade_provisional;species_duration_dose_corrected_2026-09_from_US11105794_p25_method_WistarHan_rats_dosed_40mgkg_days1and8_sacrificed_day15;renal_endpoints_measured_and_reported:assay_readout_is_the_measurement
MSR110,OLG064,animal_invivo,rat,animal_invivo,rat_15day_nephrotox_study,kidney,systemic_dose,40,mg/kg,15_days,clinical_renal_outcome,in_vivo_nephrotoxicity_composite,high,class,increase,high_kidneywt_creatinine_urineprotein_KIM-1,measured_and_reported,3,TRUE,N3,US11105794B2,Table1,public_domain,Roche_patent_panel_target_BCL11A;grade_provisional;species_duration_dose_corrected_2026-09_from_US11105794_p25_method_WistarHan_rats_dosed_40mgkg_days1and8_sacrificed_day15;renal_endpoints_measured_and_reported:assay_readout_is_the_measurement
MSR111,OLG065,animal_invivo,rat,animal_invivo,rat_15day_nephrotox_study,kidney,systemic_dose,40,mg/kg,15_days,clinical_renal_outcome,in_vivo_nephrotoxicity_composite,low_medium,class,increase,low_medium_kidneywt_creatinine_urineprotein_KIM-1,measured_and_reported,2,TRUE,N3,US11105794B2,Table1,public_domain,Roche_patent_panel_target_SGLT2;grade_provisional;species_duration_dose_corrected_2026-09_from_US11105794_p25_method_WistarHan_rats_dosed_40mgkg_days1and8_sacrificed_day15;renal_endpoints_measured_and_reported:assay_readout_is_the_measurement
MSR112,OLG045,in_vitro,human,human_invitro,PTEC-TERT1,proximal_tubule,gymnotic_free_uptake,3,uM,3_days,injury_biomarker,extracellular_EGF,88,pct_saline_control,no_change,0.88x,measured_and_reported,0,TRUE,N3,US11105794,Table 2,public_domain,patent_compound_1-1;invivo_class_innocuous;SD_3;gymnotic_naked_uptake;mean_of_3_identical_treatments;grade_from_fold_over_saline_rubric_see_scripts_extract_patent_table2;grade_provisional;renal_endpoints_measured_and_reported:assay_readout_is_the_measurement
MSR113,OLG045,in_vitro,human,human_invitro,PTEC-TERT1,proximal_tubule,gymnotic_free_uptake,10,uM,3_days,injury_biomarker,extracellular_EGF,93,pct_saline_control,no_change,0.93x,measured_and_reported,0,TRUE,N3,US11105794,Table 2,public_domain,patent_compound_1-1;invivo_class_innocuous;SD_4;gymnotic_naked_uptake;mean_of_3_identical_treatments;grade_from_fold_over_saline_rubric_see_scripts_extract_patent_table2;grade_provisional;renal_endpoints_measured_and_reported:assay_readout_is_the_measurement
MSR114,OLG045,in_vitro,human,human_invitro,PTEC-TERT1,proximal_tubule,gymnotic_free_uptake,30,uM,3_days,injury_biomarker,extracellular_EGF,108,pct_saline_control,no_change,1.08x,measured_and_reported,0,TRUE,N3,US11105794,Table 2,public_domain,patent_compound_1-1;invivo_class_innocuous;SD_4;gymnotic_naked_uptake;mean_of_3_identical_treatments;grade_from_fold_over_saline_rubric_see_scripts_extract_patent_table2;grade_provisional;renal_endpoints_measured_and_reported:assay_readout_is_the_measurement
MSR115,OLG045,in_vitro,human,human_invitro,PTEC-TERT1,proximal_tubule,gymnotic_free_uptake,100,uM,3_days,injury_biomarker,extracellular_EGF,119,pct_saline_control,increase,1.19x,measured_and_reported,0,TRUE,N3,US11105794,Table 2,public_domain,patent_compound_1-1;invivo_class_innocuous;SD_3;gymnotic_naked_uptake;mean_of_3_identical_treatments;grade_from_fold_over_saline_rubric_see_scripts_extract_patent_table2;grade_provisional;renal_endpoints_measured_and_reported:assay_readout_is_the_measurement
MSR116,OLG045,in_vitro,human,human_invitro,PTEC-TERT1,proximal_tubule,gymnotic_free_uptake,3,uM,6_days,injury_biomarker,extracellular_EGF,124,pct_saline_control,increase,1.24x,measured_and_reported,0,TRUE,N3,US11105794,Table 2,public_domain,patent_compound_1-1;invivo_class_innocuous;SD_1;gymnotic_naked_uptake;mean_of_3_identical_treatments;grade_from_fold_over_saline_rubric_see_scripts_extract_patent_table2;grade_provisional;renal_endpoints_measured_and_reported:assay_readout_is_the_measurement
MSR117,OLG045,in_vitro,human,human_invitro,PTEC-TERT1,proximal_tubule,gymnotic_free_uptake,10,uM,6_days,injury_biomarker,extracellular_EGF,152,pct_saline_control,increase,1.52x,measured_and_reported,0,TRUE,N3,US11105794,Table 2,public_domain,patent_compound_1-1;invivo_class_innocuous;SD_0.8;gymnotic_naked_uptake;mean_of_3_identical_treatments;grade_from_fold_over_saline_rubric_see_scripts_extract_patent_table2;grade_provisional;renal_endpoints_measured_and_reported:assay_readout_is_the_measurement
MSR118,OLG045,in_vitro,human,human_invitro,PTEC-TERT1,proximal_tubule,gymnotic_free_uptake,30,uM,6_days,injury_biomarker,extracellular_EGF,180,pct_saline_control,increase,1.80x,measured_and_reported,0,TRUE,N3,US11105794,Table 2,public_domain,patent_compound_1-1;invivo_class_innocuous;SD_4;gymnotic_naked_uptake;mean_of_3_identical_treatments;grade_from_fold_over_saline_rubric_see_scripts_extract_patent_table2;grade_provisional;renal_endpoints_measured_and_reported:assay_readout_is_the_measurement
MSR119,OLG045,in_vitro,human,human_invitro,PTEC-TERT1,proximal_tubule,gymnotic_free_uptake,100,uM,6_days,injury_biomarker,extracellular_EGF,172,pct_saline_control,increase,1.72x,measured_and_reported,0,TRUE,N3,US11105794,Table 2,public_domain,patent_compound_1-1;invivo_class_innocuous;SD_3;gymnotic_naked_uptake;mean_of_3_identical_treatments;grade_from_fold_over_saline_rubric_see_scripts_extract_patent_table2;grade_provisional;renal_endpoints_measured_and_reported:assay_readout_is_the_measurement
MSR120,OLG045,in_vitro,human,human_invitro,primary_human_PTEC,proximal_tubule,gymnotic_free_uptake,3,uM,3_days,injury_biomarker,extracellular_EGF,95,pct_saline_control,no_change,0.95x,measured_and_reported,0,TRUE,N3,US11105794,Table 2,public_domain,patent_compound_1-1;invivo_class_innocuous;SD_7;gymnotic_naked_uptake;mean_of_3_identical_treatments;grade_from_fold_over_saline_rubric_see_scripts_extract_patent_table2;grade_provisional;renal_endpoints_measured_and_reported:assay_readout_is_the_measurement
MSR121,OLG045,in_vitro,human,human_invitro,primary_human_PTEC,proximal_tubule,gymnotic_free_uptake,10,uM,3_days,injury_biomarker,extracellular_EGF,99,pct_saline_control,no_change,0.99x,measured_and_reported,0,TRUE,N3,US11105794,Table 2,public_domain,patent_compound_1-1;invivo_class_innocuous;SD_20;gymnotic_naked_uptake;mean_of_3_identical_treatments;grade_from_fold_over_saline_rubric_see_scripts_extract_patent_table2;grade_provisional;renal_endpoints_measured_and_reported:assay_readout_is_the_measurement
MSR122,OLG045,in_vitro,human,human_invitro,primary_human_PTEC,proximal_tubule,gymnotic_free_uptake,30,uM,3_days,injury_biomarker,extracellular_EGF,112,pct_saline_control,no_change,1.12x,measured_and_reported,0,TRUE,N3,US11105794,Table 2,public_domain,patent_compound_1-1;invivo_class_innocuous;SD_5;gymnotic_naked_uptake;mean_of_3_identical_treatments;grade_from_fold_over_saline_rubric_see_scripts_extract_patent_table2;grade_provisional;renal_endpoints_measured_and_reported:assay_readout_is_the_measurement
MSR123,OLG045,in_vitro,human,human_invitro,primary_human_PTEC,proximal_tubule,gymnotic_free_uptake,100,uM,3_days,injury_biomarker,extracellular_EGF,120,pct_saline_control,increase,1.20x,measured_and_reported,0,TRUE,N3,US11105794,Table 2,public_domain,patent_compound_1-1;invivo_class_innocuous;SD_13;gymnotic_naked_uptake;mean_of_3_identical_treatments;grade_from_fold_over_saline_rubric_see_scripts_extract_patent_table2;grade_provisional;renal_endpoints_measured_and_reported:assay_readout_is_the_measurement
MSR124,OLG045,in_vitro,human,human_invitro,primary_human_PTEC,proximal_tubule,gymnotic_free_uptake,3,uM,6_days,injury_biomarker,extracellular_EGF,62,pct_saline_control,decrease,0.62x,measured_and_reported,0,TRUE,N3,US11105794,Table 2,public_domain,patent_compound_1-1;invivo_class_innocuous;SD_6;gymnotic_naked_uptake;mean_of_3_identical_treatments;grade_from_fold_over_saline_rubric_see_scripts_extract_patent_table2;grade_provisional;renal_endpoints_measured_and_reported:assay_readout_is_the_measurement
MSR125,OLG045,in_vitro,human,human_invitro,primary_human_PTEC,proximal_tubule,gymnotic_free_uptake,10,uM,6_days,injury_biomarker,extracellular_EGF,71,pct_saline_control,decrease,0.71x,measured_and_reported,0,TRUE,N3,US11105794,Table 2,public_domain,patent_compound_1-1;invivo_class_innocuous;SD_5;gymnotic_naked_uptake;mean_of_3_identical_treatments;grade_from_fold_over_saline_rubric_see_scripts_extract_patent_table2;grade_provisional;renal_endpoints_measured_and_reported:assay_readout_is_the_measurement
MSR126,OLG045,in_vitro,human,human_invitro,primary_human_PTEC,proximal_tubule,gymnotic_free_uptake,30,uM,6_days,injury_biomarker,extracellular_EGF,77,pct_saline_control,decrease,0.77x,measured_and_reported,0,TRUE,N3,US11105794,Table 2,public_domain,patent_compound_1-1;invivo_class_innocuous;SD_4;gymnotic_naked_uptake;mean_of_3_identical_treatments;grade_from_fold_over_saline_rubric_see_scripts_extract_patent_table2;grade_provisional;renal_endpoints_measured_and_reported:assay_readout_is_the_measurement
MSR127,OLG045,in_vitro,human,human_invitro,primary_human_PTEC,proximal_tubule,gymnotic_free_uptake,100,uM,6_days,injury_biomarker,extracellular_EGF,98,pct_saline_control,no_change,0.98x,measured_and_reported,0,TRUE,N3,US11105794,Table 2,public_domain,patent_compound_1-1;invivo_class_innocuous;SD_5;gymnotic_naked_uptake;mean_of_3_identical_treatments;grade_from_fold_over_saline_rubric_see_scripts_extract_patent_table2;grade_provisional;renal_endpoints_measured_and_reported:assay_readout_is_the_measurement
MSR128,OLG047,in_vitro,human,human_invitro,PTEC-TERT1,proximal_tubule,gymnotic_free_uptake,3,uM,3_days,injury_biomarker,extracellular_EGF,70,pct_saline_control,decrease,0.70x,measured_and_reported,0,TRUE,N3,US11105794,Table 2,public_domain,patent_compound_3-1;invivo_class_medium;SD_5;gymnotic_naked_uptake;mean_of_3_identical_treatments;grade_from_fold_over_saline_rubric_see_scripts_extract_patent_table2;grade_provisional;renal_endpoints_measured_and_reported:assay_readout_is_the_measurement
MSR129,OLG047,in_vitro,human,human_invitro,PTEC-TERT1,proximal_tubule,gymnotic_free_uptake,10,uM,3_days,injury_biomarker,extracellular_EGF,75,pct_saline_control,decrease,0.75x,measured_and_reported,0,TRUE,N3,US11105794,Table 2,public_domain,patent_compound_3-1;invivo_class_medium;SD_17;gymnotic_naked_uptake;mean_of_3_identical_treatments;grade_from_fold_over_saline_rubric_see_scripts_extract_patent_table2;grade_provisional;renal_endpoints_measured_and_reported:assay_readout_is_the_measurement
MSR130,OLG047,in_vitro,human,human_invitro,PTEC-TERT1,proximal_tubule,gymnotic_free_uptake,30,uM,3_days,injury_biomarker,extracellular_EGF,70,pct_saline_control,decrease,0.70x,measured_and_reported,0,TRUE,N3,US11105794,Table 2,public_domain,patent_compound_3-1;invivo_class_medium;SD_13;gymnotic_naked_uptake;mean_of_3_identical_treatments;grade_from_fold_over_saline_rubric_see_scripts_extract_patent_table2;grade_provisional;renal_endpoints_measured_and_reported:assay_readout_is_the_measurement
MSR131,OLG047,in_vitro,human,human_invitro,PTEC-TERT1,proximal_tubule,gymnotic_free_uptake,100,uM,3_days,injury_biomarker,extracellular_EGF,128,pct_saline_control,increase,1.28x,measured_and_reported,0,TRUE,N3,US11105794,Table 2,public_domain,patent_compound_3-1;invivo_class_medium;SD_12;gymnotic_naked_uptake;mean_of_3_identical_treatments;grade_from_fold_over_saline_rubric_see_scripts_extract_patent_table2;grade_provisional;renal_endpoints_measured_and_reported:assay_readout_is_the_measurement
MSR132,OLG047,in_vitro,human,human_invitro,PTEC-TERT1,proximal_tubule,gymnotic_free_uptake,3,uM,6_days,injury_biomarker,extracellular_EGF,124,pct_saline_control,increase,1.24x,measured_and_reported,0,TRUE,N3,US11105794,Table 2,public_domain,patent_compound_3-1;invivo_class_medium;SD_1;gymnotic_naked_uptake;mean_of_3_identical_treatments;grade_from_fold_over_saline_rubric_see_scripts_extract_patent_table2;grade_provisional;renal_endpoints_measured_and_reported:assay_readout_is_the_measurement
MSR133,OLG047,in_vitro,human,human_invitro,PTEC-TERT1,proximal_tubule,gymnotic_free_uptake,10,uM,6_days,injury_biomarker,extracellular_EGF,137,pct_saline_control,increase,1.37x,measured_and_reported,0,TRUE,N3,US11105794,Table 2,public_domain,patent_compound_3-1;invivo_class_medium;SD_2;gymnotic_naked_uptake;mean_of_3_identical_treatments;grade_from_fold_over_saline_rubric_see_scripts_extract_patent_table2;grade_provisional;renal_endpoints_measured_and_reported:assay_readout_is_the_measurement
MSR134,OLG047,in_vitro,human,human_invitro,PTEC-TERT1,proximal_tubule,gymnotic_free_uptake,30,uM,6_days,injury_biomarker,extracellular_EGF,231,pct_saline_control,increase,2.31x,measured_and_reported,1,TRUE,N3,US11105794,Table 2,public_domain,patent_compound_3-1;invivo_class_medium;SD_4;gymnotic_naked_uptake;mean_of_3_identical_treatments;grade_from_fold_over_saline_rubric_see_scripts_extract_patent_table2;grade_provisional;renal_endpoints_measured_and_reported:assay_readout_is_the_measurement
MSR135,OLG047,in_vitro,human,human_invitro,PTEC-TERT1,proximal_tubule,gymnotic_free_uptake,100,uM,6_days,injury_biomarker,extracellular_EGF,2413,pct_saline_control,increase,24.13x,measured_and_reported,3,TRUE,N3,US11105794,Table 2,public_domain,patent_compound_3-1;invivo_class_medium;SD_22;gymnotic_naked_uptake;mean_of_3_identical_treatments;grade_from_fold_over_saline_rubric_see_scripts_extract_patent_table2;grade_provisional;renal_endpoints_measured_and_reported:assay_readout_is_the_measurement
MSR136,OLG047,in_vitro,human,human_invitro,primary_human_PTEC,proximal_tubule,gymnotic_free_uptake,3,uM,3_days,injury_biomarker,extracellular_EGF,114,pct_saline_control,no_change,1.14x,measured_and_reported,0,TRUE,N3,US11105794,Table 2,public_domain,patent_compound_3-1;invivo_class_medium;SD_22;gymnotic_naked_uptake;mean_of_3_identical_treatments;grade_from_fold_over_saline_rubric_see_scripts_extract_patent_table2;grade_provisional;renal_endpoints_measured_and_reported:assay_readout_is_the_measurement
MSR137,OLG047,in_vitro,human,human_invitro,primary_human_PTEC,proximal_tubule,gymnotic_free_uptake,10,uM,3_days,injury_biomarker,extracellular_EGF,139,pct_saline_control,increase,1.39x,measured_and_reported,0,TRUE,N3,US11105794,Table 2,public_domain,patent_compound_3-1;invivo_class_medium;SD_19;gymnotic_naked_uptake;mean_of_3_identical_treatments;grade_from_fold_over_saline_rubric_see_scripts_extract_patent_table2;grade_provisional;renal_endpoints_measured_and_reported:assay_readout_is_the_measurement
MSR138,OLG047,in_vitro,human,human_invitro,primary_human_PTEC,proximal_tubule,gymnotic_free_uptake,30,uM,3_days,injury_biomarker,extracellular_EGF,134,pct_saline_control,increase,1.34x,measured_and_reported,0,TRUE,N3,US11105794,Table 2,public_domain,patent_compound_3-1;invivo_class_medium;SD_16;gymnotic_naked_uptake;mean_of_3_identical_treatments;grade_from_fold_over_saline_rubric_see_scripts_extract_patent_table2;grade_provisional;renal_endpoints_measured_and_reported:assay_readout_is_the_measurement
MSR139,OLG047,in_vitro,human,human_invitro,primary_human_PTEC,proximal_tubule,gymnotic_free_uptake,100,uM,3_days,injury_biomarker,extracellular_EGF,269,pct_saline_control,increase,2.69x,measured_and_reported,1,TRUE,N3,US11105794,Table 2,public_domain,patent_compound_3-1;invivo_class_medium;SD_60;gymnotic_naked_uptake;mean_of_3_identical_treatments;grade_from_fold_over_saline_rubric_see_scripts_extract_patent_table2;grade_provisional;renal_endpoints_measured_and_reported:assay_readout_is_the_measurement
MSR140,OLG047,in_vitro,human,human_invitro,primary_human_PTEC,proximal_tubule,gymnotic_free_uptake,3,uM,6_days,injury_biomarker,extracellular_EGF,152,pct_saline_control,increase,1.52x,measured_and_reported,0,TRUE,N3,US11105794,Table 2,public_domain,patent_compound_3-1;invivo_class_medium;SD_28;gymnotic_naked_uptake;mean_of_3_identical_treatments;grade_from_fold_over_saline_rubric_see_scripts_extract_patent_table2;grade_provisional;renal_endpoints_measured_and_reported:assay_readout_is_the_measurement
MSR141,OLG047,in_vitro,human,human_invitro,primary_human_PTEC,proximal_tubule,gymnotic_free_uptake,10,uM,6_days,injury_biomarker,extracellular_EGF,286,pct_saline_control,increase,2.86x,measured_and_reported,1,TRUE,N3,US11105794,Table 2,public_domain,patent_compound_3-1;invivo_class_medium;SD_11;gymnotic_naked_uptake;mean_of_3_identical_treatments;grade_from_fold_over_saline_rubric_see_scripts_extract_patent_table2;grade_provisional;renal_endpoints_measured_and_reported:assay_readout_is_the_measurement
MSR142,OLG047,in_vitro,human,human_invitro,primary_human_PTEC,proximal_tubule,gymnotic_free_uptake,30,uM,6_days,injury_biomarker,extracellular_EGF,653,pct_saline_control,increase,6.53x,measured_and_reported,2,TRUE,N3,US11105794,Table 2,public_domain,patent_compound_3-1;invivo_class_medium;SD_116;gymnotic_naked_uptake;mean_of_3_identical_treatments;grade_from_fold_over_saline_rubric_see_scripts_extract_patent_table2;grade_provisional;renal_endpoints_measured_and_reported:assay_readout_is_the_measurement
MSR143,OLG047,in_vitro,human,human_invitro,primary_human_PTEC,proximal_tubule,gymnotic_free_uptake,100,uM,6_days,injury_biomarker,extracellular_EGF,915,pct_saline_control,increase,9.15x,measured_and_reported,2,TRUE,N3,US11105794,Table 2,public_domain,patent_compound_3-1;invivo_class_medium;SD_55;gymnotic_naked_uptake;mean_of_3_identical_treatments;grade_from_fold_over_saline_rubric_see_scripts_extract_patent_table2;grade_provisional;renal_endpoints_measured_and_reported:assay_readout_is_the_measurement
MSR144,OLG048,in_vitro,human,human_invitro,PTEC-TERT1,proximal_tubule,gymnotic_free_uptake,3,uM,3_days,injury_biomarker,extracellular_EGF,71,pct_saline_control,decrease,0.71x,measured_and_reported,0,TRUE,N3,US11105794,Table 2,public_domain,patent_compound_4-1;invivo_class_high;SD_4;gymnotic_naked_uptake;mean_of_3_identical_treatments;grade_from_fold_over_saline_rubric_see_scripts_extract_patent_table2;grade_provisional;renal_endpoints_measured_and_reported:assay_readout_is_the_measurement
MSR145,OLG048,in_vitro,human,human_invitro,PTEC-TERT1,proximal_tubule,gymnotic_free_uptake,10,uM,3_days,injury_biomarker,extracellular_EGF,116,pct_saline_control,increase,1.16x,measured_and_reported,0,TRUE,N3,US11105794,Table 2,public_domain,patent_compound_4-1;invivo_class_high;SD_5;gymnotic_naked_uptake;mean_of_3_identical_treatments;grade_from_fold_over_saline_rubric_see_scripts_extract_patent_table2;grade_provisional;renal_endpoints_measured_and_reported:assay_readout_is_the_measurement
MSR146,OLG048,in_vitro,human,human_invitro,PTEC-TERT1,proximal_tubule,gymnotic_free_uptake,30,uM,3_days,injury_biomarker,extracellular_EGF,302,pct_saline_control,increase,3.02x,measured_and_reported,1,TRUE,N3,US11105794,Table 2,public_domain,patent_compound_4-1;invivo_class_high;SD_9;gymnotic_naked_uptake;mean_of_3_identical_treatments;grade_from_fold_over_saline_rubric_see_scripts_extract_patent_table2;grade_provisional;renal_endpoints_measured_and_reported:assay_readout_is_the_measurement
MSR147,OLG048,in_vitro,human,human_invitro,PTEC-TERT1,proximal_tubule,gymnotic_free_uptake,100,uM,3_days,injury_biomarker,extracellular_EGF,1572,pct_saline_control,increase,15.72x,measured_and_reported,3,TRUE,N3,US11105794,Table 2,public_domain,patent_compound_4-1;invivo_class_high;SD_4;gymnotic_naked_uptake;mean_of_3_identical_treatments;grade_from_fold_over_saline_rubric_see_scripts_extract_patent_table2;grade_provisional;renal_endpoints_measured_and_reported:assay_readout_is_the_measurement
MSR148,OLG048,in_vitro,human,human_invitro,PTEC-TERT1,proximal_tubule,gymnotic_free_uptake,3,uM,6_days,injury_biomarker,extracellular_EGF,37,pct_saline_control,decrease,0.37x,measured_and_reported,0,TRUE,N3,US11105794,Table 2,public_domain,patent_compound_4-1;invivo_class_high;SD_3;gymnotic_naked_uptake;mean_of_3_identical_treatments;grade_from_fold_over_saline_rubric_see_scripts_extract_patent_table2;grade_provisional;renal_endpoints_measured_and_reported:assay_readout_is_the_measurement
MSR149,OLG048,in_vitro,human,human_invitro,PTEC-TERT1,proximal_tubule,gymnotic_free_uptake,10,uM,6_days,injury_biomarker,extracellular_EGF,222,pct_saline_control,increase,2.22x,measured_and_reported,1,TRUE,N3,US11105794,Table 2,public_domain,patent_compound_4-1;invivo_class_high;SD_28;gymnotic_naked_uptake;mean_of_3_identical_treatments;grade_from_fold_over_saline_rubric_see_scripts_extract_patent_table2;grade_provisional;renal_endpoints_measured_and_reported:assay_readout_is_the_measurement
MSR150,OLG048,in_vitro,human,human_invitro,PTEC-TERT1,proximal_tubule,gymnotic_free_uptake,30,uM,6_days,injury_biomarker,extracellular_EGF,8398,pct_saline_control,increase,83.98x,measured_and_reported,3,TRUE,N3,US11105794,Table 2,public_domain,patent_compound_4-1;invivo_class_high;SD_25;gymnotic_naked_uptake;mean_of_3_identical_treatments;grade_from_fold_over_saline_rubric_see_scripts_extract_patent_table2;grade_provisional;renal_endpoints_measured_and_reported:assay_readout_is_the_measurement
MSR151,OLG048,in_vitro,human,human_invitro,PTEC-TERT1,proximal_tubule,gymnotic_free_uptake,100,uM,6_days,injury_biomarker,extracellular_EGF,8899,pct_saline_control,increase,88.99x,measured_and_reported,3,TRUE,N3,US11105794,Table 2,public_domain,patent_compound_4-1;invivo_class_high;SD_612;gymnotic_naked_uptake;mean_of_3_identical_treatments;grade_from_fold_over_saline_rubric_see_scripts_extract_patent_table2;grade_provisional;renal_endpoints_measured_and_reported:assay_readout_is_the_measurement
MSR152,OLG048,in_vitro,human,human_invitro,primary_human_PTEC,proximal_tubule,gymnotic_free_uptake,3,uM,3_days,injury_biomarker,extracellular_EGF,198,pct_saline_control,increase,1.98x,measured_and_reported,0,TRUE,N3,US11105794,Table 2,public_domain,patent_compound_4-1;invivo_class_high;SD_25;gymnotic_naked_uptake;mean_of_3_identical_treatments;grade_from_fold_over_saline_rubric_see_scripts_extract_patent_table2;grade_provisional;renal_endpoints_measured_and_reported:assay_readout_is_the_measurement
MSR153,OLG048,in_vitro,human,human_invitro,primary_human_PTEC,proximal_tubule,gymnotic_free_uptake,10,uM,3_days,injury_biomarker,extracellular_EGF,323,pct_saline_control,increase,3.23x,measured_and_reported,1,TRUE,N3,US11105794,Table 2,public_domain,patent_compound_4-1;invivo_class_high;SD_67;gymnotic_naked_uptake;mean_of_3_identical_treatments;grade_from_fold_over_saline_rubric_see_scripts_extract_patent_table2;grade_provisional;renal_endpoints_measured_and_reported:assay_readout_is_the_measurement
MSR154,OLG048,in_vitro,human,human_invitro,primary_human_PTEC,proximal_tubule,gymnotic_free_uptake,30,uM,3_days,injury_biomarker,extracellular_EGF,373,pct_saline_control,increase,3.73x,measured_and_reported,1,TRUE,N3,US11105794,Table 2,public_domain,patent_compound_4-1;invivo_class_high;SD_46;gymnotic_naked_uptake;mean_of_3_identical_treatments;grade_from_fold_over_saline_rubric_see_scripts_extract_patent_table2;grade_provisional;renal_endpoints_measured_and_reported:assay_readout_is_the_measurement
MSR155,OLG048,in_vitro,human,human_invitro,primary_human_PTEC,proximal_tubule,gymnotic_free_uptake,100,uM,3_days,injury_biomarker,extracellular_EGF,631,pct_saline_control,increase,6.31x,measured_and_reported,2,TRUE,N3,US11105794,Table 2,public_domain,patent_compound_4-1;invivo_class_high;SD_92;gymnotic_naked_uptake;mean_of_3_identical_treatments;grade_from_fold_over_saline_rubric_see_scripts_extract_patent_table2;grade_provisional;renal_endpoints_measured_and_reported:assay_readout_is_the_measurement
MSR156,OLG048,in_vitro,human,human_invitro,primary_human_PTEC,proximal_tubule,gymnotic_free_uptake,3,uM,6_days,injury_biomarker,extracellular_EGF,525,pct_saline_control,increase,5.25x,measured_and_reported,2,TRUE,N3,US11105794,Table 2,public_domain,patent_compound_4-1;invivo_class_high;SD_57;gymnotic_naked_uptake;mean_of_3_identical_treatments;grade_from_fold_over_saline_rubric_see_scripts_extract_patent_table2;grade_provisional;renal_endpoints_measured_and_reported:assay_readout_is_the_measurement
MSR157,OLG048,in_vitro,human,human_invitro,primary_human_PTEC,proximal_tubule,gymnotic_free_uptake,10,uM,6_days,injury_biomarker,extracellular_EGF,1171,pct_saline_control,increase,11.71x,measured_and_reported,2,TRUE,N3,US11105794,Table 2,public_domain,patent_compound_4-1;invivo_class_high;SD_145;gymnotic_naked_uptake;mean_of_3_identical_treatments;grade_from_fold_over_saline_rubric_see_scripts_extract_patent_table2;grade_provisional;renal_endpoints_measured_and_reported:assay_readout_is_the_measurement
MSR158,OLG048,in_vitro,human,human_invitro,primary_human_PTEC,proximal_tubule,gymnotic_free_uptake,30,uM,6_days,injury_biomarker,extracellular_EGF,1588,pct_saline_control,increase,15.88x,measured_and_reported,3,TRUE,N3,US11105794,Table 2,public_domain,patent_compound_4-1;invivo_class_high;SD_316;gymnotic_naked_uptake;mean_of_3_identical_treatments;grade_from_fold_over_saline_rubric_see_scripts_extract_patent_table2;grade_provisional;renal_endpoints_measured_and_reported:assay_readout_is_the_measurement
MSR159,OLG048,in_vitro,human,human_invitro,primary_human_PTEC,proximal_tubule,gymnotic_free_uptake,100,uM,6_days,injury_biomarker,extracellular_EGF,1403,pct_saline_control,increase,14.03x,measured_and_reported,2,TRUE,N3,US11105794,Table 2,public_domain,patent_compound_4-1;invivo_class_high;SD_223;gymnotic_naked_uptake;mean_of_3_identical_treatments;grade_from_fold_over_saline_rubric_see_scripts_extract_patent_table2;grade_provisional;renal_endpoints_measured_and_reported:assay_readout_is_the_measurement
MSR160,OLG011,clinical,human,human_clinical,DMD_patients,kidney,systemic_dose,TBD,mg/kg,TBD,clinical_renal_outcome,kidney_toxicity_monitored,not_observed,NA,no_change,TBD,measured_and_reported,0,TRUE,A11,DailyMed_SPL_35c227d1-5b24-44b0-b5d3-f0f6b1c46bd5;Vyondys53_label,Section 5.2 Warnings and Precautions - Kidney Toxicity,public_domain,renal_endpoints_PRESCRIBED_and_monitored_then_reported_negative;label_states_kidney_toxicity_not_observed_in_clinical_studies;serum_creatinine_unreliable_in_DMD_reduced_muscle_mass_per_label;monitored_analytes_cystatin_C;urine_dipstick;UPCR;measured_negative_not_absence_of_reporting;grade_provisional;renal_endpoints_measured_and_reported:label mandates cystatin C/UPCR/dipstick then reports negative
MSR161,OLG011,animal_invivo,multi_species,animal_invivo,nonclinical_label_summary,kidney,systemic_dose,TBD,mg/kg,TBD,histopathology,renal_tubular_toxicity,observed,NA,increase,TBD,measured_and_reported,2,TRUE,A11,DailyMed_SPL_35c227d1-5b24-44b0-b5d3-f0f6b1c46bd5;Vyondys53_label,Section 5.2 Warnings and Precautions - Kidney Toxicity,public_domain,juvenile_rat_dose_dependent_renal_tubular_effects;mouse_and_rat_kidney_toxicity;primate_microscopic_renal_changes;label_level_nonclinical_summary_not_primary_study_data;dose_and_duration_not_given_in_label;grade_provisional;renal_endpoints_measured_and_reported:assay_readout_is_the_measurement
MSR162,OLG012,clinical,human,human_clinical,DMD_patients,kidney,systemic_dose,TBD,mg/kg,TBD,clinical_renal_outcome,kidney_toxicity_monitored,not_observed,NA,no_change,TBD,measured_and_reported,0,TRUE,A12,DailyMed_SPL_e9e5fd44-eeda-4580-bba1-a734828bbcc3;Amondys45_label,Section 5.2 Warnings and Precautions - Kidney Toxicity,public_domain,renal_endpoints_PRESCRIBED_and_monitored_then_reported_negative;label_states_kidney_toxicity_not_observed_in_clinical_studies;serum_creatinine_unreliable_in_DMD_reduced_muscle_mass_per_label;monitored_analytes_cystatin_C;urine_dipstick;UPCR;measured_negative_not_absence_of_reporting;grade_provisional;renal_endpoints_measured_and_reported:label mandates cystatin C/UPCR/dipstick then reports negative
MSR163,OLG012,animal_invivo,multi_species,animal_invivo,nonclinical_label_summary,kidney,systemic_dose,TBD,mg/kg,TBD,histopathology,renal_tubular_toxicity,observed,NA,increase,TBD,measured_and_reported,2,TRUE,A12,DailyMed_SPL_e9e5fd44-eeda-4580-bba1-a734828bbcc3;Amondys45_label,Section 5.2 Warnings and Precautions - Kidney Toxicity,public_domain,juvenile_rat_and_mouse_renal_tubular_degeneration_necrosis;label_level_nonclinical_summary_not_primary_study_data;dose_and_duration_not_given_in_label;grade_provisional;renal_endpoints_measured_and_reported:assay_readout_is_the_measurement
MSR164,OLG013,clinical,human,human_clinical,DMD_patients,kidney,systemic_dose,TBD,mg/kg,TBD,clinical_renal_outcome,kidney_toxicity_monitored,not_observed,NA,no_change,TBD,measured_and_reported,0,TRUE,A13,DailyMed_SPL_1ffff9a8-6d6a-4dcb-8493-1b6cc3a5d123;Viltepso_label,Section 5.1 Warnings and Precautions - Kidney Toxicity,public_domain,renal_endpoints_PRESCRIBED_and_monitored_then_reported_negative;label_states_kidney_toxicity_not_observed_in_clinical_studies;serum_creatinine_unreliable_in_DMD_reduced_muscle_mass_per_label;monitored_analytes_cystatin_C;urine_dipstick;UPCR;measured_negative_not_absence_of_reporting;grade_provisional;renal_endpoints_measured_and_reported:label mandates cystatin C/UPCR/dipstick then reports negative
MSR165,OLG013,animal_invivo,multi_species,animal_invivo,nonclinical_label_summary,kidney,systemic_dose,TBD,mg/kg,TBD,histopathology,renal_tubular_toxicity,observed,NA,increase,TBD,measured_and_reported,2,TRUE,A13,DailyMed_SPL_1ffff9a8-6d6a-4dcb-8493-1b6cc3a5d123;Viltepso_label,Section 5.1 Warnings and Precautions - Kidney Toxicity,public_domain,kidney_toxicity_observed_in_animals_label_summary_see_section_8.4;label_level_nonclinical_summary_not_primary_study_data;dose_and_duration_not_given_in_label;grade_provisional;renal_endpoints_measured_and_reported:assay_readout_is_the_measurement
MSR166,OLG045,in_vitro,rat,animal_invitro,rat_primary_PTEC,proximal_tubule,gymnotic_free_uptake,1,uM,3_days,injury_biomarker,EGFR_mRNA,100,pct_compound_1-1_reference,no_change,1.00x,measured_and_reported,0,TRUE,N4,US11479818,Table 5,public_domain,patent_compound_1-1;invivo_class_innocuous;SD_7.2;normalised_to_compound_1-1_NOT_saline_do_not_pool_with_N3_Table2;rat_cells_more_sensitive_than_human_per_patent;grade_from_rubric_see_scripts_extract_n4_table5;grade_provisional;renal_endpoints_measured_and_reported:assay_readout_is_the_measurement
MSR167,OLG045,in_vitro,rat,animal_invitro,rat_primary_PTEC,proximal_tubule,gymnotic_free_uptake,10,uM,3_days,injury_biomarker,EGFR_mRNA,100,pct_compound_1-1_reference,no_change,1.00x,measured_and_reported,0,TRUE,N4,US11479818,Table 5,public_domain,patent_compound_1-1;invivo_class_innocuous;SD_11.5;normalised_to_compound_1-1_NOT_saline_do_not_pool_with_N3_Table2;rat_cells_more_sensitive_than_human_per_patent;grade_from_rubric_see_scripts_extract_n4_table5;grade_provisional;renal_endpoints_measured_and_reported:assay_readout_is_the_measurement
MSR168,OLG045,in_vitro,rat,animal_invitro,rat_primary_PTEC,proximal_tubule,gymnotic_free_uptake,100,uM,3_days,injury_biomarker,EGFR_mRNA,100,pct_compound_1-1_reference,no_change,1.00x,measured_and_reported,0,TRUE,N4,US11479818,Table 5,public_domain,patent_compound_1-1;invivo_class_innocuous;SD_9.4;normalised_to_compound_1-1_NOT_saline_do_not_pool_with_N3_Table2;rat_cells_more_sensitive_than_human_per_patent;grade_from_rubric_see_scripts_extract_n4_table5;grade_provisional;renal_endpoints_measured_and_reported:assay_readout_is_the_measurement
MSR169,OLG045,in_vitro,rat,animal_invitro,rat_primary_PTEC,proximal_tubule,gymnotic_free_uptake,1,uM,3_days,injury_biomarker,KIM-1_mRNA,100,pct_compound_1-1_reference,no_change,1.00x,measured_and_reported,0,TRUE,N4,US11479818,Table 5,public_domain,patent_compound_1-1;invivo_class_innocuous;SD_18.7;normalised_to_compound_1-1_NOT_saline_do_not_pool_with_N3_Table2;rat_cells_more_sensitive_than_human_per_patent;grade_from_rubric_see_scripts_extract_n4_table5;grade_provisional;renal_endpoints_measured_and_reported:assay_readout_is_the_measurement
MSR170,OLG045,in_vitro,rat,animal_invitro,rat_primary_PTEC,proximal_tubule,gymnotic_free_uptake,10,uM,3_days,injury_biomarker,KIM-1_mRNA,100,pct_compound_1-1_reference,no_change,1.00x,measured_and_reported,0,TRUE,N4,US11479818,Table 5,public_domain,patent_compound_1-1;invivo_class_innocuous;SD_32.6;normalised_to_compound_1-1_NOT_saline_do_not_pool_with_N3_Table2;rat_cells_more_sensitive_than_human_per_patent;grade_from_rubric_see_scripts_extract_n4_table5;grade_provisional;renal_endpoints_measured_and_reported:assay_readout_is_the_measurement
MSR171,OLG045,in_vitro,rat,animal_invitro,rat_primary_PTEC,proximal_tubule,gymnotic_free_uptake,100,uM,3_days,injury_biomarker,KIM-1_mRNA,100,pct_compound_1-1_reference,no_change,1.00x,measured_and_reported,0,TRUE,N4,US11479818,Table 5,public_domain,patent_compound_1-1;invivo_class_innocuous;SD_20.6;normalised_to_compound_1-1_NOT_saline_do_not_pool_with_N3_Table2;rat_cells_more_sensitive_than_human_per_patent;grade_from_rubric_see_scripts_extract_n4_table5;grade_provisional;renal_endpoints_measured_and_reported:assay_readout_is_the_measurement
MSR172,OLG045,in_vitro,rat,animal_invitro,rat_primary_PTEC,proximal_tubule,gymnotic_free_uptake,1,uM,3_days,injury_biomarker,KIM-1_protein,100,pct_compound_1-1_reference,no_change,1.00x,measured_and_reported,0,TRUE,N4,US11479818,Table 5,public_domain,patent_compound_1-1;invivo_class_innocuous;SD_13;normalised_to_compound_1-1_NOT_saline_do_not_pool_with_N3_Table2;rat_cells_more_sensitive_than_human_per_patent;grade_from_rubric_see_scripts_extract_n4_table5;grade_provisional;renal_endpoints_measured_and_reported:assay_readout_is_the_measurement
MSR173,OLG045,in_vitro,rat,animal_invitro,rat_primary_PTEC,proximal_tubule,gymnotic_free_uptake,10,uM,3_days,injury_biomarker,KIM-1_protein,100,pct_compound_1-1_reference,no_change,1.00x,measured_and_reported,0,TRUE,N4,US11479818,Table 5,public_domain,patent_compound_1-1;invivo_class_innocuous;SD_9;normalised_to_compound_1-1_NOT_saline_do_not_pool_with_N3_Table2;rat_cells_more_sensitive_than_human_per_patent;grade_from_rubric_see_scripts_extract_n4_table5;grade_provisional;renal_endpoints_measured_and_reported:assay_readout_is_the_measurement
MSR174,OLG045,in_vitro,rat,animal_invitro,rat_primary_PTEC,proximal_tubule,gymnotic_free_uptake,100,uM,3_days,injury_biomarker,KIM-1_protein,100,pct_compound_1-1_reference,no_change,1.00x,measured_and_reported,0,TRUE,N4,US11479818,Table 5,public_domain,patent_compound_1-1;invivo_class_innocuous;SD_10.4;normalised_to_compound_1-1_NOT_saline_do_not_pool_with_N3_Table2;rat_cells_more_sensitive_than_human_per_patent;grade_from_rubric_see_scripts_extract_n4_table5;grade_provisional;renal_endpoints_measured_and_reported:assay_readout_is_the_measurement
MSR175,OLG059,in_vitro,rat,animal_invitro,rat_primary_PTEC,proximal_tubule,gymnotic_free_uptake,1,uM,3_days,injury_biomarker,EGFR_mRNA,39,pct_compound_1-1_reference,decrease,0.39x,measured_and_reported,2,TRUE,N4,US11479818,Table 5,public_domain,patent_compound_15-1;invivo_class_medium_high;SD_7.6;normalised_to_compound_1-1_NOT_saline_do_not_pool_with_N3_Table2;rat_cells_more_sensitive_than_human_per_patent;grade_from_rubric_see_scripts_extract_n4_table5;grade_provisional;renal_endpoints_measured_and_reported:assay_readout_is_the_measurement
MSR176,OLG059,in_vitro,rat,animal_invitro,rat_primary_PTEC,proximal_tubule,gymnotic_free_uptake,10,uM,3_days,injury_biomarker,EGFR_mRNA,29,pct_compound_1-1_reference,decrease,0.29x,measured_and_reported,2,TRUE,N4,US11479818,Table 5,public_domain,patent_compound_15-1;invivo_class_medium_high;SD_7;normalised_to_compound_1-1_NOT_saline_do_not_pool_with_N3_Table2;rat_cells_more_sensitive_than_human_per_patent;grade_from_rubric_see_scripts_extract_n4_table5;grade_provisional;renal_endpoints_measured_and_reported:assay_readout_is_the_measurement
MSR177,OLG059,in_vitro,rat,animal_invitro,rat_primary_PTEC,proximal_tubule,gymnotic_free_uptake,100,uM,3_days,injury_biomarker,EGFR_mRNA,68,pct_compound_1-1_reference,decrease,0.68x,measured_and_reported,1,TRUE,N4,US11479818,Table 5,public_domain,patent_compound_15-1;invivo_class_medium_high;SD_5.1;normalised_to_compound_1-1_NOT_saline_do_not_pool_with_N3_Table2;rat_cells_more_sensitive_than_human_per_patent;grade_from_rubric_see_scripts_extract_n4_table5;grade_provisional;renal_endpoints_measured_and_reported:assay_readout_is_the_measurement
MSR178,OLG059,in_vitro,rat,animal_invitro,rat_primary_PTEC,proximal_tubule,gymnotic_free_uptake,1,uM,3_days,injury_biomarker,KIM-1_mRNA,299,pct_compound_1-1_reference,increase,2.99x,measured_and_reported,1,TRUE,N4,US11479818,Table 5,public_domain,patent_compound_15-1;invivo_class_medium_high;SD_144;normalised_to_compound_1-1_NOT_saline_do_not_pool_with_N3_Table2;rat_cells_more_sensitive_than_human_per_patent;grade_from_rubric_see_scripts_extract_n4_table5;grade_provisional;renal_endpoints_measured_and_reported:assay_readout_is_the_measurement
MSR179,OLG059,in_vitro,rat,animal_invitro,rat_primary_PTEC,proximal_tubule,gymnotic_free_uptake,10,uM,3_days,injury_biomarker,KIM-1_mRNA,354,pct_compound_1-1_reference,increase,3.54x,measured_and_reported,1,TRUE,N4,US11479818,Table 5,public_domain,patent_compound_15-1;invivo_class_medium_high;SD_81.2;normalised_to_compound_1-1_NOT_saline_do_not_pool_with_N3_Table2;rat_cells_more_sensitive_than_human_per_patent;grade_from_rubric_see_scripts_extract_n4_table5;grade_provisional;renal_endpoints_measured_and_reported:assay_readout_is_the_measurement
MSR180,OLG059,in_vitro,rat,animal_invitro,rat_primary_PTEC,proximal_tubule,gymnotic_free_uptake,100,uM,3_days,injury_biomarker,KIM-1_mRNA,151,pct_compound_1-1_reference,increase,1.51x,measured_and_reported,0,TRUE,N4,US11479818,Table 5,public_domain,patent_compound_15-1;invivo_class_medium_high;SD_110.7;normalised_to_compound_1-1_NOT_saline_do_not_pool_with_N3_Table2;rat_cells_more_sensitive_than_human_per_patent;grade_from_rubric_see_scripts_extract_n4_table5;grade_provisional;renal_endpoints_measured_and_reported:assay_readout_is_the_measurement
MSR181,OLG059,in_vitro,rat,animal_invitro,rat_primary_PTEC,proximal_tubule,gymnotic_free_uptake,1,uM,3_days,injury_biomarker,KIM-1_protein,103,pct_compound_1-1_reference,no_change,1.03x,measured_and_reported,0,TRUE,N4,US11479818,Table 5,public_domain,patent_compound_15-1;invivo_class_medium_high;SD_27.4;normalised_to_compound_1-1_NOT_saline_do_not_pool_with_N3_Table2;rat_cells_more_sensitive_than_human_per_patent;grade_from_rubric_see_scripts_extract_n4_table5;grade_provisional;renal_endpoints_measured_and_reported:assay_readout_is_the_measurement
MSR182,OLG059,in_vitro,rat,animal_invitro,rat_primary_PTEC,proximal_tubule,gymnotic_free_uptake,10,uM,3_days,injury_biomarker,KIM-1_protein,114,pct_compound_1-1_reference,no_change,1.14x,measured_and_reported,0,TRUE,N4,US11479818,Table 5,public_domain,patent_compound_15-1;invivo_class_medium_high;SD_23.4;normalised_to_compound_1-1_NOT_saline_do_not_pool_with_N3_Table2;rat_cells_more_sensitive_than_human_per_patent;grade_from_rubric_see_scripts_extract_n4_table5;grade_provisional;renal_endpoints_measured_and_reported:assay_readout_is_the_measurement
MSR183,OLG059,in_vitro,rat,animal_invitro,rat_primary_PTEC,proximal_tubule,gymnotic_free_uptake,100,uM,3_days,injury_biomarker,KIM-1_protein,152,pct_compound_1-1_reference,increase,1.52x,measured_and_reported,0,TRUE,N4,US11479818,Table 5,public_domain,patent_compound_15-1;invivo_class_medium_high;SD_50.1;normalised_to_compound_1-1_NOT_saline_do_not_pool_with_N3_Table2;rat_cells_more_sensitive_than_human_per_patent;grade_from_rubric_see_scripts_extract_n4_table5;grade_provisional;renal_endpoints_measured_and_reported:assay_readout_is_the_measurement
MSR184,OLG060,in_vitro,rat,animal_invitro,rat_primary_PTEC,proximal_tubule,gymnotic_free_uptake,1,uM,3_days,injury_biomarker,EGFR_mRNA,83,pct_compound_1-1_reference,decrease,0.83x,measured_and_reported,0,TRUE,N4,US11479818,Table 5,public_domain,patent_compound_16-1;invivo_class_medium_high;SD_18.6;normalised_to_compound_1-1_NOT_saline_do_not_pool_with_N3_Table2;rat_cells_more_sensitive_than_human_per_patent;grade_from_rubric_see_scripts_extract_n4_table5;grade_provisional;renal_endpoints_measured_and_reported:assay_readout_is_the_measurement
MSR185,OLG060,in_vitro,rat,animal_invitro,rat_primary_PTEC,proximal_tubule,gymnotic_free_uptake,10,uM,3_days,injury_biomarker,EGFR_mRNA,90,pct_compound_1-1_reference,no_change,0.90x,measured_and_reported,0,TRUE,N4,US11479818,Table 5,public_domain,patent_compound_16-1;invivo_class_medium_high;SD_18;normalised_to_compound_1-1_NOT_saline_do_not_pool_with_N3_Table2;rat_cells_more_sensitive_than_human_per_patent;grade_from_rubric_see_scripts_extract_n4_table5;grade_provisional;renal_endpoints_measured_and_reported:assay_readout_is_the_measurement
MSR186,OLG060,in_vitro,rat,animal_invitro,rat_primary_PTEC,proximal_tubule,gymnotic_free_uptake,100,uM,3_days,injury_biomarker,EGFR_mRNA,104,pct_compound_1-1_reference,no_change,1.04x,measured_and_reported,0,TRUE,N4,US11479818,Table 5,public_domain,patent_compound_16-1;invivo_class_medium_high;SD_18;normalised_to_compound_1-1_NOT_saline_do_not_pool_with_N3_Table2;rat_cells_more_sensitive_than_human_per_patent;grade_from_rubric_see_scripts_extract_n4_table5;grade_provisional;renal_endpoints_measured_and_reported:assay_readout_is_the_measurement
MSR187,OLG060,in_vitro,rat,animal_invitro,rat_primary_PTEC,proximal_tubule,gymnotic_free_uptake,1,uM,3_days,injury_biomarker,KIM-1_mRNA,188,pct_compound_1-1_reference,increase,1.88x,measured_and_reported,0,TRUE,N4,US11479818,Table 5,public_domain,patent_compound_16-1;invivo_class_medium_high;SD_75.1;normalised_to_compound_1-1_NOT_saline_do_not_pool_with_N3_Table2;rat_cells_more_sensitive_than_human_per_patent;grade_from_rubric_see_scripts_extract_n4_table5;grade_provisional;renal_endpoints_measured_and_reported:assay_readout_is_the_measurement
MSR188,OLG060,in_vitro,rat,animal_invitro,rat_primary_PTEC,proximal_tubule,gymnotic_free_uptake,10,uM,3_days,injury_biomarker,KIM-1_mRNA,356,pct_compound_1-1_reference,increase,3.56x,measured_and_reported,1,TRUE,N4,US11479818,Table 5,public_domain,patent_compound_16-1;invivo_class_medium_high;SD_123.9;normalised_to_compound_1-1_NOT_saline_do_not_pool_with_N3_Table2;rat_cells_more_sensitive_than_human_per_patent;grade_from_rubric_see_scripts_extract_n4_table5;grade_provisional;renal_endpoints_measured_and_reported:assay_readout_is_the_measurement
MSR189,OLG060,in_vitro,rat,animal_invitro,rat_primary_PTEC,proximal_tubule,gymnotic_free_uptake,100,uM,3_days,injury_biomarker,KIM-1_mRNA,226,pct_compound_1-1_reference,increase,2.26x,measured_and_reported,1,TRUE,N4,US11479818,Table 5,public_domain,patent_compound_16-1;invivo_class_medium_high;SD_69.5;normalised_to_compound_1-1_NOT_saline_do_not_pool_with_N3_Table2;rat_cells_more_sensitive_than_human_per_patent;grade_from_rubric_see_scripts_extract_n4_table5;grade_provisional;renal_endpoints_measured_and_reported:assay_readout_is_the_measurement
MSR190,OLG060,in_vitro,rat,animal_invitro,rat_primary_PTEC,proximal_tubule,gymnotic_free_uptake,1,uM,3_days,injury_biomarker,KIM-1_protein,122,pct_compound_1-1_reference,increase,1.22x,measured_and_reported,0,TRUE,N4,US11479818,Table 5,public_domain,patent_compound_16-1;invivo_class_medium_high;SD_33.5;normalised_to_compound_1-1_NOT_saline_do_not_pool_with_N3_Table2;rat_cells_more_sensitive_than_human_per_patent;grade_from_rubric_see_scripts_extract_n4_table5;grade_provisional;renal_endpoints_measured_and_reported:assay_readout_is_the_measurement
MSR191,OLG060,in_vitro,rat,animal_invitro,rat_primary_PTEC,proximal_tubule,gymnotic_free_uptake,10,uM,3_days,injury_biomarker,KIM-1_protein,140,pct_compound_1-1_reference,increase,1.40x,measured_and_reported,0,TRUE,N4,US11479818,Table 5,public_domain,patent_compound_16-1;invivo_class_medium_high;SD_42.1;normalised_to_compound_1-1_NOT_saline_do_not_pool_with_N3_Table2;rat_cells_more_sensitive_than_human_per_patent;grade_from_rubric_see_scripts_extract_n4_table5;grade_provisional;renal_endpoints_measured_and_reported:assay_readout_is_the_measurement
MSR192,OLG060,in_vitro,rat,animal_invitro,rat_primary_PTEC,proximal_tubule,gymnotic_free_uptake,100,uM,3_days,injury_biomarker,KIM-1_protein,141,pct_compound_1-1_reference,increase,1.41x,measured_and_reported,0,TRUE,N4,US11479818,Table 5,public_domain,patent_compound_16-1;invivo_class_medium_high;SD_43.6;normalised_to_compound_1-1_NOT_saline_do_not_pool_with_N3_Table2;rat_cells_more_sensitive_than_human_per_patent;grade_from_rubric_see_scripts_extract_n4_table5;grade_provisional;renal_endpoints_measured_and_reported:assay_readout_is_the_measurement
MSR193,OLG061,in_vitro,rat,animal_invitro,rat_primary_PTEC,proximal_tubule,gymnotic_free_uptake,1,uM,3_days,injury_biomarker,EGFR_mRNA,83,pct_compound_1-1_reference,decrease,0.83x,measured_and_reported,0,TRUE,N4,US11479818,Table 5,public_domain,patent_compound_17-1;invivo_class_high;SD_13.1;normalised_to_compound_1-1_NOT_saline_do_not_pool_with_N3_Table2;rat_cells_more_sensitive_than_human_per_patent;grade_from_rubric_see_scripts_extract_n4_table5;grade_provisional;renal_endpoints_measured_and_reported:assay_readout_is_the_measurement
MSR194,OLG061,in_vitro,rat,animal_invitro,rat_primary_PTEC,proximal_tubule,gymnotic_free_uptake,10,uM,3_days,injury_biomarker,EGFR_mRNA,83,pct_compound_1-1_reference,decrease,0.83x,measured_and_reported,0,TRUE,N4,US11479818,Table 5,public_domain,patent_compound_17-1;invivo_class_high;SD_18.4;normalised_to_compound_1-1_NOT_saline_do_not_pool_with_N3_Table2;rat_cells_more_sensitive_than_human_per_patent;grade_from_rubric_see_scripts_extract_n4_table5;grade_provisional;renal_endpoints_measured_and_reported:assay_readout_is_the_measurement
MSR195,OLG061,in_vitro,rat,animal_invitro,rat_primary_PTEC,proximal_tubule,gymnotic_free_uptake,100,uM,3_days,injury_biomarker,EGFR_mRNA,95,pct_compound_1-1_reference,no_change,0.95x,measured_and_reported,0,TRUE,N4,US11479818,Table 5,public_domain,patent_compound_17-1;invivo_class_high;SD_16.5;normalised_to_compound_1-1_NOT_saline_do_not_pool_with_N3_Table2;rat_cells_more_sensitive_than_human_per_patent;grade_from_rubric_see_scripts_extract_n4_table5;grade_provisional;renal_endpoints_measured_and_reported:assay_readout_is_the_measurement
MSR196,OLG061,in_vitro,rat,animal_invitro,rat_primary_PTEC,proximal_tubule,gymnotic_free_uptake,1,uM,3_days,injury_biomarker,KIM-1_mRNA,306,pct_compound_1-1_reference,increase,3.06x,measured_and_reported,1,TRUE,N4,US11479818,Table 5,public_domain,patent_compound_17-1;invivo_class_high;SD_80;normalised_to_compound_1-1_NOT_saline_do_not_pool_with_N3_Table2;rat_cells_more_sensitive_than_human_per_patent;grade_from_rubric_see_scripts_extract_n4_table5;grade_provisional;renal_endpoints_measured_and_reported:assay_readout_is_the_measurement
MSR197,OLG061,in_vitro,rat,animal_invitro,rat_primary_PTEC,proximal_tubule,gymnotic_free_uptake,10,uM,3_days,injury_biomarker,KIM-1_mRNA,405,pct_compound_1-1_reference,increase,4.05x,measured_and_reported,1,TRUE,N4,US11479818,Table 5,public_domain,patent_compound_17-1;invivo_class_high;SD_116.7;normalised_to_compound_1-1_NOT_saline_do_not_pool_with_N3_Table2;rat_cells_more_sensitive_than_human_per_patent;grade_from_rubric_see_scripts_extract_n4_table5;grade_provisional;renal_endpoints_measured_and_reported:assay_readout_is_the_measurement
MSR198,OLG061,in_vitro,rat,animal_invitro,rat_primary_PTEC,proximal_tubule,gymnotic_free_uptake,100,uM,3_days,injury_biomarker,KIM-1_mRNA,422,pct_compound_1-1_reference,increase,4.22x,measured_and_reported,1,TRUE,N4,US11479818,Table 5,public_domain,patent_compound_17-1;invivo_class_high;SD_115.8;normalised_to_compound_1-1_NOT_saline_do_not_pool_with_N3_Table2;rat_cells_more_sensitive_than_human_per_patent;grade_from_rubric_see_scripts_extract_n4_table5;grade_provisional;renal_endpoints_measured_and_reported:assay_readout_is_the_measurement
MSR199,OLG061,in_vitro,rat,animal_invitro,rat_primary_PTEC,proximal_tubule,gymnotic_free_uptake,1,uM,3_days,injury_biomarker,KIM-1_protein,108,pct_compound_1-1_reference,no_change,1.08x,measured_and_reported,0,TRUE,N4,US11479818,Table 5,public_domain,patent_compound_17-1;invivo_class_high;SD_21.2;normalised_to_compound_1-1_NOT_saline_do_not_pool_with_N3_Table2;rat_cells_more_sensitive_than_human_per_patent;grade_from_rubric_see_scripts_extract_n4_table5;grade_provisional;renal_endpoints_measured_and_reported:assay_readout_is_the_measurement
MSR200,OLG061,in_vitro,rat,animal_invitro,rat_primary_PTEC,proximal_tubule,gymnotic_free_uptake,10,uM,3_days,injury_biomarker,KIM-1_protein,151,pct_compound_1-1_reference,increase,1.51x,measured_and_reported,0,TRUE,N4,US11479818,Table 5,public_domain,patent_compound_17-1;invivo_class_high;SD_32.7;normalised_to_compound_1-1_NOT_saline_do_not_pool_with_N3_Table2;rat_cells_more_sensitive_than_human_per_patent;grade_from_rubric_see_scripts_extract_n4_table5;grade_provisional;renal_endpoints_measured_and_reported:assay_readout_is_the_measurement
MSR201,OLG061,in_vitro,rat,animal_invitro,rat_primary_PTEC,proximal_tubule,gymnotic_free_uptake,100,uM,3_days,injury_biomarker,KIM-1_protein,184,pct_compound_1-1_reference,increase,1.84x,measured_and_reported,0,TRUE,N4,US11479818,Table 5,public_domain,patent_compound_17-1;invivo_class_high;SD_55;normalised_to_compound_1-1_NOT_saline_do_not_pool_with_N3_Table2;rat_cells_more_sensitive_than_human_per_patent;grade_from_rubric_see_scripts_extract_n4_table5;grade_provisional;renal_endpoints_measured_and_reported:assay_readout_is_the_measurement
MSR202,OLG062,in_vitro,rat,animal_invitro,rat_primary_PTEC,proximal_tubule,gymnotic_free_uptake,1,uM,3_days,injury_biomarker,EGFR_mRNA,64,pct_compound_1-1_reference,decrease,0.64x,measured_and_reported,1,TRUE,N4,US11479818,Table 5,public_domain,patent_compound_18-1;invivo_class_low;SD_5.8;normalised_to_compound_1-1_NOT_saline_do_not_pool_with_N3_Table2;rat_cells_more_sensitive_than_human_per_patent;grade_from_rubric_see_scripts_extract_n4_table5;grade_provisional;renal_endpoints_measured_and_reported:assay_readout_is_the_measurement
MSR203,OLG062,in_vitro,rat,animal_invitro,rat_primary_PTEC,proximal_tubule,gymnotic_free_uptake,10,uM,3_days,injury_biomarker,EGFR_mRNA,42,pct_compound_1-1_reference,decrease,0.42x,measured_and_reported,1,TRUE,N4,US11479818,Table 5,public_domain,patent_compound_18-1;invivo_class_low;SD_11.4;normalised_to_compound_1-1_NOT_saline_do_not_pool_with_N3_Table2;rat_cells_more_sensitive_than_human_per_patent;grade_from_rubric_see_scripts_extract_n4_table5;grade_provisional;renal_endpoints_measured_and_reported:assay_readout_is_the_measurement
MSR204,OLG062,in_vitro,rat,animal_invitro,rat_primary_PTEC,proximal_tubule,gymnotic_free_uptake,100,uM,3_days,injury_biomarker,EGFR_mRNA,51,pct_compound_1-1_reference,decrease,0.51x,measured_and_reported,1,TRUE,N4,US11479818,Table 5,public_domain,patent_compound_18-1;invivo_class_low;SD_12.2;normalised_to_compound_1-1_NOT_saline_do_not_pool_with_N3_Table2;rat_cells_more_sensitive_than_human_per_patent;grade_from_rubric_see_scripts_extract_n4_table5;grade_provisional;renal_endpoints_measured_and_reported:assay_readout_is_the_measurement
MSR205,OLG062,in_vitro,rat,animal_invitro,rat_primary_PTEC,proximal_tubule,gymnotic_free_uptake,1,uM,3_days,injury_biomarker,KIM-1_mRNA,423,pct_compound_1-1_reference,increase,4.23x,measured_and_reported,1,TRUE,N4,US11479818,Table 5,public_domain,patent_compound_18-1;invivo_class_low;SD_69.6;normalised_to_compound_1-1_NOT_saline_do_not_pool_with_N3_Table2;rat_cells_more_sensitive_than_human_per_patent;grade_from_rubric_see_scripts_extract_n4_table5;grade_provisional;renal_endpoints_measured_and_reported:assay_readout_is_the_measurement
MSR206,OLG062,in_vitro,rat,animal_invitro,rat_primary_PTEC,proximal_tubule,gymnotic_free_uptake,10,uM,3_days,injury_biomarker,KIM-1_mRNA,556,pct_compound_1-1_reference,increase,5.56x,measured_and_reported,2,TRUE,N4,US11479818,Table 5,public_domain,patent_compound_18-1;invivo_class_low;SD_105.9;normalised_to_compound_1-1_NOT_saline_do_not_pool_with_N3_Table2;rat_cells_more_sensitive_than_human_per_patent;grade_from_rubric_see_scripts_extract_n4_table5;grade_provisional;renal_endpoints_measured_and_reported:assay_readout_is_the_measurement
MSR207,OLG062,in_vitro,rat,animal_invitro,rat_primary_PTEC,proximal_tubule,gymnotic_free_uptake,100,uM,3_days,injury_biomarker,KIM-1_mRNA,526,pct_compound_1-1_reference,increase,5.26x,measured_and_reported,2,TRUE,N4,US11479818,Table 5,public_domain,patent_compound_18-1;invivo_class_low;SD_474.7;normalised_to_compound_1-1_NOT_saline_do_not_pool_with_N3_Table2;rat_cells_more_sensitive_than_human_per_patent;grade_from_rubric_see_scripts_extract_n4_table5;grade_provisional;renal_endpoints_measured_and_reported:assay_readout_is_the_measurement
MSR208,OLG062,in_vitro,rat,animal_invitro,rat_primary_PTEC,proximal_tubule,gymnotic_free_uptake,1,uM,3_days,injury_biomarker,KIM-1_protein,137,pct_compound_1-1_reference,increase,1.37x,measured_and_reported,0,TRUE,N4,US11479818,Table 5,public_domain,patent_compound_18-1;invivo_class_low;SD_22.2;normalised_to_compound_1-1_NOT_saline_do_not_pool_with_N3_Table2;rat_cells_more_sensitive_than_human_per_patent;grade_from_rubric_see_scripts_extract_n4_table5;grade_provisional;renal_endpoints_measured_and_reported:assay_readout_is_the_measurement
MSR209,OLG062,in_vitro,rat,animal_invitro,rat_primary_PTEC,proximal_tubule,gymnotic_free_uptake,10,uM,3_days,injury_biomarker,KIM-1_protein,159,pct_compound_1-1_reference,increase,1.59x,measured_and_reported,0,TRUE,N4,US11479818,Table 5,public_domain,patent_compound_18-1;invivo_class_low;SD_22.4;normalised_to_compound_1-1_NOT_saline_do_not_pool_with_N3_Table2;rat_cells_more_sensitive_than_human_per_patent;grade_from_rubric_see_scripts_extract_n4_table5;grade_provisional;renal_endpoints_measured_and_reported:assay_readout_is_the_measurement
MSR210,OLG062,in_vitro,rat,animal_invitro,rat_primary_PTEC,proximal_tubule,gymnotic_free_uptake,100,uM,3_days,injury_biomarker,KIM-1_protein,174,pct_compound_1-1_reference,increase,1.74x,measured_and_reported,0,TRUE,N4,US11479818,Table 5,public_domain,patent_compound_18-1;invivo_class_low;SD_51.1;normalised_to_compound_1-1_NOT_saline_do_not_pool_with_N3_Table2;rat_cells_more_sensitive_than_human_per_patent;grade_from_rubric_see_scripts_extract_n4_table5;grade_provisional;renal_endpoints_measured_and_reported:assay_readout_is_the_measurement
MSR211,OLG063,in_vitro,rat,animal_invitro,rat_primary_PTEC,proximal_tubule,gymnotic_free_uptake,1,uM,3_days,injury_biomarker,EGFR_mRNA,53,pct_compound_1-1_reference,decrease,0.53x,measured_and_reported,1,TRUE,N4,US11479818,Table 5,public_domain,patent_compound_19-1;invivo_class_low_medium;SD_10.5;normalised_to_compound_1-1_NOT_saline_do_not_pool_with_N3_Table2;rat_cells_more_sensitive_than_human_per_patent;grade_from_rubric_see_scripts_extract_n4_table5;grade_provisional;renal_endpoints_measured_and_reported:assay_readout_is_the_measurement
MSR212,OLG063,in_vitro,rat,animal_invitro,rat_primary_PTEC,proximal_tubule,gymnotic_free_uptake,10,uM,3_days,injury_biomarker,EGFR_mRNA,48,pct_compound_1-1_reference,decrease,0.48x,measured_and_reported,1,TRUE,N4,US11479818,Table 5,public_domain,patent_compound_19-1;invivo_class_low_medium;SD_17.4;normalised_to_compound_1-1_NOT_saline_do_not_pool_with_N3_Table2;rat_cells_more_sensitive_than_human_per_patent;grade_from_rubric_see_scripts_extract_n4_table5;grade_provisional;renal_endpoints_measured_and_reported:assay_readout_is_the_measurement
MSR213,OLG063,in_vitro,rat,animal_invitro,rat_primary_PTEC,proximal_tubule,gymnotic_free_uptake,100,uM,3_days,injury_biomarker,EGFR_mRNA,35,pct_compound_1-1_reference,decrease,0.35x,measured_and_reported,2,TRUE,N4,US11479818,Table 5,public_domain,patent_compound_19-1;invivo_class_low_medium;SD_14.7;normalised_to_compound_1-1_NOT_saline_do_not_pool_with_N3_Table2;rat_cells_more_sensitive_than_human_per_patent;grade_from_rubric_see_scripts_extract_n4_table5;grade_provisional;renal_endpoints_measured_and_reported:assay_readout_is_the_measurement
MSR214,OLG063,in_vitro,rat,animal_invitro,rat_primary_PTEC,proximal_tubule,gymnotic_free_uptake,1,uM,3_days,injury_biomarker,KIM-1_mRNA,1676,pct_compound_1-1_reference,increase,16.76x,measured_and_reported,3,TRUE,N4,US11479818,Table 5,public_domain,patent_compound_19-1;invivo_class_low_medium;SD_480;normalised_to_compound_1-1_NOT_saline_do_not_pool_with_N3_Table2;rat_cells_more_sensitive_than_human_per_patent;grade_from_rubric_see_scripts_extract_n4_table5;grade_provisional;renal_endpoints_measured_and_reported:assay_readout_is_the_measurement
MSR215,OLG063,in_vitro,rat,animal_invitro,rat_primary_PTEC,proximal_tubule,gymnotic_free_uptake,10,uM,3_days,injury_biomarker,KIM-1_mRNA,1991,pct_compound_1-1_reference,increase,19.91x,measured_and_reported,3,TRUE,N4,US11479818,Table 5,public_domain,patent_compound_19-1;invivo_class_low_medium;SD_781.4;normalised_to_compound_1-1_NOT_saline_do_not_pool_with_N3_Table2;rat_cells_more_sensitive_than_human_per_patent;grade_from_rubric_see_scripts_extract_n4_table5;grade_provisional;renal_endpoints_measured_and_reported:assay_readout_is_the_measurement
MSR216,OLG063,in_vitro,rat,animal_invitro,rat_primary_PTEC,proximal_tubule,gymnotic_free_uptake,100,uM,3_days,injury_biomarker,KIM-1_mRNA,1437,pct_compound_1-1_reference,increase,14.37x,measured_and_reported,2,TRUE,N4,US11479818,Table 5,public_domain,patent_compound_19-1;invivo_class_low_medium;SD_378.5;normalised_to_compound_1-1_NOT_saline_do_not_pool_with_N3_Table2;rat_cells_more_sensitive_than_human_per_patent;grade_from_rubric_see_scripts_extract_n4_table5;grade_provisional;renal_endpoints_measured_and_reported:assay_readout_is_the_measurement
MSR217,OLG063,in_vitro,rat,animal_invitro,rat_primary_PTEC,proximal_tubule,gymnotic_free_uptake,1,uM,3_days,injury_biomarker,KIM-1_protein,185,pct_compound_1-1_reference,increase,1.85x,measured_and_reported,0,TRUE,N4,US11479818,Table 5,public_domain,patent_compound_19-1;invivo_class_low_medium;SD_46.4;normalised_to_compound_1-1_NOT_saline_do_not_pool_with_N3_Table2;rat_cells_more_sensitive_than_human_per_patent;grade_from_rubric_see_scripts_extract_n4_table5;grade_provisional;renal_endpoints_measured_and_reported:assay_readout_is_the_measurement
MSR218,OLG063,in_vitro,rat,animal_invitro,rat_primary_PTEC,proximal_tubule,gymnotic_free_uptake,10,uM,3_days,injury_biomarker,KIM-1_protein,231,pct_compound_1-1_reference,increase,2.31x,measured_and_reported,1,TRUE,N4,US11479818,Table 5,public_domain,patent_compound_19-1;invivo_class_low_medium;SD_72.1;normalised_to_compound_1-1_NOT_saline_do_not_pool_with_N3_Table2;rat_cells_more_sensitive_than_human_per_patent;grade_from_rubric_see_scripts_extract_n4_table5;grade_provisional;renal_endpoints_measured_and_reported:assay_readout_is_the_measurement
MSR219,OLG063,in_vitro,rat,animal_invitro,rat_primary_PTEC,proximal_tubule,gymnotic_free_uptake,100,uM,3_days,injury_biomarker,KIM-1_protein,345,pct_compound_1-1_reference,increase,3.45x,measured_and_reported,1,TRUE,N4,US11479818,Table 5,public_domain,patent_compound_19-1;invivo_class_low_medium;SD_52.2;normalised_to_compound_1-1_NOT_saline_do_not_pool_with_N3_Table2;rat_cells_more_sensitive_than_human_per_patent;grade_from_rubric_see_scripts_extract_n4_table5;grade_provisional;renal_endpoints_measured_and_reported:assay_readout_is_the_measurement
MSR220,OLG064,in_vitro,rat,animal_invitro,rat_primary_PTEC,proximal_tubule,gymnotic_free_uptake,1,uM,3_days,injury_biomarker,EGFR_mRNA,25,pct_compound_1-1_reference,decrease,0.25x,measured_and_reported,2,TRUE,N4,US11479818,Table 5,public_domain,patent_compound_19-2;invivo_class_high;SD_10.5;normalised_to_compound_1-1_NOT_saline_do_not_pool_with_N3_Table2;rat_cells_more_sensitive_than_human_per_patent;grade_from_rubric_see_scripts_extract_n4_table5;grade_provisional;renal_endpoints_measured_and_reported:assay_readout_is_the_measurement
MSR221,OLG064,in_vitro,rat,animal_invitro,rat_primary_PTEC,proximal_tubule,gymnotic_free_uptake,10,uM,3_days,injury_biomarker,EGFR_mRNA,10,pct_compound_1-1_reference,decrease,0.10x,measured_and_reported,3,TRUE,N4,US11479818,Table 5,public_domain,patent_compound_19-2;invivo_class_high;SD_7.7;normalised_to_compound_1-1_NOT_saline_do_not_pool_with_N3_Table2;rat_cells_more_sensitive_than_human_per_patent;grade_from_rubric_see_scripts_extract_n4_table5;grade_provisional;renal_endpoints_measured_and_reported:assay_readout_is_the_measurement
MSR222,OLG064,in_vitro,rat,animal_invitro,rat_primary_PTEC,proximal_tubule,gymnotic_free_uptake,100,uM,3_days,injury_biomarker,EGFR_mRNA,6,pct_compound_1-1_reference,decrease,0.06x,measured_and_reported,3,TRUE,N4,US11479818,Table 5,public_domain,patent_compound_19-2;invivo_class_high;SD_10.3;normalised_to_compound_1-1_NOT_saline_do_not_pool_with_N3_Table2;rat_cells_more_sensitive_than_human_per_patent;grade_from_rubric_see_scripts_extract_n4_table5;grade_provisional;renal_endpoints_measured_and_reported:assay_readout_is_the_measurement
MSR223,OLG064,in_vitro,rat,animal_invitro,rat_primary_PTEC,proximal_tubule,gymnotic_free_uptake,1,uM,3_days,injury_biomarker,KIM-1_mRNA,5139,pct_compound_1-1_reference,increase,51.39x,measured_and_reported,3,TRUE,N4,US11479818,Table 5,public_domain,patent_compound_19-2;invivo_class_high;SD_1462.9;normalised_to_compound_1-1_NOT_saline_do_not_pool_with_N3_Table2;rat_cells_more_sensitive_than_human_per_patent;grade_from_rubric_see_scripts_extract_n4_table5;grade_provisional;renal_endpoints_measured_and_reported:assay_readout_is_the_measurement
MSR224,OLG064,in_vitro,rat,animal_invitro,rat_primary_PTEC,proximal_tubule,gymnotic_free_uptake,10,uM,3_days,injury_biomarker,KIM-1_mRNA,5361,pct_compound_1-1_reference,increase,53.61x,measured_and_reported,3,TRUE,N4,US11479818,Table 5,public_domain,patent_compound_19-2;invivo_class_high;SD_1106.2;normalised_to_compound_1-1_NOT_saline_do_not_pool_with_N3_Table2;rat_cells_more_sensitive_than_human_per_patent;grade_from_rubric_see_scripts_extract_n4_table5;grade_provisional;renal_endpoints_measured_and_reported:assay_readout_is_the_measurement
MSR225,OLG064,in_vitro,rat,animal_invitro,rat_primary_PTEC,proximal_tubule,gymnotic_free_uptake,100,uM,3_days,injury_biomarker,KIM-1_mRNA,2367,pct_compound_1-1_reference,increase,23.67x,measured_and_reported,3,TRUE,N4,US11479818,Table 5,public_domain,patent_compound_19-2;invivo_class_high;SD_606.9;normalised_to_compound_1-1_NOT_saline_do_not_pool_with_N3_Table2;rat_cells_more_sensitive_than_human_per_patent;grade_from_rubric_see_scripts_extract_n4_table5;grade_provisional;renal_endpoints_measured_and_reported:assay_readout_is_the_measurement
MSR226,OLG064,in_vitro,rat,animal_invitro,rat_primary_PTEC,proximal_tubule,gymnotic_free_uptake,1,uM,3_days,injury_biomarker,KIM-1_protein,502,pct_compound_1-1_reference,increase,5.02x,measured_and_reported,2,TRUE,N4,US11479818,Table 5,public_domain,patent_compound_19-2;invivo_class_high;SD_81.3;normalised_to_compound_1-1_NOT_saline_do_not_pool_with_N3_Table2;rat_cells_more_sensitive_than_human_per_patent;grade_from_rubric_see_scripts_extract_n4_table5;grade_provisional;renal_endpoints_measured_and_reported:assay_readout_is_the_measurement
MSR227,OLG064,in_vitro,rat,animal_invitro,rat_primary_PTEC,proximal_tubule,gymnotic_free_uptake,10,uM,3_days,injury_biomarker,KIM-1_protein,712,pct_compound_1-1_reference,increase,7.12x,measured_and_reported,2,TRUE,N4,US11479818,Table 5,public_domain,patent_compound_19-2;invivo_class_high;SD_88.8;normalised_to_compound_1-1_NOT_saline_do_not_pool_with_N3_Table2;rat_cells_more_sensitive_than_human_per_patent;grade_from_rubric_see_scripts_extract_n4_table5;grade_provisional;renal_endpoints_measured_and_reported:assay_readout_is_the_measurement
MSR228,OLG064,in_vitro,rat,animal_invitro,rat_primary_PTEC,proximal_tubule,gymnotic_free_uptake,100,uM,3_days,injury_biomarker,KIM-1_protein,566,pct_compound_1-1_reference,increase,5.66x,measured_and_reported,2,TRUE,N4,US11479818,Table 5,public_domain,patent_compound_19-2;invivo_class_high;SD_149.7;normalised_to_compound_1-1_NOT_saline_do_not_pool_with_N3_Table2;rat_cells_more_sensitive_than_human_per_patent;grade_from_rubric_see_scripts_extract_n4_table5;grade_provisional;renal_endpoints_measured_and_reported:assay_readout_is_the_measurement
MSR229,OLG047,in_vitro,rat,animal_invitro,rat_primary_PTEC,proximal_tubule,gymnotic_free_uptake,1,uM,3_days,injury_biomarker,EGFR_mRNA,67,pct_compound_1-1_reference,decrease,0.67x,measured_and_reported,1,TRUE,N4,US11479818,Table 5,public_domain,patent_compound_3-1;invivo_class_medium;SD_9;normalised_to_compound_1-1_NOT_saline_do_not_pool_with_N3_Table2;rat_cells_more_sensitive_than_human_per_patent;grade_from_rubric_see_scripts_extract_n4_table5;grade_provisional;renal_endpoints_measured_and_reported:assay_readout_is_the_measurement
MSR230,OLG047,in_vitro,rat,animal_invitro,rat_primary_PTEC,proximal_tubule,gymnotic_free_uptake,10,uM,3_days,injury_biomarker,EGFR_mRNA,84,pct_compound_1-1_reference,decrease,0.84x,measured_and_reported,0,TRUE,N4,US11479818,Table 5,public_domain,patent_compound_3-1;invivo_class_medium;SD_5.9;normalised_to_compound_1-1_NOT_saline_do_not_pool_with_N3_Table2;rat_cells_more_sensitive_than_human_per_patent;grade_from_rubric_see_scripts_extract_n4_table5;grade_provisional;renal_endpoints_measured_and_reported:assay_readout_is_the_measurement
MSR231,OLG047,in_vitro,rat,animal_invitro,rat_primary_PTEC,proximal_tubule,gymnotic_free_uptake,100,uM,3_days,injury_biomarker,EGFR_mRNA,99,pct_compound_1-1_reference,no_change,0.99x,measured_and_reported,0,TRUE,N4,US11479818,Table 5,public_domain,patent_compound_3-1;invivo_class_medium;SD_17.5;normalised_to_compound_1-1_NOT_saline_do_not_pool_with_N3_Table2;rat_cells_more_sensitive_than_human_per_patent;grade_from_rubric_see_scripts_extract_n4_table5;grade_provisional;renal_endpoints_measured_and_reported:assay_readout_is_the_measurement
MSR232,OLG047,in_vitro,rat,animal_invitro,rat_primary_PTEC,proximal_tubule,gymnotic_free_uptake,1,uM,3_days,injury_biomarker,KIM-1_mRNA,1321,pct_compound_1-1_reference,increase,13.21x,measured_and_reported,2,TRUE,N4,US11479818,Table 5,public_domain,patent_compound_3-1;invivo_class_medium;SD_106.7;normalised_to_compound_1-1_NOT_saline_do_not_pool_with_N3_Table2;rat_cells_more_sensitive_than_human_per_patent;grade_from_rubric_see_scripts_extract_n4_table5;grade_provisional;renal_endpoints_measured_and_reported:assay_readout_is_the_measurement
MSR233,OLG047,in_vitro,rat,animal_invitro,rat_primary_PTEC,proximal_tubule,gymnotic_free_uptake,10,uM,3_days,injury_biomarker,KIM-1_mRNA,3622,pct_compound_1-1_reference,increase,36.22x,measured_and_reported,3,TRUE,N4,US11479818,Table 5,public_domain,patent_compound_3-1;invivo_class_medium;SD_93.4;normalised_to_compound_1-1_NOT_saline_do_not_pool_with_N3_Table2;rat_cells_more_sensitive_than_human_per_patent;grade_from_rubric_see_scripts_extract_n4_table5;grade_provisional;renal_endpoints_measured_and_reported:assay_readout_is_the_measurement
MSR234,OLG047,in_vitro,rat,animal_invitro,rat_primary_PTEC,proximal_tubule,gymnotic_free_uptake,100,uM,3_days,injury_biomarker,KIM-1_mRNA,2874,pct_compound_1-1_reference,increase,28.74x,measured_and_reported,3,TRUE,N4,US11479818,Table 5,public_domain,patent_compound_3-1;invivo_class_medium;SD_486.7;normalised_to_compound_1-1_NOT_saline_do_not_pool_with_N3_Table2;rat_cells_more_sensitive_than_human_per_patent;grade_from_rubric_see_scripts_extract_n4_table5;grade_provisional;renal_endpoints_measured_and_reported:assay_readout_is_the_measurement
MSR235,OLG047,in_vitro,rat,animal_invitro,rat_primary_PTEC,proximal_tubule,gymnotic_free_uptake,1,uM,3_days,injury_biomarker,KIM-1_protein,262,pct_compound_1-1_reference,increase,2.62x,measured_and_reported,1,TRUE,N4,US11479818,Table 5,public_domain,patent_compound_3-1;invivo_class_medium;SD_48.3;normalised_to_compound_1-1_NOT_saline_do_not_pool_with_N3_Table2;rat_cells_more_sensitive_than_human_per_patent;grade_from_rubric_see_scripts_extract_n4_table5;grade_provisional;renal_endpoints_measured_and_reported:assay_readout_is_the_measurement
MSR236,OLG047,in_vitro,rat,animal_invitro,rat_primary_PTEC,proximal_tubule,gymnotic_free_uptake,10,uM,3_days,injury_biomarker,KIM-1_protein,433,pct_compound_1-1_reference,increase,4.33x,measured_and_reported,1,TRUE,N4,US11479818,Table 5,public_domain,patent_compound_3-1;invivo_class_medium;SD_101.8;normalised_to_compound_1-1_NOT_saline_do_not_pool_with_N3_Table2;rat_cells_more_sensitive_than_human_per_patent;grade_from_rubric_see_scripts_extract_n4_table5;grade_provisional;renal_endpoints_measured_and_reported:assay_readout_is_the_measurement
MSR237,OLG047,in_vitro,rat,animal_invitro,rat_primary_PTEC,proximal_tubule,gymnotic_free_uptake,100,uM,3_days,injury_biomarker,KIM-1_protein,65,pct_compound_1-1_reference,decrease,0.65x,measured_and_reported,0,TRUE,N4,US11479818,Table 5,public_domain,patent_compound_3-1;invivo_class_medium;SD_7.5;normalised_to_compound_1-1_NOT_saline_do_not_pool_with_N3_Table2;rat_cells_more_sensitive_than_human_per_patent;grade_from_rubric_see_scripts_extract_n4_table5;grade_provisional;renal_endpoints_measured_and_reported:assay_readout_is_the_measurement
MSR238,OLG048,in_vitro,rat,animal_invitro,rat_primary_PTEC,proximal_tubule,gymnotic_free_uptake,1,uM,3_days,injury_biomarker,EGFR_mRNA,23,pct_compound_1-1_reference,decrease,0.23x,measured_and_reported,2,TRUE,N4,US11479818,Table 5,public_domain,patent_compound_4-1;invivo_class_high;SD_4.4;normalised_to_compound_1-1_NOT_saline_do_not_pool_with_N3_Table2;rat_cells_more_sensitive_than_human_per_patent;grade_from_rubric_see_scripts_extract_n4_table5;grade_provisional;renal_endpoints_measured_and_reported:assay_readout_is_the_measurement
MSR239,OLG048,in_vitro,rat,animal_invitro,rat_primary_PTEC,proximal_tubule,gymnotic_free_uptake,10,uM,3_days,injury_biomarker,EGFR_mRNA,12,pct_compound_1-1_reference,decrease,0.12x,measured_and_reported,3,TRUE,N4,US11479818,Table 5,public_domain,patent_compound_4-1;invivo_class_high;SD_1;normalised_to_compound_1-1_NOT_saline_do_not_pool_with_N3_Table2;rat_cells_more_sensitive_than_human_per_patent;grade_from_rubric_see_scripts_extract_n4_table5;grade_provisional;renal_endpoints_measured_and_reported:assay_readout_is_the_measurement
MSR240,OLG048,in_vitro,rat,animal_invitro,rat_primary_PTEC,proximal_tubule,gymnotic_free_uptake,100,uM,3_days,injury_biomarker,EGFR_mRNA,11,pct_compound_1-1_reference,decrease,0.11x,measured_and_reported,3,TRUE,N4,US11479818,Table 5,public_domain,patent_compound_4-1;invivo_class_high;SD_7.3;normalised_to_compound_1-1_NOT_saline_do_not_pool_with_N3_Table2;rat_cells_more_sensitive_than_human_per_patent;grade_from_rubric_see_scripts_extract_n4_table5;grade_provisional;renal_endpoints_measured_and_reported:assay_readout_is_the_measurement
MSR241,OLG048,in_vitro,rat,animal_invitro,rat_primary_PTEC,proximal_tubule,gymnotic_free_uptake,1,uM,3_days,injury_biomarker,KIM-1_mRNA,213,pct_compound_1-1_reference,increase,2.13x,measured_and_reported,1,TRUE,N4,US11479818,Table 5,public_domain,patent_compound_4-1;invivo_class_high;SD_71.4;normalised_to_compound_1-1_NOT_saline_do_not_pool_with_N3_Table2;rat_cells_more_sensitive_than_human_per_patent;grade_from_rubric_see_scripts_extract_n4_table5;grade_provisional;renal_endpoints_measured_and_reported:assay_readout_is_the_measurement
MSR242,OLG048,in_vitro,rat,animal_invitro,rat_primary_PTEC,proximal_tubule,gymnotic_free_uptake,10,uM,3_days,injury_biomarker,KIM-1_mRNA,254,pct_compound_1-1_reference,increase,2.54x,measured_and_reported,1,TRUE,N4,US11479818,Table 5,public_domain,patent_compound_4-1;invivo_class_high;SD_98.3;normalised_to_compound_1-1_NOT_saline_do_not_pool_with_N3_Table2;rat_cells_more_sensitive_than_human_per_patent;grade_from_rubric_see_scripts_extract_n4_table5;grade_provisional;renal_endpoints_measured_and_reported:assay_readout_is_the_measurement
MSR243,OLG048,in_vitro,rat,animal_invitro,rat_primary_PTEC,proximal_tubule,gymnotic_free_uptake,100,uM,3_days,injury_biomarker,KIM-1_mRNA,67,pct_compound_1-1_reference,decrease,0.67x,measured_and_reported,0,TRUE,N4,US11479818,Table 5,public_domain,patent_compound_4-1;invivo_class_high;SD_31.7;normalised_to_compound_1-1_NOT_saline_do_not_pool_with_N3_Table2;rat_cells_more_sensitive_than_human_per_patent;grade_from_rubric_see_scripts_extract_n4_table5;grade_provisional;renal_endpoints_measured_and_reported:assay_readout_is_the_measurement
MSR244,OLG048,in_vitro,rat,animal_invitro,rat_primary_PTEC,proximal_tubule,gymnotic_free_uptake,1,uM,3_days,injury_biomarker,KIM-1_protein,99,pct_compound_1-1_reference,no_change,0.99x,measured_and_reported,0,TRUE,N4,US11479818,Table 5,public_domain,patent_compound_4-1;invivo_class_high;SD_20.8;normalised_to_compound_1-1_NOT_saline_do_not_pool_with_N3_Table2;rat_cells_more_sensitive_than_human_per_patent;grade_from_rubric_see_scripts_extract_n4_table5;grade_provisional;renal_endpoints_measured_and_reported:assay_readout_is_the_measurement
MSR245,OLG048,in_vitro,rat,animal_invitro,rat_primary_PTEC,proximal_tubule,gymnotic_free_uptake,10,uM,3_days,injury_biomarker,KIM-1_protein,98,pct_compound_1-1_reference,no_change,0.98x,measured_and_reported,0,TRUE,N4,US11479818,Table 5,public_domain,patent_compound_4-1;invivo_class_high;SD_10.5;normalised_to_compound_1-1_NOT_saline_do_not_pool_with_N3_Table2;rat_cells_more_sensitive_than_human_per_patent;grade_from_rubric_see_scripts_extract_n4_table5;grade_provisional;renal_endpoints_measured_and_reported:assay_readout_is_the_measurement
MSR246,OLG048,in_vitro,rat,animal_invitro,rat_primary_PTEC,proximal_tubule,gymnotic_free_uptake,100,uM,3_days,injury_biomarker,KIM-1_protein,92,pct_compound_1-1_reference,no_change,0.92x,measured_and_reported,0,TRUE,N4,US11479818,Table 5,public_domain,patent_compound_4-1;invivo_class_high;SD_NA;normalised_to_compound_1-1_NOT_saline_do_not_pool_with_N3_Table2;rat_cells_more_sensitive_than_human_per_patent;grade_from_rubric_see_scripts_extract_n4_table5;grade_provisional;renal_endpoints_measured_and_reported:assay_readout_is_the_measurement
