staging_id,source_sheet,source_cell,endpoint_block,row_label,column_header,replicate_or_series,value,construct_named,construct_basis,control_class,assay_context,human_system,qualification
SEW-00001,Figure 1,Figure 1!B4,MFI PAC,condition,1,1,1,,,,Figure 1 / MFI PAC,human platelets / PRP / whole blood (per source methods),"STAGED RAW VALUE — not validated, not adjudicated, not entered in the dataset"
SEW-00002,Figure 1,Figure 1!C4,MFI PAC,condition,2,2,2,,,,Figure 1 / MFI PAC,human platelets / PRP / whole blood (per source methods),"STAGED RAW VALUE — not validated, not adjudicated, not entered in the dataset"
SEW-00003,Figure 1,Figure 1!D4,MFI PAC,condition,3,3,3,,,,Figure 1 / MFI PAC,human platelets / PRP / whole blood (per source methods),"STAGED RAW VALUE — not validated, not adjudicated, not entered in the dataset"
SEW-00004,Figure 1,Figure 1!E4,MFI PAC,condition,4,4,4,,,,Figure 1 / MFI PAC,human platelets / PRP / whole blood (per source methods),"STAGED RAW VALUE — not validated, not adjudicated, not entered in the dataset"
SEW-00005,Figure 1,Figure 1!F4,MFI PAC,condition,5,5,5,,,,Figure 1 / MFI PAC,human platelets / PRP / whole blood (per source methods),"STAGED RAW VALUE — not validated, not adjudicated, not entered in the dataset"
SEW-00006,Figure 1,Figure 1!B5,MFI PAC,neg ctrl,1,1,1.1766666666666665,,,negative_control_unstimulated,Figure 1 / MFI PAC,human platelets / PRP / whole blood (per source methods),"STAGED RAW VALUE — not validated, not adjudicated, not entered in the dataset"
SEW-00007,Figure 1,Figure 1!C5,MFI PAC,neg ctrl,2,2,1.2333333333333334,,,negative_control_unstimulated,Figure 1 / MFI PAC,human platelets / PRP / whole blood (per source methods),"STAGED RAW VALUE — not validated, not adjudicated, not entered in the dataset"
SEW-00008,Figure 1,Figure 1!D5,MFI PAC,neg ctrl,3,3,2.473333333333333,,,negative_control_unstimulated,Figure 1 / MFI PAC,human platelets / PRP / whole blood (per source methods),"STAGED RAW VALUE — not validated, not adjudicated, not entered in the dataset"
SEW-00009,Figure 1,Figure 1!E5,MFI PAC,neg ctrl,4,4,1.0966666666666667,,,negative_control_unstimulated,Figure 1 / MFI PAC,human platelets / PRP / whole blood (per source methods),"STAGED RAW VALUE — not validated, not adjudicated, not entered in the dataset"
SEW-00010,Figure 1,Figure 1!F5,MFI PAC,neg ctrl,5,5,1.6633333333333333,,,negative_control_unstimulated,Figure 1 / MFI PAC,human platelets / PRP / whole blood (per source methods),"STAGED RAW VALUE — not validated, not adjudicated, not entered in the dataset"
SEW-00011,Figure 1,Figure 1!B6,MFI PAC,ADP,1,1,8.283333333333333,,,positive_control_agonist,Figure 1 / MFI PAC,human platelets / PRP / whole blood (per source methods),"STAGED RAW VALUE — not validated, not adjudicated, not entered in the dataset"
SEW-00012,Figure 1,Figure 1!C6,MFI PAC,ADP,2,2,8.636666666666668,,,positive_control_agonist,Figure 1 / MFI PAC,human platelets / PRP / whole blood (per source methods),"STAGED RAW VALUE — not validated, not adjudicated, not entered in the dataset"
SEW-00013,Figure 1,Figure 1!D6,MFI PAC,ADP,3,3,6.403333333333333,,,positive_control_agonist,Figure 1 / MFI PAC,human platelets / PRP / whole blood (per source methods),"STAGED RAW VALUE — not validated, not adjudicated, not entered in the dataset"
SEW-00014,Figure 1,Figure 1!E6,MFI PAC,ADP,4,4,3.91,,,positive_control_agonist,Figure 1 / MFI PAC,human platelets / PRP / whole blood (per source methods),"STAGED RAW VALUE — not validated, not adjudicated, not entered in the dataset"
SEW-00015,Figure 1,Figure 1!F6,MFI PAC,ADP,5,5,4.640000000000001,,,positive_control_agonist,Figure 1 / MFI PAC,human platelets / PRP / whole blood (per source methods),"STAGED RAW VALUE — not validated, not adjudicated, not entered in the dataset"
SEW-00016,Figure 1,Figure 1!B7,MFI PAC,TRAP,1,1,6.623333333333334,,,positive_control_agonist,Figure 1 / MFI PAC,human platelets / PRP / whole blood (per source methods),"STAGED RAW VALUE — not validated, not adjudicated, not entered in the dataset"
SEW-00017,Figure 1,Figure 1!C7,MFI PAC,TRAP,2,2,3.2266666666666666,,,positive_control_agonist,Figure 1 / MFI PAC,human platelets / PRP / whole blood (per source methods),"STAGED RAW VALUE — not validated, not adjudicated, not entered in the dataset"
SEW-00018,Figure 1,Figure 1!D7,MFI PAC,TRAP,3,3,7.396666666666666,,,positive_control_agonist,Figure 1 / MFI PAC,human platelets / PRP / whole blood (per source methods),"STAGED RAW VALUE — not validated, not adjudicated, not entered in the dataset"
SEW-00019,Figure 1,Figure 1!E7,MFI PAC,TRAP,4,4,4.13,,,positive_control_agonist,Figure 1 / MFI PAC,human platelets / PRP / whole blood (per source methods),"STAGED RAW VALUE — not validated, not adjudicated, not entered in the dataset"
SEW-00020,Figure 1,Figure 1!F7,MFI PAC,TRAP,5,5,4.9399999999999995,,,positive_control_agonist,Figure 1 / MFI PAC,human platelets / PRP / whole blood (per source methods),"STAGED RAW VALUE — not validated, not adjudicated, not entered in the dataset"
SEW-00021,Figure 1,Figure 1!B8,MFI PAC,+ PS,1,1,20.73,,,backbone_control_phosphorothioate,Figure 1 / MFI PAC,human platelets / PRP / whole blood (per source methods),"STAGED RAW VALUE — not validated, not adjudicated, not entered in the dataset"
SEW-00022,Figure 1,Figure 1!C8,MFI PAC,+ PS,2,2,25.39,,,backbone_control_phosphorothioate,Figure 1 / MFI PAC,human platelets / PRP / whole blood (per source methods),"STAGED RAW VALUE — not validated, not adjudicated, not entered in the dataset"
SEW-00023,Figure 1,Figure 1!D8,MFI PAC,+ PS,3,3,17.506666666666668,,,backbone_control_phosphorothioate,Figure 1 / MFI PAC,human platelets / PRP / whole blood (per source methods),"STAGED RAW VALUE — not validated, not adjudicated, not entered in the dataset"
SEW-00024,Figure 1,Figure 1!E8,MFI PAC,+ PS,4,4,14.19,,,backbone_control_phosphorothioate,Figure 1 / MFI PAC,human platelets / PRP / whole blood (per source methods),"STAGED RAW VALUE — not validated, not adjudicated, not entered in the dataset"
SEW-00025,Figure 1,Figure 1!F8,MFI PAC,+ PS,5,5,16.856666666666666,,,backbone_control_phosphorothioate,Figure 1 / MFI PAC,human platelets / PRP / whole blood (per source methods),"STAGED RAW VALUE — not validated, not adjudicated, not entered in the dataset"
SEW-00026,Figure 1,Figure 1!B9,MFI PAC,- PS,1,1,1.1466666666666665,,,backbone_control_phosphodiester,Figure 1 / MFI PAC,human platelets / PRP / whole blood (per source methods),"STAGED RAW VALUE — not validated, not adjudicated, not entered in the dataset"
SEW-00027,Figure 1,Figure 1!C9,MFI PAC,- PS,2,2,1.27,,,backbone_control_phosphodiester,Figure 1 / MFI PAC,human platelets / PRP / whole blood (per source methods),"STAGED RAW VALUE — not validated, not adjudicated, not entered in the dataset"
SEW-00028,Figure 1,Figure 1!D9,MFI PAC,- PS,3,3,2.83,,,backbone_control_phosphodiester,Figure 1 / MFI PAC,human platelets / PRP / whole blood (per source methods),"STAGED RAW VALUE — not validated, not adjudicated, not entered in the dataset"
SEW-00029,Figure 1,Figure 1!E9,MFI PAC,- PS,4,4,1.2333333333333332,,,backbone_control_phosphodiester,Figure 1 / MFI PAC,human platelets / PRP / whole blood (per source methods),"STAGED RAW VALUE — not validated, not adjudicated, not entered in the dataset"
SEW-00030,Figure 1,Figure 1!F9,MFI PAC,- PS,5,5,1.78,,,backbone_control_phosphodiester,Figure 1 / MFI PAC,human platelets / PRP / whole blood (per source methods),"STAGED RAW VALUE — not validated, not adjudicated, not entered in the dataset"
SEW-00031,Figure 1,Figure 1!A10,MFI PAC,10,,,10,(AC)5,length 10 nt of the alternating-AC series,,Figure 1 / MFI PAC,human platelets / PRP / whole blood (per source methods),"STAGED RAW VALUE — not validated, not adjudicated, not entered in the dataset"
SEW-00032,Figure 1,Figure 1!B10,MFI PAC,10,1,1,1.4966666666666668,(AC)5,length 10 nt of the alternating-AC series,,Figure 1 / MFI PAC,human platelets / PRP / whole blood (per source methods),"STAGED RAW VALUE — not validated, not adjudicated, not entered in the dataset"
SEW-00033,Figure 1,Figure 1!C10,MFI PAC,10,2,2,2.0033333333333334,(AC)5,length 10 nt of the alternating-AC series,,Figure 1 / MFI PAC,human platelets / PRP / whole blood (per source methods),"STAGED RAW VALUE — not validated, not adjudicated, not entered in the dataset"
SEW-00034,Figure 1,Figure 1!D10,MFI PAC,10,3,3,3.486666666666667,(AC)5,length 10 nt of the alternating-AC series,,Figure 1 / MFI PAC,human platelets / PRP / whole blood (per source methods),"STAGED RAW VALUE — not validated, not adjudicated, not entered in the dataset"
SEW-00035,Figure 1,Figure 1!E10,MFI PAC,10,4,4,1.4933333333333332,(AC)5,length 10 nt of the alternating-AC series,,Figure 1 / MFI PAC,human platelets / PRP / whole blood (per source methods),"STAGED RAW VALUE — not validated, not adjudicated, not entered in the dataset"
SEW-00036,Figure 1,Figure 1!F10,MFI PAC,10,5,5,2.1,(AC)5,length 10 nt of the alternating-AC series,,Figure 1 / MFI PAC,human platelets / PRP / whole blood (per source methods),"STAGED RAW VALUE — not validated, not adjudicated, not entered in the dataset"
SEW-00037,Figure 1,Figure 1!A11,MFI PAC,12,,,12,(AC)6,length 12 nt of the alternating-AC series,,Figure 1 / MFI PAC,human platelets / PRP / whole blood (per source methods),"STAGED RAW VALUE — not validated, not adjudicated, not entered in the dataset"
SEW-00038,Figure 1,Figure 1!B11,MFI PAC,12,1,1,7.506666666666667,(AC)6,length 12 nt of the alternating-AC series,,Figure 1 / MFI PAC,human platelets / PRP / whole blood (per source methods),"STAGED RAW VALUE — not validated, not adjudicated, not entered in the dataset"
SEW-00039,Figure 1,Figure 1!C11,MFI PAC,12,2,2,4.86,(AC)6,length 12 nt of the alternating-AC series,,Figure 1 / MFI PAC,human platelets / PRP / whole blood (per source methods),"STAGED RAW VALUE — not validated, not adjudicated, not entered in the dataset"
SEW-00040,Figure 1,Figure 1!D11,MFI PAC,12,3,3,5.133333333333333,(AC)6,length 12 nt of the alternating-AC series,,Figure 1 / MFI PAC,human platelets / PRP / whole blood (per source methods),"STAGED RAW VALUE — not validated, not adjudicated, not entered in the dataset"
SEW-00041,Figure 1,Figure 1!E11,MFI PAC,12,4,4,2.706666666666667,(AC)6,length 12 nt of the alternating-AC series,,Figure 1 / MFI PAC,human platelets / PRP / whole blood (per source methods),"STAGED RAW VALUE — not validated, not adjudicated, not entered in the dataset"
SEW-00042,Figure 1,Figure 1!F11,MFI PAC,12,5,5,2.7100000000000004,(AC)6,length 12 nt of the alternating-AC series,,Figure 1 / MFI PAC,human platelets / PRP / whole blood (per source methods),"STAGED RAW VALUE — not validated, not adjudicated, not entered in the dataset"
SEW-00043,Figure 1,Figure 1!A12,MFI PAC,14,,,14,(AC)7,length 14 nt of the alternating-AC series,,Figure 1 / MFI PAC,human platelets / PRP / whole blood (per source methods),"STAGED RAW VALUE — not validated, not adjudicated, not entered in the dataset"
SEW-00044,Figure 1,Figure 1!B12,MFI PAC,14,1,1,14.843333333333334,(AC)7,length 14 nt of the alternating-AC series,,Figure 1 / MFI PAC,human platelets / PRP / whole blood (per source methods),"STAGED RAW VALUE — not validated, not adjudicated, not entered in the dataset"
SEW-00045,Figure 1,Figure 1!C12,MFI PAC,14,2,2,11.323333333333332,(AC)7,length 14 nt of the alternating-AC series,,Figure 1 / MFI PAC,human platelets / PRP / whole blood (per source methods),"STAGED RAW VALUE — not validated, not adjudicated, not entered in the dataset"
SEW-00046,Figure 1,Figure 1!D12,MFI PAC,14,3,3,7.43,(AC)7,length 14 nt of the alternating-AC series,,Figure 1 / MFI PAC,human platelets / PRP / whole blood (per source methods),"STAGED RAW VALUE — not validated, not adjudicated, not entered in the dataset"
SEW-00047,Figure 1,Figure 1!E12,MFI PAC,14,4,4,5.573333333333333,(AC)7,length 14 nt of the alternating-AC series,,Figure 1 / MFI PAC,human platelets / PRP / whole blood (per source methods),"STAGED RAW VALUE — not validated, not adjudicated, not entered in the dataset"
SEW-00048,Figure 1,Figure 1!F12,MFI PAC,14,5,5,3.7100000000000004,(AC)7,length 14 nt of the alternating-AC series,,Figure 1 / MFI PAC,human platelets / PRP / whole blood (per source methods),"STAGED RAW VALUE — not validated, not adjudicated, not entered in the dataset"
SEW-00049,Figure 1,Figure 1!A13,MFI PAC,16,,,16,(AC)8,length 16 nt of the alternating-AC series,,Figure 1 / MFI PAC,human platelets / PRP / whole blood (per source methods),"STAGED RAW VALUE — not validated, not adjudicated, not entered in the dataset"
SEW-00050,Figure 1,Figure 1!B13,MFI PAC,16,1,1,18.903333333333332,(AC)8,length 16 nt of the alternating-AC series,,Figure 1 / MFI PAC,human platelets / PRP / whole blood (per source methods),"STAGED RAW VALUE — not validated, not adjudicated, not entered in the dataset"
SEW-00051,Figure 1,Figure 1!C13,MFI PAC,16,2,2,21.826666666666664,(AC)8,length 16 nt of the alternating-AC series,,Figure 1 / MFI PAC,human platelets / PRP / whole blood (per source methods),"STAGED RAW VALUE — not validated, not adjudicated, not entered in the dataset"
SEW-00052,Figure 1,Figure 1!D13,MFI PAC,16,3,3,15.556666666666667,(AC)8,length 16 nt of the alternating-AC series,,Figure 1 / MFI PAC,human platelets / PRP / whole blood (per source methods),"STAGED RAW VALUE — not validated, not adjudicated, not entered in the dataset"
SEW-00053,Figure 1,Figure 1!E13,MFI PAC,16,4,4,13.073333333333332,(AC)8,length 16 nt of the alternating-AC series,,Figure 1 / MFI PAC,human platelets / PRP / whole blood (per source methods),"STAGED RAW VALUE — not validated, not adjudicated, not entered in the dataset"
SEW-00054,Figure 1,Figure 1!F13,MFI PAC,16,5,5,14.606666666666667,(AC)8,length 16 nt of the alternating-AC series,,Figure 1 / MFI PAC,human platelets / PRP / whole blood (per source methods),"STAGED RAW VALUE — not validated, not adjudicated, not entered in the dataset"
SEW-00055,Figure 1,Figure 1!A14,MFI PAC,18,,,18,(AC)9,length 18 nt of the alternating-AC series,,Figure 1 / MFI PAC,human platelets / PRP / whole blood (per source methods),"STAGED RAW VALUE — not validated, not adjudicated, not entered in the dataset"
SEW-00056,Figure 1,Figure 1!B14,MFI PAC,18,1,1,19.196666666666665,(AC)9,length 18 nt of the alternating-AC series,,Figure 1 / MFI PAC,human platelets / PRP / whole blood (per source methods),"STAGED RAW VALUE — not validated, not adjudicated, not entered in the dataset"
SEW-00057,Figure 1,Figure 1!C14,MFI PAC,18,2,2,22.650000000000002,(AC)9,length 18 nt of the alternating-AC series,,Figure 1 / MFI PAC,human platelets / PRP / whole blood (per source methods),"STAGED RAW VALUE — not validated, not adjudicated, not entered in the dataset"
SEW-00058,Figure 1,Figure 1!D14,MFI PAC,18,3,3,16.333333333333332,(AC)9,length 18 nt of the alternating-AC series,,Figure 1 / MFI PAC,human platelets / PRP / whole blood (per source methods),"STAGED RAW VALUE — not validated, not adjudicated, not entered in the dataset"
SEW-00059,Figure 1,Figure 1!E14,MFI PAC,18,4,4,13.683333333333332,(AC)9,length 18 nt of the alternating-AC series,,Figure 1 / MFI PAC,human platelets / PRP / whole blood (per source methods),"STAGED RAW VALUE — not validated, not adjudicated, not entered in the dataset"
SEW-00060,Figure 1,Figure 1!F14,MFI PAC,18,5,5,15.916666666666666,(AC)9,length 18 nt of the alternating-AC series,,Figure 1 / MFI PAC,human platelets / PRP / whole blood (per source methods),"STAGED RAW VALUE — not validated, not adjudicated, not entered in the dataset"
SEW-00061,Figure 1,Figure 1!A15,MFI PAC,20,,,20,(AC)10,length 20 nt of the alternating-AC series,,Figure 1 / MFI PAC,human platelets / PRP / whole blood (per source methods),"STAGED RAW VALUE — not validated, not adjudicated, not entered in the dataset"
SEW-00062,Figure 1,Figure 1!B15,MFI PAC,20,1,1,19.16333333333333,(AC)10,length 20 nt of the alternating-AC series,,Figure 1 / MFI PAC,human platelets / PRP / whole blood (per source methods),"STAGED RAW VALUE — not validated, not adjudicated, not entered in the dataset"
SEW-00063,Figure 1,Figure 1!C15,MFI PAC,20,2,2,23.793333333333333,(AC)10,length 20 nt of the alternating-AC series,,Figure 1 / MFI PAC,human platelets / PRP / whole blood (per source methods),"STAGED RAW VALUE — not validated, not adjudicated, not entered in the dataset"
SEW-00064,Figure 1,Figure 1!D15,MFI PAC,20,3,3,17.069999999999997,(AC)10,length 20 nt of the alternating-AC series,,Figure 1 / MFI PAC,human platelets / PRP / whole blood (per source methods),"STAGED RAW VALUE — not validated, not adjudicated, not entered in the dataset"
SEW-00065,Figure 1,Figure 1!E15,MFI PAC,20,4,4,14.096666666666666,(AC)10,length 20 nt of the alternating-AC series,,Figure 1 / MFI PAC,human platelets / PRP / whole blood (per source methods),"STAGED RAW VALUE — not validated, not adjudicated, not entered in the dataset"
SEW-00066,Figure 1,Figure 1!F15,MFI PAC,20,5,5,16.723333333333333,(AC)10,length 20 nt of the alternating-AC series,,Figure 1 / MFI PAC,human platelets / PRP / whole blood (per source methods),"STAGED RAW VALUE — not validated, not adjudicated, not entered in the dataset"
SEW-00067,Figure 1,Figure 1!A16,MFI PAC,22,,,22,(AC)11,length 22 nt of the alternating-AC series,,Figure 1 / MFI PAC,human platelets / PRP / whole blood (per source methods),"STAGED RAW VALUE — not validated, not adjudicated, not entered in the dataset"
SEW-00068,Figure 1,Figure 1!B16,MFI PAC,22,1,1,18.856666666666666,(AC)11,length 22 nt of the alternating-AC series,,Figure 1 / MFI PAC,human platelets / PRP / whole blood (per source methods),"STAGED RAW VALUE — not validated, not adjudicated, not entered in the dataset"
SEW-00069,Figure 1,Figure 1!C16,MFI PAC,22,2,2,23.573333333333334,(AC)11,length 22 nt of the alternating-AC series,,Figure 1 / MFI PAC,human platelets / PRP / whole blood (per source methods),"STAGED RAW VALUE — not validated, not adjudicated, not entered in the dataset"
SEW-00070,Figure 1,Figure 1!D16,MFI PAC,22,3,3,16.52,(AC)11,length 22 nt of the alternating-AC series,,Figure 1 / MFI PAC,human platelets / PRP / whole blood (per source methods),"STAGED RAW VALUE — not validated, not adjudicated, not entered in the dataset"
SEW-00071,Figure 1,Figure 1!E16,MFI PAC,22,4,4,13.893333333333333,(AC)11,length 22 nt of the alternating-AC series,,Figure 1 / MFI PAC,human platelets / PRP / whole blood (per source methods),"STAGED RAW VALUE — not validated, not adjudicated, not entered in the dataset"
SEW-00072,Figure 1,Figure 1!F16,MFI PAC,22,5,5,16.47,(AC)11,length 22 nt of the alternating-AC series,,Figure 1 / MFI PAC,human platelets / PRP / whole blood (per source methods),"STAGED RAW VALUE — not validated, not adjudicated, not entered in the dataset"
SEW-00073,Figure 1,Figure 1!B19,MFI P Selectin,condition,1,1,1,,,,Figure 1 / MFI P Selectin,human platelets / PRP / whole blood (per source methods),"STAGED RAW VALUE — not validated, not adjudicated, not entered in the dataset"
SEW-00074,Figure 1,Figure 1!C19,MFI P Selectin,condition,2,2,2,,,,Figure 1 / MFI P Selectin,human platelets / PRP / whole blood (per source methods),"STAGED RAW VALUE — not validated, not adjudicated, not entered in the dataset"
SEW-00075,Figure 1,Figure 1!D19,MFI P Selectin,condition,3,3,3,,,,Figure 1 / MFI P Selectin,human platelets / PRP / whole blood (per source methods),"STAGED RAW VALUE — not validated, not adjudicated, not entered in the dataset"
SEW-00076,Figure 1,Figure 1!E19,MFI P Selectin,condition,4,4,4,,,,Figure 1 / MFI P Selectin,human platelets / PRP / whole blood (per source methods),"STAGED RAW VALUE — not validated, not adjudicated, not entered in the dataset"
SEW-00077,Figure 1,Figure 1!F19,MFI P Selectin,condition,5,5,5,,,,Figure 1 / MFI P Selectin,human platelets / PRP / whole blood (per source methods),"STAGED RAW VALUE — not validated, not adjudicated, not entered in the dataset"
SEW-00078,Figure 1,Figure 1!B20,MFI P Selectin,neg ctrl,1,1,3.0033333333333334,,,negative_control_unstimulated,Figure 1 / MFI P Selectin,human platelets / PRP / whole blood (per source methods),"STAGED RAW VALUE — not validated, not adjudicated, not entered in the dataset"
SEW-00079,Figure 1,Figure 1!C20,MFI P Selectin,neg ctrl,2,2,1.8800000000000001,,,negative_control_unstimulated,Figure 1 / MFI P Selectin,human platelets / PRP / whole blood (per source methods),"STAGED RAW VALUE — not validated, not adjudicated, not entered in the dataset"
SEW-00080,Figure 1,Figure 1!D20,MFI P Selectin,neg ctrl,3,3,3.42,,,negative_control_unstimulated,Figure 1 / MFI P Selectin,human platelets / PRP / whole blood (per source methods),"STAGED RAW VALUE — not validated, not adjudicated, not entered in the dataset"
SEW-00081,Figure 1,Figure 1!E20,MFI P Selectin,neg ctrl,4,4,2.16,,,negative_control_unstimulated,Figure 1 / MFI P Selectin,human platelets / PRP / whole blood (per source methods),"STAGED RAW VALUE — not validated, not adjudicated, not entered in the dataset"
SEW-00082,Figure 1,Figure 1!F20,MFI P Selectin,neg ctrl,5,5,3.6266666666666665,,,negative_control_unstimulated,Figure 1 / MFI P Selectin,human platelets / PRP / whole blood (per source methods),"STAGED RAW VALUE — not validated, not adjudicated, not entered in the dataset"
SEW-00083,Figure 1,Figure 1!B21,MFI P Selectin,ADP,1,1,6.03,,,positive_control_agonist,Figure 1 / MFI P Selectin,human platelets / PRP / whole blood (per source methods),"STAGED RAW VALUE — not validated, not adjudicated, not entered in the dataset"
SEW-00084,Figure 1,Figure 1!C21,MFI P Selectin,ADP,2,2,4.716666666666668,,,positive_control_agonist,Figure 1 / MFI P Selectin,human platelets / PRP / whole blood (per source methods),"STAGED RAW VALUE — not validated, not adjudicated, not entered in the dataset"
SEW-00085,Figure 1,Figure 1!D21,MFI P Selectin,ADP,3,3,4.273333333333333,,,positive_control_agonist,Figure 1 / MFI P Selectin,human platelets / PRP / whole blood (per source methods),"STAGED RAW VALUE — not validated, not adjudicated, not entered in the dataset"
SEW-00086,Figure 1,Figure 1!E21,MFI P Selectin,ADP,4,4,3.1966666666666668,,,positive_control_agonist,Figure 1 / MFI P Selectin,human platelets / PRP / whole blood (per source methods),"STAGED RAW VALUE — not validated, not adjudicated, not entered in the dataset"
SEW-00087,Figure 1,Figure 1!F21,MFI P Selectin,ADP,5,5,4.076666666666666,,,positive_control_agonist,Figure 1 / MFI P Selectin,human platelets / PRP / whole blood (per source methods),"STAGED RAW VALUE — not validated, not adjudicated, not entered in the dataset"
SEW-00088,Figure 1,Figure 1!B22,MFI P Selectin,TRAP,1,1,10.673333333333334,,,positive_control_agonist,Figure 1 / MFI P Selectin,human platelets / PRP / whole blood (per source methods),"STAGED RAW VALUE — not validated, not adjudicated, not entered in the dataset"
SEW-00089,Figure 1,Figure 1!C22,MFI P Selectin,TRAP,2,2,9.17,,,positive_control_agonist,Figure 1 / MFI P Selectin,human platelets / PRP / whole blood (per source methods),"STAGED RAW VALUE — not validated, not adjudicated, not entered in the dataset"
SEW-00090,Figure 1,Figure 1!D22,MFI P Selectin,TRAP,3,3,9.726666666666667,,,positive_control_agonist,Figure 1 / MFI P Selectin,human platelets / PRP / whole blood (per source methods),"STAGED RAW VALUE — not validated, not adjudicated, not entered in the dataset"
SEW-00091,Figure 1,Figure 1!E22,MFI P Selectin,TRAP,4,4,9.713333333333333,,,positive_control_agonist,Figure 1 / MFI P Selectin,human platelets / PRP / whole blood (per source methods),"STAGED RAW VALUE — not validated, not adjudicated, not entered in the dataset"
SEW-00092,Figure 1,Figure 1!F22,MFI P Selectin,TRAP,5,5,10.840000000000002,,,positive_control_agonist,Figure 1 / MFI P Selectin,human platelets / PRP / whole blood (per source methods),"STAGED RAW VALUE — not validated, not adjudicated, not entered in the dataset"
SEW-00093,Figure 1,Figure 1!B23,MFI P Selectin,+ PS,1,1,10.186666666666666,,,backbone_control_phosphorothioate,Figure 1 / MFI P Selectin,human platelets / PRP / whole blood (per source methods),"STAGED RAW VALUE — not validated, not adjudicated, not entered in the dataset"
SEW-00094,Figure 1,Figure 1!C23,MFI P Selectin,+ PS,2,2,9.926666666666668,,,backbone_control_phosphorothioate,Figure 1 / MFI P Selectin,human platelets / PRP / whole blood (per source methods),"STAGED RAW VALUE — not validated, not adjudicated, not entered in the dataset"
SEW-00095,Figure 1,Figure 1!D23,MFI P Selectin,+ PS,3,3,8.876666666666667,,,backbone_control_phosphorothioate,Figure 1 / MFI P Selectin,human platelets / PRP / whole blood (per source methods),"STAGED RAW VALUE — not validated, not adjudicated, not entered in the dataset"
SEW-00096,Figure 1,Figure 1!E23,MFI P Selectin,+ PS,4,4,8.783333333333333,,,backbone_control_phosphorothioate,Figure 1 / MFI P Selectin,human platelets / PRP / whole blood (per source methods),"STAGED RAW VALUE — not validated, not adjudicated, not entered in the dataset"
SEW-00097,Figure 1,Figure 1!F23,MFI P Selectin,+ PS,5,5,10.493333333333332,,,backbone_control_phosphorothioate,Figure 1 / MFI P Selectin,human platelets / PRP / whole blood (per source methods),"STAGED RAW VALUE — not validated, not adjudicated, not entered in the dataset"
SEW-00098,Figure 1,Figure 1!B24,MFI P Selectin,- PS,1,1,2.8200000000000003,,,backbone_control_phosphodiester,Figure 1 / MFI P Selectin,human platelets / PRP / whole blood (per source methods),"STAGED RAW VALUE — not validated, not adjudicated, not entered in the dataset"
SEW-00099,Figure 1,Figure 1!C24,MFI P Selectin,- PS,2,2,1.82,,,backbone_control_phosphodiester,Figure 1 / MFI P Selectin,human platelets / PRP / whole blood (per source methods),"STAGED RAW VALUE — not validated, not adjudicated, not entered in the dataset"
SEW-00100,Figure 1,Figure 1!D24,MFI P Selectin,- PS,3,3,3.3166666666666664,,,backbone_control_phosphodiester,Figure 1 / MFI P Selectin,human platelets / PRP / whole blood (per source methods),"STAGED RAW VALUE — not validated, not adjudicated, not entered in the dataset"
SEW-00101,Figure 1,Figure 1!E24,MFI P Selectin,- PS,4,4,2.123333333333333,,,backbone_control_phosphodiester,Figure 1 / MFI P Selectin,human platelets / PRP / whole blood (per source methods),"STAGED RAW VALUE — not validated, not adjudicated, not entered in the dataset"
SEW-00102,Figure 1,Figure 1!F24,MFI P Selectin,- PS,5,5,3.646666666666667,,,backbone_control_phosphodiester,Figure 1 / MFI P Selectin,human platelets / PRP / whole blood (per source methods),"STAGED RAW VALUE — not validated, not adjudicated, not entered in the dataset"
SEW-00103,Figure 1,Figure 1!A25,MFI P Selectin,10,,,10,(AC)5,length 10 nt of the alternating-AC series,,Figure 1 / MFI P Selectin,human platelets / PRP / whole blood (per source methods),"STAGED RAW VALUE — not validated, not adjudicated, not entered in the dataset"
SEW-00104,Figure 1,Figure 1!B25,MFI P Selectin,10,1,1,3.106666666666667,(AC)5,length 10 nt of the alternating-AC series,,Figure 1 / MFI P Selectin,human platelets / PRP / whole blood (per source methods),"STAGED RAW VALUE — not validated, not adjudicated, not entered in the dataset"
SEW-00105,Figure 1,Figure 1!C25,MFI P Selectin,10,2,2,2.4333333333333336,(AC)5,length 10 nt of the alternating-AC series,,Figure 1 / MFI P Selectin,human platelets / PRP / whole blood (per source methods),"STAGED RAW VALUE — not validated, not adjudicated, not entered in the dataset"
SEW-00106,Figure 1,Figure 1!D25,MFI P Selectin,10,3,3,3.5700000000000003,(AC)5,length 10 nt of the alternating-AC series,,Figure 1 / MFI P Selectin,human platelets / PRP / whole blood (per source methods),"STAGED RAW VALUE — not validated, not adjudicated, not entered in the dataset"
SEW-00107,Figure 1,Figure 1!E25,MFI P Selectin,10,4,4,2.2866666666666666,(AC)5,length 10 nt of the alternating-AC series,,Figure 1 / MFI P Selectin,human platelets / PRP / whole blood (per source methods),"STAGED RAW VALUE — not validated, not adjudicated, not entered in the dataset"
SEW-00108,Figure 1,Figure 1!F25,MFI P Selectin,10,5,5,3.83,(AC)5,length 10 nt of the alternating-AC series,,Figure 1 / MFI P Selectin,human platelets / PRP / whole blood (per source methods),"STAGED RAW VALUE — not validated, not adjudicated, not entered in the dataset"
SEW-00109,Figure 1,Figure 1!A26,MFI P Selectin,12,,,12,(AC)6,length 12 nt of the alternating-AC series,,Figure 1 / MFI P Selectin,human platelets / PRP / whole blood (per source methods),"STAGED RAW VALUE — not validated, not adjudicated, not entered in the dataset"
SEW-00110,Figure 1,Figure 1!B26,MFI P Selectin,12,1,1,6.5,(AC)6,length 12 nt of the alternating-AC series,,Figure 1 / MFI P Selectin,human platelets / PRP / whole blood (per source methods),"STAGED RAW VALUE — not validated, not adjudicated, not entered in the dataset"
SEW-00111,Figure 1,Figure 1!C26,MFI P Selectin,12,2,2,5.0600000000000005,(AC)6,length 12 nt of the alternating-AC series,,Figure 1 / MFI P Selectin,human platelets / PRP / whole blood (per source methods),"STAGED RAW VALUE — not validated, not adjudicated, not entered in the dataset"
SEW-00112,Figure 1,Figure 1!D26,MFI P Selectin,12,3,3,4.433333333333334,(AC)6,length 12 nt of the alternating-AC series,,Figure 1 / MFI P Selectin,human platelets / PRP / whole blood (per source methods),"STAGED RAW VALUE — not validated, not adjudicated, not entered in the dataset"
SEW-00113,Figure 1,Figure 1!E26,MFI P Selectin,12,4,4,3.176666666666667,(AC)6,length 12 nt of the alternating-AC series,,Figure 1 / MFI P Selectin,human platelets / PRP / whole blood (per source methods),"STAGED RAW VALUE — not validated, not adjudicated, not entered in the dataset"
SEW-00114,Figure 1,Figure 1!F26,MFI P Selectin,12,5,5,4.196666666666666,(AC)6,length 12 nt of the alternating-AC series,,Figure 1 / MFI P Selectin,human platelets / PRP / whole blood (per source methods),"STAGED RAW VALUE — not validated, not adjudicated, not entered in the dataset"
SEW-00115,Figure 1,Figure 1!A27,MFI P Selectin,14,,,14,(AC)7,length 14 nt of the alternating-AC series,,Figure 1 / MFI P Selectin,human platelets / PRP / whole blood (per source methods),"STAGED RAW VALUE — not validated, not adjudicated, not entered in the dataset"
SEW-00116,Figure 1,Figure 1!B27,MFI P Selectin,14,1,1,8.763333333333334,(AC)7,length 14 nt of the alternating-AC series,,Figure 1 / MFI P Selectin,human platelets / PRP / whole blood (per source methods),"STAGED RAW VALUE — not validated, not adjudicated, not entered in the dataset"
SEW-00117,Figure 1,Figure 1!C27,MFI P Selectin,14,2,2,6.989999999999999,(AC)7,length 14 nt of the alternating-AC series,,Figure 1 / MFI P Selectin,human platelets / PRP / whole blood (per source methods),"STAGED RAW VALUE — not validated, not adjudicated, not entered in the dataset"
SEW-00118,Figure 1,Figure 1!D27,MFI P Selectin,14,3,3,5.486666666666667,(AC)7,length 14 nt of the alternating-AC series,,Figure 1 / MFI P Selectin,human platelets / PRP / whole blood (per source methods),"STAGED RAW VALUE — not validated, not adjudicated, not entered in the dataset"
SEW-00119,Figure 1,Figure 1!E27,MFI P Selectin,14,4,4,5.046666666666667,(AC)7,length 14 nt of the alternating-AC series,,Figure 1 / MFI P Selectin,human platelets / PRP / whole blood (per source methods),"STAGED RAW VALUE — not validated, not adjudicated, not entered in the dataset"
SEW-00120,Figure 1,Figure 1!F27,MFI P Selectin,14,5,5,4.749999999999999,(AC)7,length 14 nt of the alternating-AC series,,Figure 1 / MFI P Selectin,human platelets / PRP / whole blood (per source methods),"STAGED RAW VALUE — not validated, not adjudicated, not entered in the dataset"
SEW-00121,Figure 1,Figure 1!A28,MFI P Selectin,16,,,16,(AC)8,length 16 nt of the alternating-AC series,,Figure 1 / MFI P Selectin,human platelets / PRP / whole blood (per source methods),"STAGED RAW VALUE — not validated, not adjudicated, not entered in the dataset"
SEW-00122,Figure 1,Figure 1!B28,MFI P Selectin,16,1,1,9.796666666666667,(AC)8,length 16 nt of the alternating-AC series,,Figure 1 / MFI P Selectin,human platelets / PRP / whole blood (per source methods),"STAGED RAW VALUE — not validated, not adjudicated, not entered in the dataset"
SEW-00123,Figure 1,Figure 1!C28,MFI P Selectin,16,2,2,9.226666666666667,(AC)8,length 16 nt of the alternating-AC series,,Figure 1 / MFI P Selectin,human platelets / PRP / whole blood (per source methods),"STAGED RAW VALUE — not validated, not adjudicated, not entered in the dataset"
SEW-00124,Figure 1,Figure 1!D28,MFI P Selectin,16,3,3,8.32,(AC)8,length 16 nt of the alternating-AC series,,Figure 1 / MFI P Selectin,human platelets / PRP / whole blood (per source methods),"STAGED RAW VALUE — not validated, not adjudicated, not entered in the dataset"
SEW-00125,Figure 1,Figure 1!E28,MFI P Selectin,16,4,4,8.59,(AC)8,length 16 nt of the alternating-AC series,,Figure 1 / MFI P Selectin,human platelets / PRP / whole blood (per source methods),"STAGED RAW VALUE — not validated, not adjudicated, not entered in the dataset"
SEW-00126,Figure 1,Figure 1!F28,MFI P Selectin,16,5,5,10.106666666666667,(AC)8,length 16 nt of the alternating-AC series,,Figure 1 / MFI P Selectin,human platelets / PRP / whole blood (per source methods),"STAGED RAW VALUE — not validated, not adjudicated, not entered in the dataset"
SEW-00127,Figure 1,Figure 1!A29,MFI P Selectin,18,,,18,(AC)9,length 18 nt of the alternating-AC series,,Figure 1 / MFI P Selectin,human platelets / PRP / whole blood (per source methods),"STAGED RAW VALUE — not validated, not adjudicated, not entered in the dataset"
SEW-00128,Figure 1,Figure 1!B29,MFI P Selectin,18,1,1,9.853333333333332,(AC)9,length 18 nt of the alternating-AC series,,Figure 1 / MFI P Selectin,human platelets / PRP / whole blood (per source methods),"STAGED RAW VALUE — not validated, not adjudicated, not entered in the dataset"
SEW-00129,Figure 1,Figure 1!C29,MFI P Selectin,18,2,2,9.683333333333332,(AC)9,length 18 nt of the alternating-AC series,,Figure 1 / MFI P Selectin,human platelets / PRP / whole blood (per source methods),"STAGED RAW VALUE — not validated, not adjudicated, not entered in the dataset"
SEW-00130,Figure 1,Figure 1!D29,MFI P Selectin,18,3,3,8.526666666666667,(AC)9,length 18 nt of the alternating-AC series,,Figure 1 / MFI P Selectin,human platelets / PRP / whole blood (per source methods),"STAGED RAW VALUE — not validated, not adjudicated, not entered in the dataset"
SEW-00131,Figure 1,Figure 1!E29,MFI P Selectin,18,4,4,8.700000000000001,(AC)9,length 18 nt of the alternating-AC series,,Figure 1 / MFI P Selectin,human platelets / PRP / whole blood (per source methods),"STAGED RAW VALUE — not validated, not adjudicated, not entered in the dataset"
SEW-00132,Figure 1,Figure 1!F29,MFI P Selectin,18,5,5,10.623333333333333,(AC)9,length 18 nt of the alternating-AC series,,Figure 1 / MFI P Selectin,human platelets / PRP / whole blood (per source methods),"STAGED RAW VALUE — not validated, not adjudicated, not entered in the dataset"
SEW-00133,Figure 1,Figure 1!A30,MFI P Selectin,20,,,20,(AC)10,length 20 nt of the alternating-AC series,,Figure 1 / MFI P Selectin,human platelets / PRP / whole blood (per source methods),"STAGED RAW VALUE — not validated, not adjudicated, not entered in the dataset"
SEW-00134,Figure 1,Figure 1!B30,MFI P Selectin,20,1,1,9.833333333333334,(AC)10,length 20 nt of the alternating-AC series,,Figure 1 / MFI P Selectin,human platelets / PRP / whole blood (per source methods),"STAGED RAW VALUE — not validated, not adjudicated, not entered in the dataset"
SEW-00135,Figure 1,Figure 1!C30,MFI P Selectin,20,2,2,9.833333333333334,(AC)10,length 20 nt of the alternating-AC series,,Figure 1 / MFI P Selectin,human platelets / PRP / whole blood (per source methods),"STAGED RAW VALUE — not validated, not adjudicated, not entered in the dataset"
SEW-00136,Figure 1,Figure 1!D30,MFI P Selectin,20,3,3,8.546666666666667,(AC)10,length 20 nt of the alternating-AC series,,Figure 1 / MFI P Selectin,human platelets / PRP / whole blood (per source methods),"STAGED RAW VALUE — not validated, not adjudicated, not entered in the dataset"
SEW-00137,Figure 1,Figure 1!E30,MFI P Selectin,20,4,4,8.743333333333334,(AC)10,length 20 nt of the alternating-AC series,,Figure 1 / MFI P Selectin,human platelets / PRP / whole blood (per source methods),"STAGED RAW VALUE — not validated, not adjudicated, not entered in the dataset"
SEW-00138,Figure 1,Figure 1!F30,MFI P Selectin,20,5,5,10.696666666666665,(AC)10,length 20 nt of the alternating-AC series,,Figure 1 / MFI P Selectin,human platelets / PRP / whole blood (per source methods),"STAGED RAW VALUE — not validated, not adjudicated, not entered in the dataset"
SEW-00139,Figure 1,Figure 1!A31,MFI P Selectin,22,,,22,(AC)11,length 22 nt of the alternating-AC series,,Figure 1 / MFI P Selectin,human platelets / PRP / whole blood (per source methods),"STAGED RAW VALUE — not validated, not adjudicated, not entered in the dataset"
SEW-00140,Figure 1,Figure 1!B31,MFI P Selectin,22,1,1,9.516666666666667,(AC)11,length 22 nt of the alternating-AC series,,Figure 1 / MFI P Selectin,human platelets / PRP / whole blood (per source methods),"STAGED RAW VALUE — not validated, not adjudicated, not entered in the dataset"
SEW-00141,Figure 1,Figure 1!C31,MFI P Selectin,22,2,2,9.976666666666667,(AC)11,length 22 nt of the alternating-AC series,,Figure 1 / MFI P Selectin,human platelets / PRP / whole blood (per source methods),"STAGED RAW VALUE — not validated, not adjudicated, not entered in the dataset"
SEW-00142,Figure 1,Figure 1!D31,MFI P Selectin,22,3,3,8.5,(AC)11,length 22 nt of the alternating-AC series,,Figure 1 / MFI P Selectin,human platelets / PRP / whole blood (per source methods),"STAGED RAW VALUE — not validated, not adjudicated, not entered in the dataset"
SEW-00143,Figure 1,Figure 1!E31,MFI P Selectin,22,4,4,8.723333333333334,(AC)11,length 22 nt of the alternating-AC series,,Figure 1 / MFI P Selectin,human platelets / PRP / whole blood (per source methods),"STAGED RAW VALUE — not validated, not adjudicated, not entered in the dataset"
SEW-00144,Figure 1,Figure 1!F31,MFI P Selectin,22,5,5,10.770000000000001,(AC)11,length 22 nt of the alternating-AC series,,Figure 1 / MFI P Selectin,human platelets / PRP / whole blood (per source methods),"STAGED RAW VALUE — not validated, not adjudicated, not entered in the dataset"
SEW-00145,Figure 1,Figure 1!B35,Stimulation Index P Selectin,30 uM,Stimulation Index PAC,Stimulation Index PAC,1.0086107921928815,,,,Figure 1 / Stimulation Index P Selectin,human platelets / PRP / whole blood (per source methods),"STAGED RAW VALUE — not validated, not adjudicated, not entered in the dataset"
SEW-00146,Figure 1,Figure 1!C35,Stimulation Index P Selectin,30 uM,,,1.019319938176198,,,,Figure 1 / Stimulation Index P Selectin,human platelets / PRP / whole blood (per source methods),"STAGED RAW VALUE — not validated, not adjudicated, not entered in the dataset"
SEW-00147,Figure 1,Figure 1!D35,Stimulation Index P Selectin,30 uM,,,1.039047619047619,,,,Figure 1 / Stimulation Index P Selectin,human platelets / PRP / whole blood (per source methods),"STAGED RAW VALUE — not validated, not adjudicated, not entered in the dataset"
SEW-00148,Figure 1,Figure 1!F35,Stimulation Index P Selectin,30 uM,Stimulation Index P Selectin,Stimulation Index P Selectin,0.919660288949629,,,,Figure 1 / Stimulation Index P Selectin,human platelets / PRP / whole blood (per source methods),"STAGED RAW VALUE — not validated, not adjudicated, not entered in the dataset"
SEW-00149,Figure 1,Figure 1!G35,Stimulation Index P Selectin,30 uM,,,1.041368509344447,,,,Figure 1 / Stimulation Index P Selectin,human platelets / PRP / whole blood (per source methods),"STAGED RAW VALUE — not validated, not adjudicated, not entered in the dataset"
SEW-00150,Figure 1,Figure 1!H35,Stimulation Index P Selectin,30 uM,,,1.067605087800176,,,,Figure 1 / Stimulation Index P Selectin,human platelets / PRP / whole blood (per source methods),"STAGED RAW VALUE — not validated, not adjudicated, not entered in the dataset"
SEW-00151,Figure 1,Figure 1!B36,Stimulation Index P Selectin,10 uM,Stimulation Index PAC,Stimulation Index PAC,1.0677382319173363,,,,Figure 1 / Stimulation Index P Selectin,human platelets / PRP / whole blood (per source methods),"STAGED RAW VALUE — not validated, not adjudicated, not entered in the dataset"
SEW-00152,Figure 1,Figure 1!C36,Stimulation Index P Selectin,10 uM,,,1.035548686244204,,,,Figure 1 / Stimulation Index P Selectin,human platelets / PRP / whole blood (per source methods),"STAGED RAW VALUE — not validated, not adjudicated, not entered in the dataset"
SEW-00153,Figure 1,Figure 1!D36,Stimulation Index P Selectin,10 uM,,,1.08,,,,Figure 1 / Stimulation Index P Selectin,human platelets / PRP / whole blood (per source methods),"STAGED RAW VALUE — not validated, not adjudicated, not entered in the dataset"
SEW-00154,Figure 1,Figure 1!F36,Stimulation Index P Selectin,10 uM,Stimulation Index P Selectin,Stimulation Index P Selectin,0.9640094201483795,,,,Figure 1 / Stimulation Index P Selectin,human platelets / PRP / whole blood (per source methods),"STAGED RAW VALUE — not validated, not adjudicated, not entered in the dataset"
SEW-00155,Figure 1,Figure 1!G36,Stimulation Index P Selectin,10 uM,,,1.0671214384944037,,,,Figure 1 / Stimulation Index P Selectin,human platelets / PRP / whole blood (per source methods),"STAGED RAW VALUE — not validated, not adjudicated, not entered in the dataset"
SEW-00156,Figure 1,Figure 1!H36,Stimulation Index P Selectin,10 uM,,,1.1074190101001635,,,,Figure 1 / Stimulation Index P Selectin,human platelets / PRP / whole blood (per source methods),"STAGED RAW VALUE — not validated, not adjudicated, not entered in the dataset"
SEW-00157,Figure 1,Figure 1!B37,Stimulation Index P Selectin,3 uM,Stimulation Index PAC,Stimulation Index PAC,1.8846153846153846,,,,Figure 1 / Stimulation Index P Selectin,human platelets / PRP / whole blood (per source methods),"STAGED RAW VALUE — not validated, not adjudicated, not entered in the dataset"
SEW-00158,Figure 1,Figure 1!C37,Stimulation Index P Selectin,3 uM,,,1.4134466769706338,,,,Figure 1 / Stimulation Index P Selectin,human platelets / PRP / whole blood (per source methods),"STAGED RAW VALUE — not validated, not adjudicated, not entered in the dataset"
SEW-00159,Figure 1,Figure 1!D37,Stimulation Index P Selectin,3 uM,,,1.3942857142857144,,,,Figure 1 / Stimulation Index P Selectin,human platelets / PRP / whole blood (per source methods),"STAGED RAW VALUE — not validated, not adjudicated, not entered in the dataset"
SEW-00160,Figure 1,Figure 1!F37,Stimulation Index P Selectin,3 uM,Stimulation Index P Selectin,Stimulation Index P Selectin,1.7034849668098397,,,,Figure 1 / Stimulation Index P Selectin,human platelets / PRP / whole blood (per source methods),"STAGED RAW VALUE — not validated, not adjudicated, not entered in the dataset"
SEW-00161,Figure 1,Figure 1!G37,Stimulation Index P Selectin,3 uM,,,1.3956056197740556,,,,Figure 1 / Stimulation Index P Selectin,human platelets / PRP / whole blood (per source methods),"STAGED RAW VALUE — not validated, not adjudicated, not entered in the dataset"
SEW-00162,Figure 1,Figure 1!H37,Stimulation Index P Selectin,3 uM,,,1.3023657851724573,,,,Figure 1 / Stimulation Index P Selectin,human platelets / PRP / whole blood (per source methods),"STAGED RAW VALUE — not validated, not adjudicated, not entered in the dataset"
SEW-00163,Figure 1,Figure 1!B38,Stimulation Index P Selectin,1 uM,Stimulation Index PAC,Stimulation Index PAC,2.782433983926521,,,,Figure 1 / Stimulation Index P Selectin,human platelets / PRP / whole blood (per source methods),"STAGED RAW VALUE — not validated, not adjudicated, not entered in the dataset"
SEW-00164,Figure 1,Figure 1!C38,Stimulation Index P Selectin,1 uM,,,3.5131375579598147,,,,Figure 1 / Stimulation Index P Selectin,human platelets / PRP / whole blood (per source methods),"STAGED RAW VALUE — not validated, not adjudicated, not entered in the dataset"
SEW-00165,Figure 1,Figure 1!D38,Stimulation Index P Selectin,1 uM,,,2.836190476190476,,,,Figure 1 / Stimulation Index P Selectin,human platelets / PRP / whole blood (per source methods),"STAGED RAW VALUE — not validated, not adjudicated, not entered in the dataset"
SEW-00166,Figure 1,Figure 1!F38,Stimulation Index P Selectin,1 uM,Stimulation Index P Selectin,Stimulation Index P Selectin,2.463149160484186,,,,Figure 1 / Stimulation Index P Selectin,human platelets / PRP / whole blood (per source methods),"STAGED RAW VALUE — not validated, not adjudicated, not entered in the dataset"
SEW-00167,Figure 1,Figure 1!G38,Stimulation Index P Selectin,1 uM,,,2.3130193179733167,,,,Figure 1 / Stimulation Index P Selectin,human platelets / PRP / whole blood (per source methods),"STAGED RAW VALUE — not validated, not adjudicated, not entered in the dataset"
SEW-00168,Figure 1,Figure 1!H38,Stimulation Index P Selectin,1 uM,,,1.9276120028498385,,,,Figure 1 / Stimulation Index P Selectin,human platelets / PRP / whole blood (per source methods),"STAGED RAW VALUE — not validated, not adjudicated, not entered in the dataset"
SEW-00169,Figure 1,Figure 1!B39,Stimulation Index P Selectin,0.3 uM,Stimulation Index PAC,Stimulation Index PAC,2.819173363949483,,,,Figure 1 / Stimulation Index P Selectin,human platelets / PRP / whole blood (per source methods),"STAGED RAW VALUE — not validated, not adjudicated, not entered in the dataset"
SEW-00170,Figure 1,Figure 1!C39,Stimulation Index P Selectin,0.3 uM,,,4.628284389489954,,,,Figure 1 / Stimulation Index P Selectin,human platelets / PRP / whole blood (per source methods),"STAGED RAW VALUE — not validated, not adjudicated, not entered in the dataset"
SEW-00171,Figure 1,Figure 1!D39,Stimulation Index P Selectin,0.3 uM,,,5.640000000000001,,,,Figure 1 / Stimulation Index P Selectin,human platelets / PRP / whole blood (per source methods),"STAGED RAW VALUE — not validated, not adjudicated, not entered in the dataset"
SEW-00172,Figure 1,Figure 1!F39,Stimulation Index P Selectin,0.3 uM,Stimulation Index P Selectin,Stimulation Index P Selectin,2.4229426981647793,,,,Figure 1 / Stimulation Index P Selectin,human platelets / PRP / whole blood (per source methods),"STAGED RAW VALUE — not validated, not adjudicated, not entered in the dataset"
SEW-00173,Figure 1,Figure 1!G39,Stimulation Index P Selectin,0.3 uM,,,2.7456947393253124,,,,Figure 1 / Stimulation Index P Selectin,human platelets / PRP / whole blood (per source methods),"STAGED RAW VALUE — not validated, not adjudicated, not entered in the dataset"
SEW-00174,Figure 1,Figure 1!H39,Stimulation Index P Selectin,0.3 uM,,,2.9201678471145383,,,,Figure 1 / Stimulation Index P Selectin,human platelets / PRP / whole blood (per source methods),"STAGED RAW VALUE — not validated, not adjudicated, not entered in the dataset"
SEW-00175,Figure 2,Figure 2!C3,% binding,condition,1,1,1,,,,Figure 2 / % binding,human platelets / PRP / whole blood (per source methods),"STAGED RAW VALUE — not validated, not adjudicated, not entered in the dataset"
SEW-00176,Figure 2,Figure 2!D3,% binding,condition,2,2,2,,,,Figure 2 / % binding,human platelets / PRP / whole blood (per source methods),"STAGED RAW VALUE — not validated, not adjudicated, not entered in the dataset"
SEW-00177,Figure 2,Figure 2!E3,% binding,condition,3,3,3,,,,Figure 2 / % binding,human platelets / PRP / whole blood (per source methods),"STAGED RAW VALUE — not validated, not adjudicated, not entered in the dataset"
SEW-00178,Figure 2,Figure 2!F3,% binding,condition,4,4,4,,,,Figure 2 / % binding,human platelets / PRP / whole blood (per source methods),"STAGED RAW VALUE — not validated, not adjudicated, not entered in the dataset"
SEW-00179,Figure 2,Figure 2!G3,% binding,condition,5,5,5,,,,Figure 2 / % binding,human platelets / PRP / whole blood (per source methods),"STAGED RAW VALUE — not validated, not adjudicated, not entered in the dataset"
SEW-00180,Figure 2,Figure 2!H3,% binding,condition,6,6,6,,,,Figure 2 / % binding,human platelets / PRP / whole blood (per source methods),"STAGED RAW VALUE — not validated, not adjudicated, not entered in the dataset"
SEW-00181,Figure 2,Figure 2!I3,% binding,condition,7,7,7,,,,Figure 2 / % binding,human platelets / PRP / whole blood (per source methods),"STAGED RAW VALUE — not validated, not adjudicated, not entered in the dataset"
SEW-00182,Figure 2,Figure 2!J3,% binding,condition,8,8,8,,,,Figure 2 / % binding,human platelets / PRP / whole blood (per source methods),"STAGED RAW VALUE — not validated, not adjudicated, not entered in the dataset"
SEW-00183,Figure 2,Figure 2!K3,% binding,condition,9,9,9,,,,Figure 2 / % binding,human platelets / PRP / whole blood (per source methods),"STAGED RAW VALUE — not validated, not adjudicated, not entered in the dataset"
SEW-00184,Figure 2,Figure 2!L3,% binding,condition,10,10,10,,,,Figure 2 / % binding,human platelets / PRP / whole blood (per source methods),"STAGED RAW VALUE — not validated, not adjudicated, not entered in the dataset"
SEW-00185,Figure 2,Figure 2!M3,% binding,condition,11,11,11,,,,Figure 2 / % binding,human platelets / PRP / whole blood (per source methods),"STAGED RAW VALUE — not validated, not adjudicated, not entered in the dataset"
SEW-00186,Figure 2,Figure 2!N3,% binding,condition,12,12,12,,,,Figure 2 / % binding,human platelets / PRP / whole blood (per source methods),"STAGED RAW VALUE — not validated, not adjudicated, not entered in the dataset"
SEW-00187,Figure 2,Figure 2!O3,% binding,condition,13,13,13,,,,Figure 2 / % binding,human platelets / PRP / whole blood (per source methods),"STAGED RAW VALUE — not validated, not adjudicated, not entered in the dataset"
SEW-00188,Figure 2,Figure 2!P3,% binding,condition,14,14,14,,,,Figure 2 / % binding,human platelets / PRP / whole blood (per source methods),"STAGED RAW VALUE — not validated, not adjudicated, not entered in the dataset"
SEW-00189,Figure 2,Figure 2!Q3,% binding,condition,15,15,15,,,,Figure 2 / % binding,human platelets / PRP / whole blood (per source methods),"STAGED RAW VALUE — not validated, not adjudicated, not entered in the dataset"
SEW-00190,Figure 2,Figure 2!R3,% binding,condition,16,16,16,,,,Figure 2 / % binding,human platelets / PRP / whole blood (per source methods),"STAGED RAW VALUE — not validated, not adjudicated, not entered in the dataset"
SEW-00191,Figure 2,Figure 2!S3,% binding,condition,17,17,17,,,,Figure 2 / % binding,human platelets / PRP / whole blood (per source methods),"STAGED RAW VALUE — not validated, not adjudicated, not entered in the dataset"
SEW-00192,Figure 2,Figure 2!T3,% binding,condition,18,18,18,,,,Figure 2 / % binding,human platelets / PRP / whole blood (per source methods),"STAGED RAW VALUE — not validated, not adjudicated, not entered in the dataset"
SEW-00193,Figure 2,Figure 2!U3,% binding,condition,19,19,19,,,,Figure 2 / % binding,human platelets / PRP / whole blood (per source methods),"STAGED RAW VALUE — not validated, not adjudicated, not entered in the dataset"
SEW-00194,Figure 2,Figure 2!V3,% binding,condition,20,20,20,,,,Figure 2 / % binding,human platelets / PRP / whole blood (per source methods),"STAGED RAW VALUE — not validated, not adjudicated, not entered in the dataset"
SEW-00195,Figure 2,Figure 2!W3,% binding,condition,21,21,21,,,,Figure 2 / % binding,human platelets / PRP / whole blood (per source methods),"STAGED RAW VALUE — not validated, not adjudicated, not entered in the dataset"
SEW-00196,Figure 2,Figure 2!X3,% binding,condition,22,22,22,,,,Figure 2 / % binding,human platelets / PRP / whole blood (per source methods),"STAGED RAW VALUE — not validated, not adjudicated, not entered in the dataset"
SEW-00197,Figure 2,Figure 2!Y3,% binding,condition,23,23,23,,,,Figure 2 / % binding,human platelets / PRP / whole blood (per source methods),"STAGED RAW VALUE — not validated, not adjudicated, not entered in the dataset"
SEW-00198,Figure 2,Figure 2!Z3,% binding,condition,24,24,24,,,,Figure 2 / % binding,human platelets / PRP / whole blood (per source methods),"STAGED RAW VALUE — not validated, not adjudicated, not entered in the dataset"
SEW-00199,Figure 2,Figure 2!C4,% binding,collagen 110 KD,1,1,4.6,,,,Figure 2 / % binding,human platelets / PRP / whole blood (per source methods),"STAGED RAW VALUE — not validated, not adjudicated, not entered in the dataset"
SEW-00200,Figure 2,Figure 2!D4,% binding,collagen 110 KD,2,2,4.6,,,,Figure 2 / % binding,human platelets / PRP / whole blood (per source methods),"STAGED RAW VALUE — not validated, not adjudicated, not entered in the dataset"
SEW-00201,Figure 2,Figure 2!E4,% binding,collagen 110 KD,3,3,5.4,,,,Figure 2 / % binding,human platelets / PRP / whole blood (per source methods),"STAGED RAW VALUE — not validated, not adjudicated, not entered in the dataset"
SEW-00202,Figure 2,Figure 2!F4,% binding,collagen 110 KD,4,4,5.9,,,,Figure 2 / % binding,human platelets / PRP / whole blood (per source methods),"STAGED RAW VALUE — not validated, not adjudicated, not entered in the dataset"
SEW-00203,Figure 2,Figure 2!G4,% binding,collagen 110 KD,5,5,5.9,,,,Figure 2 / % binding,human platelets / PRP / whole blood (per source methods),"STAGED RAW VALUE — not validated, not adjudicated, not entered in the dataset"
SEW-00204,Figure 2,Figure 2!H4,% binding,collagen 110 KD,6,6,4.7,,,,Figure 2 / % binding,human platelets / PRP / whole blood (per source methods),"STAGED RAW VALUE — not validated, not adjudicated, not entered in the dataset"
SEW-00205,Figure 2,Figure 2!I4,% binding,collagen 110 KD,7,7,6.4,,,,Figure 2 / % binding,human platelets / PRP / whole blood (per source methods),"STAGED RAW VALUE — not validated, not adjudicated, not entered in the dataset"
SEW-00206,Figure 2,Figure 2!J4,% binding,collagen 110 KD,8,8,7.1,,,,Figure 2 / % binding,human platelets / PRP / whole blood (per source methods),"STAGED RAW VALUE — not validated, not adjudicated, not entered in the dataset"
SEW-00207,Figure 2,Figure 2!K4,% binding,collagen 110 KD,9,9,5.5,,,,Figure 2 / % binding,human platelets / PRP / whole blood (per source methods),"STAGED RAW VALUE — not validated, not adjudicated, not entered in the dataset"
SEW-00208,Figure 2,Figure 2!L4,% binding,collagen 110 KD,10,10,9.2,,,,Figure 2 / % binding,human platelets / PRP / whole blood (per source methods),"STAGED RAW VALUE — not validated, not adjudicated, not entered in the dataset"
SEW-00209,Figure 2,Figure 2!M4,% binding,collagen 110 KD,11,11,6.8,,,,Figure 2 / % binding,human platelets / PRP / whole blood (per source methods),"STAGED RAW VALUE — not validated, not adjudicated, not entered in the dataset"
SEW-00210,Figure 2,Figure 2!N4,% binding,collagen 110 KD,12,12,6,,,,Figure 2 / % binding,human platelets / PRP / whole blood (per source methods),"STAGED RAW VALUE — not validated, not adjudicated, not entered in the dataset"
SEW-00211,Figure 2,Figure 2!O4,% binding,collagen 110 KD,13,13,10.2,,,,Figure 2 / % binding,human platelets / PRP / whole blood (per source methods),"STAGED RAW VALUE — not validated, not adjudicated, not entered in the dataset"
SEW-00212,Figure 2,Figure 2!P4,% binding,collagen 110 KD,14,14,9,,,,Figure 2 / % binding,human platelets / PRP / whole blood (per source methods),"STAGED RAW VALUE — not validated, not adjudicated, not entered in the dataset"
SEW-00213,Figure 2,Figure 2!Q4,% binding,collagen 110 KD,15,15,8.8,,,,Figure 2 / % binding,human platelets / PRP / whole blood (per source methods),"STAGED RAW VALUE — not validated, not adjudicated, not entered in the dataset"
SEW-00214,Figure 2,Figure 2!R4,% binding,collagen 110 KD,16,16,5.6,,,,Figure 2 / % binding,human platelets / PRP / whole blood (per source methods),"STAGED RAW VALUE — not validated, not adjudicated, not entered in the dataset"
SEW-00215,Figure 2,Figure 2!S4,% binding,collagen 110 KD,17,17,5.4,,,,Figure 2 / % binding,human platelets / PRP / whole blood (per source methods),"STAGED RAW VALUE — not validated, not adjudicated, not entered in the dataset"
SEW-00216,Figure 2,Figure 2!T4,% binding,collagen 110 KD,18,18,5.4,,,,Figure 2 / % binding,human platelets / PRP / whole blood (per source methods),"STAGED RAW VALUE — not validated, not adjudicated, not entered in the dataset"
SEW-00217,Figure 2,Figure 2!U4,% binding,collagen 110 KD,19,19,7.9,,,,Figure 2 / % binding,human platelets / PRP / whole blood (per source methods),"STAGED RAW VALUE — not validated, not adjudicated, not entered in the dataset"
SEW-00218,Figure 2,Figure 2!V4,% binding,collagen 110 KD,20,20,9.7,,,,Figure 2 / % binding,human platelets / PRP / whole blood (per source methods),"STAGED RAW VALUE — not validated, not adjudicated, not entered in the dataset"
SEW-00219,Figure 2,Figure 2!W4,% binding,collagen 110 KD,21,21,9.5,,,,Figure 2 / % binding,human platelets / PRP / whole blood (per source methods),"STAGED RAW VALUE — not validated, not adjudicated, not entered in the dataset"
SEW-00220,Figure 2,Figure 2!X4,% binding,collagen 110 KD,22,22,9.4,,,,Figure 2 / % binding,human platelets / PRP / whole blood (per source methods),"STAGED RAW VALUE — not validated, not adjudicated, not entered in the dataset"
SEW-00221,Figure 2,Figure 2!Y4,% binding,collagen 110 KD,23,23,9.2,,,,Figure 2 / % binding,human platelets / PRP / whole blood (per source methods),"STAGED RAW VALUE — not validated, not adjudicated, not entered in the dataset"
SEW-00222,Figure 2,Figure 2!Z4,% binding,collagen 110 KD,24,24,9,,,,Figure 2 / % binding,human platelets / PRP / whole blood (per source methods),"STAGED RAW VALUE — not validated, not adjudicated, not entered in the dataset"
SEW-00223,Figure 2,Figure 2!C5,% binding,collagen 66 KD,1,1,7.6,,,,Figure 2 / % binding,human platelets / PRP / whole blood (per source methods),"STAGED RAW VALUE — not validated, not adjudicated, not entered in the dataset"
SEW-00224,Figure 2,Figure 2!D5,% binding,collagen 66 KD,2,2,8.1,,,,Figure 2 / % binding,human platelets / PRP / whole blood (per source methods),"STAGED RAW VALUE — not validated, not adjudicated, not entered in the dataset"
SEW-00225,Figure 2,Figure 2!E5,% binding,collagen 66 KD,3,3,9.6,,,,Figure 2 / % binding,human platelets / PRP / whole blood (per source methods),"STAGED RAW VALUE — not validated, not adjudicated, not entered in the dataset"
SEW-00226,Figure 2,Figure 2!F5,% binding,collagen 66 KD,4,4,9.6,,,,Figure 2 / % binding,human platelets / PRP / whole blood (per source methods),"STAGED RAW VALUE — not validated, not adjudicated, not entered in the dataset"
SEW-00227,Figure 2,Figure 2!G5,% binding,collagen 66 KD,5,5,9.7,,,,Figure 2 / % binding,human platelets / PRP / whole blood (per source methods),"STAGED RAW VALUE — not validated, not adjudicated, not entered in the dataset"
SEW-00228,Figure 2,Figure 2!H5,% binding,collagen 66 KD,6,6,8.9,,,,Figure 2 / % binding,human platelets / PRP / whole blood (per source methods),"STAGED RAW VALUE — not validated, not adjudicated, not entered in the dataset"
SEW-00229,Figure 2,Figure 2!I5,% binding,collagen 66 KD,7,7,12,,,,Figure 2 / % binding,human platelets / PRP / whole blood (per source methods),"STAGED RAW VALUE — not validated, not adjudicated, not entered in the dataset"
SEW-00230,Figure 2,Figure 2!J5,% binding,collagen 66 KD,8,8,12.3,,,,Figure 2 / % binding,human platelets / PRP / whole blood (per source methods),"STAGED RAW VALUE — not validated, not adjudicated, not entered in the dataset"
SEW-00231,Figure 2,Figure 2!K5,% binding,collagen 66 KD,9,9,10.8,,,,Figure 2 / % binding,human platelets / PRP / whole blood (per source methods),"STAGED RAW VALUE — not validated, not adjudicated, not entered in the dataset"
SEW-00232,Figure 2,Figure 2!L5,% binding,collagen 66 KD,10,10,16.7,,,,Figure 2 / % binding,human platelets / PRP / whole blood (per source methods),"STAGED RAW VALUE — not validated, not adjudicated, not entered in the dataset"
SEW-00233,Figure 2,Figure 2!M5,% binding,collagen 66 KD,11,11,14.8,,,,Figure 2 / % binding,human platelets / PRP / whole blood (per source methods),"STAGED RAW VALUE — not validated, not adjudicated, not entered in the dataset"
SEW-00234,Figure 2,Figure 2!N5,% binding,collagen 66 KD,12,12,14.6,,,,Figure 2 / % binding,human platelets / PRP / whole blood (per source methods),"STAGED RAW VALUE — not validated, not adjudicated, not entered in the dataset"
SEW-00235,Figure 2,Figure 2!O5,% binding,collagen 66 KD,13,13,17.1,,,,Figure 2 / % binding,human platelets / PRP / whole blood (per source methods),"STAGED RAW VALUE — not validated, not adjudicated, not entered in the dataset"
SEW-00236,Figure 2,Figure 2!P5,% binding,collagen 66 KD,14,14,16.9,,,,Figure 2 / % binding,human platelets / PRP / whole blood (per source methods),"STAGED RAW VALUE — not validated, not adjudicated, not entered in the dataset"
SEW-00237,Figure 2,Figure 2!Q5,% binding,collagen 66 KD,15,15,16.9,,,,Figure 2 / % binding,human platelets / PRP / whole blood (per source methods),"STAGED RAW VALUE — not validated, not adjudicated, not entered in the dataset"
SEW-00238,Figure 2,Figure 2!R5,% binding,collagen 66 KD,16,16,9.8,,,,Figure 2 / % binding,human platelets / PRP / whole blood (per source methods),"STAGED RAW VALUE — not validated, not adjudicated, not entered in the dataset"
SEW-00239,Figure 2,Figure 2!S5,% binding,collagen 66 KD,17,17,10.4,,,,Figure 2 / % binding,human platelets / PRP / whole blood (per source methods),"STAGED RAW VALUE — not validated, not adjudicated, not entered in the dataset"
SEW-00240,Figure 2,Figure 2!T5,% binding,collagen 66 KD,18,18,10.7,,,,Figure 2 / % binding,human platelets / PRP / whole blood (per source methods),"STAGED RAW VALUE — not validated, not adjudicated, not entered in the dataset"
SEW-00241,Figure 2,Figure 2!U5,% binding,collagen 66 KD,19,19,12.5,,,,Figure 2 / % binding,human platelets / PRP / whole blood (per source methods),"STAGED RAW VALUE — not validated, not adjudicated, not entered in the dataset"
SEW-00242,Figure 2,Figure 2!V5,% binding,collagen 66 KD,20,20,14.7,,,,Figure 2 / % binding,human platelets / PRP / whole blood (per source methods),"STAGED RAW VALUE — not validated, not adjudicated, not entered in the dataset"
SEW-00243,Figure 2,Figure 2!W5,% binding,collagen 66 KD,21,21,14.3,,,,Figure 2 / % binding,human platelets / PRP / whole blood (per source methods),"STAGED RAW VALUE — not validated, not adjudicated, not entered in the dataset"
SEW-00244,Figure 2,Figure 2!X5,% binding,collagen 66 KD,22,22,15.6,,,,Figure 2 / % binding,human platelets / PRP / whole blood (per source methods),"STAGED RAW VALUE — not validated, not adjudicated, not entered in the dataset"
SEW-00245,Figure 2,Figure 2!Y5,% binding,collagen 66 KD,23,23,15.6,,,,Figure 2 / % binding,human platelets / PRP / whole blood (per source methods),"STAGED RAW VALUE — not validated, not adjudicated, not entered in the dataset"
SEW-00246,Figure 2,Figure 2!Z5,% binding,collagen 66 KD,24,24,16,,,,Figure 2 / % binding,human platelets / PRP / whole blood (per source methods),"STAGED RAW VALUE — not validated, not adjudicated, not entered in the dataset"
SEW-00247,Figure 2,Figure 2!C6,% binding,collagen 22 KD,1,1,22.9,,,,Figure 2 / % binding,human platelets / PRP / whole blood (per source methods),"STAGED RAW VALUE — not validated, not adjudicated, not entered in the dataset"
SEW-00248,Figure 2,Figure 2!D6,% binding,collagen 22 KD,2,2,22.9,,,,Figure 2 / % binding,human platelets / PRP / whole blood (per source methods),"STAGED RAW VALUE — not validated, not adjudicated, not entered in the dataset"
SEW-00249,Figure 2,Figure 2!E6,% binding,collagen 22 KD,3,3,27.2,,,,Figure 2 / % binding,human platelets / PRP / whole blood (per source methods),"STAGED RAW VALUE — not validated, not adjudicated, not entered in the dataset"
SEW-00250,Figure 2,Figure 2!F6,% binding,collagen 22 KD,4,4,29.4,,,,Figure 2 / % binding,human platelets / PRP / whole blood (per source methods),"STAGED RAW VALUE — not validated, not adjudicated, not entered in the dataset"
SEW-00251,Figure 2,Figure 2!G6,% binding,collagen 22 KD,5,5,29.6,,,,Figure 2 / % binding,human platelets / PRP / whole blood (per source methods),"STAGED RAW VALUE — not validated, not adjudicated, not entered in the dataset"
SEW-00252,Figure 2,Figure 2!H6,% binding,collagen 22 KD,6,6,23.3,,,,Figure 2 / % binding,human platelets / PRP / whole blood (per source methods),"STAGED RAW VALUE — not validated, not adjudicated, not entered in the dataset"
SEW-00253,Figure 2,Figure 2!I6,% binding,collagen 22 KD,7,7,32,,,,Figure 2 / % binding,human platelets / PRP / whole blood (per source methods),"STAGED RAW VALUE — not validated, not adjudicated, not entered in the dataset"
SEW-00254,Figure 2,Figure 2!J6,% binding,collagen 22 KD,8,8,35.5,,,,Figure 2 / % binding,human platelets / PRP / whole blood (per source methods),"STAGED RAW VALUE — not validated, not adjudicated, not entered in the dataset"
SEW-00255,Figure 2,Figure 2!K6,% binding,collagen 22 KD,9,9,27.4,,,,Figure 2 / % binding,human platelets / PRP / whole blood (per source methods),"STAGED RAW VALUE — not validated, not adjudicated, not entered in the dataset"
SEW-00256,Figure 2,Figure 2!L6,% binding,collagen 22 KD,10,10,45.8,,,,Figure 2 / % binding,human platelets / PRP / whole blood (per source methods),"STAGED RAW VALUE — not validated, not adjudicated, not entered in the dataset"
SEW-00257,Figure 2,Figure 2!M6,% binding,collagen 22 KD,11,11,34.1,,,,Figure 2 / % binding,human platelets / PRP / whole blood (per source methods),"STAGED RAW VALUE — not validated, not adjudicated, not entered in the dataset"
SEW-00258,Figure 2,Figure 2!N6,% binding,collagen 22 KD,12,12,29.9,,,,Figure 2 / % binding,human platelets / PRP / whole blood (per source methods),"STAGED RAW VALUE — not validated, not adjudicated, not entered in the dataset"
SEW-00259,Figure 2,Figure 2!O6,% binding,collagen 22 KD,13,13,50.9,,,,Figure 2 / % binding,human platelets / PRP / whole blood (per source methods),"STAGED RAW VALUE — not validated, not adjudicated, not entered in the dataset"
SEW-00260,Figure 2,Figure 2!P6,% binding,collagen 22 KD,14,14,44.9,,,,Figure 2 / % binding,human platelets / PRP / whole blood (per source methods),"STAGED RAW VALUE — not validated, not adjudicated, not entered in the dataset"
SEW-00261,Figure 2,Figure 2!Q6,% binding,collagen 22 KD,15,15,44.1,,,,Figure 2 / % binding,human platelets / PRP / whole blood (per source methods),"STAGED RAW VALUE — not validated, not adjudicated, not entered in the dataset"
SEW-00262,Figure 2,Figure 2!R6,% binding,collagen 22 KD,16,16,27.8,,,,Figure 2 / % binding,human platelets / PRP / whole blood (per source methods),"STAGED RAW VALUE — not validated, not adjudicated, not entered in the dataset"
SEW-00263,Figure 2,Figure 2!S6,% binding,collagen 22 KD,17,17,27.2,,,,Figure 2 / % binding,human platelets / PRP / whole blood (per source methods),"STAGED RAW VALUE — not validated, not adjudicated, not entered in the dataset"
SEW-00264,Figure 2,Figure 2!T6,% binding,collagen 22 KD,18,18,27,,,,Figure 2 / % binding,human platelets / PRP / whole blood (per source methods),"STAGED RAW VALUE — not validated, not adjudicated, not entered in the dataset"
SEW-00265,Figure 2,Figure 2!U6,% binding,collagen 22 KD,19,19,39.3,,,,Figure 2 / % binding,human platelets / PRP / whole blood (per source methods),"STAGED RAW VALUE — not validated, not adjudicated, not entered in the dataset"
SEW-00266,Figure 2,Figure 2!V6,% binding,collagen 22 KD,20,20,48.3,,,,Figure 2 / % binding,human platelets / PRP / whole blood (per source methods),"STAGED RAW VALUE — not validated, not adjudicated, not entered in the dataset"
SEW-00267,Figure 2,Figure 2!W6,% binding,collagen 22 KD,21,21,47.3,,,,Figure 2 / % binding,human platelets / PRP / whole blood (per source methods),"STAGED RAW VALUE — not validated, not adjudicated, not entered in the dataset"
SEW-00268,Figure 2,Figure 2!X6,% binding,collagen 22 KD,22,22,46.9,,,,Figure 2 / % binding,human platelets / PRP / whole blood (per source methods),"STAGED RAW VALUE — not validated, not adjudicated, not entered in the dataset"
SEW-00269,Figure 2,Figure 2!Y6,% binding,collagen 22 KD,23,23,46.2,,,,Figure 2 / % binding,human platelets / PRP / whole blood (per source methods),"STAGED RAW VALUE — not validated, not adjudicated, not entered in the dataset"
SEW-00270,Figure 2,Figure 2!Z6,% binding,collagen 22 KD,24,24,45.2,,,,Figure 2 / % binding,human platelets / PRP / whole blood (per source methods),"STAGED RAW VALUE — not validated, not adjudicated, not entered in the dataset"
SEW-00271,Figure 2,Figure 2!C7,% binding,+ PS,1,1,14.5,,,backbone_control_phosphorothioate,Figure 2 / % binding,human platelets / PRP / whole blood (per source methods),"STAGED RAW VALUE — not validated, not adjudicated, not entered in the dataset"
SEW-00272,Figure 2,Figure 2!D7,% binding,+ PS,2,2,24.7,,,backbone_control_phosphorothioate,Figure 2 / % binding,human platelets / PRP / whole blood (per source methods),"STAGED RAW VALUE — not validated, not adjudicated, not entered in the dataset"
SEW-00273,Figure 2,Figure 2!E7,% binding,+ PS,3,3,16.55,,,backbone_control_phosphorothioate,Figure 2 / % binding,human platelets / PRP / whole blood (per source methods),"STAGED RAW VALUE — not validated, not adjudicated, not entered in the dataset"
SEW-00274,Figure 2,Figure 2!F7,% binding,+ PS,4,4,9.14,,,backbone_control_phosphorothioate,Figure 2 / % binding,human platelets / PRP / whole blood (per source methods),"STAGED RAW VALUE — not validated, not adjudicated, not entered in the dataset"
SEW-00275,Figure 2,Figure 2!G7,% binding,+ PS,5,5,21.78,,,backbone_control_phosphorothioate,Figure 2 / % binding,human platelets / PRP / whole blood (per source methods),"STAGED RAW VALUE — not validated, not adjudicated, not entered in the dataset"
SEW-00276,Figure 2,Figure 2!H7,% binding,+ PS,6,6,14.75,,,backbone_control_phosphorothioate,Figure 2 / % binding,human platelets / PRP / whole blood (per source methods),"STAGED RAW VALUE — not validated, not adjudicated, not entered in the dataset"
SEW-00277,Figure 2,Figure 2!I7,% binding,+ PS,7,7,17.84,,,backbone_control_phosphorothioate,Figure 2 / % binding,human platelets / PRP / whole blood (per source methods),"STAGED RAW VALUE — not validated, not adjudicated, not entered in the dataset"
SEW-00278,Figure 2,Figure 2!J7,% binding,+ PS,8,8,10.19,,,backbone_control_phosphorothioate,Figure 2 / % binding,human platelets / PRP / whole blood (per source methods),"STAGED RAW VALUE — not validated, not adjudicated, not entered in the dataset"
SEW-00279,Figure 2,Figure 2!K7,% binding,+ PS,9,9,11.78,,,backbone_control_phosphorothioate,Figure 2 / % binding,human platelets / PRP / whole blood (per source methods),"STAGED RAW VALUE — not validated, not adjudicated, not entered in the dataset"
SEW-00280,Figure 2,Figure 2!L7,% binding,+ PS,10,10,8.1,,,backbone_control_phosphorothioate,Figure 2 / % binding,human platelets / PRP / whole blood (per source methods),"STAGED RAW VALUE — not validated, not adjudicated, not entered in the dataset"
SEW-00281,Figure 2,Figure 2!M7,% binding,+ PS,11,11,16.54,,,backbone_control_phosphorothioate,Figure 2 / % binding,human platelets / PRP / whole blood (per source methods),"STAGED RAW VALUE — not validated, not adjudicated, not entered in the dataset"
SEW-00282,Figure 2,Figure 2!N7,% binding,+ PS,12,12,13.89,,,backbone_control_phosphorothioate,Figure 2 / % binding,human platelets / PRP / whole blood (per source methods),"STAGED RAW VALUE — not validated, not adjudicated, not entered in the dataset"
SEW-00283,Figure 2,Figure 2!C8,% binding,- PS,1,1,0.24,,,backbone_control_phosphodiester,Figure 2 / % binding,human platelets / PRP / whole blood (per source methods),"STAGED RAW VALUE — not validated, not adjudicated, not entered in the dataset"
SEW-00284,Figure 2,Figure 2!D8,% binding,- PS,2,2,0.07,,,backbone_control_phosphodiester,Figure 2 / % binding,human platelets / PRP / whole blood (per source methods),"STAGED RAW VALUE — not validated, not adjudicated, not entered in the dataset"
SEW-00285,Figure 2,Figure 2!E8,% binding,- PS,3,3,0.09,,,backbone_control_phosphodiester,Figure 2 / % binding,human platelets / PRP / whole blood (per source methods),"STAGED RAW VALUE — not validated, not adjudicated, not entered in the dataset"
SEW-00286,Figure 2,Figure 2!F8,% binding,- PS,4,4,0.04,,,backbone_control_phosphodiester,Figure 2 / % binding,human platelets / PRP / whole blood (per source methods),"STAGED RAW VALUE — not validated, not adjudicated, not entered in the dataset"
SEW-00287,Figure 2,Figure 2!G8,% binding,- PS,5,5,0.39,,,backbone_control_phosphodiester,Figure 2 / % binding,human platelets / PRP / whole blood (per source methods),"STAGED RAW VALUE — not validated, not adjudicated, not entered in the dataset"
SEW-00288,Figure 2,Figure 2!H8,% binding,- PS,6,6,0.36,,,backbone_control_phosphodiester,Figure 2 / % binding,human platelets / PRP / whole blood (per source methods),"STAGED RAW VALUE — not validated, not adjudicated, not entered in the dataset"
SEW-00289,Figure 2,Figure 2!I8,% binding,- PS,7,7,0.13,,,backbone_control_phosphodiester,Figure 2 / % binding,human platelets / PRP / whole blood (per source methods),"STAGED RAW VALUE — not validated, not adjudicated, not entered in the dataset"
SEW-00290,Figure 2,Figure 2!J8,% binding,- PS,8,8,0.92,,,backbone_control_phosphodiester,Figure 2 / % binding,human platelets / PRP / whole blood (per source methods),"STAGED RAW VALUE — not validated, not adjudicated, not entered in the dataset"
SEW-00291,Figure 2,Figure 2!K8,% binding,- PS,9,9,0.11,,,backbone_control_phosphodiester,Figure 2 / % binding,human platelets / PRP / whole blood (per source methods),"STAGED RAW VALUE — not validated, not adjudicated, not entered in the dataset"
SEW-00292,Figure 2,Figure 2!L8,% binding,- PS,10,10,0.16,,,backbone_control_phosphodiester,Figure 2 / % binding,human platelets / PRP / whole blood (per source methods),"STAGED RAW VALUE — not validated, not adjudicated, not entered in the dataset"
SEW-00293,Figure 2,Figure 2!M8,% binding,- PS,11,11,0.19,,,backbone_control_phosphodiester,Figure 2 / % binding,human platelets / PRP / whole blood (per source methods),"STAGED RAW VALUE — not validated, not adjudicated, not entered in the dataset"
SEW-00294,Figure 2,Figure 2!N8,% binding,- PS,12,12,0.25,,,backbone_control_phosphodiester,Figure 2 / % binding,human platelets / PRP / whole blood (per source methods),"STAGED RAW VALUE — not validated, not adjudicated, not entered in the dataset"
SEW-00295,Figure 2,Figure 2!A9,% binding,10,,,10,(AC)5,length 10 nt of the alternating-AC series,,Figure 2 / % binding,human platelets / PRP / whole blood (per source methods),"STAGED RAW VALUE — not validated, not adjudicated, not entered in the dataset"
SEW-00296,Figure 2,Figure 2!C9,% binding,10,1,1,8.55,(AC)5,length 10 nt of the alternating-AC series,,Figure 2 / % binding,human platelets / PRP / whole blood (per source methods),"STAGED RAW VALUE — not validated, not adjudicated, not entered in the dataset"
SEW-00297,Figure 2,Figure 2!D9,% binding,10,2,2,3.55,(AC)5,length 10 nt of the alternating-AC series,,Figure 2 / % binding,human platelets / PRP / whole blood (per source methods),"STAGED RAW VALUE — not validated, not adjudicated, not entered in the dataset"
SEW-00298,Figure 2,Figure 2!A10,% binding,12,,,12,(AC)6,length 12 nt of the alternating-AC series,,Figure 2 / % binding,human platelets / PRP / whole blood (per source methods),"STAGED RAW VALUE — not validated, not adjudicated, not entered in the dataset"
SEW-00299,Figure 2,Figure 2!C10,% binding,12,1,1,12.91,(AC)6,length 12 nt of the alternating-AC series,,Figure 2 / % binding,human platelets / PRP / whole blood (per source methods),"STAGED RAW VALUE — not validated, not adjudicated, not entered in the dataset"
SEW-00300,Figure 2,Figure 2!D10,% binding,12,2,2,5.2,(AC)6,length 12 nt of the alternating-AC series,,Figure 2 / % binding,human platelets / PRP / whole blood (per source methods),"STAGED RAW VALUE — not validated, not adjudicated, not entered in the dataset"
SEW-00301,Figure 2,Figure 2!A11,% binding,14,,,14,(AC)7,length 14 nt of the alternating-AC series,,Figure 2 / % binding,human platelets / PRP / whole blood (per source methods),"STAGED RAW VALUE — not validated, not adjudicated, not entered in the dataset"
SEW-00302,Figure 2,Figure 2!C11,% binding,14,1,1,13.97,(AC)7,length 14 nt of the alternating-AC series,,Figure 2 / % binding,human platelets / PRP / whole blood (per source methods),"STAGED RAW VALUE — not validated, not adjudicated, not entered in the dataset"
SEW-00303,Figure 2,Figure 2!D11,% binding,14,2,2,14.67,(AC)7,length 14 nt of the alternating-AC series,,Figure 2 / % binding,human platelets / PRP / whole blood (per source methods),"STAGED RAW VALUE — not validated, not adjudicated, not entered in the dataset"
SEW-00304,Figure 2,Figure 2!A12,% binding,16,,,16,(AC)8,length 16 nt of the alternating-AC series,,Figure 2 / % binding,human platelets / PRP / whole blood (per source methods),"STAGED RAW VALUE — not validated, not adjudicated, not entered in the dataset"
SEW-00305,Figure 2,Figure 2!C12,% binding,16,1,1,15.11,(AC)8,length 16 nt of the alternating-AC series,,Figure 2 / % binding,human platelets / PRP / whole blood (per source methods),"STAGED RAW VALUE — not validated, not adjudicated, not entered in the dataset"
SEW-00306,Figure 2,Figure 2!D12,% binding,16,2,2,20.52,(AC)8,length 16 nt of the alternating-AC series,,Figure 2 / % binding,human platelets / PRP / whole blood (per source methods),"STAGED RAW VALUE — not validated, not adjudicated, not entered in the dataset"
SEW-00307,Figure 2,Figure 2!A13,% binding,18,,,18,(AC)9,length 18 nt of the alternating-AC series,,Figure 2 / % binding,human platelets / PRP / whole blood (per source methods),"STAGED RAW VALUE — not validated, not adjudicated, not entered in the dataset"
SEW-00308,Figure 2,Figure 2!C13,% binding,18,1,1,12.4,(AC)9,length 18 nt of the alternating-AC series,,Figure 2 / % binding,human platelets / PRP / whole blood (per source methods),"STAGED RAW VALUE — not validated, not adjudicated, not entered in the dataset"
SEW-00309,Figure 2,Figure 2!D13,% binding,18,2,2,20.32,(AC)9,length 18 nt of the alternating-AC series,,Figure 2 / % binding,human platelets / PRP / whole blood (per source methods),"STAGED RAW VALUE — not validated, not adjudicated, not entered in the dataset"
SEW-00310,Figure 2,Figure 2!A14,% binding,20,,,20,(AC)10,length 20 nt of the alternating-AC series,,Figure 2 / % binding,human platelets / PRP / whole blood (per source methods),"STAGED RAW VALUE — not validated, not adjudicated, not entered in the dataset"
SEW-00311,Figure 2,Figure 2!C14,% binding,20,1,1,14.75,(AC)10,length 20 nt of the alternating-AC series,,Figure 2 / % binding,human platelets / PRP / whole blood (per source methods),"STAGED RAW VALUE — not validated, not adjudicated, not entered in the dataset"
SEW-00312,Figure 2,Figure 2!D14,% binding,20,2,2,29.08,(AC)10,length 20 nt of the alternating-AC series,,Figure 2 / % binding,human platelets / PRP / whole blood (per source methods),"STAGED RAW VALUE — not validated, not adjudicated, not entered in the dataset"
SEW-00313,Figure 2,Figure 2!A15,% binding,22,,,22,(AC)11,length 22 nt of the alternating-AC series,,Figure 2 / % binding,human platelets / PRP / whole blood (per source methods),"STAGED RAW VALUE — not validated, not adjudicated, not entered in the dataset"
SEW-00314,Figure 2,Figure 2!C15,% binding,22,1,1,7.71,(AC)11,length 22 nt of the alternating-AC series,,Figure 2 / % binding,human platelets / PRP / whole blood (per source methods),"STAGED RAW VALUE — not validated, not adjudicated, not entered in the dataset"
SEW-00315,Figure 2,Figure 2!D15,% binding,22,2,2,13.45,(AC)11,length 22 nt of the alternating-AC series,,Figure 2 / % binding,human platelets / PRP / whole blood (per source methods),"STAGED RAW VALUE — not validated, not adjudicated, not entered in the dataset"
SEW-00316,Figure 2,Figure 2!A19,% binding,0.1,,,0.1,,,,Figure 2 / % binding,human platelets / PRP / whole blood (per source methods),"STAGED RAW VALUE — not validated, not adjudicated, not entered in the dataset"
SEW-00317,Figure 2,Figure 2!B19,% binding,0.1,% binding,% binding,3.99263216668285,,,,Figure 2 / % binding,human platelets / PRP / whole blood (per source methods),"STAGED RAW VALUE — not validated, not adjudicated, not entered in the dataset"
SEW-00318,Figure 2,Figure 2!C19,% binding,0.1,,,4.32768912056139,,,,Figure 2 / % binding,human platelets / PRP / whole blood (per source methods),"STAGED RAW VALUE — not validated, not adjudicated, not entered in the dataset"
SEW-00319,Figure 2,Figure 2!D19,% binding,0.1,,,4.081302893329426,,,,Figure 2 / % binding,human platelets / PRP / whole blood (per source methods),"STAGED RAW VALUE — not validated, not adjudicated, not entered in the dataset"
SEW-00320,Figure 2,Figure 2!A20,% binding,0.3,,,0.3,,,,Figure 2 / % binding,human platelets / PRP / whole blood (per source methods),"STAGED RAW VALUE — not validated, not adjudicated, not entered in the dataset"
SEW-00321,Figure 2,Figure 2!B20,% binding,0.3,% binding,% binding,7.908084154137762,,,,Figure 2 / % binding,human platelets / PRP / whole blood (per source methods),"STAGED RAW VALUE — not validated, not adjudicated, not entered in the dataset"
SEW-00322,Figure 2,Figure 2!C20,% binding,0.3,,,8.037597227556745,,,,Figure 2 / % binding,human platelets / PRP / whole blood (per source methods),"STAGED RAW VALUE — not validated, not adjudicated, not entered in the dataset"
SEW-00323,Figure 2,Figure 2!D20,% binding,0.3,,,7.0462018313494585,,,,Figure 2 / % binding,human platelets / PRP / whole blood (per source methods),"STAGED RAW VALUE — not validated, not adjudicated, not entered in the dataset"
SEW-00324,Figure 2,Figure 2!A21,% binding,1,,,1,,,,Figure 2 / % binding,human platelets / PRP / whole blood (per source methods),"STAGED RAW VALUE — not validated, not adjudicated, not entered in the dataset"
SEW-00325,Figure 2,Figure 2!B21,% binding,1,% binding,% binding,11.626007230170377,,,,Figure 2 / % binding,human platelets / PRP / whole blood (per source methods),"STAGED RAW VALUE — not validated, not adjudicated, not entered in the dataset"
SEW-00326,Figure 2,Figure 2!C21,% binding,1,,,9.83325342352232,,,,Figure 2 / % binding,human platelets / PRP / whole blood (per source methods),"STAGED RAW VALUE — not validated, not adjudicated, not entered in the dataset"
SEW-00327,Figure 2,Figure 2!D21,% binding,1,,,9.388457674556161,,,,Figure 2 / % binding,human platelets / PRP / whole blood (per source methods),"STAGED RAW VALUE — not validated, not adjudicated, not entered in the dataset"
SEW-00328,Figure 2,Figure 2!A22,% binding,3,,,3,,,,Figure 2 / % binding,human platelets / PRP / whole blood (per source methods),"STAGED RAW VALUE — not validated, not adjudicated, not entered in the dataset"
SEW-00329,Figure 2,Figure 2!B22,% binding,3,% binding,% binding,18.122278572906545,,,,Figure 2 / % binding,human platelets / PRP / whole blood (per source methods),"STAGED RAW VALUE — not validated, not adjudicated, not entered in the dataset"
SEW-00330,Figure 2,Figure 2!C22,% binding,3,,,16.01484735777828,,,,Figure 2 / % binding,human platelets / PRP / whole blood (per source methods),"STAGED RAW VALUE — not validated, not adjudicated, not entered in the dataset"
SEW-00331,Figure 2,Figure 2!D22,% binding,3,,,14.46799896837886,,,,Figure 2 / % binding,human platelets / PRP / whole blood (per source methods),"STAGED RAW VALUE — not validated, not adjudicated, not entered in the dataset"
SEW-00332,Figure 2,Figure 2!A23,% binding,10,,,10,(AC)5,length 10 nt of the alternating-AC series,,Figure 2 / % binding,human platelets / PRP / whole blood (per source methods),"STAGED RAW VALUE — not validated, not adjudicated, not entered in the dataset"
SEW-00333,Figure 2,Figure 2!B23,% binding,10,% binding,% binding,23.31589235843723,(AC)5,length 10 nt of the alternating-AC series,,Figure 2 / % binding,human platelets / PRP / whole blood (per source methods),"STAGED RAW VALUE — not validated, not adjudicated, not entered in the dataset"
SEW-00334,Figure 2,Figure 2!C23,% binding,10,,,19.478701498068823,(AC)5,length 10 nt of the alternating-AC series,,Figure 2 / % binding,human platelets / PRP / whole blood (per source methods),"STAGED RAW VALUE — not validated, not adjudicated, not entered in the dataset"
SEW-00335,Figure 2,Figure 2!D23,% binding,10,,,17.374288743149467,(AC)5,length 10 nt of the alternating-AC series,,Figure 2 / % binding,human platelets / PRP / whole blood (per source methods),"STAGED RAW VALUE — not validated, not adjudicated, not entered in the dataset"
SEW-00336,Figure 2,Figure 2!A24,% binding,30,,,30,,,,Figure 2 / % binding,human platelets / PRP / whole blood (per source methods),"STAGED RAW VALUE — not validated, not adjudicated, not entered in the dataset"
SEW-00337,Figure 2,Figure 2!B24,% binding,30,% binding,% binding,26.98665281070373,,,,Figure 2 / % binding,human platelets / PRP / whole blood (per source methods),"STAGED RAW VALUE — not validated, not adjudicated, not entered in the dataset"
SEW-00338,Figure 2,Figure 2!C24,% binding,30,,,22.908139518343546,,,,Figure 2 / % binding,human platelets / PRP / whole blood (per source methods),"STAGED RAW VALUE — not validated, not adjudicated, not entered in the dataset"
SEW-00339,Figure 2,Figure 2!D24,% binding,30,,,19.74244655829738,,,,Figure 2 / % binding,human platelets / PRP / whole blood (per source methods),"STAGED RAW VALUE — not validated, not adjudicated, not entered in the dataset"
SEW-00340,Figure 2,Figure 2!A25,% binding,100,,,100,,,,Figure 2 / % binding,human platelets / PRP / whole blood (per source methods),"STAGED RAW VALUE — not validated, not adjudicated, not entered in the dataset"
SEW-00341,Figure 2,Figure 2!B25,% binding,100,% binding,% binding,30.257584503256606,,,,Figure 2 / % binding,human platelets / PRP / whole blood (per source methods),"STAGED RAW VALUE — not validated, not adjudicated, not entered in the dataset"
SEW-00342,Figure 2,Figure 2!C25,% binding,100,,,23.053730675737494,,,,Figure 2 / % binding,human platelets / PRP / whole blood (per source methods),"STAGED RAW VALUE — not validated, not adjudicated, not entered in the dataset"
SEW-00343,Figure 2,Figure 2!D25,% binding,100,,,17.324280510747304,,,,Figure 2 / % binding,human platelets / PRP / whole blood (per source methods),"STAGED RAW VALUE — not validated, not adjudicated, not entered in the dataset"
SEW-00344,Figure 3,Figure 3!A6,OD450 sample/OD450 PF4,200,,,200,,,,Figure 3 / OD450 sample/OD450 PF4,human platelets / PRP / whole blood (per source methods),"STAGED RAW VALUE — not validated, not adjudicated, not entered in the dataset"
SEW-00345,Figure 3,Figure 3!B6,OD450 sample/OD450 PF4,200,Plate1 #1,Plate1 #1,1.149579831932773,,,,Figure 3 / OD450 sample/OD450 PF4,human platelets / PRP / whole blood (per source methods),"STAGED RAW VALUE — not validated, not adjudicated, not entered in the dataset"
SEW-00346,Figure 3,Figure 3!C6,OD450 sample/OD450 PF4,200,Plate 1 #2,Plate 1 #2,1.2504201680672267,,,,Figure 3 / OD450 sample/OD450 PF4,human platelets / PRP / whole blood (per source methods),"STAGED RAW VALUE — not validated, not adjudicated, not entered in the dataset"
SEW-00347,Figure 3,Figure 3!D6,OD450 sample/OD450 PF4,200,Plate2 #1,Plate2 #1,1.1675977653631282,,,,Figure 3 / OD450 sample/OD450 PF4,human platelets / PRP / whole blood (per source methods),"STAGED RAW VALUE — not validated, not adjudicated, not entered in the dataset"
SEW-00348,Figure 3,Figure 3!E6,OD450 sample/OD450 PF4,200,Plate 2 #2,Plate 2 #2,1.5139664804469273,,,,Figure 3 / OD450 sample/OD450 PF4,human platelets / PRP / whole blood (per source methods),"STAGED RAW VALUE — not validated, not adjudicated, not entered in the dataset"
SEW-00349,Figure 3,Figure 3!F6,OD450 sample/OD450 PF4,200,Plate3 #1,Plate3 #1,1.696763202725724,,,,Figure 3 / OD450 sample/OD450 PF4,human platelets / PRP / whole blood (per source methods),"STAGED RAW VALUE — not validated, not adjudicated, not entered in the dataset"
SEW-00350,Figure 3,Figure 3!G6,OD450 sample/OD450 PF4,200,Plate 3 #2,Plate 3 #2,2.023850085178876,,,,Figure 3 / OD450 sample/OD450 PF4,human platelets / PRP / whole blood (per source methods),"STAGED RAW VALUE — not validated, not adjudicated, not entered in the dataset"
SEW-00351,Figure 3,Figure 3!H6,OD450 sample/OD450 PF4,200,Plate4 #1,Plate4 #1,1.4385964912280702,,,,Figure 3 / OD450 sample/OD450 PF4,human platelets / PRP / whole blood (per source methods),"STAGED RAW VALUE — not validated, not adjudicated, not entered in the dataset"
SEW-00352,Figure 3,Figure 3!I6,OD450 sample/OD450 PF4,200,Plate 4 #2,Plate 4 #2,1.6081871345029242,,,,Figure 3 / OD450 sample/OD450 PF4,human platelets / PRP / whole blood (per source methods),"STAGED RAW VALUE — not validated, not adjudicated, not entered in the dataset"
SEW-00353,Figure 3,Figure 3!J6,OD450 sample/OD450 PF4,200,Plate5 #1,Plate5 #1,1.6467065868263473,,,,Figure 3 / OD450 sample/OD450 PF4,human platelets / PRP / whole blood (per source methods),"STAGED RAW VALUE — not validated, not adjudicated, not entered in the dataset"
SEW-00354,Figure 3,Figure 3!K6,OD450 sample/OD450 PF4,200,Plate 5 #2,Plate 5 #2,1.598802395209581,,,,Figure 3 / OD450 sample/OD450 PF4,human platelets / PRP / whole blood (per source methods),"STAGED RAW VALUE — not validated, not adjudicated, not entered in the dataset"
SEW-00355,Figure 3,Figure 3!A7,OD450 sample/OD450 PF4,40,,,40,,,,Figure 3 / OD450 sample/OD450 PF4,human platelets / PRP / whole blood (per source methods),"STAGED RAW VALUE — not validated, not adjudicated, not entered in the dataset"
SEW-00356,Figure 3,Figure 3!B7,OD450 sample/OD450 PF4,40,Plate1 #1,Plate1 #1,3.5428571428571427,,,,Figure 3 / OD450 sample/OD450 PF4,human platelets / PRP / whole blood (per source methods),"STAGED RAW VALUE — not validated, not adjudicated, not entered in the dataset"
SEW-00357,Figure 3,Figure 3!C7,OD450 sample/OD450 PF4,40,Plate 1 #2,Plate 1 #2,4.295798319327731,,,,Figure 3 / OD450 sample/OD450 PF4,human platelets / PRP / whole blood (per source methods),"STAGED RAW VALUE — not validated, not adjudicated, not entered in the dataset"
SEW-00358,Figure 3,Figure 3!D7,OD450 sample/OD450 PF4,40,Plate2 #1,Plate2 #1,3.7206703910614523,,,,Figure 3 / OD450 sample/OD450 PF4,human platelets / PRP / whole blood (per source methods),"STAGED RAW VALUE — not validated, not adjudicated, not entered in the dataset"
SEW-00359,Figure 3,Figure 3!E7,OD450 sample/OD450 PF4,40,Plate 2 #2,Plate 2 #2,3.8212290502793294,,,,Figure 3 / OD450 sample/OD450 PF4,human platelets / PRP / whole blood (per source methods),"STAGED RAW VALUE — not validated, not adjudicated, not entered in the dataset"
SEW-00360,Figure 3,Figure 3!F7,OD450 sample/OD450 PF4,40,Plate3 #1,Plate3 #1,4.020442930153322,,,,Figure 3 / OD450 sample/OD450 PF4,human platelets / PRP / whole blood (per source methods),"STAGED RAW VALUE — not validated, not adjudicated, not entered in the dataset"
SEW-00361,Figure 3,Figure 3!G7,OD450 sample/OD450 PF4,40,Plate 3 #2,Plate 3 #2,4.933560477001704,,,,Figure 3 / OD450 sample/OD450 PF4,human platelets / PRP / whole blood (per source methods),"STAGED RAW VALUE — not validated, not adjudicated, not entered in the dataset"
SEW-00362,Figure 3,Figure 3!H7,OD450 sample/OD450 PF4,40,Plate4 #1,Plate4 #1,3.2982456140350878,,,,Figure 3 / OD450 sample/OD450 PF4,human platelets / PRP / whole blood (per source methods),"STAGED RAW VALUE — not validated, not adjudicated, not entered in the dataset"
SEW-00363,Figure 3,Figure 3!I7,OD450 sample/OD450 PF4,40,Plate 4 #2,Plate 4 #2,4.099415204678363,,,,Figure 3 / OD450 sample/OD450 PF4,human platelets / PRP / whole blood (per source methods),"STAGED RAW VALUE — not validated, not adjudicated, not entered in the dataset"
SEW-00364,Figure 3,Figure 3!J7,OD450 sample/OD450 PF4,40,Plate5 #1,Plate5 #1,4.239520958083832,,,,Figure 3 / OD450 sample/OD450 PF4,human platelets / PRP / whole blood (per source methods),"STAGED RAW VALUE — not validated, not adjudicated, not entered in the dataset"
SEW-00365,Figure 3,Figure 3!K7,OD450 sample/OD450 PF4,40,Plate 5 #2,Plate 5 #2,5.628742514970059,,,,Figure 3 / OD450 sample/OD450 PF4,human platelets / PRP / whole blood (per source methods),"STAGED RAW VALUE — not validated, not adjudicated, not entered in the dataset"
SEW-00366,Figure 3,Figure 3!A8,OD450 sample/OD450 PF4,8,,,8,,,,Figure 3 / OD450 sample/OD450 PF4,human platelets / PRP / whole blood (per source methods),"STAGED RAW VALUE — not validated, not adjudicated, not entered in the dataset"
SEW-00367,Figure 3,Figure 3!B8,OD450 sample/OD450 PF4,8,Plate1 #1,Plate1 #1,12.134453781512603,,,,Figure 3 / OD450 sample/OD450 PF4,human platelets / PRP / whole blood (per source methods),"STAGED RAW VALUE — not validated, not adjudicated, not entered in the dataset"
SEW-00368,Figure 3,Figure 3!C8,OD450 sample/OD450 PF4,8,Plate 1 #2,Plate 1 #2,12.168067226890756,,,,Figure 3 / OD450 sample/OD450 PF4,human platelets / PRP / whole blood (per source methods),"STAGED RAW VALUE — not validated, not adjudicated, not entered in the dataset"
SEW-00369,Figure 3,Figure 3!D8,OD450 sample/OD450 PF4,8,Plate2 #1,Plate2 #1,10.335195530726256,,,,Figure 3 / OD450 sample/OD450 PF4,human platelets / PRP / whole blood (per source methods),"STAGED RAW VALUE — not validated, not adjudicated, not entered in the dataset"
SEW-00370,Figure 3,Figure 3!E8,OD450 sample/OD450 PF4,8,Plate 2 #2,Plate 2 #2,10.94972067039106,,,,Figure 3 / OD450 sample/OD450 PF4,human platelets / PRP / whole blood (per source methods),"STAGED RAW VALUE — not validated, not adjudicated, not entered in the dataset"
SEW-00371,Figure 3,Figure 3!F8,OD450 sample/OD450 PF4,8,Plate3 #1,Plate3 #1,12.122657580919933,,,,Figure 3 / OD450 sample/OD450 PF4,human platelets / PRP / whole blood (per source methods),"STAGED RAW VALUE — not validated, not adjudicated, not entered in the dataset"
SEW-00372,Figure 3,Figure 3!G8,OD450 sample/OD450 PF4,8,Plate 3 #2,Plate 3 #2,12.674616695059626,,,,Figure 3 / OD450 sample/OD450 PF4,human platelets / PRP / whole blood (per source methods),"STAGED RAW VALUE — not validated, not adjudicated, not entered in the dataset"
SEW-00373,Figure 3,Figure 3!H8,OD450 sample/OD450 PF4,8,Plate4 #1,Plate4 #1,8.649122807017545,,,,Figure 3 / OD450 sample/OD450 PF4,human platelets / PRP / whole blood (per source methods),"STAGED RAW VALUE — not validated, not adjudicated, not entered in the dataset"
SEW-00374,Figure 3,Figure 3!I8,OD450 sample/OD450 PF4,8,Plate 4 #2,Plate 4 #2,8.80701754385965,,,,Figure 3 / OD450 sample/OD450 PF4,human platelets / PRP / whole blood (per source methods),"STAGED RAW VALUE — not validated, not adjudicated, not entered in the dataset"
SEW-00375,Figure 3,Figure 3!J8,OD450 sample/OD450 PF4,8,Plate5 #1,Plate5 #1,10.49700598802395,,,,Figure 3 / OD450 sample/OD450 PF4,human platelets / PRP / whole blood (per source methods),"STAGED RAW VALUE — not validated, not adjudicated, not entered in the dataset"
SEW-00376,Figure 3,Figure 3!K8,OD450 sample/OD450 PF4,8,Plate 5 #2,Plate 5 #2,11.359281437125748,,,,Figure 3 / OD450 sample/OD450 PF4,human platelets / PRP / whole blood (per source methods),"STAGED RAW VALUE — not validated, not adjudicated, not entered in the dataset"
SEW-00377,Figure 3,Figure 3!A9,OD450 sample/OD450 PF4,1.6,,,1.6,,,,Figure 3 / OD450 sample/OD450 PF4,human platelets / PRP / whole blood (per source methods),"STAGED RAW VALUE — not validated, not adjudicated, not entered in the dataset"
SEW-00378,Figure 3,Figure 3!B9,OD450 sample/OD450 PF4,1.6,Plate1 #1,Plate1 #1,13.67394957983193,,,,Figure 3 / OD450 sample/OD450 PF4,human platelets / PRP / whole blood (per source methods),"STAGED RAW VALUE — not validated, not adjudicated, not entered in the dataset"
SEW-00379,Figure 3,Figure 3!C9,OD450 sample/OD450 PF4,1.6,Plate 1 #2,Plate 1 #2,13.465546218487393,,,,Figure 3 / OD450 sample/OD450 PF4,human platelets / PRP / whole blood (per source methods),"STAGED RAW VALUE — not validated, not adjudicated, not entered in the dataset"
SEW-00380,Figure 3,Figure 3!D9,OD450 sample/OD450 PF4,1.6,Plate2 #1,Plate2 #1,12.36871508379888,,,,Figure 3 / OD450 sample/OD450 PF4,human platelets / PRP / whole blood (per source methods),"STAGED RAW VALUE — not validated, not adjudicated, not entered in the dataset"
SEW-00381,Figure 3,Figure 3!E9,OD450 sample/OD450 PF4,1.6,Plate 2 #2,Plate 2 #2,12.58659217877095,,,,Figure 3 / OD450 sample/OD450 PF4,human platelets / PRP / whole blood (per source methods),"STAGED RAW VALUE — not validated, not adjudicated, not entered in the dataset"
SEW-00382,Figure 3,Figure 3!F9,OD450 sample/OD450 PF4,1.6,Plate3 #1,Plate3 #1,15.05962521294719,,,,Figure 3 / OD450 sample/OD450 PF4,human platelets / PRP / whole blood (per source methods),"STAGED RAW VALUE — not validated, not adjudicated, not entered in the dataset"
SEW-00383,Figure 3,Figure 3!G9,OD450 sample/OD450 PF4,1.6,Plate 3 #2,Plate 3 #2,15.1618398637138,,,,Figure 3 / OD450 sample/OD450 PF4,human platelets / PRP / whole blood (per source methods),"STAGED RAW VALUE — not validated, not adjudicated, not entered in the dataset"
SEW-00384,Figure 3,Figure 3!H9,OD450 sample/OD450 PF4,1.6,Plate4 #1,Plate4 #1,10.947368421052634,,,,Figure 3 / OD450 sample/OD450 PF4,human platelets / PRP / whole blood (per source methods),"STAGED RAW VALUE — not validated, not adjudicated, not entered in the dataset"
SEW-00385,Figure 3,Figure 3!I9,OD450 sample/OD450 PF4,1.6,Plate 4 #2,Plate 4 #2,10.964912280701755,,,,Figure 3 / OD450 sample/OD450 PF4,human platelets / PRP / whole blood (per source methods),"STAGED RAW VALUE — not validated, not adjudicated, not entered in the dataset"
SEW-00386,Figure 3,Figure 3!J9,OD450 sample/OD450 PF4,1.6,Plate5 #1,Plate5 #1,13.425149700598801,,,,Figure 3 / OD450 sample/OD450 PF4,human platelets / PRP / whole blood (per source methods),"STAGED RAW VALUE — not validated, not adjudicated, not entered in the dataset"
SEW-00387,Figure 3,Figure 3!K9,OD450 sample/OD450 PF4,1.6,Plate 5 #2,Plate 5 #2,14,,,,Figure 3 / OD450 sample/OD450 PF4,human platelets / PRP / whole blood (per source methods),"STAGED RAW VALUE — not validated, not adjudicated, not entered in the dataset"
SEW-00388,Figure 3,Figure 3!A10,OD450 sample/OD450 PF4,0.32,,,0.32,,,,Figure 3 / OD450 sample/OD450 PF4,human platelets / PRP / whole blood (per source methods),"STAGED RAW VALUE — not validated, not adjudicated, not entered in the dataset"
SEW-00389,Figure 3,Figure 3!B10,OD450 sample/OD450 PF4,0.32,Plate1 #1,Plate1 #1,12.900840336134452,,,,Figure 3 / OD450 sample/OD450 PF4,human platelets / PRP / whole blood (per source methods),"STAGED RAW VALUE — not validated, not adjudicated, not entered in the dataset"
SEW-00390,Figure 3,Figure 3!C10,OD450 sample/OD450 PF4,0.32,Plate 1 #2,Plate 1 #2,13.499159663865544,,,,Figure 3 / OD450 sample/OD450 PF4,human platelets / PRP / whole blood (per source methods),"STAGED RAW VALUE — not validated, not adjudicated, not entered in the dataset"
SEW-00391,Figure 3,Figure 3!D10,OD450 sample/OD450 PF4,0.32,Plate2 #1,Plate2 #1,10.251396648044691,,,,Figure 3 / OD450 sample/OD450 PF4,human platelets / PRP / whole blood (per source methods),"STAGED RAW VALUE — not validated, not adjudicated, not entered in the dataset"
SEW-00392,Figure 3,Figure 3!E10,OD450 sample/OD450 PF4,0.32,Plate 2 #2,Plate 2 #2,11.083798882681563,,,,Figure 3 / OD450 sample/OD450 PF4,human platelets / PRP / whole blood (per source methods),"STAGED RAW VALUE — not validated, not adjudicated, not entered in the dataset"
SEW-00393,Figure 3,Figure 3!F10,OD450 sample/OD450 PF4,0.32,Plate3 #1,Plate3 #1,12.885860306643954,,,,Figure 3 / OD450 sample/OD450 PF4,human platelets / PRP / whole blood (per source methods),"STAGED RAW VALUE — not validated, not adjudicated, not entered in the dataset"
SEW-00394,Figure 3,Figure 3!G10,OD450 sample/OD450 PF4,0.32,Plate 3 #2,Plate 3 #2,13.158432708688247,,,,Figure 3 / OD450 sample/OD450 PF4,human platelets / PRP / whole blood (per source methods),"STAGED RAW VALUE — not validated, not adjudicated, not entered in the dataset"
SEW-00395,Figure 3,Figure 3!H10,OD450 sample/OD450 PF4,0.32,Plate4 #1,Plate4 #1,9.988304093567253,,,,Figure 3 / OD450 sample/OD450 PF4,human platelets / PRP / whole blood (per source methods),"STAGED RAW VALUE — not validated, not adjudicated, not entered in the dataset"
SEW-00396,Figure 3,Figure 3!I10,OD450 sample/OD450 PF4,0.32,Plate 4 #2,Plate 4 #2,9.31578947368421,,,,Figure 3 / OD450 sample/OD450 PF4,human platelets / PRP / whole blood (per source methods),"STAGED RAW VALUE — not validated, not adjudicated, not entered in the dataset"
SEW-00397,Figure 3,Figure 3!J10,OD450 sample/OD450 PF4,0.32,Plate5 #1,Plate5 #1,12.059880239520956,,,,Figure 3 / OD450 sample/OD450 PF4,human platelets / PRP / whole blood (per source methods),"STAGED RAW VALUE — not validated, not adjudicated, not entered in the dataset"
SEW-00398,Figure 3,Figure 3!K10,OD450 sample/OD450 PF4,0.32,Plate 5 #2,Plate 5 #2,12.323353293413172,,,,Figure 3 / OD450 sample/OD450 PF4,human platelets / PRP / whole blood (per source methods),"STAGED RAW VALUE — not validated, not adjudicated, not entered in the dataset"
SEW-00399,Figure 3,Figure 3!A11,OD450 sample/OD450 PF4,0.064,,,0.064,,,,Figure 3 / OD450 sample/OD450 PF4,human platelets / PRP / whole blood (per source methods),"STAGED RAW VALUE — not validated, not adjudicated, not entered in the dataset"
SEW-00400,Figure 3,Figure 3!B11,OD450 sample/OD450 PF4,0.064,Plate1 #1,Plate1 #1,5.122689075630252,,,,Figure 3 / OD450 sample/OD450 PF4,human platelets / PRP / whole blood (per source methods),"STAGED RAW VALUE — not validated, not adjudicated, not entered in the dataset"
SEW-00401,Figure 3,Figure 3!C11,OD450 sample/OD450 PF4,0.064,Plate 1 #2,Plate 1 #2,5.741176470588234,,,,Figure 3 / OD450 sample/OD450 PF4,human platelets / PRP / whole blood (per source methods),"STAGED RAW VALUE — not validated, not adjudicated, not entered in the dataset"
SEW-00402,Figure 3,Figure 3!D11,OD450 sample/OD450 PF4,0.064,Plate2 #1,Plate2 #1,4.41340782122905,,,,Figure 3 / OD450 sample/OD450 PF4,human platelets / PRP / whole blood (per source methods),"STAGED RAW VALUE — not validated, not adjudicated, not entered in the dataset"
SEW-00403,Figure 3,Figure 3!E11,OD450 sample/OD450 PF4,0.064,Plate 2 #2,Plate 2 #2,4.698324022346368,,,,Figure 3 / OD450 sample/OD450 PF4,human platelets / PRP / whole blood (per source methods),"STAGED RAW VALUE — not validated, not adjudicated, not entered in the dataset"
SEW-00404,Figure 3,Figure 3!F11,OD450 sample/OD450 PF4,0.064,Plate3 #1,Plate3 #1,4.872231686541737,,,,Figure 3 / OD450 sample/OD450 PF4,human platelets / PRP / whole blood (per source methods),"STAGED RAW VALUE — not validated, not adjudicated, not entered in the dataset"
SEW-00405,Figure 3,Figure 3!G11,OD450 sample/OD450 PF4,0.064,Plate 3 #2,Plate 3 #2,4.913117546848381,,,,Figure 3 / OD450 sample/OD450 PF4,human platelets / PRP / whole blood (per source methods),"STAGED RAW VALUE — not validated, not adjudicated, not entered in the dataset"
SEW-00406,Figure 3,Figure 3!H11,OD450 sample/OD450 PF4,0.064,Plate4 #1,Plate4 #1,3.7426900584795324,,,,Figure 3 / OD450 sample/OD450 PF4,human platelets / PRP / whole blood (per source methods),"STAGED RAW VALUE — not validated, not adjudicated, not entered in the dataset"
SEW-00407,Figure 3,Figure 3!I11,OD450 sample/OD450 PF4,0.064,Plate 4 #2,Plate 4 #2,3.713450292397661,,,,Figure 3 / OD450 sample/OD450 PF4,human platelets / PRP / whole blood (per source methods),"STAGED RAW VALUE — not validated, not adjudicated, not entered in the dataset"
SEW-00408,Figure 3,Figure 3!J11,OD450 sample/OD450 PF4,0.064,Plate5 #1,Plate5 #1,4.281437125748503,,,,Figure 3 / OD450 sample/OD450 PF4,human platelets / PRP / whole blood (per source methods),"STAGED RAW VALUE — not validated, not adjudicated, not entered in the dataset"
SEW-00409,Figure 3,Figure 3!K11,OD450 sample/OD450 PF4,0.064,Plate 5 #2,Plate 5 #2,4.730538922155689,,,,Figure 3 / OD450 sample/OD450 PF4,human platelets / PRP / whole blood (per source methods),"STAGED RAW VALUE — not validated, not adjudicated, not entered in the dataset"
SEW-00410,Figure 3,Figure 3!A12,OD450 sample/OD450 PF4,0.0128,,,0.0128,,,,Figure 3 / OD450 sample/OD450 PF4,human platelets / PRP / whole blood (per source methods),"STAGED RAW VALUE — not validated, not adjudicated, not entered in the dataset"
SEW-00411,Figure 3,Figure 3!B12,OD450 sample/OD450 PF4,0.0128,Plate1 #1,Plate1 #1,3.1193277310924366,,,,Figure 3 / OD450 sample/OD450 PF4,human platelets / PRP / whole blood (per source methods),"STAGED RAW VALUE — not validated, not adjudicated, not entered in the dataset"
SEW-00412,Figure 3,Figure 3!C12,OD450 sample/OD450 PF4,0.0128,Plate 1 #2,Plate 1 #2,3.267226890756302,,,,Figure 3 / OD450 sample/OD450 PF4,human platelets / PRP / whole blood (per source methods),"STAGED RAW VALUE — not validated, not adjudicated, not entered in the dataset"
SEW-00413,Figure 3,Figure 3!D12,OD450 sample/OD450 PF4,0.0128,Plate2 #1,Plate2 #1,2.1396648044692737,,,,Figure 3 / OD450 sample/OD450 PF4,human platelets / PRP / whole blood (per source methods),"STAGED RAW VALUE — not validated, not adjudicated, not entered in the dataset"
SEW-00414,Figure 3,Figure 3!E12,OD450 sample/OD450 PF4,0.0128,Plate 2 #2,Plate 2 #2,2.6256983240223457,,,,Figure 3 / OD450 sample/OD450 PF4,human platelets / PRP / whole blood (per source methods),"STAGED RAW VALUE — not validated, not adjudicated, not entered in the dataset"
SEW-00415,Figure 3,Figure 3!F12,OD450 sample/OD450 PF4,0.0128,Plate3 #1,Plate3 #1,3.2981260647359454,,,,Figure 3 / OD450 sample/OD450 PF4,human platelets / PRP / whole blood (per source methods),"STAGED RAW VALUE — not validated, not adjudicated, not entered in the dataset"
SEW-00416,Figure 3,Figure 3!G12,OD450 sample/OD450 PF4,0.0128,Plate 3 #2,Plate 3 #2,3.3867120954003407,,,,Figure 3 / OD450 sample/OD450 PF4,human platelets / PRP / whole blood (per source methods),"STAGED RAW VALUE — not validated, not adjudicated, not entered in the dataset"
SEW-00417,Figure 3,Figure 3!H12,OD450 sample/OD450 PF4,0.0128,Plate4 #1,Plate4 #1,2.4444444444444446,,,,Figure 3 / OD450 sample/OD450 PF4,human platelets / PRP / whole blood (per source methods),"STAGED RAW VALUE — not validated, not adjudicated, not entered in the dataset"
SEW-00418,Figure 3,Figure 3!I12,OD450 sample/OD450 PF4,0.0128,Plate 4 #2,Plate 4 #2,2.426900584795322,,,,Figure 3 / OD450 sample/OD450 PF4,human platelets / PRP / whole blood (per source methods),"STAGED RAW VALUE — not validated, not adjudicated, not entered in the dataset"
SEW-00419,Figure 3,Figure 3!J12,OD450 sample/OD450 PF4,0.0128,Plate5 #1,Plate5 #1,3.0778443113772456,,,,Figure 3 / OD450 sample/OD450 PF4,human platelets / PRP / whole blood (per source methods),"STAGED RAW VALUE — not validated, not adjudicated, not entered in the dataset"
SEW-00420,Figure 3,Figure 3!K12,OD450 sample/OD450 PF4,0.0128,Plate 5 #2,Plate 5 #2,3.2215568862275448,,,,Figure 3 / OD450 sample/OD450 PF4,human platelets / PRP / whole blood (per source methods),"STAGED RAW VALUE — not validated, not adjudicated, not entered in the dataset"
SEW-00421,Figure 3,Figure 3!A13,OD450 sample/OD450 PF4,0.00256,,,0.00256,,,,Figure 3 / OD450 sample/OD450 PF4,human platelets / PRP / whole blood (per source methods),"STAGED RAW VALUE — not validated, not adjudicated, not entered in the dataset"
SEW-00422,Figure 3,Figure 3!B13,OD450 sample/OD450 PF4,0.00256,Plate1 #1,Plate1 #1,1.3176470588235292,,,,Figure 3 / OD450 sample/OD450 PF4,human platelets / PRP / whole blood (per source methods),"STAGED RAW VALUE — not validated, not adjudicated, not entered in the dataset"
SEW-00423,Figure 3,Figure 3!C13,OD450 sample/OD450 PF4,0.00256,Plate 1 #2,Plate 1 #2,1.633613445378151,,,,Figure 3 / OD450 sample/OD450 PF4,human platelets / PRP / whole blood (per source methods),"STAGED RAW VALUE — not validated, not adjudicated, not entered in the dataset"
SEW-00424,Figure 3,Figure 3!D13,OD450 sample/OD450 PF4,0.00256,Plate2 #1,Plate2 #1,1.2737430167597765,,,,Figure 3 / OD450 sample/OD450 PF4,human platelets / PRP / whole blood (per source methods),"STAGED RAW VALUE — not validated, not adjudicated, not entered in the dataset"
SEW-00425,Figure 3,Figure 3!E13,OD450 sample/OD450 PF4,0.00256,Plate 2 #2,Plate 2 #2,1.8044692737430166,,,,Figure 3 / OD450 sample/OD450 PF4,human platelets / PRP / whole blood (per source methods),"STAGED RAW VALUE — not validated, not adjudicated, not entered in the dataset"
SEW-00426,Figure 3,Figure 3!F13,OD450 sample/OD450 PF4,0.00256,Plate3 #1,Plate3 #1,1.8671209540034075,,,,Figure 3 / OD450 sample/OD450 PF4,human platelets / PRP / whole blood (per source methods),"STAGED RAW VALUE — not validated, not adjudicated, not entered in the dataset"
SEW-00427,Figure 3,Figure 3!G13,OD450 sample/OD450 PF4,0.00256,Plate 3 #2,Plate 3 #2,2.275979557069847,,,,Figure 3 / OD450 sample/OD450 PF4,human platelets / PRP / whole blood (per source methods),"STAGED RAW VALUE — not validated, not adjudicated, not entered in the dataset"
SEW-00428,Figure 3,Figure 3!H13,OD450 sample/OD450 PF4,0.00256,Plate4 #1,Plate4 #1,1.3567251461988306,,,,Figure 3 / OD450 sample/OD450 PF4,human platelets / PRP / whole blood (per source methods),"STAGED RAW VALUE — not validated, not adjudicated, not entered in the dataset"
SEW-00429,Figure 3,Figure 3!I13,OD450 sample/OD450 PF4,0.00256,Plate 4 #2,Plate 4 #2,1.6081871345029242,,,,Figure 3 / OD450 sample/OD450 PF4,human platelets / PRP / whole blood (per source methods),"STAGED RAW VALUE — not validated, not adjudicated, not entered in the dataset"
SEW-00430,Figure 3,Figure 3!J13,OD450 sample/OD450 PF4,0.00256,Plate5 #1,Plate5 #1,1.6646706586826348,,,,Figure 3 / OD450 sample/OD450 PF4,human platelets / PRP / whole blood (per source methods),"STAGED RAW VALUE — not validated, not adjudicated, not entered in the dataset"
SEW-00431,Figure 3,Figure 3!K13,OD450 sample/OD450 PF4,0.00256,Plate 5 #2,Plate 5 #2,2.1077844311377243,,,,Figure 3 / OD450 sample/OD450 PF4,human platelets / PRP / whole blood (per source methods),"STAGED RAW VALUE — not validated, not adjudicated, not entered in the dataset"
SEW-00432,Figure 3,Figure 3!B17,%  heparin,c [µM],,,1,ODN 2395 Thio,block header A16 in a side-by-side layout,,Figure 3 / %  heparin,human platelets / PRP / whole blood (per source methods),"STAGED RAW VALUE — not validated, not adjudicated, not entered in the dataset"
SEW-00433,Figure 3,Figure 3!C17,%  heparin,c [µM],,,2,ODN 2395 Thio,block header A16 in a side-by-side layout,,Figure 3 / %  heparin,human platelets / PRP / whole blood (per source methods),"STAGED RAW VALUE — not validated, not adjudicated, not entered in the dataset"
SEW-00434,Figure 3,Figure 3!D17,%  heparin,c [µM],,,3,,,,Figure 3 / %  heparin,human platelets / PRP / whole blood (per source methods),"STAGED RAW VALUE — not validated, not adjudicated, not entered in the dataset"
SEW-00435,Figure 3,Figure 3!E17,%  heparin,c [µM],,,4,,,,Figure 3 / %  heparin,human platelets / PRP / whole blood (per source methods),"STAGED RAW VALUE — not validated, not adjudicated, not entered in the dataset"
SEW-00436,Figure 3,Figure 3!J17,%  heparin,c [µM],1,1,1,ODN 2395,block header I16 in a side-by-side layout,,Figure 3 / %  heparin,human platelets / PRP / whole blood (per source methods),"STAGED RAW VALUE — not validated, not adjudicated, not entered in the dataset"
SEW-00437,Figure 3,Figure 3!K17,%  heparin,c [µM],2,2,2,ODN 2395,block header I16 in a side-by-side layout,,Figure 3 / %  heparin,human platelets / PRP / whole blood (per source methods),"STAGED RAW VALUE — not validated, not adjudicated, not entered in the dataset"
SEW-00438,Figure 3,Figure 3!L17,%  heparin,c [µM],3,3,3,,,,Figure 3 / %  heparin,human platelets / PRP / whole blood (per source methods),"STAGED RAW VALUE — not validated, not adjudicated, not entered in the dataset"
SEW-00439,Figure 3,Figure 3!M17,%  heparin,c [µM],4,4,4,,,,Figure 3 / %  heparin,human platelets / PRP / whole blood (per source methods),"STAGED RAW VALUE — not validated, not adjudicated, not entered in the dataset"
SEW-00440,Figure 3,Figure 3!A18,%  heparin,10,,,10,(AC)5,length 10 nt of the alternating-AC series,,Figure 3 / %  heparin,human platelets / PRP / whole blood (per source methods),"STAGED RAW VALUE — not validated, not adjudicated, not entered in the dataset"
SEW-00441,Figure 3,Figure 3!B18,%  heparin,10,,,36.72489082969432,(AC)5,length 10 nt of the alternating-AC series,,Figure 3 / %  heparin,human platelets / PRP / whole blood (per source methods),"STAGED RAW VALUE — not validated, not adjudicated, not entered in the dataset"
SEW-00442,Figure 3,Figure 3!C18,%  heparin,10,,,47.33624454148472,(AC)5,length 10 nt of the alternating-AC series,,Figure 3 / %  heparin,human platelets / PRP / whole blood (per source methods),"STAGED RAW VALUE — not validated, not adjudicated, not entered in the dataset"
SEW-00443,Figure 3,Figure 3!D18,%  heparin,10,,,31.014754591990368,(AC)5,length 10 nt of the alternating-AC series,,Figure 3 / %  heparin,human platelets / PRP / whole blood (per source methods),"STAGED RAW VALUE — not validated, not adjudicated, not entered in the dataset"
SEW-00444,Figure 3,Figure 3!E18,%  heparin,10,,,24.81180367359229,(AC)5,length 10 nt of the alternating-AC series,,Figure 3 / %  heparin,human platelets / PRP / whole blood (per source methods),"STAGED RAW VALUE — not validated, not adjudicated, not entered in the dataset"
SEW-00445,Figure 3,Figure 3!F18,%  heparin,10,,,34.971923409190424,(AC)5,length 10 nt of the alternating-AC series,,Figure 3 / %  heparin,human platelets / PRP / whole blood (per source methods),"STAGED RAW VALUE — not validated, not adjudicated, not entered in the dataset"
SEW-00446,Figure 3,Figure 3!G18,%  heparin,10,,,9.571425354135412,(AC)5,length 10 nt of the alternating-AC series,,Figure 3 / %  heparin,human platelets / PRP / whole blood (per source methods),"STAGED RAW VALUE — not validated, not adjudicated, not entered in the dataset"
SEW-00447,Figure 3,Figure 3!I18,%  heparin,10,,,10,(AC)5,length 10 nt of the alternating-AC series,,Figure 3 / %  heparin,human platelets / PRP / whole blood (per source methods),"STAGED RAW VALUE — not validated, not adjudicated, not entered in the dataset"
SEW-00448,Figure 3,Figure 3!J18,%  heparin,10,1,1,11.921397379912664,(AC)5,length 10 nt of the alternating-AC series,,Figure 3 / %  heparin,human platelets / PRP / whole blood (per source methods),"STAGED RAW VALUE — not validated, not adjudicated, not entered in the dataset"
SEW-00449,Figure 3,Figure 3!K18,%  heparin,10,2,2,12.270742358078603,(AC)5,length 10 nt of the alternating-AC series,,Figure 3 / %  heparin,human platelets / PRP / whole blood (per source methods),"STAGED RAW VALUE — not validated, not adjudicated, not entered in the dataset"
SEW-00450,Figure 3,Figure 3!L18,%  heparin,10,3,3,12.225233363444747,(AC)5,length 10 nt of the alternating-AC series,,Figure 3 / %  heparin,human platelets / PRP / whole blood (per source methods),"STAGED RAW VALUE — not validated, not adjudicated, not entered in the dataset"
SEW-00451,Figure 3,Figure 3!M18,%  heparin,10,4,4,13.128575730201748,(AC)5,length 10 nt of the alternating-AC series,,Figure 3 / %  heparin,human platelets / PRP / whole blood (per source methods),"STAGED RAW VALUE — not validated, not adjudicated, not entered in the dataset"
SEW-00452,Figure 3,Figure 3!N18,%  heparin,10,mean,mean,12.38648720790944,(AC)5,length 10 nt of the alternating-AC series,,Figure 3 / %  heparin,human platelets / PRP / whole blood (per source methods),"STAGED RAW VALUE — not validated, not adjudicated, not entered in the dataset"
SEW-00453,Figure 3,Figure 3!O18,%  heparin,10,SD,SD,0.5184604117452164,(AC)5,length 10 nt of the alternating-AC series,,Figure 3 / %  heparin,human platelets / PRP / whole blood (per source methods),"STAGED RAW VALUE — not validated, not adjudicated, not entered in the dataset"
SEW-00454,Figure 3,Figure 3!A19,%  heparin,3.3333333333333335,,,3.3333333333333335,,,,Figure 3 / %  heparin,human platelets / PRP / whole blood (per source methods),"STAGED RAW VALUE — not validated, not adjudicated, not entered in the dataset"
SEW-00455,Figure 3,Figure 3!B19,%  heparin,3.3333333333333335,,,85.28384279475983,,,,Figure 3 / %  heparin,human platelets / PRP / whole blood (per source methods),"STAGED RAW VALUE — not validated, not adjudicated, not entered in the dataset"
SEW-00456,Figure 3,Figure 3!C19,%  heparin,3.3333333333333335,,,81.4410480349345,,,,Figure 3 / %  heparin,human platelets / PRP / whole blood (per source methods),"STAGED RAW VALUE — not validated, not adjudicated, not entered in the dataset"
SEW-00457,Figure 3,Figure 3!D19,%  heparin,3.3333333333333335,,,75.70009033423668,,,,Figure 3 / %  heparin,human platelets / PRP / whole blood (per source methods),"STAGED RAW VALUE — not validated, not adjudicated, not entered in the dataset"
SEW-00458,Figure 3,Figure 3!E19,%  heparin,3.3333333333333335,,,80.2168021680217,,,,Figure 3 / %  heparin,human platelets / PRP / whole blood (per source methods),"STAGED RAW VALUE — not validated, not adjudicated, not entered in the dataset"
SEW-00459,Figure 3,Figure 3!F19,%  heparin,3.3333333333333335,,,80.66044583298819,,,,Figure 3 / %  heparin,human platelets / PRP / whole blood (per source methods),"STAGED RAW VALUE — not validated, not adjudicated, not entered in the dataset"
SEW-00460,Figure 3,Figure 3!G19,%  heparin,3.3333333333333335,,,3.9491385406297566,,,,Figure 3 / %  heparin,human platelets / PRP / whole blood (per source methods),"STAGED RAW VALUE — not validated, not adjudicated, not entered in the dataset"
SEW-00461,Figure 3,Figure 3!I19,%  heparin,3.3333333333333335,,,3.3333333333333335,,,,Figure 3 / %  heparin,human platelets / PRP / whole blood (per source methods),"STAGED RAW VALUE — not validated, not adjudicated, not entered in the dataset"
SEW-00462,Figure 3,Figure 3!J19,%  heparin,3.3333333333333335,1,1,9.039301310043667,,,,Figure 3 / %  heparin,human platelets / PRP / whole blood (per source methods),"STAGED RAW VALUE — not validated, not adjudicated, not entered in the dataset"
SEW-00463,Figure 3,Figure 3!K19,%  heparin,3.3333333333333335,2,2,9.039301310043667,,,,Figure 3 / %  heparin,human platelets / PRP / whole blood (per source methods),"STAGED RAW VALUE — not validated, not adjudicated, not entered in the dataset"
SEW-00464,Figure 3,Figure 3!L19,%  heparin,3.3333333333333335,3,3,11.321890996687745,,,,Figure 3 / %  heparin,human platelets / PRP / whole blood (per source methods),"STAGED RAW VALUE — not validated, not adjudicated, not entered in the dataset"
SEW-00465,Figure 3,Figure 3!M19,%  heparin,3.3333333333333335,4,4,11.382113821138212,,,,Figure 3 / %  heparin,human platelets / PRP / whole blood (per source methods),"STAGED RAW VALUE — not validated, not adjudicated, not entered in the dataset"
SEW-00466,Figure 3,Figure 3!N19,%  heparin,3.3333333333333335,mean,mean,10.195651859478323,,,,Figure 3 / %  heparin,human platelets / PRP / whole blood (per source methods),"STAGED RAW VALUE — not validated, not adjudicated, not entered in the dataset"
SEW-00467,Figure 3,Figure 3!O19,%  heparin,3.3333333333333335,SD,SD,1.3354649336471738,,,,Figure 3 / %  heparin,human platelets / PRP / whole blood (per source methods),"STAGED RAW VALUE — not validated, not adjudicated, not entered in the dataset"
SEW-00468,Figure 3,Figure 3!A20,%  heparin,1.1111111111111112,,,1.1111111111111112,,,,Figure 3 / %  heparin,human platelets / PRP / whole blood (per source methods),"STAGED RAW VALUE — not validated, not adjudicated, not entered in the dataset"
SEW-00469,Figure 3,Figure 3!B20,%  heparin,1.1111111111111112,,,91.35371179039302,,,,Figure 3 / %  heparin,human platelets / PRP / whole blood (per source methods),"STAGED RAW VALUE — not validated, not adjudicated, not entered in the dataset"
SEW-00470,Figure 3,Figure 3!C20,%  heparin,1.1111111111111112,,,94.14847161572054,,,,Figure 3 / %  heparin,human platelets / PRP / whole blood (per source methods),"STAGED RAW VALUE — not validated, not adjudicated, not entered in the dataset"
SEW-00471,Figure 3,Figure 3!D20,%  heparin,1.1111111111111112,,,90.03312255344777,,,,Figure 3 / %  heparin,human platelets / PRP / whole blood (per source methods),"STAGED RAW VALUE — not validated, not adjudicated, not entered in the dataset"
SEW-00472,Figure 3,Figure 3!E20,%  heparin,1.1111111111111112,,,89.0695573622403,,,,Figure 3 / %  heparin,human platelets / PRP / whole blood (per source methods),"STAGED RAW VALUE — not validated, not adjudicated, not entered in the dataset"
SEW-00473,Figure 3,Figure 3!F20,%  heparin,1.1111111111111112,,,91.1512158304504,,,,Figure 3 / %  heparin,human platelets / PRP / whole blood (per source methods),"STAGED RAW VALUE — not validated, not adjudicated, not entered in the dataset"
SEW-00474,Figure 3,Figure 3!G20,%  heparin,1.1111111111111112,,,2.206655192100908,,,,Figure 3 / %  heparin,human platelets / PRP / whole blood (per source methods),"STAGED RAW VALUE — not validated, not adjudicated, not entered in the dataset"
SEW-00475,Figure 3,Figure 3!I20,%  heparin,1.1111111111111112,,,1.1111111111111112,,,,Figure 3 / %  heparin,human platelets / PRP / whole blood (per source methods),"STAGED RAW VALUE — not validated, not adjudicated, not entered in the dataset"
SEW-00476,Figure 3,Figure 3!J20,%  heparin,1.1111111111111112,1,1,8.73362445414847,,,,Figure 3 / %  heparin,human platelets / PRP / whole blood (per source methods),"STAGED RAW VALUE — not validated, not adjudicated, not entered in the dataset"
SEW-00477,Figure 3,Figure 3!K20,%  heparin,1.1111111111111112,2,2,9.039301310043667,,,,Figure 3 / %  heparin,human platelets / PRP / whole blood (per source methods),"STAGED RAW VALUE — not validated, not adjudicated, not entered in the dataset"
SEW-00478,Figure 3,Figure 3!L20,%  heparin,1.1111111111111112,3,3,11.924119241192413,,,,Figure 3 / %  heparin,human platelets / PRP / whole blood (per source methods),"STAGED RAW VALUE — not validated, not adjudicated, not entered in the dataset"
SEW-00479,Figure 3,Figure 3!M20,%  heparin,1.1111111111111112,4,4,12.16501053899428,,,,Figure 3 / %  heparin,human platelets / PRP / whole blood (per source methods),"STAGED RAW VALUE — not validated, not adjudicated, not entered in the dataset"
SEW-00480,Figure 3,Figure 3!N20,%  heparin,1.1111111111111112,mean,mean,10.465513886094708,,,,Figure 3 / %  heparin,human platelets / PRP / whole blood (per source methods),"STAGED RAW VALUE — not validated, not adjudicated, not entered in the dataset"
SEW-00481,Figure 3,Figure 3!O20,%  heparin,1.1111111111111112,SD,SD,1.8302405827021477,,,,Figure 3 / %  heparin,human platelets / PRP / whole blood (per source methods),"STAGED RAW VALUE — not validated, not adjudicated, not entered in the dataset"
SEW-00482,Figure 3,Figure 3!A21,%  heparin,0.3703703703703704,,,0.3703703703703704,,,,Figure 3 / %  heparin,human platelets / PRP / whole blood (per source methods),"STAGED RAW VALUE — not validated, not adjudicated, not entered in the dataset"
SEW-00483,Figure 3,Figure 3!B21,%  heparin,0.3703703703703704,,,95.19650655021834,,,,Figure 3 / %  heparin,human platelets / PRP / whole blood (per source methods),"STAGED RAW VALUE — not validated, not adjudicated, not entered in the dataset"
SEW-00484,Figure 3,Figure 3!C21,%  heparin,0.3703703703703704,,,93.7991266375546,,,,Figure 3 / %  heparin,human platelets / PRP / whole blood (per source methods),"STAGED RAW VALUE — not validated, not adjudicated, not entered in the dataset"
SEW-00485,Figure 3,Figure 3!D21,%  heparin,0.3703703703703704,,,92.38181270701597,,,,Figure 3 / %  heparin,human platelets / PRP / whole blood (per source methods),"STAGED RAW VALUE — not validated, not adjudicated, not entered in the dataset"
SEW-00486,Figure 3,Figure 3!E21,%  heparin,0.3703703703703704,,,90.09334537789823,,,,Figure 3 / %  heparin,human platelets / PRP / whole blood (per source methods),"STAGED RAW VALUE — not validated, not adjudicated, not entered in the dataset"
SEW-00487,Figure 3,Figure 3!F21,%  heparin,0.3703703703703704,,,92.86769781817179,,,,Figure 3 / %  heparin,human platelets / PRP / whole blood (per source methods),"STAGED RAW VALUE — not validated, not adjudicated, not entered in the dataset"
SEW-00488,Figure 3,Figure 3!G21,%  heparin,0.3703703703703704,,,2.1774622507350063,,,,Figure 3 / %  heparin,human platelets / PRP / whole blood (per source methods),"STAGED RAW VALUE — not validated, not adjudicated, not entered in the dataset"
SEW-00489,Figure 3,Figure 3!I21,%  heparin,0.3703703703703704,,,0.3703703703703704,,,,Figure 3 / %  heparin,human platelets / PRP / whole blood (per source methods),"STAGED RAW VALUE — not validated, not adjudicated, not entered in the dataset"
SEW-00490,Figure 3,Figure 3!J21,%  heparin,0.3703703703703704,1,1,9.737991266375547,,,,Figure 3 / %  heparin,human platelets / PRP / whole blood (per source methods),"STAGED RAW VALUE — not validated, not adjudicated, not entered in the dataset"
SEW-00491,Figure 3,Figure 3!K21,%  heparin,0.3703703703703704,2,2,9.08296943231441,,,,Figure 3 / %  heparin,human platelets / PRP / whole blood (per source methods),"STAGED RAW VALUE — not validated, not adjudicated, not entered in the dataset"
SEW-00492,Figure 3,Figure 3!L21,%  heparin,0.3703703703703704,3,3,11.562782294489612,,,,Figure 3 / %  heparin,human platelets / PRP / whole blood (per source methods),"STAGED RAW VALUE — not validated, not adjudicated, not entered in the dataset"
SEW-00493,Figure 3,Figure 3!M21,%  heparin,0.3703703703703704,4,4,11.683227943390547,,,,Figure 3 / %  heparin,human platelets / PRP / whole blood (per source methods),"STAGED RAW VALUE — not validated, not adjudicated, not entered in the dataset"
SEW-00494,Figure 3,Figure 3!N21,%  heparin,0.3703703703703704,mean,mean,10.516742734142529,,,,Figure 3 / %  heparin,human platelets / PRP / whole blood (per source methods),"STAGED RAW VALUE — not validated, not adjudicated, not entered in the dataset"
SEW-00495,Figure 3,Figure 3!O21,%  heparin,0.3703703703703704,SD,SD,1.3060176408698603,,,,Figure 3 / %  heparin,human platelets / PRP / whole blood (per source methods),"STAGED RAW VALUE — not validated, not adjudicated, not entered in the dataset"
SEW-00496,Figure 3,Figure 3!A22,%  heparin,0.1234567901234568,,,0.1234567901234568,,,,Figure 3 / %  heparin,human platelets / PRP / whole blood (per source methods),"STAGED RAW VALUE — not validated, not adjudicated, not entered in the dataset"
SEW-00497,Figure 3,Figure 3!B22,%  heparin,0.1234567901234568,,,61.00436681222707,,,,Figure 3 / %  heparin,human platelets / PRP / whole blood (per source methods),"STAGED RAW VALUE — not validated, not adjudicated, not entered in the dataset"
SEW-00498,Figure 3,Figure 3!C22,%  heparin,0.1234567901234568,,,59.78165938864629,,,,Figure 3 / %  heparin,human platelets / PRP / whole blood (per source methods),"STAGED RAW VALUE — not validated, not adjudicated, not entered in the dataset"
SEW-00499,Figure 3,Figure 3!D22,%  heparin,0.1234567901234568,,,52.57452574525745,,,,Figure 3 / %  heparin,human platelets / PRP / whole blood (per source methods),"STAGED RAW VALUE — not validated, not adjudicated, not entered in the dataset"
SEW-00500,Figure 3,Figure 3!E22,%  heparin,0.1234567901234568,,,47.81692261367059,,,,Figure 3 / %  heparin,human platelets / PRP / whole blood (per source methods),"STAGED RAW VALUE — not validated, not adjudicated, not entered in the dataset"
SEW-00501,Figure 3,Figure 3!F22,%  heparin,0.1234567901234568,,,55.29436863995035,,,,Figure 3 / %  heparin,human platelets / PRP / whole blood (per source methods),"STAGED RAW VALUE — not validated, not adjudicated, not entered in the dataset"
SEW-00502,Figure 3,Figure 3!G22,%  heparin,0.1234567901234568,,,6.219582028788162,,,,Figure 3 / %  heparin,human platelets / PRP / whole blood (per source methods),"STAGED RAW VALUE — not validated, not adjudicated, not entered in the dataset"
SEW-00503,Figure 3,Figure 3!I22,%  heparin,0.1234567901234568,,,0.1234567901234568,,,,Figure 3 / %  heparin,human platelets / PRP / whole blood (per source methods),"STAGED RAW VALUE — not validated, not adjudicated, not entered in the dataset"
SEW-00504,Figure 3,Figure 3!J22,%  heparin,0.1234567901234568,1,1,8.427947598253276,,,,Figure 3 / %  heparin,human platelets / PRP / whole blood (per source methods),"STAGED RAW VALUE — not validated, not adjudicated, not entered in the dataset"
SEW-00505,Figure 3,Figure 3!K22,%  heparin,0.1234567901234568,2,2,8.209606986899564,,,,Figure 3 / %  heparin,human platelets / PRP / whole blood (per source methods),"STAGED RAW VALUE — not validated, not adjudicated, not entered in the dataset"
SEW-00506,Figure 3,Figure 3!L22,%  heparin,0.1234567901234568,3,3,11.683227943390547,,,,Figure 3 / %  heparin,human platelets / PRP / whole blood (per source methods),"STAGED RAW VALUE — not validated, not adjudicated, not entered in the dataset"
SEW-00507,Figure 3,Figure 3!M22,%  heparin,0.1234567901234568,4,4,10.840108401084011,,,,Figure 3 / %  heparin,human platelets / PRP / whole blood (per source methods),"STAGED RAW VALUE — not validated, not adjudicated, not entered in the dataset"
SEW-00508,Figure 3,Figure 3!N22,%  heparin,0.1234567901234568,mean,mean,9.79022273240685,,,,Figure 3 / %  heparin,human platelets / PRP / whole blood (per source methods),"STAGED RAW VALUE — not validated, not adjudicated, not entered in the dataset"
SEW-00509,Figure 3,Figure 3!O22,%  heparin,0.1234567901234568,SD,SD,1.7358828994860025,,,,Figure 3 / %  heparin,human platelets / PRP / whole blood (per source methods),"STAGED RAW VALUE — not validated, not adjudicated, not entered in the dataset"
SEW-00510,Figure 3,Figure 3!A23,%  heparin,0.0411522633744856,,,0.0411522633744856,,,,Figure 3 / %  heparin,human platelets / PRP / whole blood (per source methods),"STAGED RAW VALUE — not validated, not adjudicated, not entered in the dataset"
SEW-00511,Figure 3,Figure 3!B23,%  heparin,0.0411522633744856,,,21.615720524017465,,,,Figure 3 / %  heparin,human platelets / PRP / whole blood (per source methods),"STAGED RAW VALUE — not validated, not adjudicated, not entered in the dataset"
SEW-00512,Figure 3,Figure 3!C23,%  heparin,0.0411522633744856,,,21.746724890829693,,,,Figure 3 / %  heparin,human platelets / PRP / whole blood (per source methods),"STAGED RAW VALUE — not validated, not adjudicated, not entered in the dataset"
SEW-00513,Figure 3,Figure 3!D23,%  heparin,0.0411522633744856,,,35.41102077687444,,,,Figure 3 / %  heparin,human platelets / PRP / whole blood (per source methods),"STAGED RAW VALUE — not validated, not adjudicated, not entered in the dataset"
SEW-00514,Figure 3,Figure 3!E23,%  heparin,0.0411522633744856,,,31.797651309846437,,,,Figure 3 / %  heparin,human platelets / PRP / whole blood (per source methods),"STAGED RAW VALUE — not validated, not adjudicated, not entered in the dataset"
SEW-00515,Figure 3,Figure 3!F23,%  heparin,0.0411522633744856,,,27.64277937539201,,,,Figure 3 / %  heparin,human platelets / PRP / whole blood (per source methods),"STAGED RAW VALUE — not validated, not adjudicated, not entered in the dataset"
SEW-00516,Figure 3,Figure 3!G23,%  heparin,0.0411522633744856,,,7.040299050141779,,,,Figure 3 / %  heparin,human platelets / PRP / whole blood (per source methods),"STAGED RAW VALUE — not validated, not adjudicated, not entered in the dataset"
SEW-00517,Figure 3,Figure 3!I23,%  heparin,0.0411522633744856,,,0.0411522633744856,,,,Figure 3 / %  heparin,human platelets / PRP / whole blood (per source methods),"STAGED RAW VALUE — not validated, not adjudicated, not entered in the dataset"
SEW-00518,Figure 3,Figure 3!J23,%  heparin,0.0411522633744856,1,1,8.471615720524019,,,,Figure 3 / %  heparin,human platelets / PRP / whole blood (per source methods),"STAGED RAW VALUE — not validated, not adjudicated, not entered in the dataset"
SEW-00519,Figure 3,Figure 3!K23,%  heparin,0.0411522633744856,2,2,8.12227074235808,,,,Figure 3 / %  heparin,human platelets / PRP / whole blood (per source methods),"STAGED RAW VALUE — not validated, not adjudicated, not entered in the dataset"
SEW-00520,Figure 3,Figure 3!L23,%  heparin,0.0411522633744856,3,3,10.900331225534478,,,,Figure 3 / %  heparin,human platelets / PRP / whole blood (per source methods),"STAGED RAW VALUE — not validated, not adjudicated, not entered in the dataset"
SEW-00521,Figure 3,Figure 3!M23,%  heparin,0.0411522633744856,4,4,11.442336645588679,,,,Figure 3 / %  heparin,human platelets / PRP / whole blood (per source methods),"STAGED RAW VALUE — not validated, not adjudicated, not entered in the dataset"
SEW-00522,Figure 3,Figure 3!N23,%  heparin,0.0411522633744856,mean,mean,9.734138583501313,,,,Figure 3 / %  heparin,human platelets / PRP / whole blood (per source methods),"STAGED RAW VALUE — not validated, not adjudicated, not entered in the dataset"
SEW-00523,Figure 3,Figure 3!O23,%  heparin,0.0411522633744856,SD,SD,1.6802805137340917,,,,Figure 3 / %  heparin,human platelets / PRP / whole blood (per source methods),"STAGED RAW VALUE — not validated, not adjudicated, not entered in the dataset"
SEW-00524,Figure 3,Figure 3!A24,%  heparin,0.013717421124828532,,,0.013717421124828532,,,,Figure 3 / %  heparin,human platelets / PRP / whole blood (per source methods),"STAGED RAW VALUE — not validated, not adjudicated, not entered in the dataset"
SEW-00525,Figure 3,Figure 3!B24,%  heparin,0.013717421124828532,,,16.768558951965066,,,,Figure 3 / %  heparin,human platelets / PRP / whole blood (per source methods),"STAGED RAW VALUE — not validated, not adjudicated, not entered in the dataset"
SEW-00526,Figure 3,Figure 3!C24,%  heparin,0.013717421124828532,,,16.593886462882097,,,,Figure 3 / %  heparin,human platelets / PRP / whole blood (per source methods),"STAGED RAW VALUE — not validated, not adjudicated, not entered in the dataset"
SEW-00527,Figure 3,Figure 3!D24,%  heparin,0.013717421124828532,,,26.317374284853962,,,,Figure 3 / %  heparin,human platelets / PRP / whole blood (per source methods),"STAGED RAW VALUE — not validated, not adjudicated, not entered in the dataset"
SEW-00528,Figure 3,Figure 3!E24,%  heparin,0.013717421124828532,,,25.474254742547426,,,,Figure 3 / %  heparin,human platelets / PRP / whole blood (per source methods),"STAGED RAW VALUE — not validated, not adjudicated, not entered in the dataset"
SEW-00529,Figure 3,Figure 3!F24,%  heparin,0.013717421124828532,,,21.288518610562136,,,,Figure 3 / %  heparin,human platelets / PRP / whole blood (per source methods),"STAGED RAW VALUE — not validated, not adjudicated, not entered in the dataset"
SEW-00530,Figure 3,Figure 3!G24,%  heparin,0.013717421124828532,,,5.331647108753556,,,,Figure 3 / %  heparin,human platelets / PRP / whole blood (per source methods),"STAGED RAW VALUE — not validated, not adjudicated, not entered in the dataset"
SEW-00531,Figure 3,Figure 3!I24,%  heparin,0.013717421124828532,,,0.013717421124828532,,,,Figure 3 / %  heparin,human platelets / PRP / whole blood (per source methods),"STAGED RAW VALUE — not validated, not adjudicated, not entered in the dataset"
SEW-00532,Figure 3,Figure 3!J24,%  heparin,0.013717421124828532,1,1,9.25764192139738,,,,Figure 3 / %  heparin,human platelets / PRP / whole blood (per source methods),"STAGED RAW VALUE — not validated, not adjudicated, not entered in the dataset"
SEW-00533,Figure 3,Figure 3!K24,%  heparin,0.013717421124828532,2,2,10.873362445414847,,,,Figure 3 / %  heparin,human platelets / PRP / whole blood (per source methods),"STAGED RAW VALUE — not validated, not adjudicated, not entered in the dataset"
SEW-00534,Figure 3,Figure 3!L24,%  heparin,0.013717421124828532,3,3,10.840108401084011,,,,Figure 3 / %  heparin,human platelets / PRP / whole blood (per source methods),"STAGED RAW VALUE — not validated, not adjudicated, not entered in the dataset"
SEW-00535,Figure 3,Figure 3!M24,%  heparin,0.013717421124828532,4,4,10.358325805480277,,,,Figure 3 / %  heparin,human platelets / PRP / whole blood (per source methods),"STAGED RAW VALUE — not validated, not adjudicated, not entered in the dataset"
SEW-00536,Figure 3,Figure 3!N24,%  heparin,0.013717421124828532,mean,mean,10.332359643344128,,,,Figure 3 / %  heparin,human platelets / PRP / whole blood (per source methods),"STAGED RAW VALUE — not validated, not adjudicated, not entered in the dataset"
SEW-00537,Figure 3,Figure 3!O24,%  heparin,0.013717421124828532,SD,SD,0.7541408480907824,,,,Figure 3 / %  heparin,human platelets / PRP / whole blood (per source methods),"STAGED RAW VALUE — not validated, not adjudicated, not entered in the dataset"
SEW-00538,Figure 3,Figure 3!B29,%  heparin,c [µM],,,1,(AC)5,block header A28 in a side-by-side layout,,Figure 3 / %  heparin,human platelets / PRP / whole blood (per source methods),"STAGED RAW VALUE — not validated, not adjudicated, not entered in the dataset"
SEW-00539,Figure 3,Figure 3!C29,%  heparin,c [µM],,,2,(AC)5,block header A28 in a side-by-side layout,,Figure 3 / %  heparin,human platelets / PRP / whole blood (per source methods),"STAGED RAW VALUE — not validated, not adjudicated, not entered in the dataset"
SEW-00540,Figure 3,Figure 3!D29,%  heparin,c [µM],,,3,,,,Figure 3 / %  heparin,human platelets / PRP / whole blood (per source methods),"STAGED RAW VALUE — not validated, not adjudicated, not entered in the dataset"
SEW-00541,Figure 3,Figure 3!E29,%  heparin,c [µM],,,4,,,,Figure 3 / %  heparin,human platelets / PRP / whole blood (per source methods),"STAGED RAW VALUE — not validated, not adjudicated, not entered in the dataset"
SEW-00542,Figure 3,Figure 3!J29,%  heparin,c [µM],1,1,1,(AC)6,block header I28 in a side-by-side layout,,Figure 3 / %  heparin,human platelets / PRP / whole blood (per source methods),"STAGED RAW VALUE — not validated, not adjudicated, not entered in the dataset"
SEW-00543,Figure 3,Figure 3!K29,%  heparin,c [µM],2,2,2,(AC)6,block header I28 in a side-by-side layout,,Figure 3 / %  heparin,human platelets / PRP / whole blood (per source methods),"STAGED RAW VALUE — not validated, not adjudicated, not entered in the dataset"
SEW-00544,Figure 3,Figure 3!L29,%  heparin,c [µM],3,3,3,,,,Figure 3 / %  heparin,human platelets / PRP / whole blood (per source methods),"STAGED RAW VALUE — not validated, not adjudicated, not entered in the dataset"
SEW-00545,Figure 3,Figure 3!M29,%  heparin,c [µM],4,4,4,,,,Figure 3 / %  heparin,human platelets / PRP / whole blood (per source methods),"STAGED RAW VALUE — not validated, not adjudicated, not entered in the dataset"
SEW-00546,Figure 3,Figure 3!A30,%  heparin,3,,,3,,,,Figure 3 / %  heparin,human platelets / PRP / whole blood (per source methods),"STAGED RAW VALUE — not validated, not adjudicated, not entered in the dataset"
SEW-00547,Figure 3,Figure 3!B30,%  heparin,3,,,47.21753794266442,,,,Figure 3 / %  heparin,human platelets / PRP / whole blood (per source methods),"STAGED RAW VALUE — not validated, not adjudicated, not entered in the dataset"
SEW-00548,Figure 3,Figure 3!C30,%  heparin,3,,,45.33847265719104,,,,Figure 3 / %  heparin,human platelets / PRP / whole blood (per source methods),"STAGED RAW VALUE — not validated, not adjudicated, not entered in the dataset"
SEW-00549,Figure 3,Figure 3!D30,%  heparin,3,,,39.90918264379415,,,,Figure 3 / %  heparin,human platelets / PRP / whole blood (per source methods),"STAGED RAW VALUE — not validated, not adjudicated, not entered in the dataset"
SEW-00550,Figure 3,Figure 3!E30,%  heparin,3,,,39.858728557013116,,,,Figure 3 / %  heparin,human platelets / PRP / whole blood (per source methods),"STAGED RAW VALUE — not validated, not adjudicated, not entered in the dataset"
SEW-00551,Figure 3,Figure 3!F30,%  heparin,3,,,43.080980450165676,,,,Figure 3 / %  heparin,human platelets / PRP / whole blood (per source methods),"STAGED RAW VALUE — not validated, not adjudicated, not entered in the dataset"
SEW-00552,Figure 3,Figure 3!G30,%  heparin,3,,,3.7705254956904977,,,,Figure 3 / %  heparin,human platelets / PRP / whole blood (per source methods),"STAGED RAW VALUE — not validated, not adjudicated, not entered in the dataset"
SEW-00553,Figure 3,Figure 3!I30,%  heparin,3,,,3,,,,Figure 3 / %  heparin,human platelets / PRP / whole blood (per source methods),"STAGED RAW VALUE — not validated, not adjudicated, not entered in the dataset"
SEW-00554,Figure 3,Figure 3!J30,%  heparin,3,1,1,41.956926349375166,,,,Figure 3 / %  heparin,human platelets / PRP / whole blood (per source methods),"STAGED RAW VALUE — not validated, not adjudicated, not entered in the dataset"
SEW-00555,Figure 3,Figure 3!K30,%  heparin,3,2,2,41.79739431002393,,,,Figure 3 / %  heparin,human platelets / PRP / whole blood (per source methods),"STAGED RAW VALUE — not validated, not adjudicated, not entered in the dataset"
SEW-00556,Figure 3,Figure 3!L30,%  heparin,3,3,3,34.41263045223441,,,,Figure 3 / %  heparin,human platelets / PRP / whole blood (per source methods),"STAGED RAW VALUE — not validated, not adjudicated, not entered in the dataset"
SEW-00557,Figure 3,Figure 3!M30,%  heparin,3,4,4,33.93096066363393,,,,Figure 3 / %  heparin,human platelets / PRP / whole blood (per source methods),"STAGED RAW VALUE — not validated, not adjudicated, not entered in the dataset"
SEW-00558,Figure 3,Figure 3!N30,%  heparin,3,mean,mean,38.02447794381686,,,,Figure 3 / %  heparin,human platelets / PRP / whole blood (per source methods),"STAGED RAW VALUE — not validated, not adjudicated, not entered in the dataset"
SEW-00559,Figure 3,Figure 3!O30,%  heparin,3,SD,SD,4.453514507082293,,,,Figure 3 / %  heparin,human platelets / PRP / whole blood (per source methods),"STAGED RAW VALUE — not validated, not adjudicated, not entered in the dataset"
SEW-00560,Figure 3,Figure 3!A31,%  heparin,1,,,1,,,,Figure 3 / %  heparin,human platelets / PRP / whole blood (per source methods),"STAGED RAW VALUE — not validated, not adjudicated, not entered in the dataset"
SEW-00561,Figure 3,Figure 3!B31,%  heparin,1,,,31.510479402553607,,,,Figure 3 / %  heparin,human platelets / PRP / whole blood (per source methods),"STAGED RAW VALUE — not validated, not adjudicated, not entered in the dataset"
SEW-00562,Figure 3,Figure 3!C31,%  heparin,1,,,29.149602505420383,,,,Figure 3 / %  heparin,human platelets / PRP / whole blood (per source methods),"STAGED RAW VALUE — not validated, not adjudicated, not entered in the dataset"
SEW-00563,Figure 3,Figure 3!D31,%  heparin,1,,,34.35923309788093,,,,Figure 3 / %  heparin,human platelets / PRP / whole blood (per source methods),"STAGED RAW VALUE — not validated, not adjudicated, not entered in the dataset"
SEW-00564,Figure 3,Figure 3!E31,%  heparin,1,,,31.231079717457114,,,,Figure 3 / %  heparin,human platelets / PRP / whole blood (per source methods),"STAGED RAW VALUE — not validated, not adjudicated, not entered in the dataset"
SEW-00565,Figure 3,Figure 3!F31,%  heparin,1,,,31.56259868082801,,,,Figure 3 / %  heparin,human platelets / PRP / whole blood (per source methods),"STAGED RAW VALUE — not validated, not adjudicated, not entered in the dataset"
SEW-00566,Figure 3,Figure 3!G31,%  heparin,1,,,2.1413652846894298,,,,Figure 3 / %  heparin,human platelets / PRP / whole blood (per source methods),"STAGED RAW VALUE — not validated, not adjudicated, not entered in the dataset"
SEW-00567,Figure 3,Figure 3!I31,%  heparin,1,,,1,,,,Figure 3 / %  heparin,human platelets / PRP / whole blood (per source methods),"STAGED RAW VALUE — not validated, not adjudicated, not entered in the dataset"
SEW-00568,Figure 3,Figure 3!J31,%  heparin,1,1,1,41.05291145971816,,,,Figure 3 / %  heparin,human platelets / PRP / whole blood (per source methods),"STAGED RAW VALUE — not validated, not adjudicated, not entered in the dataset"
SEW-00569,Figure 3,Figure 3!K31,%  heparin,1,2,2,41.15926615261898,,,,Figure 3 / %  heparin,human platelets / PRP / whole blood (per source methods),"STAGED RAW VALUE — not validated, not adjudicated, not entered in the dataset"
SEW-00570,Figure 3,Figure 3!L31,%  heparin,1,3,3,35.37597002943538,,,,Figure 3 / %  heparin,human platelets / PRP / whole blood (per source methods),"STAGED RAW VALUE — not validated, not adjudicated, not entered in the dataset"
SEW-00571,Figure 3,Figure 3!M31,%  heparin,1,4,4,24.190527160824193,,,,Figure 3 / %  heparin,human platelets / PRP / whole blood (per source methods),"STAGED RAW VALUE — not validated, not adjudicated, not entered in the dataset"
SEW-00572,Figure 3,Figure 3!N31,%  heparin,1,mean,mean,35.44466870064918,,,,Figure 3 / %  heparin,human platelets / PRP / whole blood (per source methods),"STAGED RAW VALUE — not validated, not adjudicated, not entered in the dataset"
SEW-00573,Figure 3,Figure 3!O31,%  heparin,1,SD,SD,7.974321960487701,,,,Figure 3 / %  heparin,human platelets / PRP / whole blood (per source methods),"STAGED RAW VALUE — not validated, not adjudicated, not entered in the dataset"
SEW-00574,Figure 3,Figure 3!A32,%  heparin,0.3333333333333333,,,0.3333333333333333,,,,Figure 3 / %  heparin,human platelets / PRP / whole blood (per source methods),"STAGED RAW VALUE — not validated, not adjudicated, not entered in the dataset"
SEW-00575,Figure 3,Figure 3!B32,%  heparin,0.3333333333333333,,,21.681522524692845,,,,Figure 3 / %  heparin,human platelets / PRP / whole blood (per source methods),"STAGED RAW VALUE — not validated, not adjudicated, not entered in the dataset"
SEW-00576,Figure 3,Figure 3!C32,%  heparin,0.3333333333333333,,,19.12792098289569,,,,Figure 3 / %  heparin,human platelets / PRP / whole blood (per source methods),"STAGED RAW VALUE — not validated, not adjudicated, not entered in the dataset"
SEW-00577,Figure 3,Figure 3!D32,%  heparin,0.3333333333333333,,,22.452068617558023,,,,Figure 3 / %  heparin,human platelets / PRP / whole blood (per source methods),"STAGED RAW VALUE — not validated, not adjudicated, not entered in the dataset"
SEW-00578,Figure 3,Figure 3!E32,%  heparin,0.3333333333333333,,,21.99798183652876,,,,Figure 3 / %  heparin,human platelets / PRP / whole blood (per source methods),"STAGED RAW VALUE — not validated, not adjudicated, not entered in the dataset"
SEW-00579,Figure 3,Figure 3!F32,%  heparin,0.3333333333333333,,,21.314873490418833,,,,Figure 3 / %  heparin,human platelets / PRP / whole blood (per source methods),"STAGED RAW VALUE — not validated, not adjudicated, not entered in the dataset"
SEW-00580,Figure 3,Figure 3!G32,%  heparin,0.3333333333333333,,,1.491871593470204,,,,Figure 3 / %  heparin,human platelets / PRP / whole blood (per source methods),"STAGED RAW VALUE — not validated, not adjudicated, not entered in the dataset"
SEW-00581,Figure 3,Figure 3!I32,%  heparin,0.3333333333333333,,,0.3333333333333333,,,,Figure 3 / %  heparin,human platelets / PRP / whole blood (per source methods),"STAGED RAW VALUE — not validated, not adjudicated, not entered in the dataset"
SEW-00582,Figure 3,Figure 3!J32,%  heparin,0.3333333333333333,1,1,31.32145705929274,,,,Figure 3 / %  heparin,human platelets / PRP / whole blood (per source methods),"STAGED RAW VALUE — not validated, not adjudicated, not entered in the dataset"
SEW-00583,Figure 3,Figure 3!K32,%  heparin,0.3333333333333333,2,2,29.08800850837543,,,,Figure 3 / %  heparin,human platelets / PRP / whole blood (per source methods),"STAGED RAW VALUE — not validated, not adjudicated, not entered in the dataset"
SEW-00584,Figure 3,Figure 3!L32,%  heparin,0.3333333333333333,3,3,28.097404335028095,,,,Figure 3 / %  heparin,human platelets / PRP / whole blood (per source methods),"STAGED RAW VALUE — not validated, not adjudicated, not entered in the dataset"
SEW-00585,Figure 3,Figure 3!M32,%  heparin,0.3333333333333333,4,4,26.65239496922665,,,,Figure 3 / %  heparin,human platelets / PRP / whole blood (per source methods),"STAGED RAW VALUE — not validated, not adjudicated, not entered in the dataset"
SEW-00586,Figure 3,Figure 3!N32,%  heparin,0.3333333333333333,mean,mean,28.78981621798073,,,,Figure 3 / %  heparin,human platelets / PRP / whole blood (per source methods),"STAGED RAW VALUE — not validated, not adjudicated, not entered in the dataset"
SEW-00587,Figure 3,Figure 3!O32,%  heparin,0.3333333333333333,SD,SD,1.9618127503008784,,,,Figure 3 / %  heparin,human platelets / PRP / whole blood (per source methods),"STAGED RAW VALUE — not validated, not adjudicated, not entered in the dataset"
SEW-00588,Figure 3,Figure 3!A33,%  heparin,0.1111111111111111,,,0.1111111111111111,,,,Figure 3 / %  heparin,human platelets / PRP / whole blood (per source methods),"STAGED RAW VALUE — not validated, not adjudicated, not entered in the dataset"
SEW-00589,Figure 3,Figure 3!B33,%  heparin,0.1111111111111111,,,17.05613105275837,,,,Figure 3 / %  heparin,human platelets / PRP / whole blood (per source methods),"STAGED RAW VALUE — not validated, not adjudicated, not entered in the dataset"
SEW-00590,Figure 3,Figure 3!C33,%  heparin,0.1111111111111111,,,16.57431944109853,,,,Figure 3 / %  heparin,human platelets / PRP / whole blood (per source methods),"STAGED RAW VALUE — not validated, not adjudicated, not entered in the dataset"
SEW-00591,Figure 3,Figure 3!D33,%  heparin,0.1111111111111111,,,16.39757820383451,,,,Figure 3 / %  heparin,human platelets / PRP / whole blood (per source methods),"STAGED RAW VALUE — not validated, not adjudicated, not entered in the dataset"
SEW-00592,Figure 3,Figure 3!E33,%  heparin,0.1111111111111111,,,17.003027245206862,,,,Figure 3 / %  heparin,human platelets / PRP / whole blood (per source methods),"STAGED RAW VALUE — not validated, not adjudicated, not entered in the dataset"
SEW-00593,Figure 3,Figure 3!F33,%  heparin,0.1111111111111111,,,16.75776398572457,,,,Figure 3 / %  heparin,human platelets / PRP / whole blood (per source methods),"STAGED RAW VALUE — not validated, not adjudicated, not entered in the dataset"
SEW-00594,Figure 3,Figure 3!G33,%  heparin,0.1111111111111111,,,0.32278097402162137,,,,Figure 3 / %  heparin,human platelets / PRP / whole blood (per source methods),"STAGED RAW VALUE — not validated, not adjudicated, not entered in the dataset"
SEW-00595,Figure 3,Figure 3!I33,%  heparin,0.1111111111111111,,,0.1111111111111111,,,,Figure 3 / %  heparin,human platelets / PRP / whole blood (per source methods),"STAGED RAW VALUE — not validated, not adjudicated, not entered in the dataset"
SEW-00596,Figure 3,Figure 3!J33,%  heparin,0.1111111111111111,1,1,18.452539218293005,,,,Figure 3 / %  heparin,human platelets / PRP / whole blood (per source methods),"STAGED RAW VALUE — not validated, not adjudicated, not entered in the dataset"
SEW-00597,Figure 3,Figure 3!K33,%  heparin,0.1111111111111111,2,2,16.59133209252858,,,,Figure 3 / %  heparin,human platelets / PRP / whole blood (per source methods),"STAGED RAW VALUE — not validated, not adjudicated, not entered in the dataset"
SEW-00598,Figure 3,Figure 3!L33,%  heparin,0.1111111111111111,3,3,18.89215948621889,,,,Figure 3 / %  heparin,human platelets / PRP / whole blood (per source methods),"STAGED RAW VALUE — not validated, not adjudicated, not entered in the dataset"
SEW-00599,Figure 3,Figure 3!M33,%  heparin,0.1111111111111111,4,4,19.427348140219426,,,,Figure 3 / %  heparin,human platelets / PRP / whole blood (per source methods),"STAGED RAW VALUE — not validated, not adjudicated, not entered in the dataset"
SEW-00600,Figure 3,Figure 3!N33,%  heparin,0.1111111111111111,mean,mean,18.340844734314974,,,,Figure 3 / %  heparin,human platelets / PRP / whole blood (per source methods),"STAGED RAW VALUE — not validated, not adjudicated, not entered in the dataset"
SEW-00601,Figure 3,Figure 3!O33,%  heparin,0.1111111111111111,SD,SD,1.2325728846915263,,,,Figure 3 / %  heparin,human platelets / PRP / whole blood (per source methods),"STAGED RAW VALUE — not validated, not adjudicated, not entered in the dataset"
SEW-00602,Figure 3,Figure 3!A34,%  heparin,0.037037037037037035,,,0.037037037037037035,,,,Figure 3 / %  heparin,human platelets / PRP / whole blood (per source methods),"STAGED RAW VALUE — not validated, not adjudicated, not entered in the dataset"
SEW-00603,Figure 3,Figure 3!B34,%  heparin,0.037037037037037035,,,15.225246928450977,,,,Figure 3 / %  heparin,human platelets / PRP / whole blood (per source methods),"STAGED RAW VALUE — not validated, not adjudicated, not entered in the dataset"
SEW-00604,Figure 3,Figure 3!C34,%  heparin,0.037037037037037035,,,15.658877378944833,,,,Figure 3 / %  heparin,human platelets / PRP / whole blood (per source methods),"STAGED RAW VALUE — not validated, not adjudicated, not entered in the dataset"
SEW-00605,Figure 3,Figure 3!D34,%  heparin,0.037037037037037035,,,16.296670030272455,,,,Figure 3 / %  heparin,human platelets / PRP / whole blood (per source methods),"STAGED RAW VALUE — not validated, not adjudicated, not entered in the dataset"
SEW-00606,Figure 3,Figure 3!E34,%  heparin,0.037037037037037035,,,15.691220988900103,,,,Figure 3 / %  heparin,human platelets / PRP / whole blood (per source methods),"STAGED RAW VALUE — not validated, not adjudicated, not entered in the dataset"
SEW-00607,Figure 3,Figure 3!F34,%  heparin,0.037037037037037035,,,15.71800383164209,,,,Figure 3 / %  heparin,human platelets / PRP / whole blood (per source methods),"STAGED RAW VALUE — not validated, not adjudicated, not entered in the dataset"
SEW-00608,Figure 3,Figure 3!G34,%  heparin,0.037037037037037035,,,0.4404078386956483,,,,Figure 3 / %  heparin,human platelets / PRP / whole blood (per source methods),"STAGED RAW VALUE — not validated, not adjudicated, not entered in the dataset"
SEW-00609,Figure 3,Figure 3!I34,%  heparin,0.037037037037037035,,,0.037037037037037035,,,,Figure 3 / %  heparin,human platelets / PRP / whole blood (per source methods),"STAGED RAW VALUE — not validated, not adjudicated, not entered in the dataset"
SEW-00610,Figure 3,Figure 3!J34,%  heparin,0.037037037037037035,1,1,15.102366391917043,,,,Figure 3 / %  heparin,human platelets / PRP / whole blood (per source methods),"STAGED RAW VALUE — not validated, not adjudicated, not entered in the dataset"
SEW-00611,Figure 3,Figure 3!K34,%  heparin,0.037037037037037035,2,2,15.04918904546663,,,,Figure 3 / %  heparin,human platelets / PRP / whole blood (per source methods),"STAGED RAW VALUE — not validated, not adjudicated, not entered in the dataset"
SEW-00612,Figure 3,Figure 3!L34,%  heparin,0.037037037037037035,3,3,15.734546427615733,,,,Figure 3 / %  heparin,human platelets / PRP / whole blood (per source methods),"STAGED RAW VALUE — not validated, not adjudicated, not entered in the dataset"
SEW-00613,Figure 3,Figure 3!M34,%  heparin,0.037037037037037035,4,4,16.055659620016055,,,,Figure 3 / %  heparin,human platelets / PRP / whole blood (per source methods),"STAGED RAW VALUE — not validated, not adjudicated, not entered in the dataset"
SEW-00614,Figure 3,Figure 3!N34,%  heparin,0.037037037037037035,mean,mean,15.485440371253866,,,,Figure 3 / %  heparin,human platelets / PRP / whole blood (per source methods),"STAGED RAW VALUE — not validated, not adjudicated, not entered in the dataset"
SEW-00615,Figure 3,Figure 3!O34,%  heparin,0.037037037037037035,SD,SD,0.491346690864725,,,,Figure 3 / %  heparin,human platelets / PRP / whole blood (per source methods),"STAGED RAW VALUE — not validated, not adjudicated, not entered in the dataset"
SEW-00616,Figure 3,Figure 3!A35,%  heparin,0.012345679012345678,,,0.012345679012345678,,,,Figure 3 / %  heparin,human platelets / PRP / whole blood (per source methods),"STAGED RAW VALUE — not validated, not adjudicated, not entered in the dataset"
SEW-00617,Figure 3,Figure 3!B35,%  heparin,0.012345679012345678,,,14.936159961455072,,,,Figure 3 / %  heparin,human platelets / PRP / whole blood (per source methods),"STAGED RAW VALUE — not validated, not adjudicated, not entered in the dataset"
SEW-00618,Figure 3,Figure 3!C35,%  heparin,0.012345679012345678,,,14.791616477957119,,,,Figure 3 / %  heparin,human platelets / PRP / whole blood (per source methods),"STAGED RAW VALUE — not validated, not adjudicated, not entered in the dataset"
SEW-00619,Figure 3,Figure 3!D35,%  heparin,0.012345679012345678,,,17.406659939455096,,,,Figure 3 / %  heparin,human platelets / PRP / whole blood (per source methods),"STAGED RAW VALUE — not validated, not adjudicated, not entered in the dataset"
SEW-00620,Figure 3,Figure 3!E35,%  heparin,0.012345679012345678,,,17.658930373360242,,,,Figure 3 / %  heparin,human platelets / PRP / whole blood (per source methods),"STAGED RAW VALUE — not validated, not adjudicated, not entered in the dataset"
SEW-00621,Figure 3,Figure 3!F35,%  heparin,0.012345679012345678,,,16.198341688056882,,,,Figure 3 / %  heparin,human platelets / PRP / whole blood (per source methods),"STAGED RAW VALUE — not validated, not adjudicated, not entered in the dataset"
SEW-00622,Figure 3,Figure 3!G35,%  heparin,0.012345679012345678,,,1.5454590291124926,,,,Figure 3 / %  heparin,human platelets / PRP / whole blood (per source methods),"STAGED RAW VALUE — not validated, not adjudicated, not entered in the dataset"
SEW-00623,Figure 3,Figure 3!I35,%  heparin,0.012345679012345678,,,0.012345679012345678,,,,Figure 3 / %  heparin,human platelets / PRP / whole blood (per source methods),"STAGED RAW VALUE — not validated, not adjudicated, not entered in the dataset"
SEW-00624,Figure 3,Figure 3!J35,%  heparin,0.012345679012345678,1,1,14.942834352565807,,,,Figure 3 / %  heparin,human platelets / PRP / whole blood (per source methods),"STAGED RAW VALUE — not validated, not adjudicated, not entered in the dataset"
SEW-00625,Figure 3,Figure 3!K35,%  heparin,0.012345679012345678,2,2,14.73012496676416,,,,Figure 3 / %  heparin,human platelets / PRP / whole blood (per source methods),"STAGED RAW VALUE — not validated, not adjudicated, not entered in the dataset"
SEW-00626,Figure 3,Figure 3!L35,%  heparin,0.012345679012345678,3,3,15.573989831415572,,,,Figure 3 / %  heparin,human platelets / PRP / whole blood (per source methods),"STAGED RAW VALUE — not validated, not adjudicated, not entered in the dataset"
SEW-00627,Figure 3,Figure 3!M35,%  heparin,0.012345679012345678,4,4,15.948621889215946,,,,Figure 3 / %  heparin,human platelets / PRP / whole blood (per source methods),"STAGED RAW VALUE — not validated, not adjudicated, not entered in the dataset"
SEW-00628,Figure 3,Figure 3!N35,%  heparin,0.012345679012345678,mean,mean,15.298892759990373,,,,Figure 3 / %  heparin,human platelets / PRP / whole blood (per source methods),"STAGED RAW VALUE — not validated, not adjudicated, not entered in the dataset"
SEW-00629,Figure 3,Figure 3!O35,%  heparin,0.012345679012345678,SD,SD,0.5621686378599922,,,,Figure 3 / %  heparin,human platelets / PRP / whole blood (per source methods),"STAGED RAW VALUE — not validated, not adjudicated, not entered in the dataset"
SEW-00630,Figure 3,Figure 3!A36,%  heparin,0.004115226337448559,,,0.004115226337448559,,,,Figure 3 / %  heparin,human platelets / PRP / whole blood (per source methods),"STAGED RAW VALUE — not validated, not adjudicated, not entered in the dataset"
SEW-00631,Figure 3,Figure 3!B36,%  heparin,0.004115226337448559,,,13.779812093471453,,,,Figure 3 / %  heparin,human platelets / PRP / whole blood (per source methods),"STAGED RAW VALUE — not validated, not adjudicated, not entered in the dataset"
SEW-00632,Figure 3,Figure 3!C36,%  heparin,0.004115226337448559,,,14.068899060467357,,,,Figure 3 / %  heparin,human platelets / PRP / whole blood (per source methods),"STAGED RAW VALUE — not validated, not adjudicated, not entered in the dataset"
SEW-00633,Figure 3,Figure 3!D36,%  heparin,0.004115226337448559,,,16.296670030272455,,,,Figure 3 / %  heparin,human platelets / PRP / whole blood (per source methods),"STAGED RAW VALUE — not validated, not adjudicated, not entered in the dataset"
SEW-00634,Figure 3,Figure 3!E36,%  heparin,0.004115226337448559,,,16.700302724520686,,,,Figure 3 / %  heparin,human platelets / PRP / whole blood (per source methods),"STAGED RAW VALUE — not validated, not adjudicated, not entered in the dataset"
SEW-00635,Figure 3,Figure 3!F36,%  heparin,0.004115226337448559,,,15.211420977182986,,,,Figure 3 / %  heparin,human platelets / PRP / whole blood (per source methods),"STAGED RAW VALUE — not validated, not adjudicated, not entered in the dataset"
SEW-00636,Figure 3,Figure 3!G36,%  heparin,0.004115226337448559,,,1.4999327419237047,,,,Figure 3 / %  heparin,human platelets / PRP / whole blood (per source methods),"STAGED RAW VALUE — not validated, not adjudicated, not entered in the dataset"
SEW-00637,Figure 3,Figure 3!I36,%  heparin,0.004115226337448559,,,0.004115226337448559,,,,Figure 3 / %  heparin,human platelets / PRP / whole blood (per source methods),"STAGED RAW VALUE — not validated, not adjudicated, not entered in the dataset"
SEW-00638,Figure 3,Figure 3!J36,%  heparin,0.004115226337448559,1,1,14.038819462908801,,,,Figure 3 / %  heparin,human platelets / PRP / whole blood (per source methods),"STAGED RAW VALUE — not validated, not adjudicated, not entered in the dataset"
SEW-00639,Figure 3,Figure 3!K36,%  heparin,0.004115226337448559,2,2,13.134804573251794,,,,Figure 3 / %  heparin,human platelets / PRP / whole blood (per source methods),"STAGED RAW VALUE — not validated, not adjudicated, not entered in the dataset"
SEW-00640,Figure 3,Figure 3!L36,%  heparin,0.004115226337448559,3,3,17.34011238961734,,,,Figure 3 / %  heparin,human platelets / PRP / whole blood (per source methods),"STAGED RAW VALUE — not validated, not adjudicated, not entered in the dataset"
SEW-00641,Figure 3,Figure 3!M36,%  heparin,0.004115226337448559,4,4,15.573989831415572,,,,Figure 3 / %  heparin,human platelets / PRP / whole blood (per source methods),"STAGED RAW VALUE — not validated, not adjudicated, not entered in the dataset"
SEW-00642,Figure 3,Figure 3!N36,%  heparin,0.004115226337448559,mean,mean,15.021931564298377,,,,Figure 3 / %  heparin,human platelets / PRP / whole blood (per source methods),"STAGED RAW VALUE — not validated, not adjudicated, not entered in the dataset"
SEW-00643,Figure 3,Figure 3!O36,%  heparin,0.004115226337448559,SD,SD,1.8444952655043587,,,,Figure 3 / %  heparin,human platelets / PRP / whole blood (per source methods),"STAGED RAW VALUE — not validated, not adjudicated, not entered in the dataset"
SEW-00644,Figure 3,Figure 3!A37,%  heparin,0.0013717421124828531,,,0.0013717421124828531,,,,Figure 3 / %  heparin,human platelets / PRP / whole blood (per source methods),"STAGED RAW VALUE — not validated, not adjudicated, not entered in the dataset"
SEW-00645,Figure 3,Figure 3!B37,%  heparin,0.0013717421124828531,,,17.297036858588292,,,,Figure 3 / %  heparin,human platelets / PRP / whole blood (per source methods),"STAGED RAW VALUE — not validated, not adjudicated, not entered in the dataset"
SEW-00646,Figure 3,Figure 3!C37,%  heparin,0.0013717421124828531,,,17.63430498675018,,,,Figure 3 / %  heparin,human platelets / PRP / whole blood (per source methods),"STAGED RAW VALUE — not validated, not adjudicated, not entered in the dataset"
SEW-00647,Figure 3,Figure 3!D37,%  heparin,0.0013717421124828531,,,17.60847628657921,,,,Figure 3 / %  heparin,human platelets / PRP / whole blood (per source methods),"STAGED RAW VALUE — not validated, not adjudicated, not entered in the dataset"
SEW-00648,Figure 3,Figure 3!E37,%  heparin,0.0013717421124828531,,,19.22300706357215,,,,Figure 3 / %  heparin,human platelets / PRP / whole blood (per source methods),"STAGED RAW VALUE — not validated, not adjudicated, not entered in the dataset"
SEW-00649,Figure 3,Figure 3!F37,%  heparin,0.0013717421124828531,,,17.94070629887246,,,,Figure 3 / %  heparin,human platelets / PRP / whole blood (per source methods),"STAGED RAW VALUE — not validated, not adjudicated, not entered in the dataset"
SEW-00650,Figure 3,Figure 3!G37,%  heparin,0.0013717421124828531,,,0.8684975810067584,,,,Figure 3 / %  heparin,human platelets / PRP / whole blood (per source methods),"STAGED RAW VALUE — not validated, not adjudicated, not entered in the dataset"
SEW-00651,Figure 3,Figure 3!I37,%  heparin,0.0013717421124828531,,,0.0013717421124828531,,,,Figure 3 / %  heparin,human platelets / PRP / whole blood (per source methods),"STAGED RAW VALUE — not validated, not adjudicated, not entered in the dataset"
SEW-00652,Figure 3,Figure 3!J37,%  heparin,0.0013717421124828531,1,1,17.654879021536825,,,,Figure 3 / %  heparin,human platelets / PRP / whole blood (per source methods),"STAGED RAW VALUE — not validated, not adjudicated, not entered in the dataset"
SEW-00653,Figure 3,Figure 3!K37,%  heparin,0.0013717421124828531,2,2,17.601701675086414,,,,Figure 3 / %  heparin,human platelets / PRP / whole blood (per source methods),"STAGED RAW VALUE — not validated, not adjudicated, not entered in the dataset"
SEW-00654,Figure 3,Figure 3!L37,%  heparin,0.0013717421124828531,3,3,17.072518062617075,,,,Figure 3 / %  heparin,human platelets / PRP / whole blood (per source methods),"STAGED RAW VALUE — not validated, not adjudicated, not entered in the dataset"
SEW-00655,Figure 3,Figure 3!M37,%  heparin,0.0013717421124828531,4,4,17.821782178217823,,,,Figure 3 / %  heparin,human platelets / PRP / whole blood (per source methods),"STAGED RAW VALUE — not validated, not adjudicated, not entered in the dataset"
SEW-00656,Figure 3,Figure 3!N37,%  heparin,0.0013717421124828531,mean,mean,17.537720234364535,,,,Figure 3 / %  heparin,human platelets / PRP / whole blood (per source methods),"STAGED RAW VALUE — not validated, not adjudicated, not entered in the dataset"
SEW-00657,Figure 3,Figure 3!O37,%  heparin,0.0013717421124828531,SD,SD,0.3239979705249152,,,,Figure 3 / %  heparin,human platelets / PRP / whole blood (per source methods),"STAGED RAW VALUE — not validated, not adjudicated, not entered in the dataset"
SEW-00658,Figure 3,Figure 3!B40,%  heparin,c [µM],,,1,(AC)7,block header A39 in a side-by-side layout,,Figure 3 / %  heparin,human platelets / PRP / whole blood (per source methods),"STAGED RAW VALUE — not validated, not adjudicated, not entered in the dataset"
SEW-00659,Figure 3,Figure 3!C40,%  heparin,c [µM],,,2,(AC)7,block header A39 in a side-by-side layout,,Figure 3 / %  heparin,human platelets / PRP / whole blood (per source methods),"STAGED RAW VALUE — not validated, not adjudicated, not entered in the dataset"
SEW-00660,Figure 3,Figure 3!D40,%  heparin,c [µM],,,3,,,,Figure 3 / %  heparin,human platelets / PRP / whole blood (per source methods),"STAGED RAW VALUE — not validated, not adjudicated, not entered in the dataset"
SEW-00661,Figure 3,Figure 3!E40,%  heparin,c [µM],,,4,,,,Figure 3 / %  heparin,human platelets / PRP / whole blood (per source methods),"STAGED RAW VALUE — not validated, not adjudicated, not entered in the dataset"
SEW-00662,Figure 3,Figure 3!J40,%  heparin,c [µM],1,1,1,(AC)8,block header I39 in a side-by-side layout,,Figure 3 / %  heparin,human platelets / PRP / whole blood (per source methods),"STAGED RAW VALUE — not validated, not adjudicated, not entered in the dataset"
SEW-00663,Figure 3,Figure 3!K40,%  heparin,c [µM],2,2,2,(AC)8,block header I39 in a side-by-side layout,,Figure 3 / %  heparin,human platelets / PRP / whole blood (per source methods),"STAGED RAW VALUE — not validated, not adjudicated, not entered in the dataset"
SEW-00664,Figure 3,Figure 3!L40,%  heparin,c [µM],3,3,3,,,,Figure 3 / %  heparin,human platelets / PRP / whole blood (per source methods),"STAGED RAW VALUE — not validated, not adjudicated, not entered in the dataset"
SEW-00665,Figure 3,Figure 3!M40,%  heparin,c [µM],4,4,4,,,,Figure 3 / %  heparin,human platelets / PRP / whole blood (per source methods),"STAGED RAW VALUE — not validated, not adjudicated, not entered in the dataset"
SEW-00666,Figure 3,Figure 3!A41,%  heparin,3,,,3,,,,Figure 3 / %  heparin,human platelets / PRP / whole blood (per source methods),"STAGED RAW VALUE — not validated, not adjudicated, not entered in the dataset"
SEW-00667,Figure 3,Figure 3!B41,%  heparin,3,,,46.54300168634064,,,,Figure 3 / %  heparin,human platelets / PRP / whole blood (per source methods),"STAGED RAW VALUE — not validated, not adjudicated, not entered in the dataset"
SEW-00668,Figure 3,Figure 3!C41,%  heparin,3,,,47.98843652132016,,,,Figure 3 / %  heparin,human platelets / PRP / whole blood (per source methods),"STAGED RAW VALUE — not validated, not adjudicated, not entered in the dataset"
SEW-00669,Figure 3,Figure 3!D41,%  heparin,3,,,37.08375378405651,,,,Figure 3 / %  heparin,human platelets / PRP / whole blood (per source methods),"STAGED RAW VALUE — not validated, not adjudicated, not entered in the dataset"
SEW-00670,Figure 3,Figure 3!E41,%  heparin,3,,,39.95963673057518,,,,Figure 3 / %  heparin,human platelets / PRP / whole blood (per source methods),"STAGED RAW VALUE — not validated, not adjudicated, not entered in the dataset"
SEW-00671,Figure 3,Figure 3!F41,%  heparin,3,,,42.893707180573124,,,,Figure 3 / %  heparin,human platelets / PRP / whole blood (per source methods),"STAGED RAW VALUE — not validated, not adjudicated, not entered in the dataset"
SEW-00672,Figure 3,Figure 3!G41,%  heparin,3,,,5.21657439707129,,,,Figure 3 / %  heparin,human platelets / PRP / whole blood (per source methods),"STAGED RAW VALUE — not validated, not adjudicated, not entered in the dataset"
SEW-00673,Figure 3,Figure 3!I41,%  heparin,3,,,3,,,,Figure 3 / %  heparin,human platelets / PRP / whole blood (per source methods),"STAGED RAW VALUE — not validated, not adjudicated, not entered in the dataset"
SEW-00674,Figure 3,Figure 3!J41,%  heparin,3,1,1,52.220154214304706,,,,Figure 3 / %  heparin,human platelets / PRP / whole blood (per source methods),"STAGED RAW VALUE — not validated, not adjudicated, not entered in the dataset"
SEW-00675,Figure 3,Figure 3!K41,%  heparin,3,2,2,50.67801116724275,,,,Figure 3 / %  heparin,human platelets / PRP / whole blood (per source methods),"STAGED RAW VALUE — not validated, not adjudicated, not entered in the dataset"
SEW-00676,Figure 3,Figure 3!L41,%  heparin,3,3,3,46.4008563018464,,,,Figure 3 / %  heparin,human platelets / PRP / whole blood (per source methods),"STAGED RAW VALUE — not validated, not adjudicated, not entered in the dataset"
SEW-00677,Figure 3,Figure 3!M41,%  heparin,3,4,4,45.5980733208456,,,,Figure 3 / %  heparin,human platelets / PRP / whole blood (per source methods),"STAGED RAW VALUE — not validated, not adjudicated, not entered in the dataset"
SEW-00678,Figure 3,Figure 3!N41,%  heparin,3,mean,mean,48.72427375105986,,,,Figure 3 / %  heparin,human platelets / PRP / whole blood (per source methods),"STAGED RAW VALUE — not validated, not adjudicated, not entered in the dataset"
SEW-00679,Figure 3,Figure 3!O41,%  heparin,3,SD,SD,3.225402707563372,,,,Figure 3 / %  heparin,human platelets / PRP / whole blood (per source methods),"STAGED RAW VALUE — not validated, not adjudicated, not entered in the dataset"
SEW-00680,Figure 3,Figure 3!A42,%  heparin,1,,,1,,,,Figure 3 / %  heparin,human platelets / PRP / whole blood (per source methods),"STAGED RAW VALUE — not validated, not adjudicated, not entered in the dataset"
SEW-00681,Figure 3,Figure 3!B42,%  heparin,1,,,45.43483497952301,,,,Figure 3 / %  heparin,human platelets / PRP / whole blood (per source methods),"STAGED RAW VALUE — not validated, not adjudicated, not entered in the dataset"
SEW-00682,Figure 3,Figure 3!C42,%  heparin,1,,,46.78390749217056,,,,Figure 3 / %  heparin,human platelets / PRP / whole blood (per source methods),"STAGED RAW VALUE — not validated, not adjudicated, not entered in the dataset"
SEW-00683,Figure 3,Figure 3!D42,%  heparin,1,,,41.069626639757814,,,,Figure 3 / %  heparin,human platelets / PRP / whole blood (per source methods),"STAGED RAW VALUE — not validated, not adjudicated, not entered in the dataset"
SEW-00684,Figure 3,Figure 3!E42,%  heparin,1,,,45.660948536831484,,,,Figure 3 / %  heparin,human platelets / PRP / whole blood (per source methods),"STAGED RAW VALUE — not validated, not adjudicated, not entered in the dataset"
SEW-00685,Figure 3,Figure 3!F42,%  heparin,1,,,44.73732941207072,,,,Figure 3 / %  heparin,human platelets / PRP / whole blood (per source methods),"STAGED RAW VALUE — not validated, not adjudicated, not entered in the dataset"
SEW-00686,Figure 3,Figure 3!G42,%  heparin,1,,,2.515294003241484,,,,Figure 3 / %  heparin,human platelets / PRP / whole blood (per source methods),"STAGED RAW VALUE — not validated, not adjudicated, not entered in the dataset"
SEW-00687,Figure 3,Figure 3!I42,%  heparin,1,,,1,,,,Figure 3 / %  heparin,human platelets / PRP / whole blood (per source methods),"STAGED RAW VALUE — not validated, not adjudicated, not entered in the dataset"
SEW-00688,Figure 3,Figure 3!J42,%  heparin,1,1,1,50.943897899494814,,,,Figure 3 / %  heparin,human platelets / PRP / whole blood (per source methods),"STAGED RAW VALUE — not validated, not adjudicated, not entered in the dataset"
SEW-00689,Figure 3,Figure 3!K42,%  heparin,1,2,2,51.58202605689976,,,,Figure 3 / %  heparin,human platelets / PRP / whole blood (per source methods),"STAGED RAW VALUE — not validated, not adjudicated, not entered in the dataset"
SEW-00690,Figure 3,Figure 3!L42,%  heparin,1,3,3,43.35028097404335,,,,Figure 3 / %  heparin,human platelets / PRP / whole blood (per source methods),"STAGED RAW VALUE — not validated, not adjudicated, not entered in the dataset"
SEW-00691,Figure 3,Figure 3!M42,%  heparin,1,4,4,43.83195076264383,,,,Figure 3 / %  heparin,human platelets / PRP / whole blood (per source methods),"STAGED RAW VALUE — not validated, not adjudicated, not entered in the dataset"
SEW-00692,Figure 3,Figure 3!N42,%  heparin,1,mean,mean,47.42703892327044,,,,Figure 3 / %  heparin,human platelets / PRP / whole blood (per source methods),"STAGED RAW VALUE — not validated, not adjudicated, not entered in the dataset"
SEW-00693,Figure 3,Figure 3!O42,%  heparin,1,SD,SD,4.441352248979246,,,,Figure 3 / %  heparin,human platelets / PRP / whole blood (per source methods),"STAGED RAW VALUE — not validated, not adjudicated, not entered in the dataset"
SEW-00694,Figure 3,Figure 3!A43,%  heparin,0.3333333333333333,,,0.3333333333333333,,,,Figure 3 / %  heparin,human platelets / PRP / whole blood (per source methods),"STAGED RAW VALUE — not validated, not adjudicated, not entered in the dataset"
SEW-00695,Figure 3,Figure 3!B43,%  heparin,0.3333333333333333,,,32.570464948205256,,,,Figure 3 / %  heparin,human platelets / PRP / whole blood (per source methods),"STAGED RAW VALUE — not validated, not adjudicated, not entered in the dataset"
SEW-00696,Figure 3,Figure 3!C43,%  heparin,0.3333333333333333,,,33.38954468802698,,,,Figure 3 / %  heparin,human platelets / PRP / whole blood (per source methods),"STAGED RAW VALUE — not validated, not adjudicated, not entered in the dataset"
SEW-00697,Figure 3,Figure 3!D43,%  heparin,0.3333333333333333,,,31.029263370333,,,,Figure 3 / %  heparin,human platelets / PRP / whole blood (per source methods),"STAGED RAW VALUE — not validated, not adjudicated, not entered in the dataset"
SEW-00698,Figure 3,Figure 3!E43,%  heparin,0.3333333333333333,,,31.130171543895056,,,,Figure 3 / %  heparin,human platelets / PRP / whole blood (per source methods),"STAGED RAW VALUE — not validated, not adjudicated, not entered in the dataset"
SEW-00699,Figure 3,Figure 3!F43,%  heparin,0.3333333333333333,,,32.02986113761507,,,,Figure 3 / %  heparin,human platelets / PRP / whole blood (per source methods),"STAGED RAW VALUE — not validated, not adjudicated, not entered in the dataset"
SEW-00700,Figure 3,Figure 3!G43,%  heparin,0.3333333333333333,,,1.147697563853143,,,,Figure 3 / %  heparin,human platelets / PRP / whole blood (per source methods),"STAGED RAW VALUE — not validated, not adjudicated, not entered in the dataset"
SEW-00701,Figure 3,Figure 3!I43,%  heparin,0.3333333333333333,,,0.3333333333333333,,,,Figure 3 / %  heparin,human platelets / PRP / whole blood (per source methods),"STAGED RAW VALUE — not validated, not adjudicated, not entered in the dataset"
SEW-00702,Figure 3,Figure 3!J43,%  heparin,0.3333333333333333,1,1,44.562616325445354,,,,Figure 3 / %  heparin,human platelets / PRP / whole blood (per source methods),"STAGED RAW VALUE — not validated, not adjudicated, not entered in the dataset"
SEW-00703,Figure 3,Figure 3!K43,%  heparin,0.3333333333333333,2,2,45.09438978994948,,,,Figure 3 / %  heparin,human platelets / PRP / whole blood (per source methods),"STAGED RAW VALUE — not validated, not adjudicated, not entered in the dataset"
SEW-00704,Figure 3,Figure 3!L43,%  heparin,0.3333333333333333,3,3,37.73080010703773,,,,Figure 3 / %  heparin,human platelets / PRP / whole blood (per source methods),"STAGED RAW VALUE — not validated, not adjudicated, not entered in the dataset"
SEW-00705,Figure 3,Figure 3!M43,%  heparin,0.3333333333333333,4,4,38.15895103023816,,,,Figure 3 / %  heparin,human platelets / PRP / whole blood (per source methods),"STAGED RAW VALUE — not validated, not adjudicated, not entered in the dataset"
SEW-00706,Figure 3,Figure 3!N43,%  heparin,0.3333333333333333,mean,mean,41.38668931316768,,,,Figure 3 / %  heparin,human platelets / PRP / whole blood (per source methods),"STAGED RAW VALUE — not validated, not adjudicated, not entered in the dataset"
SEW-00707,Figure 3,Figure 3!O43,%  heparin,0.3333333333333333,SD,SD,3.984025415055703,,,,Figure 3 / %  heparin,human platelets / PRP / whole blood (per source methods),"STAGED RAW VALUE — not validated, not adjudicated, not entered in the dataset"
SEW-00708,Figure 3,Figure 3!A44,%  heparin,0.1111111111111111,,,0.1111111111111111,,,,Figure 3 / %  heparin,human platelets / PRP / whole blood (per source methods),"STAGED RAW VALUE — not validated, not adjudicated, not entered in the dataset"
SEW-00709,Figure 3,Figure 3!B44,%  heparin,0.1111111111111111,,,20.52517465670923,,,,Figure 3 / %  heparin,human platelets / PRP / whole blood (per source methods),"STAGED RAW VALUE — not validated, not adjudicated, not entered in the dataset"
SEW-00710,Figure 3,Figure 3!C44,%  heparin,0.1111111111111111,,,20.284268850879307,,,,Figure 3 / %  heparin,human platelets / PRP / whole blood (per source methods),"STAGED RAW VALUE — not validated, not adjudicated, not entered in the dataset"
SEW-00711,Figure 3,Figure 3!D44,%  heparin,0.1111111111111111,,,21.442986881937436,,,,Figure 3 / %  heparin,human platelets / PRP / whole blood (per source methods),"STAGED RAW VALUE — not validated, not adjudicated, not entered in the dataset"
SEW-00712,Figure 3,Figure 3!E44,%  heparin,0.1111111111111111,,,25.782038345105956,,,,Figure 3 / %  heparin,human platelets / PRP / whole blood (per source methods),"STAGED RAW VALUE — not validated, not adjudicated, not entered in the dataset"
SEW-00713,Figure 3,Figure 3!F44,%  heparin,0.1111111111111111,,,22.008617183657982,,,,Figure 3 / %  heparin,human platelets / PRP / whole blood (per source methods),"STAGED RAW VALUE — not validated, not adjudicated, not entered in the dataset"
SEW-00714,Figure 3,Figure 3!G44,%  heparin,0.1111111111111111,,,2.5646717660943636,,,,Figure 3 / %  heparin,human platelets / PRP / whole blood (per source methods),"STAGED RAW VALUE — not validated, not adjudicated, not entered in the dataset"
SEW-00715,Figure 3,Figure 3!I44,%  heparin,0.1111111111111111,,,0.1111111111111111,,,,Figure 3 / %  heparin,human platelets / PRP / whole blood (per source methods),"STAGED RAW VALUE — not validated, not adjudicated, not entered in the dataset"
SEW-00716,Figure 3,Figure 3!J44,%  heparin,0.1111111111111111,1,1,26.907737303908537,,,,Figure 3 / %  heparin,human platelets / PRP / whole blood (per source methods),"STAGED RAW VALUE — not validated, not adjudicated, not entered in the dataset"
SEW-00717,Figure 3,Figure 3!K44,%  heparin,0.1111111111111111,2,2,24.408402020739164,,,,Figure 3 / %  heparin,human platelets / PRP / whole blood (per source methods),"STAGED RAW VALUE — not validated, not adjudicated, not entered in the dataset"
SEW-00718,Figure 3,Figure 3!L44,%  heparin,0.1111111111111111,3,3,24.02997056462403,,,,Figure 3 / %  heparin,human platelets / PRP / whole blood (per source methods),"STAGED RAW VALUE — not validated, not adjudicated, not entered in the dataset"
SEW-00719,Figure 3,Figure 3!M44,%  heparin,0.1111111111111111,4,4,25.367942199625368,,,,Figure 3 / %  heparin,human platelets / PRP / whole blood (per source methods),"STAGED RAW VALUE — not validated, not adjudicated, not entered in the dataset"
SEW-00720,Figure 3,Figure 3!N44,%  heparin,0.1111111111111111,mean,mean,25.178513022224273,,,,Figure 3 / %  heparin,human platelets / PRP / whole blood (per source methods),"STAGED RAW VALUE — not validated, not adjudicated, not entered in the dataset"
SEW-00721,Figure 3,Figure 3!O44,%  heparin,0.1111111111111111,SD,SD,1.2830069837606908,,,,Figure 3 / %  heparin,human platelets / PRP / whole blood (per source methods),"STAGED RAW VALUE — not validated, not adjudicated, not entered in the dataset"
SEW-00722,Figure 3,Figure 3!A45,%  heparin,0.037037037037037035,,,0.037037037037037035,,,,Figure 3 / %  heparin,human platelets / PRP / whole blood (per source methods),"STAGED RAW VALUE — not validated, not adjudicated, not entered in the dataset"
SEW-00723,Figure 3,Figure 3!B45,%  heparin,0.037037037037037035,,,15.658877378944833,,,,Figure 3 / %  heparin,human platelets / PRP / whole blood (per source methods),"STAGED RAW VALUE — not validated, not adjudicated, not entered in the dataset"
SEW-00724,Figure 3,Figure 3!C45,%  heparin,0.037037037037037035,,,16.333413635268613,,,,Figure 3 / %  heparin,human platelets / PRP / whole blood (per source methods),"STAGED RAW VALUE — not validated, not adjudicated, not entered in the dataset"
SEW-00725,Figure 3,Figure 3!D45,%  heparin,0.037037037037037035,,,16.902119071644805,,,,Figure 3 / %  heparin,human platelets / PRP / whole blood (per source methods),"STAGED RAW VALUE — not validated, not adjudicated, not entered in the dataset"
SEW-00726,Figure 3,Figure 3!E45,%  heparin,0.037037037037037035,,,16.902119071644805,,,,Figure 3 / %  heparin,human platelets / PRP / whole blood (per source methods),"STAGED RAW VALUE — not validated, not adjudicated, not entered in the dataset"
SEW-00727,Figure 3,Figure 3!F45,%  heparin,0.037037037037037035,,,16.449132289375765,,,,Figure 3 / %  heparin,human platelets / PRP / whole blood (per source methods),"STAGED RAW VALUE — not validated, not adjudicated, not entered in the dataset"
SEW-00728,Figure 3,Figure 3!G45,%  heparin,0.037037037037037035,,,0.5911253900229875,,,,Figure 3 / %  heparin,human platelets / PRP / whole blood (per source methods),"STAGED RAW VALUE — not validated, not adjudicated, not entered in the dataset"
SEW-00729,Figure 3,Figure 3!I45,%  heparin,0.037037037037037035,,,0.037037037037037035,,,,Figure 3 / %  heparin,human platelets / PRP / whole blood (per source methods),"STAGED RAW VALUE — not validated, not adjudicated, not entered in the dataset"
SEW-00730,Figure 3,Figure 3!J45,%  heparin,0.037037037037037035,1,1,18.133475139590534,,,,Figure 3 / %  heparin,human platelets / PRP / whole blood (per source methods),"STAGED RAW VALUE — not validated, not adjudicated, not entered in the dataset"
SEW-00731,Figure 3,Figure 3!K45,%  heparin,0.037037037037037035,2,2,17.176282903483116,,,,Figure 3 / %  heparin,human platelets / PRP / whole blood (per source methods),"STAGED RAW VALUE — not validated, not adjudicated, not entered in the dataset"
SEW-00732,Figure 3,Figure 3!L45,%  heparin,0.037037037037037035,3,3,18.999197217019,,,,Figure 3 / %  heparin,human platelets / PRP / whole blood (per source methods),"STAGED RAW VALUE — not validated, not adjudicated, not entered in the dataset"
SEW-00733,Figure 3,Figure 3!M45,%  heparin,0.037037037037037035,4,4,18.999197217019,,,,Figure 3 / %  heparin,human platelets / PRP / whole blood (per source methods),"STAGED RAW VALUE — not validated, not adjudicated, not entered in the dataset"
SEW-00734,Figure 3,Figure 3!N45,%  heparin,0.037037037037037035,mean,mean,18.327038119277912,,,,Figure 3 / %  heparin,human platelets / PRP / whole blood (per source methods),"STAGED RAW VALUE — not validated, not adjudicated, not entered in the dataset"
SEW-00735,Figure 3,Figure 3!O45,%  heparin,0.037037037037037035,SD,SD,0.8689648821321084,,,,Figure 3 / %  heparin,human platelets / PRP / whole blood (per source methods),"STAGED RAW VALUE — not validated, not adjudicated, not entered in the dataset"
SEW-00736,Figure 3,Figure 3!A46,%  heparin,0.012345679012345678,,,0.012345679012345678,,,,Figure 3 / %  heparin,human platelets / PRP / whole blood (per source methods),"STAGED RAW VALUE — not validated, not adjudicated, not entered in the dataset"
SEW-00737,Figure 3,Figure 3!B46,%  heparin,0.012345679012345678,,,14.45434834979523,,,,Figure 3 / %  heparin,human platelets / PRP / whole blood (per source methods),"STAGED RAW VALUE — not validated, not adjudicated, not entered in the dataset"
SEW-00738,Figure 3,Figure 3!C46,%  heparin,0.012345679012345678,,,15.177065767284992,,,,Figure 3 / %  heparin,human platelets / PRP / whole blood (per source methods),"STAGED RAW VALUE — not validated, not adjudicated, not entered in the dataset"
SEW-00739,Figure 3,Figure 3!D46,%  heparin,0.012345679012345678,,,17.103935418768923,,,,Figure 3 / %  heparin,human platelets / PRP / whole blood (per source methods),"STAGED RAW VALUE — not validated, not adjudicated, not entered in the dataset"
SEW-00740,Figure 3,Figure 3!E46,%  heparin,0.012345679012345678,,,17.003027245206862,,,,Figure 3 / %  heparin,human platelets / PRP / whole blood (per source methods),"STAGED RAW VALUE — not validated, not adjudicated, not entered in the dataset"
SEW-00741,Figure 3,Figure 3!F46,%  heparin,0.012345679012345678,,,15.934594195264001,,,,Figure 3 / %  heparin,human platelets / PRP / whole blood (per source methods),"STAGED RAW VALUE — not validated, not adjudicated, not entered in the dataset"
SEW-00742,Figure 3,Figure 3!G46,%  heparin,0.012345679012345678,,,1.325881488095385,,,,Figure 3 / %  heparin,human platelets / PRP / whole blood (per source methods),"STAGED RAW VALUE — not validated, not adjudicated, not entered in the dataset"
SEW-00743,Figure 3,Figure 3!I46,%  heparin,0.012345679012345678,,,0.012345679012345678,,,,Figure 3 / %  heparin,human platelets / PRP / whole blood (per source methods),"STAGED RAW VALUE — not validated, not adjudicated, not entered in the dataset"
SEW-00744,Figure 3,Figure 3!J46,%  heparin,0.012345679012345678,1,1,15.368253124169103,,,,Figure 3 / %  heparin,human platelets / PRP / whole blood (per source methods),"STAGED RAW VALUE — not validated, not adjudicated, not entered in the dataset"
SEW-00745,Figure 3,Figure 3!K46,%  heparin,0.012345679012345678,2,2,15.04918904546663,,,,Figure 3 / %  heparin,human platelets / PRP / whole blood (per source methods),"STAGED RAW VALUE — not validated, not adjudicated, not entered in the dataset"
SEW-00746,Figure 3,Figure 3!L46,%  heparin,0.012345679012345678,3,3,16.751404870216753,,,,Figure 3 / %  heparin,human platelets / PRP / whole blood (per source methods),"STAGED RAW VALUE — not validated, not adjudicated, not entered in the dataset"
SEW-00747,Figure 3,Figure 3!M46,%  heparin,0.012345679012345678,4,4,17.393631255017393,,,,Figure 3 / %  heparin,human platelets / PRP / whole blood (per source methods),"STAGED RAW VALUE — not validated, not adjudicated, not entered in the dataset"
SEW-00748,Figure 3,Figure 3!N46,%  heparin,0.012345679012345678,mean,mean,16.14061957371747,,,,Figure 3 / %  heparin,human platelets / PRP / whole blood (per source methods),"STAGED RAW VALUE — not validated, not adjudicated, not entered in the dataset"
SEW-00749,Figure 3,Figure 3!O46,%  heparin,0.012345679012345678,SD,SD,1.1151782342268037,,,,Figure 3 / %  heparin,human platelets / PRP / whole blood (per source methods),"STAGED RAW VALUE — not validated, not adjudicated, not entered in the dataset"
SEW-00750,Figure 3,Figure 3!A47,%  heparin,0.004115226337448559,,,0.004115226337448559,,,,Figure 3 / %  heparin,human platelets / PRP / whole blood (per source methods),"STAGED RAW VALUE — not validated, not adjudicated, not entered in the dataset"
SEW-00751,Figure 3,Figure 3!B47,%  heparin,0.004115226337448559,,,14.068899060467357,,,,Figure 3 / %  heparin,human platelets / PRP / whole blood (per source methods),"STAGED RAW VALUE — not validated, not adjudicated, not entered in the dataset"
SEW-00752,Figure 3,Figure 3!C47,%  heparin,0.004115226337448559,,,13.87617441580342,,,,Figure 3 / %  heparin,human platelets / PRP / whole blood (per source methods),"STAGED RAW VALUE — not validated, not adjudicated, not entered in the dataset"
SEW-00753,Figure 3,Figure 3!D47,%  heparin,0.004115226337448559,,,16.296670030272455,,,,Figure 3 / %  heparin,human platelets / PRP / whole blood (per source methods),"STAGED RAW VALUE — not validated, not adjudicated, not entered in the dataset"
SEW-00754,Figure 3,Figure 3!E47,%  heparin,0.004115226337448559,,,16.246215943491425,,,,Figure 3 / %  heparin,human platelets / PRP / whole blood (per source methods),"STAGED RAW VALUE — not validated, not adjudicated, not entered in the dataset"
SEW-00755,Figure 3,Figure 3!F47,%  heparin,0.004115226337448559,,,15.121989862508663,,,,Figure 3 / %  heparin,human platelets / PRP / whole blood (per source methods),"STAGED RAW VALUE — not validated, not adjudicated, not entered in the dataset"
SEW-00756,Figure 3,Figure 3!G47,%  heparin,0.004115226337448559,,,1.3297636559796147,,,,Figure 3 / %  heparin,human platelets / PRP / whole blood (per source methods),"STAGED RAW VALUE — not validated, not adjudicated, not entered in the dataset"
SEW-00757,Figure 3,Figure 3!I47,%  heparin,0.004115226337448559,,,0.004115226337448559,,,,Figure 3 / %  heparin,human platelets / PRP / whole blood (per source methods),"STAGED RAW VALUE — not validated, not adjudicated, not entered in the dataset"
SEW-00758,Figure 3,Figure 3!J47,%  heparin,0.004115226337448559,1,1,14.357883541611272,,,,Figure 3 / %  heparin,human platelets / PRP / whole blood (per source methods),"STAGED RAW VALUE — not validated, not adjudicated, not entered in the dataset"
SEW-00759,Figure 3,Figure 3!K47,%  heparin,0.004115226337448559,2,2,13.985642116458388,,,,Figure 3 / %  heparin,human platelets / PRP / whole blood (per source methods),"STAGED RAW VALUE — not validated, not adjudicated, not entered in the dataset"
SEW-00760,Figure 3,Figure 3!L47,%  heparin,0.004115226337448559,3,3,15.466952100615465,,,,Figure 3 / %  heparin,human platelets / PRP / whole blood (per source methods),"STAGED RAW VALUE — not validated, not adjudicated, not entered in the dataset"
SEW-00761,Figure 3,Figure 3!M47,%  heparin,0.004115226337448559,4,4,15.627508696815626,,,,Figure 3 / %  heparin,human platelets / PRP / whole blood (per source methods),"STAGED RAW VALUE — not validated, not adjudicated, not entered in the dataset"
SEW-00762,Figure 3,Figure 3!N47,%  heparin,0.004115226337448559,mean,mean,14.859496613875187,,,,Figure 3 / %  heparin,human platelets / PRP / whole blood (per source methods),"STAGED RAW VALUE — not validated, not adjudicated, not entered in the dataset"
SEW-00763,Figure 3,Figure 3!O47,%  heparin,0.004115226337448559,SD,SD,0.8111888569326278,,,,Figure 3 / %  heparin,human platelets / PRP / whole blood (per source methods),"STAGED RAW VALUE — not validated, not adjudicated, not entered in the dataset"
SEW-00764,Figure 3,Figure 3!A48,%  heparin,0.0013717421124828531,,,0.0013717421124828531,,,,Figure 3 / %  heparin,human platelets / PRP / whole blood (per source methods),"STAGED RAW VALUE — not validated, not adjudicated, not entered in the dataset"
SEW-00765,Figure 3,Figure 3!B48,%  heparin,0.0013717421124828531,,,18.06793543724404,,,,Figure 3 / %  heparin,human platelets / PRP / whole blood (per source methods),"STAGED RAW VALUE — not validated, not adjudicated, not entered in the dataset"
SEW-00766,Figure 3,Figure 3!C48,%  heparin,0.0013717421124828531,,,17.923391953746087,,,,Figure 3 / %  heparin,human platelets / PRP / whole blood (per source methods),"STAGED RAW VALUE — not validated, not adjudicated, not entered in the dataset"
SEW-00767,Figure 3,Figure 3!D48,%  heparin,0.0013717421124828531,,,18.46619576185671,,,,Figure 3 / %  heparin,human platelets / PRP / whole blood (per source methods),"STAGED RAW VALUE — not validated, not adjudicated, not entered in the dataset"
SEW-00768,Figure 3,Figure 3!E48,%  heparin,0.0013717421124828531,,,18.062563067608476,,,,Figure 3 / %  heparin,human platelets / PRP / whole blood (per source methods),"STAGED RAW VALUE — not validated, not adjudicated, not entered in the dataset"
SEW-00769,Figure 3,Figure 3!F48,%  heparin,0.0013717421124828531,,,18.130021555113828,,,,Figure 3 / %  heparin,human platelets / PRP / whole blood (per source methods),"STAGED RAW VALUE — not validated, not adjudicated, not entered in the dataset"
SEW-00770,Figure 3,Figure 3!G48,%  heparin,0.0013717421124828531,,,0.23389044658361505,,,,Figure 3 / %  heparin,human platelets / PRP / whole blood (per source methods),"STAGED RAW VALUE — not validated, not adjudicated, not entered in the dataset"
SEW-00771,Figure 3,Figure 3!I48,%  heparin,0.0013717421124828531,,,0.0013717421124828531,,,,Figure 3 / %  heparin,human platelets / PRP / whole blood (per source methods),"STAGED RAW VALUE — not validated, not adjudicated, not entered in the dataset"
SEW-00772,Figure 3,Figure 3!J48,%  heparin,0.0013717421124828531,1,1,17.92076575378889,,,,Figure 3 / %  heparin,human platelets / PRP / whole blood (per source methods),"STAGED RAW VALUE — not validated, not adjudicated, not entered in the dataset"
SEW-00773,Figure 3,Figure 3!K48,%  heparin,0.0013717421124828531,2,2,18.02712044668971,,,,Figure 3 / %  heparin,human platelets / PRP / whole blood (per source methods),"STAGED RAW VALUE — not validated, not adjudicated, not entered in the dataset"
SEW-00774,Figure 3,Figure 3!L48,%  heparin,0.0013717421124828531,3,3,17.982338774417983,,,,Figure 3 / %  heparin,human platelets / PRP / whole blood (per source methods),"STAGED RAW VALUE — not validated, not adjudicated, not entered in the dataset"
SEW-00775,Figure 3,Figure 3!M48,%  heparin,0.0013717421124828531,4,4,18.08937650521809,,,,Figure 3 / %  heparin,human platelets / PRP / whole blood (per source methods),"STAGED RAW VALUE — not validated, not adjudicated, not entered in the dataset"
SEW-00776,Figure 3,Figure 3!N48,%  heparin,0.0013717421124828531,mean,mean,18.00490037002867,,,,Figure 3 / %  heparin,human platelets / PRP / whole blood (per source methods),"STAGED RAW VALUE — not validated, not adjudicated, not entered in the dataset"
SEW-00777,Figure 3,Figure 3!O48,%  heparin,0.0013717421124828531,SD,SD,0.07122173935365377,,,,Figure 3 / %  heparin,human platelets / PRP / whole blood (per source methods),"STAGED RAW VALUE — not validated, not adjudicated, not entered in the dataset"
SEW-00778,Figure 3,Figure 3!B51,%  heparin,c [µM],,,1,(AC)9,block header A50 in a side-by-side layout,,Figure 3 / %  heparin,human platelets / PRP / whole blood (per source methods),"STAGED RAW VALUE — not validated, not adjudicated, not entered in the dataset"
SEW-00779,Figure 3,Figure 3!C51,%  heparin,c [µM],,,2,(AC)9,block header A50 in a side-by-side layout,,Figure 3 / %  heparin,human platelets / PRP / whole blood (per source methods),"STAGED RAW VALUE — not validated, not adjudicated, not entered in the dataset"
SEW-00780,Figure 3,Figure 3!D51,%  heparin,c [µM],,,3,,,,Figure 3 / %  heparin,human platelets / PRP / whole blood (per source methods),"STAGED RAW VALUE — not validated, not adjudicated, not entered in the dataset"
SEW-00781,Figure 3,Figure 3!E51,%  heparin,c [µM],,,4,,,,Figure 3 / %  heparin,human platelets / PRP / whole blood (per source methods),"STAGED RAW VALUE — not validated, not adjudicated, not entered in the dataset"
SEW-00782,Figure 3,Figure 3!J51,%  heparin,c [µM],1,1,1,(AC)10,block header I50 in a side-by-side layout,,Figure 3 / %  heparin,human platelets / PRP / whole blood (per source methods),"STAGED RAW VALUE — not validated, not adjudicated, not entered in the dataset"
SEW-00783,Figure 3,Figure 3!K51,%  heparin,c [µM],2,2,2,(AC)10,block header I50 in a side-by-side layout,,Figure 3 / %  heparin,human platelets / PRP / whole blood (per source methods),"STAGED RAW VALUE — not validated, not adjudicated, not entered in the dataset"
SEW-00784,Figure 3,Figure 3!L51,%  heparin,c [µM],3,3,3,,,,Figure 3 / %  heparin,human platelets / PRP / whole blood (per source methods),"STAGED RAW VALUE — not validated, not adjudicated, not entered in the dataset"
SEW-00785,Figure 3,Figure 3!M51,%  heparin,c [µM],4,4,4,,,,Figure 3 / %  heparin,human platelets / PRP / whole blood (per source methods),"STAGED RAW VALUE — not validated, not adjudicated, not entered in the dataset"
SEW-00786,Figure 3,Figure 3!A52,%  heparin,3,,,3,,,,Figure 3 / %  heparin,human platelets / PRP / whole blood (per source methods),"STAGED RAW VALUE — not validated, not adjudicated, not entered in the dataset"
SEW-00787,Figure 3,Figure 3!B52,%  heparin,3,,,54.396530956396056,,,,Figure 3 / %  heparin,human platelets / PRP / whole blood (per source methods),"STAGED RAW VALUE — not validated, not adjudicated, not entered in the dataset"
SEW-00788,Figure 3,Figure 3!C52,%  heparin,3,,,50.83112503011323,,,,Figure 3 / %  heparin,human platelets / PRP / whole blood (per source methods),"STAGED RAW VALUE — not validated, not adjudicated, not entered in the dataset"
SEW-00789,Figure 3,Figure 3!D52,%  heparin,3,,,48.38546922300706,,,,Figure 3 / %  heparin,human platelets / PRP / whole blood (per source methods),"STAGED RAW VALUE — not validated, not adjudicated, not entered in the dataset"
SEW-00790,Figure 3,Figure 3!E52,%  heparin,3,,,48.28456104944501,,,,Figure 3 / %  heparin,human platelets / PRP / whole blood (per source methods),"STAGED RAW VALUE — not validated, not adjudicated, not entered in the dataset"
SEW-00791,Figure 3,Figure 3!F52,%  heparin,3,,,50.47442156474034,,,,Figure 3 / %  heparin,human platelets / PRP / whole blood (per source methods),"STAGED RAW VALUE — not validated, not adjudicated, not entered in the dataset"
SEW-00792,Figure 3,Figure 3!G52,%  heparin,3,,,2.867600065374383,,,,Figure 3 / %  heparin,human platelets / PRP / whole blood (per source methods),"STAGED RAW VALUE — not validated, not adjudicated, not entered in the dataset"
SEW-00793,Figure 3,Figure 3!I52,%  heparin,3,,,3,,,,Figure 3 / %  heparin,human platelets / PRP / whole blood (per source methods),"STAGED RAW VALUE — not validated, not adjudicated, not entered in the dataset"
SEW-00794,Figure 3,Figure 3!J52,%  heparin,3,1,1,62.43020473278383,,,,Figure 3 / %  heparin,human platelets / PRP / whole blood (per source methods),"STAGED RAW VALUE — not validated, not adjudicated, not entered in the dataset"
SEW-00795,Figure 3,Figure 3!K52,%  heparin,3,2,2,50.67801116724275,,,,Figure 3 / %  heparin,human platelets / PRP / whole blood (per source methods),"STAGED RAW VALUE — not validated, not adjudicated, not entered in the dataset"
SEW-00796,Figure 3,Figure 3!L52,%  heparin,3,3,3,58.22852555525823,,,,Figure 3 / %  heparin,human platelets / PRP / whole blood (per source methods),"STAGED RAW VALUE — not validated, not adjudicated, not entered in the dataset"
SEW-00797,Figure 3,Figure 3!M52,%  heparin,3,4,4,42.22638480064223,,,,Figure 3 / %  heparin,human platelets / PRP / whole blood (per source methods),"STAGED RAW VALUE — not validated, not adjudicated, not entered in the dataset"
SEW-00798,Figure 3,Figure 3!N52,%  heparin,3,mean,mean,53.39078156398176,,,,Figure 3 / %  heparin,human platelets / PRP / whole blood (per source methods),"STAGED RAW VALUE — not validated, not adjudicated, not entered in the dataset"
SEW-00799,Figure 3,Figure 3!O52,%  heparin,3,SD,SD,8.890403374135078,,,,Figure 3 / %  heparin,human platelets / PRP / whole blood (per source methods),"STAGED RAW VALUE — not validated, not adjudicated, not entered in the dataset"
SEW-00800,Figure 3,Figure 3!A53,%  heparin,1,,,1,,,,Figure 3 / %  heparin,human platelets / PRP / whole blood (per source methods),"STAGED RAW VALUE — not validated, not adjudicated, not entered in the dataset"
SEW-00801,Figure 3,Figure 3!B53,%  heparin,1,,,50.87930619127922,,,,Figure 3 / %  heparin,human platelets / PRP / whole blood (per source methods),"STAGED RAW VALUE — not validated, not adjudicated, not entered in the dataset"
SEW-00802,Figure 3,Figure 3!C53,%  heparin,1,,,52.42110334859071,,,,Figure 3 / %  heparin,human platelets / PRP / whole blood (per source methods),"STAGED RAW VALUE — not validated, not adjudicated, not entered in the dataset"
SEW-00803,Figure 3,Figure 3!D53,%  heparin,1,,,45.20686175580222,,,,Figure 3 / %  heparin,human platelets / PRP / whole blood (per source methods),"STAGED RAW VALUE — not validated, not adjudicated, not entered in the dataset"
SEW-00804,Figure 3,Figure 3!E53,%  heparin,1,,,44.50050454086781,,,,Figure 3 / %  heparin,human platelets / PRP / whole blood (per source methods),"STAGED RAW VALUE — not validated, not adjudicated, not entered in the dataset"
SEW-00805,Figure 3,Figure 3!F53,%  heparin,1,,,48.25194395913499,,,,Figure 3 / %  heparin,human platelets / PRP / whole blood (per source methods),"STAGED RAW VALUE — not validated, not adjudicated, not entered in the dataset"
SEW-00806,Figure 3,Figure 3!G53,%  heparin,1,,,3.984584698040164,,,,Figure 3 / %  heparin,human platelets / PRP / whole blood (per source methods),"STAGED RAW VALUE — not validated, not adjudicated, not entered in the dataset"
SEW-00807,Figure 3,Figure 3!I53,%  heparin,1,,,1,,,,Figure 3 / %  heparin,human platelets / PRP / whole blood (per source methods),"STAGED RAW VALUE — not validated, not adjudicated, not entered in the dataset"
SEW-00808,Figure 3,Figure 3!J53,%  heparin,1,1,1,57.59106620579633,,,,Figure 3 / %  heparin,human platelets / PRP / whole blood (per source methods),"STAGED RAW VALUE — not validated, not adjudicated, not entered in the dataset"
SEW-00809,Figure 3,Figure 3!K53,%  heparin,1,2,2,54.559957458122845,,,,Figure 3 / %  heparin,human platelets / PRP / whole blood (per source methods),"STAGED RAW VALUE — not validated, not adjudicated, not entered in the dataset"
SEW-00810,Figure 3,Figure 3!L53,%  heparin,1,3,3,51.53866738025154,,,,Figure 3 / %  heparin,human platelets / PRP / whole blood (per source methods),"STAGED RAW VALUE — not validated, not adjudicated, not entered in the dataset"
SEW-00811,Figure 3,Figure 3!M53,%  heparin,1,4,4,50.36125234145036,,,,Figure 3 / %  heparin,human platelets / PRP / whole blood (per source methods),"STAGED RAW VALUE — not validated, not adjudicated, not entered in the dataset"
SEW-00812,Figure 3,Figure 3!N53,%  heparin,1,mean,mean,53.51273584640527,,,,Figure 3 / %  heparin,human platelets / PRP / whole blood (per source methods),"STAGED RAW VALUE — not validated, not adjudicated, not entered in the dataset"
SEW-00813,Figure 3,Figure 3!O53,%  heparin,1,SD,SD,3.243364827636293,,,,Figure 3 / %  heparin,human platelets / PRP / whole blood (per source methods),"STAGED RAW VALUE — not validated, not adjudicated, not entered in the dataset"
SEW-00814,Figure 3,Figure 3!A54,%  heparin,0.3333333333333333,,,0.3333333333333333,,,,Figure 3 / %  heparin,human platelets / PRP / whole blood (per source methods),"STAGED RAW VALUE — not validated, not adjudicated, not entered in the dataset"
SEW-00815,Figure 3,Figure 3!B54,%  heparin,0.3333333333333333,,,49.96386412912551,,,,Figure 3 / %  heparin,human platelets / PRP / whole blood (per source methods),"STAGED RAW VALUE — not validated, not adjudicated, not entered in the dataset"
SEW-00816,Figure 3,Figure 3!C54,%  heparin,0.3333333333333333,,,50.44567574078535,,,,Figure 3 / %  heparin,human platelets / PRP / whole blood (per source methods),"STAGED RAW VALUE — not validated, not adjudicated, not entered in the dataset"
SEW-00817,Figure 3,Figure 3!D54,%  heparin,0.3333333333333333,,,42.532795156407666,,,,Figure 3 / %  heparin,human platelets / PRP / whole blood (per source methods),"STAGED RAW VALUE — not validated, not adjudicated, not entered in the dataset"
SEW-00818,Figure 3,Figure 3!E54,%  heparin,0.3333333333333333,,,43.491422805247225,,,,Figure 3 / %  heparin,human platelets / PRP / whole blood (per source methods),"STAGED RAW VALUE — not validated, not adjudicated, not entered in the dataset"
SEW-00819,Figure 3,Figure 3!F54,%  heparin,0.3333333333333333,,,46.608439457891436,,,,Figure 3 / %  heparin,human platelets / PRP / whole blood (per source methods),"STAGED RAW VALUE — not validated, not adjudicated, not entered in the dataset"
SEW-00820,Figure 3,Figure 3!G54,%  heparin,0.3333333333333333,,,4.175720548606441,,,,Figure 3 / %  heparin,human platelets / PRP / whole blood (per source methods),"STAGED RAW VALUE — not validated, not adjudicated, not entered in the dataset"
SEW-00821,Figure 3,Figure 3!I54,%  heparin,0.3333333333333333,,,0.3333333333333333,,,,Figure 3 / %  heparin,human platelets / PRP / whole blood (per source methods),"STAGED RAW VALUE — not validated, not adjudicated, not entered in the dataset"
SEW-00822,Figure 3,Figure 3!J54,%  heparin,0.3333333333333333,1,1,55.67668173358149,,,,Figure 3 / %  heparin,human platelets / PRP / whole blood (per source methods),"STAGED RAW VALUE — not validated, not adjudicated, not entered in the dataset"
SEW-00823,Figure 3,Figure 3!K54,%  heparin,0.3333333333333333,2,2,55.78303642648231,,,,Figure 3 / %  heparin,human platelets / PRP / whole blood (per source methods),"STAGED RAW VALUE — not validated, not adjudicated, not entered in the dataset"
SEW-00824,Figure 3,Figure 3!L54,%  heparin,0.3333333333333333,3,3,50.735884399250736,,,,Figure 3 / %  heparin,human platelets / PRP / whole blood (per source methods),"STAGED RAW VALUE — not validated, not adjudicated, not entered in the dataset"
SEW-00825,Figure 3,Figure 3!M54,%  heparin,0.3333333333333333,4,4,49.71902595664972,,,,Figure 3 / %  heparin,human platelets / PRP / whole blood (per source methods),"STAGED RAW VALUE — not validated, not adjudicated, not entered in the dataset"
SEW-00826,Figure 3,Figure 3!N54,%  heparin,0.3333333333333333,mean,mean,52.97865712899106,,,,Figure 3 / %  heparin,human platelets / PRP / whole blood (per source methods),"STAGED RAW VALUE — not validated, not adjudicated, not entered in the dataset"
SEW-00827,Figure 3,Figure 3!O54,%  heparin,0.3333333333333333,SD,SD,3.204117398397417,,,,Figure 3 / %  heparin,human platelets / PRP / whole blood (per source methods),"STAGED RAW VALUE — not validated, not adjudicated, not entered in the dataset"
SEW-00828,Figure 3,Figure 3!A55,%  heparin,0.1111111111111111,,,0.1111111111111111,,,,Figure 3 / %  heparin,human platelets / PRP / whole blood (per source methods),"STAGED RAW VALUE — not validated, not adjudicated, not entered in the dataset"
SEW-00829,Figure 3,Figure 3!B55,%  heparin,0.1111111111111111,,,33.29318236569501,,,,Figure 3 / %  heparin,human platelets / PRP / whole blood (per source methods),"STAGED RAW VALUE — not validated, not adjudicated, not entered in the dataset"
SEW-00830,Figure 3,Figure 3!C55,%  heparin,0.1111111111111111,,,32.85955191520116,,,,Figure 3 / %  heparin,human platelets / PRP / whole blood (per source methods),"STAGED RAW VALUE — not validated, not adjudicated, not entered in the dataset"
SEW-00831,Figure 3,Figure 3!D55,%  heparin,0.1111111111111111,,,30.07063572149344,,,,Figure 3 / %  heparin,human platelets / PRP / whole blood (per source methods),"STAGED RAW VALUE — not validated, not adjudicated, not entered in the dataset"
SEW-00832,Figure 3,Figure 3!E55,%  heparin,0.1111111111111111,,,32.39152371342079,,,,Figure 3 / %  heparin,human platelets / PRP / whole blood (per source methods),"STAGED RAW VALUE — not validated, not adjudicated, not entered in the dataset"
SEW-00833,Figure 3,Figure 3!F55,%  heparin,0.1111111111111111,,,32.153723428952595,,,,Figure 3 / %  heparin,human platelets / PRP / whole blood (per source methods),"STAGED RAW VALUE — not validated, not adjudicated, not entered in the dataset"
SEW-00834,Figure 3,Figure 3!G55,%  heparin,0.1111111111111111,,,1.436705014118845,,,,Figure 3 / %  heparin,human platelets / PRP / whole blood (per source methods),"STAGED RAW VALUE — not validated, not adjudicated, not entered in the dataset"
SEW-00835,Figure 3,Figure 3!I55,%  heparin,0.1111111111111111,,,0.1111111111111111,,,,Figure 3 / %  heparin,human platelets / PRP / whole blood (per source methods),"STAGED RAW VALUE — not validated, not adjudicated, not entered in the dataset"
SEW-00836,Figure 3,Figure 3!J55,%  heparin,0.1111111111111111,1,1,38.50039883009837,,,,Figure 3 / %  heparin,human platelets / PRP / whole blood (per source methods),"STAGED RAW VALUE — not validated, not adjudicated, not entered in the dataset"
SEW-00837,Figure 3,Figure 3!K55,%  heparin,0.1111111111111111,2,2,38.55357617654879,,,,Figure 3 / %  heparin,human platelets / PRP / whole blood (per source methods),"STAGED RAW VALUE — not validated, not adjudicated, not entered in the dataset"
SEW-00838,Figure 3,Figure 3!L55,%  heparin,0.1111111111111111,3,3,35.85763981803586,,,,Figure 3 / %  heparin,human platelets / PRP / whole blood (per source methods),"STAGED RAW VALUE — not validated, not adjudicated, not entered in the dataset"
SEW-00839,Figure 3,Figure 3!M55,%  heparin,0.1111111111111111,4,4,35.32245116403532,,,,Figure 3 / %  heparin,human platelets / PRP / whole blood (per source methods),"STAGED RAW VALUE — not validated, not adjudicated, not entered in the dataset"
SEW-00840,Figure 3,Figure 3!N55,%  heparin,0.1111111111111111,mean,mean,37.05851649717959,,,,Figure 3 / %  heparin,human platelets / PRP / whole blood (per source methods),"STAGED RAW VALUE — not validated, not adjudicated, not entered in the dataset"
SEW-00841,Figure 3,Figure 3!O55,%  heparin,0.1111111111111111,SD,SD,1.7098007433923825,,,,Figure 3 / %  heparin,human platelets / PRP / whole blood (per source methods),"STAGED RAW VALUE — not validated, not adjudicated, not entered in the dataset"
SEW-00842,Figure 3,Figure 3!A56,%  heparin,0.037037037037037035,,,0.037037037037037035,,,,Figure 3 / %  heparin,human platelets / PRP / whole blood (per source methods),"STAGED RAW VALUE — not validated, not adjudicated, not entered in the dataset"
SEW-00843,Figure 3,Figure 3!B56,%  heparin,0.037037037037037035,,,21.777884847024815,,,,Figure 3 / %  heparin,human platelets / PRP / whole blood (per source methods),"STAGED RAW VALUE — not validated, not adjudicated, not entered in the dataset"
SEW-00844,Figure 3,Figure 3!C56,%  heparin,0.037037037037037035,,,20.33245001204529,,,,Figure 3 / %  heparin,human platelets / PRP / whole blood (per source methods),"STAGED RAW VALUE — not validated, not adjudicated, not entered in the dataset"
SEW-00845,Figure 3,Figure 3!D56,%  heparin,0.037037037037037035,,,21.291624621594348,,,,Figure 3 / %  heparin,human platelets / PRP / whole blood (per source methods),"STAGED RAW VALUE — not validated, not adjudicated, not entered in the dataset"
SEW-00846,Figure 3,Figure 3!E56,%  heparin,0.037037037037037035,,,21.94752774974773,,,,Figure 3 / %  heparin,human platelets / PRP / whole blood (per source methods),"STAGED RAW VALUE — not validated, not adjudicated, not entered in the dataset"
SEW-00847,Figure 3,Figure 3!F56,%  heparin,0.037037037037037035,,,21.33737180760305,,,,Figure 3 / %  heparin,human platelets / PRP / whole blood (per source methods),"STAGED RAW VALUE — not validated, not adjudicated, not entered in the dataset"
SEW-00848,Figure 3,Figure 3!G56,%  heparin,0.037037037037037035,,,0.7253281169810472,,,,Figure 3 / %  heparin,human platelets / PRP / whole blood (per source methods),"STAGED RAW VALUE — not validated, not adjudicated, not entered in the dataset"
SEW-00849,Figure 3,Figure 3!I56,%  heparin,0.037037037037037035,,,0.037037037037037035,,,,Figure 3 / %  heparin,human platelets / PRP / whole blood (per source methods),"STAGED RAW VALUE — not validated, not adjudicated, not entered in the dataset"
SEW-00850,Figure 3,Figure 3!J56,%  heparin,0.037037037037037035,1,1,22.866258973677212,,,,Figure 3 / %  heparin,human platelets / PRP / whole blood (per source methods),"STAGED RAW VALUE — not validated, not adjudicated, not entered in the dataset"
SEW-00851,Figure 3,Figure 3!K56,%  heparin,0.037037037037037035,2,2,23.238500398830098,,,,Figure 3 / %  heparin,human platelets / PRP / whole blood (per source methods),"STAGED RAW VALUE — not validated, not adjudicated, not entered in the dataset"
SEW-00852,Figure 3,Figure 3!L56,%  heparin,0.037037037037037035,3,3,26.224244046026225,,,,Figure 3 / %  heparin,human platelets / PRP / whole blood (per source methods),"STAGED RAW VALUE — not validated, not adjudicated, not entered in the dataset"
SEW-00853,Figure 3,Figure 3!M56,%  heparin,0.037037037037037035,4,4,24.45812148782446,,,,Figure 3 / %  heparin,human platelets / PRP / whole blood (per source methods),"STAGED RAW VALUE — not validated, not adjudicated, not entered in the dataset"
SEW-00854,Figure 3,Figure 3!N56,%  heparin,0.037037037037037035,mean,mean,24.196781226589497,,,,Figure 3 / %  heparin,human platelets / PRP / whole blood (per source methods),"STAGED RAW VALUE — not validated, not adjudicated, not entered in the dataset"
SEW-00855,Figure 3,Figure 3!O56,%  heparin,0.037037037037037035,SD,SD,1.512998769187284,,,,Figure 3 / %  heparin,human platelets / PRP / whole blood (per source methods),"STAGED RAW VALUE — not validated, not adjudicated, not entered in the dataset"
SEW-00856,Figure 3,Figure 3!A57,%  heparin,0.012345679012345678,,,0.012345679012345678,,,,Figure 3 / %  heparin,human platelets / PRP / whole blood (per source methods),"STAGED RAW VALUE — not validated, not adjudicated, not entered in the dataset"
SEW-00857,Figure 3,Figure 3!B57,%  heparin,0.012345679012345678,,,17.007949891592386,,,,Figure 3 / %  heparin,human platelets / PRP / whole blood (per source methods),"STAGED RAW VALUE — not validated, not adjudicated, not entered in the dataset"
SEW-00858,Figure 3,Figure 3!C57,%  heparin,0.012345679012345678,,,16.863406408094434,,,,Figure 3 / %  heparin,human platelets / PRP / whole blood (per source methods),"STAGED RAW VALUE — not validated, not adjudicated, not entered in the dataset"
SEW-00859,Figure 3,Figure 3!D57,%  heparin,0.012345679012345678,,,17.356205852674066,,,,Figure 3 / %  heparin,human platelets / PRP / whole blood (per source methods),"STAGED RAW VALUE — not validated, not adjudicated, not entered in the dataset"
SEW-00860,Figure 3,Figure 3!E57,%  heparin,0.012345679012345678,,,17.507568113017154,,,,Figure 3 / %  heparin,human platelets / PRP / whole blood (per source methods),"STAGED RAW VALUE — not validated, not adjudicated, not entered in the dataset"
SEW-00861,Figure 3,Figure 3!F57,%  heparin,0.012345679012345678,,,17.18378256634451,,,,Figure 3 / %  heparin,human platelets / PRP / whole blood (per source methods),"STAGED RAW VALUE — not validated, not adjudicated, not entered in the dataset"
SEW-00862,Figure 3,Figure 3!G57,%  heparin,0.012345679012345678,,,0.29895645289816086,,,,Figure 3 / %  heparin,human platelets / PRP / whole blood (per source methods),"STAGED RAW VALUE — not validated, not adjudicated, not entered in the dataset"
SEW-00863,Figure 3,Figure 3!I57,%  heparin,0.012345679012345678,,,0.012345679012345678,,,,Figure 3 / %  heparin,human platelets / PRP / whole blood (per source methods),"STAGED RAW VALUE — not validated, not adjudicated, not entered in the dataset"
SEW-00864,Figure 3,Figure 3!J57,%  heparin,0.012345679012345678,1,1,17.814411060888062,,,,Figure 3 / %  heparin,human platelets / PRP / whole blood (per source methods),"STAGED RAW VALUE — not validated, not adjudicated, not entered in the dataset"
SEW-00865,Figure 3,Figure 3!K57,%  heparin,0.012345679012345678,2,2,17.01675086413188,,,,Figure 3 / %  heparin,human platelets / PRP / whole blood (per source methods),"STAGED RAW VALUE — not validated, not adjudicated, not entered in the dataset"
SEW-00866,Figure 3,Figure 3!L57,%  heparin,0.012345679012345678,3,3,19.534385871019534,,,,Figure 3 / %  heparin,human platelets / PRP / whole blood (per source methods),"STAGED RAW VALUE — not validated, not adjudicated, not entered in the dataset"
SEW-00867,Figure 3,Figure 3!M57,%  heparin,0.012345679012345678,4,4,18.41048969761841,,,,Figure 3 / %  heparin,human platelets / PRP / whole blood (per source methods),"STAGED RAW VALUE — not validated, not adjudicated, not entered in the dataset"
SEW-00868,Figure 3,Figure 3!N57,%  heparin,0.012345679012345678,mean,mean,18.194009373414474,,,,Figure 3 / %  heparin,human platelets / PRP / whole blood (per source methods),"STAGED RAW VALUE — not validated, not adjudicated, not entered in the dataset"
SEW-00869,Figure 3,Figure 3!O57,%  heparin,0.012345679012345678,SD,SD,1.0604252861706989,,,,Figure 3 / %  heparin,human platelets / PRP / whole blood (per source methods),"STAGED RAW VALUE — not validated, not adjudicated, not entered in the dataset"
SEW-00870,Figure 3,Figure 3!A58,%  heparin,0.004115226337448559,,,0.004115226337448559,,,,Figure 3 / %  heparin,human platelets / PRP / whole blood (per source methods),"STAGED RAW VALUE — not validated, not adjudicated, not entered in the dataset"
SEW-00871,Figure 3,Figure 3!B58,%  heparin,0.004115226337448559,,,14.743435316791134,,,,Figure 3 / %  heparin,human platelets / PRP / whole blood (per source methods),"STAGED RAW VALUE — not validated, not adjudicated, not entered in the dataset"
SEW-00872,Figure 3,Figure 3!C58,%  heparin,0.004115226337448559,,,14.743435316791134,,,,Figure 3 / %  heparin,human platelets / PRP / whole blood (per source methods),"STAGED RAW VALUE — not validated, not adjudicated, not entered in the dataset"
SEW-00873,Figure 3,Figure 3!D58,%  heparin,0.004115226337448559,,,16.49848637739657,,,,Figure 3 / %  heparin,human platelets / PRP / whole blood (per source methods),"STAGED RAW VALUE — not validated, not adjudicated, not entered in the dataset"
SEW-00874,Figure 3,Figure 3!E58,%  heparin,0.004115226337448559,,,15.943491422805248,,,,Figure 3 / %  heparin,human platelets / PRP / whole blood (per source methods),"STAGED RAW VALUE — not validated, not adjudicated, not entered in the dataset"
SEW-00875,Figure 3,Figure 3!F58,%  heparin,0.004115226337448559,,,15.48221210844602,,,,Figure 3 / %  heparin,human platelets / PRP / whole blood (per source methods),"STAGED RAW VALUE — not validated, not adjudicated, not entered in the dataset"
SEW-00876,Figure 3,Figure 3!G58,%  heparin,0.004115226337448559,,,0.8826426780531426,,,,Figure 3 / %  heparin,human platelets / PRP / whole blood (per source methods),"STAGED RAW VALUE — not validated, not adjudicated, not entered in the dataset"
SEW-00877,Figure 3,Figure 3!I58,%  heparin,0.004115226337448559,,,0.004115226337448559,,,,Figure 3 / %  heparin,human platelets / PRP / whole blood (per source methods),"STAGED RAW VALUE — not validated, not adjudicated, not entered in the dataset"
SEW-00878,Figure 3,Figure 3!J58,%  heparin,0.004115226337448559,1,1,15.155543738367452,,,,Figure 3 / %  heparin,human platelets / PRP / whole blood (per source methods),"STAGED RAW VALUE — not validated, not adjudicated, not entered in the dataset"
SEW-00879,Figure 3,Figure 3!K58,%  heparin,0.004115226337448559,2,2,14.783302313214572,,,,Figure 3 / %  heparin,human platelets / PRP / whole blood (per source methods),"STAGED RAW VALUE — not validated, not adjudicated, not entered in the dataset"
SEW-00880,Figure 3,Figure 3!L58,%  heparin,0.004115226337448559,3,3,16.43029167781643,,,,Figure 3 / %  heparin,human platelets / PRP / whole blood (per source methods),"STAGED RAW VALUE — not validated, not adjudicated, not entered in the dataset"
SEW-00881,Figure 3,Figure 3!M58,%  heparin,0.004115226337448559,4,4,16.10917848541611,,,,Figure 3 / %  heparin,human platelets / PRP / whole blood (per source methods),"STAGED RAW VALUE — not validated, not adjudicated, not entered in the dataset"
SEW-00882,Figure 3,Figure 3!N58,%  heparin,0.004115226337448559,mean,mean,15.619579053703642,,,,Figure 3 / %  heparin,human platelets / PRP / whole blood (per source methods),"STAGED RAW VALUE — not validated, not adjudicated, not entered in the dataset"
SEW-00883,Figure 3,Figure 3!O58,%  heparin,0.004115226337448559,SD,SD,0.777099333631421,,,,Figure 3 / %  heparin,human platelets / PRP / whole blood (per source methods),"STAGED RAW VALUE — not validated, not adjudicated, not entered in the dataset"
SEW-00884,Figure 3,Figure 3!A59,%  heparin,0.0013717421124828531,,,0.0013717421124828531,,,,Figure 3 / %  heparin,human platelets / PRP / whole blood (per source methods),"STAGED RAW VALUE — not validated, not adjudicated, not entered in the dataset"
SEW-00885,Figure 3,Figure 3!B59,%  heparin,0.0013717421124828531,,,18.88701517706577,,,,Figure 3 / %  heparin,human platelets / PRP / whole blood (per source methods),"STAGED RAW VALUE — not validated, not adjudicated, not entered in the dataset"
SEW-00886,Figure 3,Figure 3!C59,%  heparin,0.0013717421124828531,,,18.357022404239945,,,,Figure 3 / %  heparin,human platelets / PRP / whole blood (per source methods),"STAGED RAW VALUE — not validated, not adjudicated, not entered in the dataset"
SEW-00887,Figure 3,Figure 3!D59,%  heparin,0.0013717421124828531,,,18.6175580221998,,,,Figure 3 / %  heparin,human platelets / PRP / whole blood (per source methods),"STAGED RAW VALUE — not validated, not adjudicated, not entered in the dataset"
SEW-00888,Figure 3,Figure 3!E59,%  heparin,0.0013717421124828531,,,18.213925327951564,,,,Figure 3 / %  heparin,human platelets / PRP / whole blood (per source methods),"STAGED RAW VALUE — not validated, not adjudicated, not entered in the dataset"
SEW-00889,Figure 3,Figure 3!F59,%  heparin,0.0013717421124828531,,,18.51888023286427,,,,Figure 3 / %  heparin,human platelets / PRP / whole blood (per source methods),"STAGED RAW VALUE — not validated, not adjudicated, not entered in the dataset"
SEW-00890,Figure 3,Figure 3!G59,%  heparin,0.0013717421124828531,,,0.29690407764556276,,,,Figure 3 / %  heparin,human platelets / PRP / whole blood (per source methods),"STAGED RAW VALUE — not validated, not adjudicated, not entered in the dataset"
SEW-00891,Figure 3,Figure 3!I59,%  heparin,0.0013717421124828531,,,0.0013717421124828531,,,,Figure 3 / %  heparin,human platelets / PRP / whole blood (per source methods),"STAGED RAW VALUE — not validated, not adjudicated, not entered in the dataset"
SEW-00892,Figure 3,Figure 3!J59,%  heparin,0.0013717421124828531,1,1,18.665248604094653,,,,Figure 3 / %  heparin,human platelets / PRP / whole blood (per source methods),"STAGED RAW VALUE — not validated, not adjudicated, not entered in the dataset"
SEW-00893,Figure 3,Figure 3!K59,%  heparin,0.0013717421124828531,2,2,18.02712044668971,,,,Figure 3 / %  heparin,human platelets / PRP / whole blood (per source methods),"STAGED RAW VALUE — not validated, not adjudicated, not entered in the dataset"
SEW-00894,Figure 3,Figure 3!L59,%  heparin,0.0013717421124828531,3,3,18.35697083221836,,,,Figure 3 / %  heparin,human platelets / PRP / whole blood (per source methods),"STAGED RAW VALUE — not validated, not adjudicated, not entered in the dataset"
SEW-00895,Figure 3,Figure 3!M59,%  heparin,0.0013717421124828531,4,4,18.57104629381857,,,,Figure 3 / %  heparin,human platelets / PRP / whole blood (per source methods),"STAGED RAW VALUE — not validated, not adjudicated, not entered in the dataset"
SEW-00896,Figure 3,Figure 3!N59,%  heparin,0.0013717421124828531,mean,mean,18.40509654420532,,,,Figure 3 / %  heparin,human platelets / PRP / whole blood (per source methods),"STAGED RAW VALUE — not validated, not adjudicated, not entered in the dataset"
SEW-00897,Figure 3,Figure 3!O59,%  heparin,0.0013717421124828531,SD,SD,0.2830785686629211,,,,Figure 3 / %  heparin,human platelets / PRP / whole blood (per source methods),"STAGED RAW VALUE — not validated, not adjudicated, not entered in the dataset"
SEW-00898,Figure 3,Figure 3!B62,%  heparin,c [µM],1,1,1,(AC)11,block header A61 in a side-by-side layout,,Figure 3 / %  heparin,human platelets / PRP / whole blood (per source methods),"STAGED RAW VALUE — not validated, not adjudicated, not entered in the dataset"
SEW-00899,Figure 3,Figure 3!C62,%  heparin,c [µM],2,2,2,(AC)11,block header A61 in a side-by-side layout,,Figure 3 / %  heparin,human platelets / PRP / whole blood (per source methods),"STAGED RAW VALUE — not validated, not adjudicated, not entered in the dataset"
SEW-00900,Figure 3,Figure 3!D62,%  heparin,c [µM],3,3,3,,,,Figure 3 / %  heparin,human platelets / PRP / whole blood (per source methods),"STAGED RAW VALUE — not validated, not adjudicated, not entered in the dataset"
SEW-00901,Figure 3,Figure 3!E62,%  heparin,c [µM],4,4,4,,,,Figure 3 / %  heparin,human platelets / PRP / whole blood (per source methods),"STAGED RAW VALUE — not validated, not adjudicated, not entered in the dataset"
SEW-00902,Figure 3,Figure 3!A63,%  heparin,3,,,3,,,,Figure 3 / %  heparin,human platelets / PRP / whole blood (per source methods),"STAGED RAW VALUE — not validated, not adjudicated, not entered in the dataset"
SEW-00903,Figure 3,Figure 3!B63,%  heparin,3,1,1,27.75234883160684,,,,Figure 3 / %  heparin,human platelets / PRP / whole blood (per source methods),"STAGED RAW VALUE — not validated, not adjudicated, not entered in the dataset"
SEW-00904,Figure 3,Figure 3!C63,%  heparin,3,2,2,26.981450252951102,,,,Figure 3 / %  heparin,human platelets / PRP / whole blood (per source methods),"STAGED RAW VALUE — not validated, not adjudicated, not entered in the dataset"
SEW-00905,Figure 3,Figure 3!D63,%  heparin,3,3,3,31.331987891019175,,,,Figure 3 / %  heparin,human platelets / PRP / whole blood (per source methods),"STAGED RAW VALUE — not validated, not adjudicated, not entered in the dataset"
SEW-00906,Figure 3,Figure 3!E63,%  heparin,3,4,4,30.423814328960646,,,,Figure 3 / %  heparin,human platelets / PRP / whole blood (per source methods),"STAGED RAW VALUE — not validated, not adjudicated, not entered in the dataset"
SEW-00907,Figure 3,Figure 3!F63,%  heparin,3,mean,mean,29.12240032613444,,,,Figure 3 / %  heparin,human platelets / PRP / whole blood (per source methods),"STAGED RAW VALUE — not validated, not adjudicated, not entered in the dataset"
SEW-00908,Figure 3,Figure 3!G63,%  heparin,3,SD,SD,2.084599396140373,,,,Figure 3 / %  heparin,human platelets / PRP / whole blood (per source methods),"STAGED RAW VALUE — not validated, not adjudicated, not entered in the dataset"
SEW-00909,Figure 3,Figure 3!A64,%  heparin,1,,,1,,,,Figure 3 / %  heparin,human platelets / PRP / whole blood (per source methods),"STAGED RAW VALUE — not validated, not adjudicated, not entered in the dataset"
SEW-00910,Figure 3,Figure 3!B64,%  heparin,1,1,1,36.569501324981935,,,,Figure 3 / %  heparin,human platelets / PRP / whole blood (per source methods),"STAGED RAW VALUE — not validated, not adjudicated, not entered in the dataset"
SEW-00911,Figure 3,Figure 3!C64,%  heparin,1,2,2,39.9903637677668,,,,Figure 3 / %  heparin,human platelets / PRP / whole blood (per source methods),"STAGED RAW VALUE — not validated, not adjudicated, not entered in the dataset"
SEW-00912,Figure 3,Figure 3!D64,%  heparin,1,3,3,36.3773965691221,,,,Figure 3 / %  heparin,human platelets / PRP / whole blood (per source methods),"STAGED RAW VALUE — not validated, not adjudicated, not entered in the dataset"
SEW-00913,Figure 3,Figure 3!E64,%  heparin,1,4,4,36.78102926337033,,,,Figure 3 / %  heparin,human platelets / PRP / whole blood (per source methods),"STAGED RAW VALUE — not validated, not adjudicated, not entered in the dataset"
SEW-00914,Figure 3,Figure 3!F64,%  heparin,1,mean,mean,37.42957273131029,,,,Figure 3 / %  heparin,human platelets / PRP / whole blood (per source methods),"STAGED RAW VALUE — not validated, not adjudicated, not entered in the dataset"
SEW-00915,Figure 3,Figure 3!G64,%  heparin,1,SD,SD,1.715134286527279,,,,Figure 3 / %  heparin,human platelets / PRP / whole blood (per source methods),"STAGED RAW VALUE — not validated, not adjudicated, not entered in the dataset"
SEW-00916,Figure 3,Figure 3!A65,%  heparin,0.3333333333333333,,,0.3333333333333333,,,,Figure 3 / %  heparin,human platelets / PRP / whole blood (per source methods),"STAGED RAW VALUE — not validated, not adjudicated, not entered in the dataset"
SEW-00917,Figure 3,Figure 3!B65,%  heparin,0.3333333333333333,1,1,52.32474102625874,,,,Figure 3 / %  heparin,human platelets / PRP / whole blood (per source methods),"STAGED RAW VALUE — not validated, not adjudicated, not entered in the dataset"
SEW-00918,Figure 3,Figure 3!C65,%  heparin,0.3333333333333333,2,2,53.52927005540833,,,,Figure 3 / %  heparin,human platelets / PRP / whole blood (per source methods),"STAGED RAW VALUE — not validated, not adjudicated, not entered in the dataset"
SEW-00919,Figure 3,Figure 3!D65,%  heparin,0.3333333333333333,3,3,44.50050454086781,,,,Figure 3 / %  heparin,human platelets / PRP / whole blood (per source methods),"STAGED RAW VALUE — not validated, not adjudicated, not entered in the dataset"
SEW-00920,Figure 3,Figure 3!E65,%  heparin,0.3333333333333333,4,4,46.064581231079714,,,,Figure 3 / %  heparin,human platelets / PRP / whole blood (per source methods),"STAGED RAW VALUE — not validated, not adjudicated, not entered in the dataset"
SEW-00921,Figure 3,Figure 3!F65,%  heparin,0.3333333333333333,mean,mean,49.104774213403644,,,,Figure 3 / %  heparin,human platelets / PRP / whole blood (per source methods),"STAGED RAW VALUE — not validated, not adjudicated, not entered in the dataset"
SEW-00922,Figure 3,Figure 3!G65,%  heparin,0.3333333333333333,SD,SD,4.486513951797094,,,,Figure 3 / %  heparin,human platelets / PRP / whole blood (per source methods),"STAGED RAW VALUE — not validated, not adjudicated, not entered in the dataset"
SEW-00923,Figure 3,Figure 3!A66,%  heparin,0.1111111111111111,,,0.1111111111111111,,,,Figure 3 / %  heparin,human platelets / PRP / whole blood (per source methods),"STAGED RAW VALUE — not validated, not adjudicated, not entered in the dataset"
SEW-00924,Figure 3,Figure 3!B66,%  heparin,0.1111111111111111,1,1,43.55576969404963,,,,Figure 3 / %  heparin,human platelets / PRP / whole blood (per source methods),"STAGED RAW VALUE — not validated, not adjudicated, not entered in the dataset"
SEW-00925,Figure 3,Figure 3!C66,%  heparin,0.1111111111111111,2,2,44.03758130570947,,,,Figure 3 / %  heparin,human platelets / PRP / whole blood (per source methods),"STAGED RAW VALUE — not validated, not adjudicated, not entered in the dataset"
SEW-00926,Figure 3,Figure 3!D66,%  heparin,0.1111111111111111,3,3,36.93239152371342,,,,Figure 3 / %  heparin,human platelets / PRP / whole blood (per source methods),"STAGED RAW VALUE — not validated, not adjudicated, not entered in the dataset"
SEW-00927,Figure 3,Figure 3!E66,%  heparin,0.1111111111111111,4,4,37.991927346115034,,,,Figure 3 / %  heparin,human platelets / PRP / whole blood (per source methods),"STAGED RAW VALUE — not validated, not adjudicated, not entered in the dataset"
SEW-00928,Figure 3,Figure 3!F66,%  heparin,0.1111111111111111,mean,mean,40.62941746739689,,,,Figure 3 / %  heparin,human platelets / PRP / whole blood (per source methods),"STAGED RAW VALUE — not validated, not adjudicated, not entered in the dataset"
SEW-00929,Figure 3,Figure 3!G66,%  heparin,0.1111111111111111,SD,SD,3.687974741026346,,,,Figure 3 / %  heparin,human platelets / PRP / whole blood (per source methods),"STAGED RAW VALUE — not validated, not adjudicated, not entered in the dataset"
SEW-00930,Figure 3,Figure 3!A67,%  heparin,0.037037037037037035,,,0.037037037037037035,,,,Figure 3 / %  heparin,human platelets / PRP / whole blood (per source methods),"STAGED RAW VALUE — not validated, not adjudicated, not entered in the dataset"
SEW-00931,Figure 3,Figure 3!B67,%  heparin,0.037037037037037035,1,1,28.23416044326668,,,,Figure 3 / %  heparin,human platelets / PRP / whole blood (per source methods),"STAGED RAW VALUE — not validated, not adjudicated, not entered in the dataset"
SEW-00932,Figure 3,Figure 3!C67,%  heparin,0.037037037037037035,2,2,29.34232715008432,,,,Figure 3 / %  heparin,human platelets / PRP / whole blood (per source methods),"STAGED RAW VALUE — not validated, not adjudicated, not entered in the dataset"
SEW-00933,Figure 3,Figure 3!D67,%  heparin,0.037037037037037035,3,3,29.364278506559028,,,,Figure 3 / %  heparin,human platelets / PRP / whole blood (per source methods),"STAGED RAW VALUE — not validated, not adjudicated, not entered in the dataset"
SEW-00934,Figure 3,Figure 3!E67,%  heparin,0.037037037037037035,4,4,28.20383451059536,,,,Figure 3 / %  heparin,human platelets / PRP / whole blood (per source methods),"STAGED RAW VALUE — not validated, not adjudicated, not entered in the dataset"
SEW-00935,Figure 3,Figure 3!F67,%  heparin,0.037037037037037035,mean,mean,28.786150152626348,,,,Figure 3 / %  heparin,human platelets / PRP / whole blood (per source methods),"STAGED RAW VALUE — not validated, not adjudicated, not entered in the dataset"
SEW-00936,Figure 3,Figure 3!G67,%  heparin,0.037037037037037035,SD,SD,0.6550698162066914,,,,Figure 3 / %  heparin,human platelets / PRP / whole blood (per source methods),"STAGED RAW VALUE — not validated, not adjudicated, not entered in the dataset"
SEW-00937,Figure 3,Figure 3!A68,%  heparin,0.012345679012345678,,,0.012345679012345678,,,,Figure 3 / %  heparin,human platelets / PRP / whole blood (per source methods),"STAGED RAW VALUE — not validated, not adjudicated, not entered in the dataset"
SEW-00938,Figure 3,Figure 3!B68,%  heparin,0.012345679012345678,1,1,18.501565887737893,,,,Figure 3 / %  heparin,human platelets / PRP / whole blood (per source methods),"STAGED RAW VALUE — not validated, not adjudicated, not entered in the dataset"
SEW-00939,Figure 3,Figure 3!C68,%  heparin,0.012345679012345678,2,2,19.46518911105758,,,,Figure 3 / %  heparin,human platelets / PRP / whole blood (per source methods),"STAGED RAW VALUE — not validated, not adjudicated, not entered in the dataset"
SEW-00940,Figure 3,Figure 3!D68,%  heparin,0.012345679012345678,3,3,20.08072653884965,,,,Figure 3 / %  heparin,human platelets / PRP / whole blood (per source methods),"STAGED RAW VALUE — not validated, not adjudicated, not entered in the dataset"
SEW-00941,Figure 3,Figure 3!E68,%  heparin,0.012345679012345678,4,4,21.543895055499494,,,,Figure 3 / %  heparin,human platelets / PRP / whole blood (per source methods),"STAGED RAW VALUE — not validated, not adjudicated, not entered in the dataset"
SEW-00942,Figure 3,Figure 3!F68,%  heparin,0.012345679012345678,mean,mean,19.897844148286154,,,,Figure 3 / %  heparin,human platelets / PRP / whole blood (per source methods),"STAGED RAW VALUE — not validated, not adjudicated, not entered in the dataset"
SEW-00943,Figure 3,Figure 3!G68,%  heparin,0.012345679012345678,SD,SD,1.2753709159867983,,,,Figure 3 / %  heparin,human platelets / PRP / whole blood (per source methods),"STAGED RAW VALUE — not validated, not adjudicated, not entered in the dataset"
SEW-00944,Figure 3,Figure 3!A69,%  heparin,0.004115226337448559,,,0.004115226337448559,,,,Figure 3 / %  heparin,human platelets / PRP / whole blood (per source methods),"STAGED RAW VALUE — not validated, not adjudicated, not entered in the dataset"
SEW-00945,Figure 3,Figure 3!B69,%  heparin,0.004115226337448559,1,1,15.03252228378704,,,,Figure 3 / %  heparin,human platelets / PRP / whole blood (per source methods),"STAGED RAW VALUE — not validated, not adjudicated, not entered in the dataset"
SEW-00946,Figure 3,Figure 3!C69,%  heparin,0.004115226337448559,2,2,15.225246928450977,,,,Figure 3 / %  heparin,human platelets / PRP / whole blood (per source methods),"STAGED RAW VALUE — not validated, not adjudicated, not entered in the dataset"
SEW-00947,Figure 3,Figure 3!D69,%  heparin,0.004115226337448559,3,3,17.457114026236123,,,,Figure 3 / %  heparin,human platelets / PRP / whole blood (per source methods),"STAGED RAW VALUE — not validated, not adjudicated, not entered in the dataset"
SEW-00948,Figure 3,Figure 3!E69,%  heparin,0.004115226337448559,4,4,17.457114026236123,,,,Figure 3 / %  heparin,human platelets / PRP / whole blood (per source methods),"STAGED RAW VALUE — not validated, not adjudicated, not entered in the dataset"
SEW-00949,Figure 3,Figure 3!F69,%  heparin,0.004115226337448559,mean,mean,16.292999316177568,,,,Figure 3 / %  heparin,human platelets / PRP / whole blood (per source methods),"STAGED RAW VALUE — not validated, not adjudicated, not entered in the dataset"
SEW-00950,Figure 3,Figure 3!G69,%  heparin,0.004115226337448559,SD,SD,1.3465045645459577,,,,Figure 3 / %  heparin,human platelets / PRP / whole blood (per source methods),"STAGED RAW VALUE — not validated, not adjudicated, not entered in the dataset"
SEW-00951,Figure 3,Figure 3!A70,%  heparin,0.0013717421124828531,,,0.0013717421124828531,,,,Figure 3 / %  heparin,human platelets / PRP / whole blood (per source methods),"STAGED RAW VALUE — not validated, not adjudicated, not entered in the dataset"
SEW-00952,Figure 3,Figure 3!B70,%  heparin,0.0013717421124828531,1,1,17.827029631414117,,,,Figure 3 / %  heparin,human platelets / PRP / whole blood (per source methods),"STAGED RAW VALUE — not validated, not adjudicated, not entered in the dataset"
SEW-00953,Figure 3,Figure 3!C70,%  heparin,0.0013717421124828531,2,2,17.297036858588292,,,,Figure 3 / %  heparin,human platelets / PRP / whole blood (per source methods),"STAGED RAW VALUE — not validated, not adjudicated, not entered in the dataset"
SEW-00954,Figure 3,Figure 3!D70,%  heparin,0.0013717421124828531,3,3,18.768920282542886,,,,Figure 3 / %  heparin,human platelets / PRP / whole blood (per source methods),"STAGED RAW VALUE — not validated, not adjudicated, not entered in the dataset"
SEW-00955,Figure 3,Figure 3!E70,%  heparin,0.0013717421124828531,4,4,19.17255297679112,,,,Figure 3 / %  heparin,human platelets / PRP / whole blood (per source methods),"STAGED RAW VALUE — not validated, not adjudicated, not entered in the dataset"
SEW-00956,Figure 3,Figure 3!F70,%  heparin,0.0013717421124828531,mean,mean,18.266384937334102,,,,Figure 3 / %  heparin,human platelets / PRP / whole blood (per source methods),"STAGED RAW VALUE — not validated, not adjudicated, not entered in the dataset"
SEW-00957,Figure 3,Figure 3!G70,%  heparin,0.0013717421124828531,SD,SD,0.8575840233908522,,,,Figure 3 / %  heparin,human platelets / PRP / whole blood (per source methods),"STAGED RAW VALUE — not validated, not adjudicated, not entered in the dataset"
SEW-00958,Figure 4,Figure 4!A3,[ATPi] in M,0,,,0,,,,Figure 4 / [ATPi] in M,human platelets / PRP / whole blood (per source methods),"STAGED RAW VALUE — not validated, not adjudicated, not entered in the dataset"
SEW-00959,Figure 4,Figure 4!B3,[ATPi] in M,0,,,0.752,,,,Figure 4 / [ATPi] in M,human platelets / PRP / whole blood (per source methods),"STAGED RAW VALUE — not validated, not adjudicated, not entered in the dataset"
SEW-00960,Figure 4,Figure 4!C3,[ATPi] in M,0,,,0.859,,,,Figure 4 / [ATPi] in M,human platelets / PRP / whole blood (per source methods),"STAGED RAW VALUE — not validated, not adjudicated, not entered in the dataset"
SEW-00961,Figure 4,Figure 4!D3,[ATPi] in M,0,,,1.069,,,,Figure 4 / [ATPi] in M,human platelets / PRP / whole blood (per source methods),"STAGED RAW VALUE — not validated, not adjudicated, not entered in the dataset"
SEW-00962,Figure 4,Figure 4!E3,[ATPi] in M,0,,,1.074,,,,Figure 4 / [ATPi] in M,human platelets / PRP / whole blood (per source methods),"STAGED RAW VALUE — not validated, not adjudicated, not entered in the dataset"
SEW-00963,Figure 4,Figure 4!G3,[ATPi] in M,0,,,0,,,,Figure 4 / [ATPi] in M,human platelets / PRP / whole blood (per source methods),"STAGED RAW VALUE — not validated, not adjudicated, not entered in the dataset"
SEW-00964,Figure 4,Figure 4!H3,[ATPi] in M,0,,,0.801,,,,Figure 4 / [ATPi] in M,human platelets / PRP / whole blood (per source methods),"STAGED RAW VALUE — not validated, not adjudicated, not entered in the dataset"
SEW-00965,Figure 4,Figure 4!I3,[ATPi] in M,0,,,1.023,,,,Figure 4 / [ATPi] in M,human platelets / PRP / whole blood (per source methods),"STAGED RAW VALUE — not validated, not adjudicated, not entered in the dataset"
SEW-00966,Figure 4,Figure 4!J3,[ATPi] in M,0,,,1.344,,,,Figure 4 / [ATPi] in M,human platelets / PRP / whole blood (per source methods),"STAGED RAW VALUE — not validated, not adjudicated, not entered in the dataset"
SEW-00967,Figure 4,Figure 4!K3,[ATPi] in M,0,,,0.813,,,,Figure 4 / [ATPi] in M,human platelets / PRP / whole blood (per source methods),"STAGED RAW VALUE — not validated, not adjudicated, not entered in the dataset"
SEW-00968,Figure 4,Figure 4!M3,[ATPi] in M,0,,,0,,,,Figure 4 / [ATPi] in M,human platelets / PRP / whole blood (per source methods),"STAGED RAW VALUE — not validated, not adjudicated, not entered in the dataset"
SEW-00969,Figure 4,Figure 4!N3,[ATPi] in M,0,[ATPi] in M,[ATPi] in M,0.88,,,,Figure 4 / [ATPi] in M,human platelets / PRP / whole blood (per source methods),"STAGED RAW VALUE — not validated, not adjudicated, not entered in the dataset"
SEW-00970,Figure 4,Figure 4!O3,[ATPi] in M,0,,,0.89,,,,Figure 4 / [ATPi] in M,human platelets / PRP / whole blood (per source methods),"STAGED RAW VALUE — not validated, not adjudicated, not entered in the dataset"
SEW-00971,Figure 4,Figure 4!P3,[ATPi] in M,0,,,0.958,,,,Figure 4 / [ATPi] in M,human platelets / PRP / whole blood (per source methods),"STAGED RAW VALUE — not validated, not adjudicated, not entered in the dataset"
SEW-00972,Figure 4,Figure 4!Q3,[ATPi] in M,0,,,1.074,,,,Figure 4 / [ATPi] in M,human platelets / PRP / whole blood (per source methods),"STAGED RAW VALUE — not validated, not adjudicated, not entered in the dataset"
SEW-00973,Figure 4,Figure 4!A4,[ATPi] in M,0.78125,,,0.78125,,,,Figure 4 / [ATPi] in M,human platelets / PRP / whole blood (per source methods),"STAGED RAW VALUE — not validated, not adjudicated, not entered in the dataset"
SEW-00974,Figure 4,Figure 4!B4,[ATPi] in M,0.78125,,,1.054,,,,Figure 4 / [ATPi] in M,human platelets / PRP / whole blood (per source methods),"STAGED RAW VALUE — not validated, not adjudicated, not entered in the dataset"
SEW-00975,Figure 4,Figure 4!C4,[ATPi] in M,0.78125,,,1.154,,,,Figure 4 / [ATPi] in M,human platelets / PRP / whole blood (per source methods),"STAGED RAW VALUE — not validated, not adjudicated, not entered in the dataset"
SEW-00976,Figure 4,Figure 4!D4,[ATPi] in M,0.78125,,,0.823,,,,Figure 4 / [ATPi] in M,human platelets / PRP / whole blood (per source methods),"STAGED RAW VALUE — not validated, not adjudicated, not entered in the dataset"
SEW-00977,Figure 4,Figure 4!E4,[ATPi] in M,0.78125,,,1.284,,,,Figure 4 / [ATPi] in M,human platelets / PRP / whole blood (per source methods),"STAGED RAW VALUE — not validated, not adjudicated, not entered in the dataset"
SEW-00978,Figure 4,Figure 4!G4,[ATPi] in M,0.78125,,,0.78125,,,,Figure 4 / [ATPi] in M,human platelets / PRP / whole blood (per source methods),"STAGED RAW VALUE — not validated, not adjudicated, not entered in the dataset"
SEW-00979,Figure 4,Figure 4!H4,[ATPi] in M,0.78125,,,1.025,,,,Figure 4 / [ATPi] in M,human platelets / PRP / whole blood (per source methods),"STAGED RAW VALUE — not validated, not adjudicated, not entered in the dataset"
SEW-00980,Figure 4,Figure 4!I4,[ATPi] in M,0.78125,,,1.131,,,,Figure 4 / [ATPi] in M,human platelets / PRP / whole blood (per source methods),"STAGED RAW VALUE — not validated, not adjudicated, not entered in the dataset"
SEW-00981,Figure 4,Figure 4!J4,[ATPi] in M,0.78125,,,1.029,,,,Figure 4 / [ATPi] in M,human platelets / PRP / whole blood (per source methods),"STAGED RAW VALUE — not validated, not adjudicated, not entered in the dataset"
SEW-00982,Figure 4,Figure 4!K4,[ATPi] in M,0.78125,,,1.12,,,,Figure 4 / [ATPi] in M,human platelets / PRP / whole blood (per source methods),"STAGED RAW VALUE — not validated, not adjudicated, not entered in the dataset"
SEW-00983,Figure 4,Figure 4!M4,[ATPi] in M,0.78125,,,0.78125,,,,Figure 4 / [ATPi] in M,human platelets / PRP / whole blood (per source methods),"STAGED RAW VALUE — not validated, not adjudicated, not entered in the dataset"
SEW-00984,Figure 4,Figure 4!N4,[ATPi] in M,0.78125,[ATPi] in M,[ATPi] in M,1.127,,,,Figure 4 / [ATPi] in M,human platelets / PRP / whole blood (per source methods),"STAGED RAW VALUE — not validated, not adjudicated, not entered in the dataset"
SEW-00985,Figure 4,Figure 4!O4,[ATPi] in M,0.78125,,,0.937,,,,Figure 4 / [ATPi] in M,human platelets / PRP / whole blood (per source methods),"STAGED RAW VALUE — not validated, not adjudicated, not entered in the dataset"
SEW-00986,Figure 4,Figure 4!P4,[ATPi] in M,0.78125,,,1.21,,,,Figure 4 / [ATPi] in M,human platelets / PRP / whole blood (per source methods),"STAGED RAW VALUE — not validated, not adjudicated, not entered in the dataset"
SEW-00987,Figure 4,Figure 4!Q4,[ATPi] in M,0.78125,,,0.909,,,,Figure 4 / [ATPi] in M,human platelets / PRP / whole blood (per source methods),"STAGED RAW VALUE — not validated, not adjudicated, not entered in the dataset"
SEW-00988,Figure 4,Figure 4!A5,[ATPi] in M,1.5625,,,1.5625,,,,Figure 4 / [ATPi] in M,human platelets / PRP / whole blood (per source methods),"STAGED RAW VALUE — not validated, not adjudicated, not entered in the dataset"
SEW-00989,Figure 4,Figure 4!B5,[ATPi] in M,1.5625,,,1.071,,,,Figure 4 / [ATPi] in M,human platelets / PRP / whole blood (per source methods),"STAGED RAW VALUE — not validated, not adjudicated, not entered in the dataset"
SEW-00990,Figure 4,Figure 4!C5,[ATPi] in M,1.5625,,,0.845,,,,Figure 4 / [ATPi] in M,human platelets / PRP / whole blood (per source methods),"STAGED RAW VALUE — not validated, not adjudicated, not entered in the dataset"
SEW-00991,Figure 4,Figure 4!D5,[ATPi] in M,1.5625,,,0.99,,,,Figure 4 / [ATPi] in M,human platelets / PRP / whole blood (per source methods),"STAGED RAW VALUE — not validated, not adjudicated, not entered in the dataset"
SEW-00992,Figure 4,Figure 4!E5,[ATPi] in M,1.5625,,,0.992,,,,Figure 4 / [ATPi] in M,human platelets / PRP / whole blood (per source methods),"STAGED RAW VALUE — not validated, not adjudicated, not entered in the dataset"
SEW-00993,Figure 4,Figure 4!G5,[ATPi] in M,1.5625,,,1.5625,,,,Figure 4 / [ATPi] in M,human platelets / PRP / whole blood (per source methods),"STAGED RAW VALUE — not validated, not adjudicated, not entered in the dataset"
SEW-00994,Figure 4,Figure 4!H5,[ATPi] in M,1.5625,,,1.214,,,,Figure 4 / [ATPi] in M,human platelets / PRP / whole blood (per source methods),"STAGED RAW VALUE — not validated, not adjudicated, not entered in the dataset"
SEW-00995,Figure 4,Figure 4!I5,[ATPi] in M,1.5625,,,1.188,,,,Figure 4 / [ATPi] in M,human platelets / PRP / whole blood (per source methods),"STAGED RAW VALUE — not validated, not adjudicated, not entered in the dataset"
SEW-00996,Figure 4,Figure 4!J5,[ATPi] in M,1.5625,,,1.174,,,,Figure 4 / [ATPi] in M,human platelets / PRP / whole blood (per source methods),"STAGED RAW VALUE — not validated, not adjudicated, not entered in the dataset"
SEW-00997,Figure 4,Figure 4!K5,[ATPi] in M,1.5625,,,1.02,,,,Figure 4 / [ATPi] in M,human platelets / PRP / whole blood (per source methods),"STAGED RAW VALUE — not validated, not adjudicated, not entered in the dataset"
SEW-00998,Figure 4,Figure 4!M5,[ATPi] in M,1.5625,,,1.5625,,,,Figure 4 / [ATPi] in M,human platelets / PRP / whole blood (per source methods),"STAGED RAW VALUE — not validated, not adjudicated, not entered in the dataset"
SEW-00999,Figure 4,Figure 4!N5,[ATPi] in M,1.5625,[ATPi] in M,[ATPi] in M,1.18,,,,Figure 4 / [ATPi] in M,human platelets / PRP / whole blood (per source methods),"STAGED RAW VALUE — not validated, not adjudicated, not entered in the dataset"
SEW-01000,Figure 4,Figure 4!O5,[ATPi] in M,1.5625,,,1.215,,,,Figure 4 / [ATPi] in M,human platelets / PRP / whole blood (per source methods),"STAGED RAW VALUE — not validated, not adjudicated, not entered in the dataset"
SEW-01001,Figure 4,Figure 4!P5,[ATPi] in M,1.5625,,,1.294,,,,Figure 4 / [ATPi] in M,human platelets / PRP / whole blood (per source methods),"STAGED RAW VALUE — not validated, not adjudicated, not entered in the dataset"
SEW-01002,Figure 4,Figure 4!Q5,[ATPi] in M,1.5625,,,1.101,,,,Figure 4 / [ATPi] in M,human platelets / PRP / whole blood (per source methods),"STAGED RAW VALUE — not validated, not adjudicated, not entered in the dataset"
SEW-01003,Figure 4,Figure 4!A6,[ATPi] in M,3.125,,,3.125,,,,Figure 4 / [ATPi] in M,human platelets / PRP / whole blood (per source methods),"STAGED RAW VALUE — not validated, not adjudicated, not entered in the dataset"
SEW-01004,Figure 4,Figure 4!B6,[ATPi] in M,3.125,,,1.033,,,,Figure 4 / [ATPi] in M,human platelets / PRP / whole blood (per source methods),"STAGED RAW VALUE — not validated, not adjudicated, not entered in the dataset"
SEW-01005,Figure 4,Figure 4!C6,[ATPi] in M,3.125,,,1.217,,,,Figure 4 / [ATPi] in M,human platelets / PRP / whole blood (per source methods),"STAGED RAW VALUE — not validated, not adjudicated, not entered in the dataset"
SEW-01006,Figure 4,Figure 4!D6,[ATPi] in M,3.125,,,1.444,,,,Figure 4 / [ATPi] in M,human platelets / PRP / whole blood (per source methods),"STAGED RAW VALUE — not validated, not adjudicated, not entered in the dataset"
SEW-01007,Figure 4,Figure 4!E6,[ATPi] in M,3.125,,,1.022,,,,Figure 4 / [ATPi] in M,human platelets / PRP / whole blood (per source methods),"STAGED RAW VALUE — not validated, not adjudicated, not entered in the dataset"
SEW-01008,Figure 4,Figure 4!G6,[ATPi] in M,3.125,,,3.125,,,,Figure 4 / [ATPi] in M,human platelets / PRP / whole blood (per source methods),"STAGED RAW VALUE — not validated, not adjudicated, not entered in the dataset"
SEW-01009,Figure 4,Figure 4!H6,[ATPi] in M,3.125,,,1.088,,,,Figure 4 / [ATPi] in M,human platelets / PRP / whole blood (per source methods),"STAGED RAW VALUE — not validated, not adjudicated, not entered in the dataset"
SEW-01010,Figure 4,Figure 4!I6,[ATPi] in M,3.125,,,0.977,,,,Figure 4 / [ATPi] in M,human platelets / PRP / whole blood (per source methods),"STAGED RAW VALUE — not validated, not adjudicated, not entered in the dataset"
SEW-01011,Figure 4,Figure 4!J6,[ATPi] in M,3.125,,,1.019,,,,Figure 4 / [ATPi] in M,human platelets / PRP / whole blood (per source methods),"STAGED RAW VALUE — not validated, not adjudicated, not entered in the dataset"
SEW-01012,Figure 4,Figure 4!K6,[ATPi] in M,3.125,,,1.134,,,,Figure 4 / [ATPi] in M,human platelets / PRP / whole blood (per source methods),"STAGED RAW VALUE — not validated, not adjudicated, not entered in the dataset"
SEW-01013,Figure 4,Figure 4!M6,[ATPi] in M,3.125,,,3.125,,,,Figure 4 / [ATPi] in M,human platelets / PRP / whole blood (per source methods),"STAGED RAW VALUE — not validated, not adjudicated, not entered in the dataset"
SEW-01014,Figure 4,Figure 4!N6,[ATPi] in M,3.125,[ATPi] in M,[ATPi] in M,1.322,,,,Figure 4 / [ATPi] in M,human platelets / PRP / whole blood (per source methods),"STAGED RAW VALUE — not validated, not adjudicated, not entered in the dataset"
SEW-01015,Figure 4,Figure 4!O6,[ATPi] in M,3.125,,,0.755,,,,Figure 4 / [ATPi] in M,human platelets / PRP / whole blood (per source methods),"STAGED RAW VALUE — not validated, not adjudicated, not entered in the dataset"
SEW-01016,Figure 4,Figure 4!P6,[ATPi] in M,3.125,,,1.206,,,,Figure 4 / [ATPi] in M,human platelets / PRP / whole blood (per source methods),"STAGED RAW VALUE — not validated, not adjudicated, not entered in the dataset"
SEW-01017,Figure 4,Figure 4!Q6,[ATPi] in M,3.125,,,1.086,,,,Figure 4 / [ATPi] in M,human platelets / PRP / whole blood (per source methods),"STAGED RAW VALUE — not validated, not adjudicated, not entered in the dataset"
SEW-01018,Figure 4,Figure 4!A7,[ATPi] in M,6.25,,,6.25,,,,Figure 4 / [ATPi] in M,human platelets / PRP / whole blood (per source methods),"STAGED RAW VALUE — not validated, not adjudicated, not entered in the dataset"
SEW-01019,Figure 4,Figure 4!B7,[ATPi] in M,6.25,,,0.976,,,,Figure 4 / [ATPi] in M,human platelets / PRP / whole blood (per source methods),"STAGED RAW VALUE — not validated, not adjudicated, not entered in the dataset"
SEW-01020,Figure 4,Figure 4!C7,[ATPi] in M,6.25,,,1.076,,,,Figure 4 / [ATPi] in M,human platelets / PRP / whole blood (per source methods),"STAGED RAW VALUE — not validated, not adjudicated, not entered in the dataset"
SEW-01021,Figure 4,Figure 4!D7,[ATPi] in M,6.25,,,1.11,,,,Figure 4 / [ATPi] in M,human platelets / PRP / whole blood (per source methods),"STAGED RAW VALUE — not validated, not adjudicated, not entered in the dataset"
SEW-01022,Figure 4,Figure 4!E7,[ATPi] in M,6.25,,,0.944,,,,Figure 4 / [ATPi] in M,human platelets / PRP / whole blood (per source methods),"STAGED RAW VALUE — not validated, not adjudicated, not entered in the dataset"
SEW-01023,Figure 4,Figure 4!G7,[ATPi] in M,6.25,,,6.25,,,,Figure 4 / [ATPi] in M,human platelets / PRP / whole blood (per source methods),"STAGED RAW VALUE — not validated, not adjudicated, not entered in the dataset"
SEW-01024,Figure 4,Figure 4!H7,[ATPi] in M,6.25,,,1.242,,,,Figure 4 / [ATPi] in M,human platelets / PRP / whole blood (per source methods),"STAGED RAW VALUE — not validated, not adjudicated, not entered in the dataset"
SEW-01025,Figure 4,Figure 4!I7,[ATPi] in M,6.25,,,1.129,,,,Figure 4 / [ATPi] in M,human platelets / PRP / whole blood (per source methods),"STAGED RAW VALUE — not validated, not adjudicated, not entered in the dataset"
SEW-01026,Figure 4,Figure 4!J7,[ATPi] in M,6.25,,,1.055,,,,Figure 4 / [ATPi] in M,human platelets / PRP / whole blood (per source methods),"STAGED RAW VALUE — not validated, not adjudicated, not entered in the dataset"
SEW-01027,Figure 4,Figure 4!K7,[ATPi] in M,6.25,,,1.017,,,,Figure 4 / [ATPi] in M,human platelets / PRP / whole blood (per source methods),"STAGED RAW VALUE — not validated, not adjudicated, not entered in the dataset"
SEW-01028,Figure 4,Figure 4!M7,[ATPi] in M,6.25,,,6.25,,,,Figure 4 / [ATPi] in M,human platelets / PRP / whole blood (per source methods),"STAGED RAW VALUE — not validated, not adjudicated, not entered in the dataset"
SEW-01029,Figure 4,Figure 4!N7,[ATPi] in M,6.25,[ATPi] in M,[ATPi] in M,1.072,,,,Figure 4 / [ATPi] in M,human platelets / PRP / whole blood (per source methods),"STAGED RAW VALUE — not validated, not adjudicated, not entered in the dataset"
SEW-01030,Figure 4,Figure 4!O7,[ATPi] in M,6.25,,,1.202,,,,Figure 4 / [ATPi] in M,human platelets / PRP / whole blood (per source methods),"STAGED RAW VALUE — not validated, not adjudicated, not entered in the dataset"
SEW-01031,Figure 4,Figure 4!P7,[ATPi] in M,6.25,,,1.073,,,,Figure 4 / [ATPi] in M,human platelets / PRP / whole blood (per source methods),"STAGED RAW VALUE — not validated, not adjudicated, not entered in the dataset"
SEW-01032,Figure 4,Figure 4!Q7,[ATPi] in M,6.25,,,1.079,,,,Figure 4 / [ATPi] in M,human platelets / PRP / whole blood (per source methods),"STAGED RAW VALUE — not validated, not adjudicated, not entered in the dataset"
SEW-01033,Figure 4,Figure 4!A8,[ATPi] in M,12.5,,,12.5,,,,Figure 4 / [ATPi] in M,human platelets / PRP / whole blood (per source methods),"STAGED RAW VALUE — not validated, not adjudicated, not entered in the dataset"
SEW-01034,Figure 4,Figure 4!B8,[ATPi] in M,12.5,,,1.164,,,,Figure 4 / [ATPi] in M,human platelets / PRP / whole blood (per source methods),"STAGED RAW VALUE — not validated, not adjudicated, not entered in the dataset"
SEW-01035,Figure 4,Figure 4!C8,[ATPi] in M,12.5,,,1.236,,,,Figure 4 / [ATPi] in M,human platelets / PRP / whole blood (per source methods),"STAGED RAW VALUE — not validated, not adjudicated, not entered in the dataset"
SEW-01036,Figure 4,Figure 4!D8,[ATPi] in M,12.5,,,0.787,,,,Figure 4 / [ATPi] in M,human platelets / PRP / whole blood (per source methods),"STAGED RAW VALUE — not validated, not adjudicated, not entered in the dataset"
SEW-01037,Figure 4,Figure 4!E8,[ATPi] in M,12.5,,,1.057,,,,Figure 4 / [ATPi] in M,human platelets / PRP / whole blood (per source methods),"STAGED RAW VALUE — not validated, not adjudicated, not entered in the dataset"
SEW-01038,Figure 4,Figure 4!G8,[ATPi] in M,12.5,,,12.5,,,,Figure 4 / [ATPi] in M,human platelets / PRP / whole blood (per source methods),"STAGED RAW VALUE — not validated, not adjudicated, not entered in the dataset"
SEW-01039,Figure 4,Figure 4!H8,[ATPi] in M,12.5,,,1.27,,,,Figure 4 / [ATPi] in M,human platelets / PRP / whole blood (per source methods),"STAGED RAW VALUE — not validated, not adjudicated, not entered in the dataset"
SEW-01040,Figure 4,Figure 4!I8,[ATPi] in M,12.5,,,1.351,,,,Figure 4 / [ATPi] in M,human platelets / PRP / whole blood (per source methods),"STAGED RAW VALUE — not validated, not adjudicated, not entered in the dataset"
SEW-01041,Figure 4,Figure 4!J8,[ATPi] in M,12.5,,,1.427,,,,Figure 4 / [ATPi] in M,human platelets / PRP / whole blood (per source methods),"STAGED RAW VALUE — not validated, not adjudicated, not entered in the dataset"
SEW-01042,Figure 4,Figure 4!K8,[ATPi] in M,12.5,,,1.241,,,,Figure 4 / [ATPi] in M,human platelets / PRP / whole blood (per source methods),"STAGED RAW VALUE — not validated, not adjudicated, not entered in the dataset"
SEW-01043,Figure 4,Figure 4!M8,[ATPi] in M,12.5,,,12.5,,,,Figure 4 / [ATPi] in M,human platelets / PRP / whole blood (per source methods),"STAGED RAW VALUE — not validated, not adjudicated, not entered in the dataset"
SEW-01044,Figure 4,Figure 4!N8,[ATPi] in M,12.5,[ATPi] in M,[ATPi] in M,1.316,,,,Figure 4 / [ATPi] in M,human platelets / PRP / whole blood (per source methods),"STAGED RAW VALUE — not validated, not adjudicated, not entered in the dataset"
SEW-01045,Figure 4,Figure 4!O8,[ATPi] in M,12.5,,,0.965,,,,Figure 4 / [ATPi] in M,human platelets / PRP / whole blood (per source methods),"STAGED RAW VALUE — not validated, not adjudicated, not entered in the dataset"
SEW-01046,Figure 4,Figure 4!P8,[ATPi] in M,12.5,,,1.296,,,,Figure 4 / [ATPi] in M,human platelets / PRP / whole blood (per source methods),"STAGED RAW VALUE — not validated, not adjudicated, not entered in the dataset"
SEW-01047,Figure 4,Figure 4!Q8,[ATPi] in M,12.5,,,0.998,,,,Figure 4 / [ATPi] in M,human platelets / PRP / whole blood (per source methods),"STAGED RAW VALUE — not validated, not adjudicated, not entered in the dataset"
SEW-01048,Figure 4,Figure 4!A12,[ATPi] in M,0,,,0,,,,Figure 4 / [ATPi] in M,human platelets / PRP / whole blood (per source methods),"STAGED RAW VALUE — not validated, not adjudicated, not entered in the dataset"
SEW-01049,Figure 4,Figure 4!B12,[ATPi] in M,0,,,0.906,,,,Figure 4 / [ATPi] in M,human platelets / PRP / whole blood (per source methods),"STAGED RAW VALUE — not validated, not adjudicated, not entered in the dataset"
SEW-01050,Figure 4,Figure 4!C12,[ATPi] in M,0,,,0.862,,,,Figure 4 / [ATPi] in M,human platelets / PRP / whole blood (per source methods),"STAGED RAW VALUE — not validated, not adjudicated, not entered in the dataset"
SEW-01051,Figure 4,Figure 4!D12,[ATPi] in M,0,,,1.004,,,,Figure 4 / [ATPi] in M,human platelets / PRP / whole blood (per source methods),"STAGED RAW VALUE — not validated, not adjudicated, not entered in the dataset"
SEW-01052,Figure 4,Figure 4!E12,[ATPi] in M,0,,,0.939,,,,Figure 4 / [ATPi] in M,human platelets / PRP / whole blood (per source methods),"STAGED RAW VALUE — not validated, not adjudicated, not entered in the dataset"
SEW-01053,Figure 4,Figure 4!G12,[ATPi] in M,0,,,0,,,,Figure 4 / [ATPi] in M,human platelets / PRP / whole blood (per source methods),"STAGED RAW VALUE — not validated, not adjudicated, not entered in the dataset"
SEW-01054,Figure 4,Figure 4!H12,[ATPi] in M,0,,,1.064,,,,Figure 4 / [ATPi] in M,human platelets / PRP / whole blood (per source methods),"STAGED RAW VALUE — not validated, not adjudicated, not entered in the dataset"
SEW-01055,Figure 4,Figure 4!I12,[ATPi] in M,0,,,0.91,,,,Figure 4 / [ATPi] in M,human platelets / PRP / whole blood (per source methods),"STAGED RAW VALUE — not validated, not adjudicated, not entered in the dataset"
SEW-01056,Figure 4,Figure 4!J12,[ATPi] in M,0,,,0.783,,,,Figure 4 / [ATPi] in M,human platelets / PRP / whole blood (per source methods),"STAGED RAW VALUE — not validated, not adjudicated, not entered in the dataset"
SEW-01057,Figure 4,Figure 4!K12,[ATPi] in M,0,,,0.83,,,,Figure 4 / [ATPi] in M,human platelets / PRP / whole blood (per source methods),"STAGED RAW VALUE — not validated, not adjudicated, not entered in the dataset"
SEW-01058,Figure 4,Figure 4!M12,[ATPi] in M,0,,,0,,,,Figure 4 / [ATPi] in M,human platelets / PRP / whole blood (per source methods),"STAGED RAW VALUE — not validated, not adjudicated, not entered in the dataset"
SEW-01059,Figure 4,Figure 4!N12,[ATPi] in M,0,[ATPi] in M,[ATPi] in M,0.89,,,,Figure 4 / [ATPi] in M,human platelets / PRP / whole blood (per source methods),"STAGED RAW VALUE — not validated, not adjudicated, not entered in the dataset"
SEW-01060,Figure 4,Figure 4!O12,[ATPi] in M,0,,,0.782,,,,Figure 4 / [ATPi] in M,human platelets / PRP / whole blood (per source methods),"STAGED RAW VALUE — not validated, not adjudicated, not entered in the dataset"
SEW-01061,Figure 4,Figure 4!P12,[ATPi] in M,0,,,0.864,,,,Figure 4 / [ATPi] in M,human platelets / PRP / whole blood (per source methods),"STAGED RAW VALUE — not validated, not adjudicated, not entered in the dataset"
SEW-01062,Figure 4,Figure 4!Q12,[ATPi] in M,0,,,0.923,,,,Figure 4 / [ATPi] in M,human platelets / PRP / whole blood (per source methods),"STAGED RAW VALUE — not validated, not adjudicated, not entered in the dataset"
SEW-01063,Figure 4,Figure 4!A13,[ATPi] in M,0.78125,,,0.78125,,,,Figure 4 / [ATPi] in M,human platelets / PRP / whole blood (per source methods),"STAGED RAW VALUE — not validated, not adjudicated, not entered in the dataset"
SEW-01064,Figure 4,Figure 4!B13,[ATPi] in M,0.78125,,,1.258,,,,Figure 4 / [ATPi] in M,human platelets / PRP / whole blood (per source methods),"STAGED RAW VALUE — not validated, not adjudicated, not entered in the dataset"
SEW-01065,Figure 4,Figure 4!C13,[ATPi] in M,0.78125,,,1.001,,,,Figure 4 / [ATPi] in M,human platelets / PRP / whole blood (per source methods),"STAGED RAW VALUE — not validated, not adjudicated, not entered in the dataset"
SEW-01066,Figure 4,Figure 4!D13,[ATPi] in M,0.78125,,,1.215,,,,Figure 4 / [ATPi] in M,human platelets / PRP / whole blood (per source methods),"STAGED RAW VALUE — not validated, not adjudicated, not entered in the dataset"
SEW-01067,Figure 4,Figure 4!E13,[ATPi] in M,0.78125,,,1.035,,,,Figure 4 / [ATPi] in M,human platelets / PRP / whole blood (per source methods),"STAGED RAW VALUE — not validated, not adjudicated, not entered in the dataset"
SEW-01068,Figure 4,Figure 4!G13,[ATPi] in M,0.78125,,,0.78125,,,,Figure 4 / [ATPi] in M,human platelets / PRP / whole blood (per source methods),"STAGED RAW VALUE — not validated, not adjudicated, not entered in the dataset"
SEW-01069,Figure 4,Figure 4!H13,[ATPi] in M,0.78125,,,1.015,,,,Figure 4 / [ATPi] in M,human platelets / PRP / whole blood (per source methods),"STAGED RAW VALUE — not validated, not adjudicated, not entered in the dataset"
SEW-01070,Figure 4,Figure 4!I13,[ATPi] in M,0.78125,,,0.845,,,,Figure 4 / [ATPi] in M,human platelets / PRP / whole blood (per source methods),"STAGED RAW VALUE — not validated, not adjudicated, not entered in the dataset"
SEW-01071,Figure 4,Figure 4!J13,[ATPi] in M,0.78125,,,0.942,,,,Figure 4 / [ATPi] in M,human platelets / PRP / whole blood (per source methods),"STAGED RAW VALUE — not validated, not adjudicated, not entered in the dataset"
SEW-01072,Figure 4,Figure 4!K13,[ATPi] in M,0.78125,,,1.246,,,,Figure 4 / [ATPi] in M,human platelets / PRP / whole blood (per source methods),"STAGED RAW VALUE — not validated, not adjudicated, not entered in the dataset"
SEW-01073,Figure 4,Figure 4!M13,[ATPi] in M,0.78125,,,0.78125,,,,Figure 4 / [ATPi] in M,human platelets / PRP / whole blood (per source methods),"STAGED RAW VALUE — not validated, not adjudicated, not entered in the dataset"
SEW-01074,Figure 4,Figure 4!N13,[ATPi] in M,0.78125,[ATPi] in M,[ATPi] in M,1.169,,,,Figure 4 / [ATPi] in M,human platelets / PRP / whole blood (per source methods),"STAGED RAW VALUE — not validated, not adjudicated, not entered in the dataset"
SEW-01075,Figure 4,Figure 4!O13,[ATPi] in M,0.78125,,,1.036,,,,Figure 4 / [ATPi] in M,human platelets / PRP / whole blood (per source methods),"STAGED RAW VALUE — not validated, not adjudicated, not entered in the dataset"
SEW-01076,Figure 4,Figure 4!P13,[ATPi] in M,0.78125,,,0.822,,,,Figure 4 / [ATPi] in M,human platelets / PRP / whole blood (per source methods),"STAGED RAW VALUE — not validated, not adjudicated, not entered in the dataset"
SEW-01077,Figure 4,Figure 4!Q13,[ATPi] in M,0.78125,,,0.93,,,,Figure 4 / [ATPi] in M,human platelets / PRP / whole blood (per source methods),"STAGED RAW VALUE — not validated, not adjudicated, not entered in the dataset"
SEW-01078,Figure 4,Figure 4!A14,[ATPi] in M,1.5625,,,1.5625,,,,Figure 4 / [ATPi] in M,human platelets / PRP / whole blood (per source methods),"STAGED RAW VALUE — not validated, not adjudicated, not entered in the dataset"
SEW-01079,Figure 4,Figure 4!B14,[ATPi] in M,1.5625,,,0.835,,,,Figure 4 / [ATPi] in M,human platelets / PRP / whole blood (per source methods),"STAGED RAW VALUE — not validated, not adjudicated, not entered in the dataset"
SEW-01080,Figure 4,Figure 4!C14,[ATPi] in M,1.5625,,,0.934,,,,Figure 4 / [ATPi] in M,human platelets / PRP / whole blood (per source methods),"STAGED RAW VALUE — not validated, not adjudicated, not entered in the dataset"
SEW-01081,Figure 4,Figure 4!D14,[ATPi] in M,1.5625,,,1.042,,,,Figure 4 / [ATPi] in M,human platelets / PRP / whole blood (per source methods),"STAGED RAW VALUE — not validated, not adjudicated, not entered in the dataset"
SEW-01082,Figure 4,Figure 4!E14,[ATPi] in M,1.5625,,,1.271,,,,Figure 4 / [ATPi] in M,human platelets / PRP / whole blood (per source methods),"STAGED RAW VALUE — not validated, not adjudicated, not entered in the dataset"
SEW-01083,Figure 4,Figure 4!G14,[ATPi] in M,1.5625,,,1.5625,,,,Figure 4 / [ATPi] in M,human platelets / PRP / whole blood (per source methods),"STAGED RAW VALUE — not validated, not adjudicated, not entered in the dataset"
SEW-01084,Figure 4,Figure 4!H14,[ATPi] in M,1.5625,,,0.951,,,,Figure 4 / [ATPi] in M,human platelets / PRP / whole blood (per source methods),"STAGED RAW VALUE — not validated, not adjudicated, not entered in the dataset"
SEW-01085,Figure 4,Figure 4!I14,[ATPi] in M,1.5625,,,1.099,,,,Figure 4 / [ATPi] in M,human platelets / PRP / whole blood (per source methods),"STAGED RAW VALUE — not validated, not adjudicated, not entered in the dataset"
SEW-01086,Figure 4,Figure 4!J14,[ATPi] in M,1.5625,,,0.936,,,,Figure 4 / [ATPi] in M,human platelets / PRP / whole blood (per source methods),"STAGED RAW VALUE — not validated, not adjudicated, not entered in the dataset"
SEW-01087,Figure 4,Figure 4!K14,[ATPi] in M,1.5625,,,1.284,,,,Figure 4 / [ATPi] in M,human platelets / PRP / whole blood (per source methods),"STAGED RAW VALUE — not validated, not adjudicated, not entered in the dataset"
SEW-01088,Figure 4,Figure 4!M14,[ATPi] in M,1.5625,,,1.5625,,,,Figure 4 / [ATPi] in M,human platelets / PRP / whole blood (per source methods),"STAGED RAW VALUE — not validated, not adjudicated, not entered in the dataset"
SEW-01089,Figure 4,Figure 4!N14,[ATPi] in M,1.5625,[ATPi] in M,[ATPi] in M,1.232,,,,Figure 4 / [ATPi] in M,human platelets / PRP / whole blood (per source methods),"STAGED RAW VALUE — not validated, not adjudicated, not entered in the dataset"
SEW-01090,Figure 4,Figure 4!O14,[ATPi] in M,1.5625,,,0.882,,,,Figure 4 / [ATPi] in M,human platelets / PRP / whole blood (per source methods),"STAGED RAW VALUE — not validated, not adjudicated, not entered in the dataset"
SEW-01091,Figure 4,Figure 4!P14,[ATPi] in M,1.5625,,,0.896,,,,Figure 4 / [ATPi] in M,human platelets / PRP / whole blood (per source methods),"STAGED RAW VALUE — not validated, not adjudicated, not entered in the dataset"
SEW-01092,Figure 4,Figure 4!Q14,[ATPi] in M,1.5625,,,0.996,,,,Figure 4 / [ATPi] in M,human platelets / PRP / whole blood (per source methods),"STAGED RAW VALUE — not validated, not adjudicated, not entered in the dataset"
SEW-01093,Figure 4,Figure 4!A15,[ATPi] in M,3.125,,,3.125,,,,Figure 4 / [ATPi] in M,human platelets / PRP / whole blood (per source methods),"STAGED RAW VALUE — not validated, not adjudicated, not entered in the dataset"
SEW-01094,Figure 4,Figure 4!B15,[ATPi] in M,3.125,,,0.958,,,,Figure 4 / [ATPi] in M,human platelets / PRP / whole blood (per source methods),"STAGED RAW VALUE — not validated, not adjudicated, not entered in the dataset"
SEW-01095,Figure 4,Figure 4!C15,[ATPi] in M,3.125,,,0.991,,,,Figure 4 / [ATPi] in M,human platelets / PRP / whole blood (per source methods),"STAGED RAW VALUE — not validated, not adjudicated, not entered in the dataset"
SEW-01096,Figure 4,Figure 4!D15,[ATPi] in M,3.125,,,0.808,,,,Figure 4 / [ATPi] in M,human platelets / PRP / whole blood (per source methods),"STAGED RAW VALUE — not validated, not adjudicated, not entered in the dataset"
SEW-01097,Figure 4,Figure 4!E15,[ATPi] in M,3.125,,,1.214,,,,Figure 4 / [ATPi] in M,human platelets / PRP / whole blood (per source methods),"STAGED RAW VALUE — not validated, not adjudicated, not entered in the dataset"
SEW-01098,Figure 4,Figure 4!G15,[ATPi] in M,3.125,,,3.125,,,,Figure 4 / [ATPi] in M,human platelets / PRP / whole blood (per source methods),"STAGED RAW VALUE — not validated, not adjudicated, not entered in the dataset"
SEW-01099,Figure 4,Figure 4!H15,[ATPi] in M,3.125,,,1.216,,,,Figure 4 / [ATPi] in M,human platelets / PRP / whole blood (per source methods),"STAGED RAW VALUE — not validated, not adjudicated, not entered in the dataset"
SEW-01100,Figure 4,Figure 4!I15,[ATPi] in M,3.125,,,1.17,,,,Figure 4 / [ATPi] in M,human platelets / PRP / whole blood (per source methods),"STAGED RAW VALUE — not validated, not adjudicated, not entered in the dataset"
SEW-01101,Figure 4,Figure 4!J15,[ATPi] in M,3.125,,,1.046,,,,Figure 4 / [ATPi] in M,human platelets / PRP / whole blood (per source methods),"STAGED RAW VALUE — not validated, not adjudicated, not entered in the dataset"
SEW-01102,Figure 4,Figure 4!K15,[ATPi] in M,3.125,,,0.861,,,,Figure 4 / [ATPi] in M,human platelets / PRP / whole blood (per source methods),"STAGED RAW VALUE — not validated, not adjudicated, not entered in the dataset"
SEW-01103,Figure 4,Figure 4!M15,[ATPi] in M,3.125,,,3.125,,,,Figure 4 / [ATPi] in M,human platelets / PRP / whole blood (per source methods),"STAGED RAW VALUE — not validated, not adjudicated, not entered in the dataset"
SEW-01104,Figure 4,Figure 4!N15,[ATPi] in M,3.125,[ATPi] in M,[ATPi] in M,0.95,,,,Figure 4 / [ATPi] in M,human platelets / PRP / whole blood (per source methods),"STAGED RAW VALUE — not validated, not adjudicated, not entered in the dataset"
SEW-01105,Figure 4,Figure 4!O15,[ATPi] in M,3.125,,,0.986,,,,Figure 4 / [ATPi] in M,human platelets / PRP / whole blood (per source methods),"STAGED RAW VALUE — not validated, not adjudicated, not entered in the dataset"
SEW-01106,Figure 4,Figure 4!P15,[ATPi] in M,3.125,,,1.199,,,,Figure 4 / [ATPi] in M,human platelets / PRP / whole blood (per source methods),"STAGED RAW VALUE — not validated, not adjudicated, not entered in the dataset"
SEW-01107,Figure 4,Figure 4!Q15,[ATPi] in M,3.125,,,1.035,,,,Figure 4 / [ATPi] in M,human platelets / PRP / whole blood (per source methods),"STAGED RAW VALUE — not validated, not adjudicated, not entered in the dataset"
SEW-01108,Figure 4,Figure 4!A16,[ATPi] in M,6.25,,,6.25,,,,Figure 4 / [ATPi] in M,human platelets / PRP / whole blood (per source methods),"STAGED RAW VALUE — not validated, not adjudicated, not entered in the dataset"
SEW-01109,Figure 4,Figure 4!B16,[ATPi] in M,6.25,,,1.05,,,,Figure 4 / [ATPi] in M,human platelets / PRP / whole blood (per source methods),"STAGED RAW VALUE — not validated, not adjudicated, not entered in the dataset"
SEW-01110,Figure 4,Figure 4!C16,[ATPi] in M,6.25,,,0.851,,,,Figure 4 / [ATPi] in M,human platelets / PRP / whole blood (per source methods),"STAGED RAW VALUE — not validated, not adjudicated, not entered in the dataset"
SEW-01111,Figure 4,Figure 4!D16,[ATPi] in M,6.25,,,1.138,,,,Figure 4 / [ATPi] in M,human platelets / PRP / whole blood (per source methods),"STAGED RAW VALUE — not validated, not adjudicated, not entered in the dataset"
SEW-01112,Figure 4,Figure 4!E16,[ATPi] in M,6.25,,,0.825,,,,Figure 4 / [ATPi] in M,human platelets / PRP / whole blood (per source methods),"STAGED RAW VALUE — not validated, not adjudicated, not entered in the dataset"
SEW-01113,Figure 4,Figure 4!G16,[ATPi] in M,6.25,,,6.25,,,,Figure 4 / [ATPi] in M,human platelets / PRP / whole blood (per source methods),"STAGED RAW VALUE — not validated, not adjudicated, not entered in the dataset"
SEW-01114,Figure 4,Figure 4!H16,[ATPi] in M,6.25,,,1.1,,,,Figure 4 / [ATPi] in M,human platelets / PRP / whole blood (per source methods),"STAGED RAW VALUE — not validated, not adjudicated, not entered in the dataset"
SEW-01115,Figure 4,Figure 4!I16,[ATPi] in M,6.25,,,1.097,,,,Figure 4 / [ATPi] in M,human platelets / PRP / whole blood (per source methods),"STAGED RAW VALUE — not validated, not adjudicated, not entered in the dataset"
SEW-01116,Figure 4,Figure 4!J16,[ATPi] in M,6.25,,,1.051,,,,Figure 4 / [ATPi] in M,human platelets / PRP / whole blood (per source methods),"STAGED RAW VALUE — not validated, not adjudicated, not entered in the dataset"
SEW-01117,Figure 4,Figure 4!K16,[ATPi] in M,6.25,,,0.975,,,,Figure 4 / [ATPi] in M,human platelets / PRP / whole blood (per source methods),"STAGED RAW VALUE — not validated, not adjudicated, not entered in the dataset"
SEW-01118,Figure 4,Figure 4!M16,[ATPi] in M,6.25,,,6.25,,,,Figure 4 / [ATPi] in M,human platelets / PRP / whole blood (per source methods),"STAGED RAW VALUE — not validated, not adjudicated, not entered in the dataset"
SEW-01119,Figure 4,Figure 4!N16,[ATPi] in M,6.25,[ATPi] in M,[ATPi] in M,1.304,,,,Figure 4 / [ATPi] in M,human platelets / PRP / whole blood (per source methods),"STAGED RAW VALUE — not validated, not adjudicated, not entered in the dataset"
SEW-01120,Figure 4,Figure 4!O16,[ATPi] in M,6.25,,,1.227,,,,Figure 4 / [ATPi] in M,human platelets / PRP / whole blood (per source methods),"STAGED RAW VALUE — not validated, not adjudicated, not entered in the dataset"
SEW-01121,Figure 4,Figure 4!P16,[ATPi] in M,6.25,,,0.944,,,,Figure 4 / [ATPi] in M,human platelets / PRP / whole blood (per source methods),"STAGED RAW VALUE — not validated, not adjudicated, not entered in the dataset"
SEW-01122,Figure 4,Figure 4!Q16,[ATPi] in M,6.25,,,0.968,,,,Figure 4 / [ATPi] in M,human platelets / PRP / whole blood (per source methods),"STAGED RAW VALUE — not validated, not adjudicated, not entered in the dataset"
SEW-01123,Figure 4,Figure 4!A17,[ATPi] in M,12.5,,,12.5,,,,Figure 4 / [ATPi] in M,human platelets / PRP / whole blood (per source methods),"STAGED RAW VALUE — not validated, not adjudicated, not entered in the dataset"
SEW-01124,Figure 4,Figure 4!B17,[ATPi] in M,12.5,,,1.133,,,,Figure 4 / [ATPi] in M,human platelets / PRP / whole blood (per source methods),"STAGED RAW VALUE — not validated, not adjudicated, not entered in the dataset"
SEW-01125,Figure 4,Figure 4!C17,[ATPi] in M,12.5,,,1.163,,,,Figure 4 / [ATPi] in M,human platelets / PRP / whole blood (per source methods),"STAGED RAW VALUE — not validated, not adjudicated, not entered in the dataset"
SEW-01126,Figure 4,Figure 4!D17,[ATPi] in M,12.5,,,1.315,,,,Figure 4 / [ATPi] in M,human platelets / PRP / whole blood (per source methods),"STAGED RAW VALUE — not validated, not adjudicated, not entered in the dataset"
SEW-01127,Figure 4,Figure 4!E17,[ATPi] in M,12.5,,,1.112,,,,Figure 4 / [ATPi] in M,human platelets / PRP / whole blood (per source methods),"STAGED RAW VALUE — not validated, not adjudicated, not entered in the dataset"
SEW-01128,Figure 4,Figure 4!G17,[ATPi] in M,12.5,,,12.5,,,,Figure 4 / [ATPi] in M,human platelets / PRP / whole blood (per source methods),"STAGED RAW VALUE — not validated, not adjudicated, not entered in the dataset"
SEW-01129,Figure 4,Figure 4!H17,[ATPi] in M,12.5,,,1.113,,,,Figure 4 / [ATPi] in M,human platelets / PRP / whole blood (per source methods),"STAGED RAW VALUE — not validated, not adjudicated, not entered in the dataset"
SEW-01130,Figure 4,Figure 4!I17,[ATPi] in M,12.5,,,1.154,,,,Figure 4 / [ATPi] in M,human platelets / PRP / whole blood (per source methods),"STAGED RAW VALUE — not validated, not adjudicated, not entered in the dataset"
SEW-01131,Figure 4,Figure 4!J17,[ATPi] in M,12.5,,,1.102,,,,Figure 4 / [ATPi] in M,human platelets / PRP / whole blood (per source methods),"STAGED RAW VALUE — not validated, not adjudicated, not entered in the dataset"
SEW-01132,Figure 4,Figure 4!K17,[ATPi] in M,12.5,,,0.992,,,,Figure 4 / [ATPi] in M,human platelets / PRP / whole blood (per source methods),"STAGED RAW VALUE — not validated, not adjudicated, not entered in the dataset"
SEW-01133,Figure 4,Figure 4!M17,[ATPi] in M,12.5,,,12.5,,,,Figure 4 / [ATPi] in M,human platelets / PRP / whole blood (per source methods),"STAGED RAW VALUE — not validated, not adjudicated, not entered in the dataset"
SEW-01134,Figure 4,Figure 4!N17,[ATPi] in M,12.5,[ATPi] in M,[ATPi] in M,0.972,,,,Figure 4 / [ATPi] in M,human platelets / PRP / whole blood (per source methods),"STAGED RAW VALUE — not validated, not adjudicated, not entered in the dataset"
SEW-01135,Figure 4,Figure 4!O17,[ATPi] in M,12.5,,,0.939,,,,Figure 4 / [ATPi] in M,human platelets / PRP / whole blood (per source methods),"STAGED RAW VALUE — not validated, not adjudicated, not entered in the dataset"
SEW-01136,Figure 4,Figure 4!P17,[ATPi] in M,12.5,,,0.929,,,,Figure 4 / [ATPi] in M,human platelets / PRP / whole blood (per source methods),"STAGED RAW VALUE — not validated, not adjudicated, not entered in the dataset"
SEW-01137,Figure 4,Figure 4!Q17,[ATPi] in M,12.5,,,0.889,,,,Figure 4 / [ATPi] in M,human platelets / PRP / whole blood (per source methods),"STAGED RAW VALUE — not validated, not adjudicated, not entered in the dataset"
SEW-01138,Figure 4,Figure 4!A21,[ATPi] in M,0,,,0,,,,Figure 4 / [ATPi] in M,human platelets / PRP / whole blood (per source methods),"STAGED RAW VALUE — not validated, not adjudicated, not entered in the dataset"
SEW-01139,Figure 4,Figure 4!B21,[ATPi] in M,0,[ATPi] in M,[ATPi] in M,0.952,,,,Figure 4 / [ATPi] in M,human platelets / PRP / whole blood (per source methods),"STAGED RAW VALUE — not validated, not adjudicated, not entered in the dataset"
SEW-01140,Figure 4,Figure 4!C21,[ATPi] in M,0,,,0.876,,,,Figure 4 / [ATPi] in M,human platelets / PRP / whole blood (per source methods),"STAGED RAW VALUE — not validated, not adjudicated, not entered in the dataset"
SEW-01141,Figure 4,Figure 4!D21,[ATPi] in M,0,,,0.842,,,,Figure 4 / [ATPi] in M,human platelets / PRP / whole blood (per source methods),"STAGED RAW VALUE — not validated, not adjudicated, not entered in the dataset"
SEW-01142,Figure 4,Figure 4!E21,[ATPi] in M,0,,,0.697,,,,Figure 4 / [ATPi] in M,human platelets / PRP / whole blood (per source methods),"STAGED RAW VALUE — not validated, not adjudicated, not entered in the dataset"
SEW-01143,Figure 4,Figure 4!A22,[ATPi] in M,0.78125,,,0.78125,,,,Figure 4 / [ATPi] in M,human platelets / PRP / whole blood (per source methods),"STAGED RAW VALUE — not validated, not adjudicated, not entered in the dataset"
SEW-01144,Figure 4,Figure 4!B22,[ATPi] in M,0.78125,[ATPi] in M,[ATPi] in M,1.101,,,,Figure 4 / [ATPi] in M,human platelets / PRP / whole blood (per source methods),"STAGED RAW VALUE — not validated, not adjudicated, not entered in the dataset"
SEW-01145,Figure 4,Figure 4!C22,[ATPi] in M,0.78125,,,1.182,,,,Figure 4 / [ATPi] in M,human platelets / PRP / whole blood (per source methods),"STAGED RAW VALUE — not validated, not adjudicated, not entered in the dataset"
SEW-01146,Figure 4,Figure 4!D22,[ATPi] in M,0.78125,,,1.108,,,,Figure 4 / [ATPi] in M,human platelets / PRP / whole blood (per source methods),"STAGED RAW VALUE — not validated, not adjudicated, not entered in the dataset"
SEW-01147,Figure 4,Figure 4!E22,[ATPi] in M,0.78125,,,1.181,,,,Figure 4 / [ATPi] in M,human platelets / PRP / whole blood (per source methods),"STAGED RAW VALUE — not validated, not adjudicated, not entered in the dataset"
SEW-01148,Figure 4,Figure 4!A23,[ATPi] in M,1.5625,,,1.5625,,,,Figure 4 / [ATPi] in M,human platelets / PRP / whole blood (per source methods),"STAGED RAW VALUE — not validated, not adjudicated, not entered in the dataset"
SEW-01149,Figure 4,Figure 4!B23,[ATPi] in M,1.5625,[ATPi] in M,[ATPi] in M,1.117,,,,Figure 4 / [ATPi] in M,human platelets / PRP / whole blood (per source methods),"STAGED RAW VALUE — not validated, not adjudicated, not entered in the dataset"
SEW-01150,Figure 4,Figure 4!C23,[ATPi] in M,1.5625,,,0.934,,,,Figure 4 / [ATPi] in M,human platelets / PRP / whole blood (per source methods),"STAGED RAW VALUE — not validated, not adjudicated, not entered in the dataset"
SEW-01151,Figure 4,Figure 4!D23,[ATPi] in M,1.5625,,,0.959,,,,Figure 4 / [ATPi] in M,human platelets / PRP / whole blood (per source methods),"STAGED RAW VALUE — not validated, not adjudicated, not entered in the dataset"
SEW-01152,Figure 4,Figure 4!E23,[ATPi] in M,1.5625,,,1.145,,,,Figure 4 / [ATPi] in M,human platelets / PRP / whole blood (per source methods),"STAGED RAW VALUE — not validated, not adjudicated, not entered in the dataset"
SEW-01153,Figure 4,Figure 4!A24,[ATPi] in M,3.125,,,3.125,,,,Figure 4 / [ATPi] in M,human platelets / PRP / whole blood (per source methods),"STAGED RAW VALUE — not validated, not adjudicated, not entered in the dataset"
SEW-01154,Figure 4,Figure 4!B24,[ATPi] in M,3.125,[ATPi] in M,[ATPi] in M,0.837,,,,Figure 4 / [ATPi] in M,human platelets / PRP / whole blood (per source methods),"STAGED RAW VALUE — not validated, not adjudicated, not entered in the dataset"
SEW-01155,Figure 4,Figure 4!C24,[ATPi] in M,3.125,,,1.066,,,,Figure 4 / [ATPi] in M,human platelets / PRP / whole blood (per source methods),"STAGED RAW VALUE — not validated, not adjudicated, not entered in the dataset"
SEW-01156,Figure 4,Figure 4!D24,[ATPi] in M,3.125,,,1.079,,,,Figure 4 / [ATPi] in M,human platelets / PRP / whole blood (per source methods),"STAGED RAW VALUE — not validated, not adjudicated, not entered in the dataset"
SEW-01157,Figure 4,Figure 4!E24,[ATPi] in M,3.125,,,0.865,,,,Figure 4 / [ATPi] in M,human platelets / PRP / whole blood (per source methods),"STAGED RAW VALUE — not validated, not adjudicated, not entered in the dataset"
SEW-01158,Figure 4,Figure 4!A25,[ATPi] in M,6.25,,,6.25,,,,Figure 4 / [ATPi] in M,human platelets / PRP / whole blood (per source methods),"STAGED RAW VALUE — not validated, not adjudicated, not entered in the dataset"
SEW-01159,Figure 4,Figure 4!B25,[ATPi] in M,6.25,[ATPi] in M,[ATPi] in M,1,,,,Figure 4 / [ATPi] in M,human platelets / PRP / whole blood (per source methods),"STAGED RAW VALUE — not validated, not adjudicated, not entered in the dataset"
SEW-01160,Figure 4,Figure 4!C25,[ATPi] in M,6.25,,,1.285,,,,Figure 4 / [ATPi] in M,human platelets / PRP / whole blood (per source methods),"STAGED RAW VALUE — not validated, not adjudicated, not entered in the dataset"
SEW-01161,Figure 4,Figure 4!D25,[ATPi] in M,6.25,,,1.103,,,,Figure 4 / [ATPi] in M,human platelets / PRP / whole blood (per source methods),"STAGED RAW VALUE — not validated, not adjudicated, not entered in the dataset"
SEW-01162,Figure 4,Figure 4!E25,[ATPi] in M,6.25,,,1.086,,,,Figure 4 / [ATPi] in M,human platelets / PRP / whole blood (per source methods),"STAGED RAW VALUE — not validated, not adjudicated, not entered in the dataset"
SEW-01163,Figure 4,Figure 4!A26,[ATPi] in M,12.5,,,12.5,,,,Figure 4 / [ATPi] in M,human platelets / PRP / whole blood (per source methods),"STAGED RAW VALUE — not validated, not adjudicated, not entered in the dataset"
SEW-01164,Figure 4,Figure 4!B26,[ATPi] in M,12.5,[ATPi] in M,[ATPi] in M,1.076,,,,Figure 4 / [ATPi] in M,human platelets / PRP / whole blood (per source methods),"STAGED RAW VALUE — not validated, not adjudicated, not entered in the dataset"
SEW-01165,Figure 4,Figure 4!C26,[ATPi] in M,12.5,,,1.344,,,,Figure 4 / [ATPi] in M,human platelets / PRP / whole blood (per source methods),"STAGED RAW VALUE — not validated, not adjudicated, not entered in the dataset"
SEW-01166,Figure 4,Figure 4!D26,[ATPi] in M,12.5,,,1.132,,,,Figure 4 / [ATPi] in M,human platelets / PRP / whole blood (per source methods),"STAGED RAW VALUE — not validated, not adjudicated, not entered in the dataset"
SEW-01167,Figure 4,Figure 4!E26,[ATPi] in M,12.5,,,1.219,,,,Figure 4 / [ATPi] in M,human platelets / PRP / whole blood (per source methods),"STAGED RAW VALUE — not validated, not adjudicated, not entered in the dataset"
SEW-01168,Figure 4,Figure 4!A31,[ATPi] in M,0,,,0,,,,Figure 4 / [ATPi] in M,human platelets / PRP / whole blood (per source methods),"STAGED RAW VALUE — not validated, not adjudicated, not entered in the dataset"
SEW-01169,Figure 4,Figure 4!B31,[ATPi] in M,0,,,0.627,,,,Figure 4 / [ATPi] in M,human platelets / PRP / whole blood (per source methods),"STAGED RAW VALUE — not validated, not adjudicated, not entered in the dataset"
SEW-01170,Figure 4,Figure 4!C31,[ATPi] in M,0,,,0.693,,,,Figure 4 / [ATPi] in M,human platelets / PRP / whole blood (per source methods),"STAGED RAW VALUE — not validated, not adjudicated, not entered in the dataset"
SEW-01171,Figure 4,Figure 4!D31,[ATPi] in M,0,,,0.717,,,,Figure 4 / [ATPi] in M,human platelets / PRP / whole blood (per source methods),"STAGED RAW VALUE — not validated, not adjudicated, not entered in the dataset"
SEW-01172,Figure 4,Figure 4!E31,[ATPi] in M,0,,,0.713,,,,Figure 4 / [ATPi] in M,human platelets / PRP / whole blood (per source methods),"STAGED RAW VALUE — not validated, not adjudicated, not entered in the dataset"
SEW-01173,Figure 4,Figure 4!G31,[ATPi] in M,0,,,0,,,,Figure 4 / [ATPi] in M,human platelets / PRP / whole blood (per source methods),"STAGED RAW VALUE — not validated, not adjudicated, not entered in the dataset"
SEW-01174,Figure 4,Figure 4!H31,[ATPi] in M,0,,,0.615,,,,Figure 4 / [ATPi] in M,human platelets / PRP / whole blood (per source methods),"STAGED RAW VALUE — not validated, not adjudicated, not entered in the dataset"
SEW-01175,Figure 4,Figure 4!I31,[ATPi] in M,0,,,0.675,,,,Figure 4 / [ATPi] in M,human platelets / PRP / whole blood (per source methods),"STAGED RAW VALUE — not validated, not adjudicated, not entered in the dataset"
SEW-01176,Figure 4,Figure 4!J31,[ATPi] in M,0,,,0.673,,,,Figure 4 / [ATPi] in M,human platelets / PRP / whole blood (per source methods),"STAGED RAW VALUE — not validated, not adjudicated, not entered in the dataset"
SEW-01177,Figure 4,Figure 4!K31,[ATPi] in M,0,,,0.681,,,,Figure 4 / [ATPi] in M,human platelets / PRP / whole blood (per source methods),"STAGED RAW VALUE — not validated, not adjudicated, not entered in the dataset"
SEW-01178,Figure 4,Figure 4!M31,[ATPi] in M,0,,,0,,,,Figure 4 / [ATPi] in M,human platelets / PRP / whole blood (per source methods),"STAGED RAW VALUE — not validated, not adjudicated, not entered in the dataset"
SEW-01179,Figure 4,Figure 4!N31,[ATPi] in M,0,[ATPi] in M,[ATPi] in M,0.653,,,,Figure 4 / [ATPi] in M,human platelets / PRP / whole blood (per source methods),"STAGED RAW VALUE — not validated, not adjudicated, not entered in the dataset"
SEW-01180,Figure 4,Figure 4!O31,[ATPi] in M,0,,,0.707,,,,Figure 4 / [ATPi] in M,human platelets / PRP / whole blood (per source methods),"STAGED RAW VALUE — not validated, not adjudicated, not entered in the dataset"
SEW-01181,Figure 4,Figure 4!P31,[ATPi] in M,0,,,0.65,,,,Figure 4 / [ATPi] in M,human platelets / PRP / whole blood (per source methods),"STAGED RAW VALUE — not validated, not adjudicated, not entered in the dataset"
SEW-01182,Figure 4,Figure 4!Q31,[ATPi] in M,0,,,0.681,,,,Figure 4 / [ATPi] in M,human platelets / PRP / whole blood (per source methods),"STAGED RAW VALUE — not validated, not adjudicated, not entered in the dataset"
SEW-01183,Figure 4,Figure 4!A32,[ATPi] in M,0.78125,,,0.78125,,,,Figure 4 / [ATPi] in M,human platelets / PRP / whole blood (per source methods),"STAGED RAW VALUE — not validated, not adjudicated, not entered in the dataset"
SEW-01184,Figure 4,Figure 4!B32,[ATPi] in M,0.78125,,,0.714,,,,Figure 4 / [ATPi] in M,human platelets / PRP / whole blood (per source methods),"STAGED RAW VALUE — not validated, not adjudicated, not entered in the dataset"
SEW-01185,Figure 4,Figure 4!C32,[ATPi] in M,0.78125,,,0.673,,,,Figure 4 / [ATPi] in M,human platelets / PRP / whole blood (per source methods),"STAGED RAW VALUE — not validated, not adjudicated, not entered in the dataset"
SEW-01186,Figure 4,Figure 4!D32,[ATPi] in M,0.78125,,,0.671,,,,Figure 4 / [ATPi] in M,human platelets / PRP / whole blood (per source methods),"STAGED RAW VALUE — not validated, not adjudicated, not entered in the dataset"
SEW-01187,Figure 4,Figure 4!E32,[ATPi] in M,0.78125,,,0.706,,,,Figure 4 / [ATPi] in M,human platelets / PRP / whole blood (per source methods),"STAGED RAW VALUE — not validated, not adjudicated, not entered in the dataset"
SEW-01188,Figure 4,Figure 4!G32,[ATPi] in M,0.78125,,,0.78125,,,,Figure 4 / [ATPi] in M,human platelets / PRP / whole blood (per source methods),"STAGED RAW VALUE — not validated, not adjudicated, not entered in the dataset"
SEW-01189,Figure 4,Figure 4!H32,[ATPi] in M,0.78125,,,0.68,,,,Figure 4 / [ATPi] in M,human platelets / PRP / whole blood (per source methods),"STAGED RAW VALUE — not validated, not adjudicated, not entered in the dataset"
SEW-01190,Figure 4,Figure 4!I32,[ATPi] in M,0.78125,,,0.645,,,,Figure 4 / [ATPi] in M,human platelets / PRP / whole blood (per source methods),"STAGED RAW VALUE — not validated, not adjudicated, not entered in the dataset"
SEW-01191,Figure 4,Figure 4!J32,[ATPi] in M,0.78125,,,0.667,,,,Figure 4 / [ATPi] in M,human platelets / PRP / whole blood (per source methods),"STAGED RAW VALUE — not validated, not adjudicated, not entered in the dataset"
SEW-01192,Figure 4,Figure 4!K32,[ATPi] in M,0.78125,,,0.683,,,,Figure 4 / [ATPi] in M,human platelets / PRP / whole blood (per source methods),"STAGED RAW VALUE — not validated, not adjudicated, not entered in the dataset"
SEW-01193,Figure 4,Figure 4!M32,[ATPi] in M,0.78125,,,0.78125,,,,Figure 4 / [ATPi] in M,human platelets / PRP / whole blood (per source methods),"STAGED RAW VALUE — not validated, not adjudicated, not entered in the dataset"
SEW-01194,Figure 4,Figure 4!N32,[ATPi] in M,0.78125,[ATPi] in M,[ATPi] in M,0.673,,,,Figure 4 / [ATPi] in M,human platelets / PRP / whole blood (per source methods),"STAGED RAW VALUE — not validated, not adjudicated, not entered in the dataset"
SEW-01195,Figure 4,Figure 4!O32,[ATPi] in M,0.78125,,,0.687,,,,Figure 4 / [ATPi] in M,human platelets / PRP / whole blood (per source methods),"STAGED RAW VALUE — not validated, not adjudicated, not entered in the dataset"
SEW-01196,Figure 4,Figure 4!P32,[ATPi] in M,0.78125,,,0.693,,,,Figure 4 / [ATPi] in M,human platelets / PRP / whole blood (per source methods),"STAGED RAW VALUE — not validated, not adjudicated, not entered in the dataset"
SEW-01197,Figure 4,Figure 4!Q32,[ATPi] in M,0.78125,,,0.717,,,,Figure 4 / [ATPi] in M,human platelets / PRP / whole blood (per source methods),"STAGED RAW VALUE — not validated, not adjudicated, not entered in the dataset"
SEW-01198,Figure 4,Figure 4!A33,[ATPi] in M,1.5625,,,1.5625,,,,Figure 4 / [ATPi] in M,human platelets / PRP / whole blood (per source methods),"STAGED RAW VALUE — not validated, not adjudicated, not entered in the dataset"
SEW-01199,Figure 4,Figure 4!B33,[ATPi] in M,1.5625,,,0.639,,,,Figure 4 / [ATPi] in M,human platelets / PRP / whole blood (per source methods),"STAGED RAW VALUE — not validated, not adjudicated, not entered in the dataset"
SEW-01200,Figure 4,Figure 4!C33,[ATPi] in M,1.5625,,,0.702,,,,Figure 4 / [ATPi] in M,human platelets / PRP / whole blood (per source methods),"STAGED RAW VALUE — not validated, not adjudicated, not entered in the dataset"
SEW-01201,Figure 4,Figure 4!D33,[ATPi] in M,1.5625,,,0.726,,,,Figure 4 / [ATPi] in M,human platelets / PRP / whole blood (per source methods),"STAGED RAW VALUE — not validated, not adjudicated, not entered in the dataset"
SEW-01202,Figure 4,Figure 4!E33,[ATPi] in M,1.5625,,,0.711,,,,Figure 4 / [ATPi] in M,human platelets / PRP / whole blood (per source methods),"STAGED RAW VALUE — not validated, not adjudicated, not entered in the dataset"
SEW-01203,Figure 4,Figure 4!G33,[ATPi] in M,1.5625,,,1.5625,,,,Figure 4 / [ATPi] in M,human platelets / PRP / whole blood (per source methods),"STAGED RAW VALUE — not validated, not adjudicated, not entered in the dataset"
SEW-01204,Figure 4,Figure 4!H33,[ATPi] in M,1.5625,,,0.678,,,,Figure 4 / [ATPi] in M,human platelets / PRP / whole blood (per source methods),"STAGED RAW VALUE — not validated, not adjudicated, not entered in the dataset"
SEW-01205,Figure 4,Figure 4!I33,[ATPi] in M,1.5625,,,0.626,,,,Figure 4 / [ATPi] in M,human platelets / PRP / whole blood (per source methods),"STAGED RAW VALUE — not validated, not adjudicated, not entered in the dataset"
SEW-01206,Figure 4,Figure 4!J33,[ATPi] in M,1.5625,,,0.7,,,,Figure 4 / [ATPi] in M,human platelets / PRP / whole blood (per source methods),"STAGED RAW VALUE — not validated, not adjudicated, not entered in the dataset"
SEW-01207,Figure 4,Figure 4!K33,[ATPi] in M,1.5625,,,0.688,,,,Figure 4 / [ATPi] in M,human platelets / PRP / whole blood (per source methods),"STAGED RAW VALUE — not validated, not adjudicated, not entered in the dataset"
SEW-01208,Figure 4,Figure 4!M33,[ATPi] in M,1.5625,,,1.5625,,,,Figure 4 / [ATPi] in M,human platelets / PRP / whole blood (per source methods),"STAGED RAW VALUE — not validated, not adjudicated, not entered in the dataset"
SEW-01209,Figure 4,Figure 4!N33,[ATPi] in M,1.5625,[ATPi] in M,[ATPi] in M,0.709,,,,Figure 4 / [ATPi] in M,human platelets / PRP / whole blood (per source methods),"STAGED RAW VALUE — not validated, not adjudicated, not entered in the dataset"
SEW-01210,Figure 4,Figure 4!O33,[ATPi] in M,1.5625,,,0.684,,,,Figure 4 / [ATPi] in M,human platelets / PRP / whole blood (per source methods),"STAGED RAW VALUE — not validated, not adjudicated, not entered in the dataset"
SEW-01211,Figure 4,Figure 4!P33,[ATPi] in M,1.5625,,,0.679,,,,Figure 4 / [ATPi] in M,human platelets / PRP / whole blood (per source methods),"STAGED RAW VALUE — not validated, not adjudicated, not entered in the dataset"
SEW-01212,Figure 4,Figure 4!Q33,[ATPi] in M,1.5625,,,0.685,,,,Figure 4 / [ATPi] in M,human platelets / PRP / whole blood (per source methods),"STAGED RAW VALUE — not validated, not adjudicated, not entered in the dataset"
SEW-01213,Figure 4,Figure 4!A34,[ATPi] in M,3.125,,,3.125,,,,Figure 4 / [ATPi] in M,human platelets / PRP / whole blood (per source methods),"STAGED RAW VALUE — not validated, not adjudicated, not entered in the dataset"
SEW-01214,Figure 4,Figure 4!B34,[ATPi] in M,3.125,,,0.673,,,,Figure 4 / [ATPi] in M,human platelets / PRP / whole blood (per source methods),"STAGED RAW VALUE — not validated, not adjudicated, not entered in the dataset"
SEW-01215,Figure 4,Figure 4!C34,[ATPi] in M,3.125,,,0.683,,,,Figure 4 / [ATPi] in M,human platelets / PRP / whole blood (per source methods),"STAGED RAW VALUE — not validated, not adjudicated, not entered in the dataset"
SEW-01216,Figure 4,Figure 4!D34,[ATPi] in M,3.125,,,0.682,,,,Figure 4 / [ATPi] in M,human platelets / PRP / whole blood (per source methods),"STAGED RAW VALUE — not validated, not adjudicated, not entered in the dataset"
SEW-01217,Figure 4,Figure 4!E34,[ATPi] in M,3.125,,,0.635,,,,Figure 4 / [ATPi] in M,human platelets / PRP / whole blood (per source methods),"STAGED RAW VALUE — not validated, not adjudicated, not entered in the dataset"
SEW-01218,Figure 4,Figure 4!G34,[ATPi] in M,3.125,,,3.125,,,,Figure 4 / [ATPi] in M,human platelets / PRP / whole blood (per source methods),"STAGED RAW VALUE — not validated, not adjudicated, not entered in the dataset"
SEW-01219,Figure 4,Figure 4!H34,[ATPi] in M,3.125,,,0.638,,,,Figure 4 / [ATPi] in M,human platelets / PRP / whole blood (per source methods),"STAGED RAW VALUE — not validated, not adjudicated, not entered in the dataset"
SEW-01220,Figure 4,Figure 4!I34,[ATPi] in M,3.125,,,0.642,,,,Figure 4 / [ATPi] in M,human platelets / PRP / whole blood (per source methods),"STAGED RAW VALUE — not validated, not adjudicated, not entered in the dataset"
SEW-01221,Figure 4,Figure 4!J34,[ATPi] in M,3.125,,,0.641,,,,Figure 4 / [ATPi] in M,human platelets / PRP / whole blood (per source methods),"STAGED RAW VALUE — not validated, not adjudicated, not entered in the dataset"
SEW-01222,Figure 4,Figure 4!K34,[ATPi] in M,3.125,,,0.638,,,,Figure 4 / [ATPi] in M,human platelets / PRP / whole blood (per source methods),"STAGED RAW VALUE — not validated, not adjudicated, not entered in the dataset"
SEW-01223,Figure 4,Figure 4!M34,[ATPi] in M,3.125,,,3.125,,,,Figure 4 / [ATPi] in M,human platelets / PRP / whole blood (per source methods),"STAGED RAW VALUE — not validated, not adjudicated, not entered in the dataset"
SEW-01224,Figure 4,Figure 4!N34,[ATPi] in M,3.125,[ATPi] in M,[ATPi] in M,0.575,,,,Figure 4 / [ATPi] in M,human platelets / PRP / whole blood (per source methods),"STAGED RAW VALUE — not validated, not adjudicated, not entered in the dataset"
SEW-01225,Figure 4,Figure 4!O34,[ATPi] in M,3.125,,,0.663,,,,Figure 4 / [ATPi] in M,human platelets / PRP / whole blood (per source methods),"STAGED RAW VALUE — not validated, not adjudicated, not entered in the dataset"
SEW-01226,Figure 4,Figure 4!P34,[ATPi] in M,3.125,,,0.653,,,,Figure 4 / [ATPi] in M,human platelets / PRP / whole blood (per source methods),"STAGED RAW VALUE — not validated, not adjudicated, not entered in the dataset"
SEW-01227,Figure 4,Figure 4!Q34,[ATPi] in M,3.125,,,0.656,,,,Figure 4 / [ATPi] in M,human platelets / PRP / whole blood (per source methods),"STAGED RAW VALUE — not validated, not adjudicated, not entered in the dataset"
SEW-01228,Figure 4,Figure 4!A35,[ATPi] in M,6.25,,,6.25,,,,Figure 4 / [ATPi] in M,human platelets / PRP / whole blood (per source methods),"STAGED RAW VALUE — not validated, not adjudicated, not entered in the dataset"
SEW-01229,Figure 4,Figure 4!B35,[ATPi] in M,6.25,,,0.602,,,,Figure 4 / [ATPi] in M,human platelets / PRP / whole blood (per source methods),"STAGED RAW VALUE — not validated, not adjudicated, not entered in the dataset"
SEW-01230,Figure 4,Figure 4!C35,[ATPi] in M,6.25,,,0.616,,,,Figure 4 / [ATPi] in M,human platelets / PRP / whole blood (per source methods),"STAGED RAW VALUE — not validated, not adjudicated, not entered in the dataset"
SEW-01231,Figure 4,Figure 4!D35,[ATPi] in M,6.25,,,0.624,,,,Figure 4 / [ATPi] in M,human platelets / PRP / whole blood (per source methods),"STAGED RAW VALUE — not validated, not adjudicated, not entered in the dataset"
SEW-01232,Figure 4,Figure 4!E35,[ATPi] in M,6.25,,,0.623,,,,Figure 4 / [ATPi] in M,human platelets / PRP / whole blood (per source methods),"STAGED RAW VALUE — not validated, not adjudicated, not entered in the dataset"
SEW-01233,Figure 4,Figure 4!G35,[ATPi] in M,6.25,,,6.25,,,,Figure 4 / [ATPi] in M,human platelets / PRP / whole blood (per source methods),"STAGED RAW VALUE — not validated, not adjudicated, not entered in the dataset"
SEW-01234,Figure 4,Figure 4!H35,[ATPi] in M,6.25,,,0.677,,,,Figure 4 / [ATPi] in M,human platelets / PRP / whole blood (per source methods),"STAGED RAW VALUE — not validated, not adjudicated, not entered in the dataset"
SEW-01235,Figure 4,Figure 4!I35,[ATPi] in M,6.25,,,0.606,,,,Figure 4 / [ATPi] in M,human platelets / PRP / whole blood (per source methods),"STAGED RAW VALUE — not validated, not adjudicated, not entered in the dataset"
SEW-01236,Figure 4,Figure 4!J35,[ATPi] in M,6.25,,,0.641,,,,Figure 4 / [ATPi] in M,human platelets / PRP / whole blood (per source methods),"STAGED RAW VALUE — not validated, not adjudicated, not entered in the dataset"
SEW-01237,Figure 4,Figure 4!K35,[ATPi] in M,6.25,,,0.607,,,,Figure 4 / [ATPi] in M,human platelets / PRP / whole blood (per source methods),"STAGED RAW VALUE — not validated, not adjudicated, not entered in the dataset"
SEW-01238,Figure 4,Figure 4!M35,[ATPi] in M,6.25,,,6.25,,,,Figure 4 / [ATPi] in M,human platelets / PRP / whole blood (per source methods),"STAGED RAW VALUE — not validated, not adjudicated, not entered in the dataset"
SEW-01239,Figure 4,Figure 4!N35,[ATPi] in M,6.25,[ATPi] in M,[ATPi] in M,0.635,,,,Figure 4 / [ATPi] in M,human platelets / PRP / whole blood (per source methods),"STAGED RAW VALUE — not validated, not adjudicated, not entered in the dataset"
SEW-01240,Figure 4,Figure 4!O35,[ATPi] in M,6.25,,,0.628,,,,Figure 4 / [ATPi] in M,human platelets / PRP / whole blood (per source methods),"STAGED RAW VALUE — not validated, not adjudicated, not entered in the dataset"
SEW-01241,Figure 4,Figure 4!P35,[ATPi] in M,6.25,,,0.627,,,,Figure 4 / [ATPi] in M,human platelets / PRP / whole blood (per source methods),"STAGED RAW VALUE — not validated, not adjudicated, not entered in the dataset"
SEW-01242,Figure 4,Figure 4!Q35,[ATPi] in M,6.25,,,0.639,,,,Figure 4 / [ATPi] in M,human platelets / PRP / whole blood (per source methods),"STAGED RAW VALUE — not validated, not adjudicated, not entered in the dataset"
SEW-01243,Figure 4,Figure 4!A36,[ATPi] in M,12.5,,,12.5,,,,Figure 4 / [ATPi] in M,human platelets / PRP / whole blood (per source methods),"STAGED RAW VALUE — not validated, not adjudicated, not entered in the dataset"
SEW-01244,Figure 4,Figure 4!B36,[ATPi] in M,12.5,,,0.66,,,,Figure 4 / [ATPi] in M,human platelets / PRP / whole blood (per source methods),"STAGED RAW VALUE — not validated, not adjudicated, not entered in the dataset"
SEW-01245,Figure 4,Figure 4!C36,[ATPi] in M,12.5,,,0.62,,,,Figure 4 / [ATPi] in M,human platelets / PRP / whole blood (per source methods),"STAGED RAW VALUE — not validated, not adjudicated, not entered in the dataset"
SEW-01246,Figure 4,Figure 4!D36,[ATPi] in M,12.5,,,0.637,,,,Figure 4 / [ATPi] in M,human platelets / PRP / whole blood (per source methods),"STAGED RAW VALUE — not validated, not adjudicated, not entered in the dataset"
SEW-01247,Figure 4,Figure 4!E36,[ATPi] in M,12.5,,,0.607,,,,Figure 4 / [ATPi] in M,human platelets / PRP / whole blood (per source methods),"STAGED RAW VALUE — not validated, not adjudicated, not entered in the dataset"
SEW-01248,Figure 4,Figure 4!G36,[ATPi] in M,12.5,,,12.5,,,,Figure 4 / [ATPi] in M,human platelets / PRP / whole blood (per source methods),"STAGED RAW VALUE — not validated, not adjudicated, not entered in the dataset"
SEW-01249,Figure 4,Figure 4!H36,[ATPi] in M,12.5,,,0.561,,,,Figure 4 / [ATPi] in M,human platelets / PRP / whole blood (per source methods),"STAGED RAW VALUE — not validated, not adjudicated, not entered in the dataset"
SEW-01250,Figure 4,Figure 4!I36,[ATPi] in M,12.5,,,0.624,,,,Figure 4 / [ATPi] in M,human platelets / PRP / whole blood (per source methods),"STAGED RAW VALUE — not validated, not adjudicated, not entered in the dataset"
SEW-01251,Figure 4,Figure 4!J36,[ATPi] in M,12.5,,,0.592,,,,Figure 4 / [ATPi] in M,human platelets / PRP / whole blood (per source methods),"STAGED RAW VALUE — not validated, not adjudicated, not entered in the dataset"
SEW-01252,Figure 4,Figure 4!K36,[ATPi] in M,12.5,,,0.636,,,,Figure 4 / [ATPi] in M,human platelets / PRP / whole blood (per source methods),"STAGED RAW VALUE — not validated, not adjudicated, not entered in the dataset"
SEW-01253,Figure 4,Figure 4!M36,[ATPi] in M,12.5,,,12.5,,,,Figure 4 / [ATPi] in M,human platelets / PRP / whole blood (per source methods),"STAGED RAW VALUE — not validated, not adjudicated, not entered in the dataset"
SEW-01254,Figure 4,Figure 4!N36,[ATPi] in M,12.5,[ATPi] in M,[ATPi] in M,0.626,,,,Figure 4 / [ATPi] in M,human platelets / PRP / whole blood (per source methods),"STAGED RAW VALUE — not validated, not adjudicated, not entered in the dataset"
SEW-01255,Figure 4,Figure 4!O36,[ATPi] in M,12.5,,,0.588,,,,Figure 4 / [ATPi] in M,human platelets / PRP / whole blood (per source methods),"STAGED RAW VALUE — not validated, not adjudicated, not entered in the dataset"
SEW-01256,Figure 4,Figure 4!P36,[ATPi] in M,12.5,,,0.645,,,,Figure 4 / [ATPi] in M,human platelets / PRP / whole blood (per source methods),"STAGED RAW VALUE — not validated, not adjudicated, not entered in the dataset"
SEW-01257,Figure 4,Figure 4!Q36,[ATPi] in M,12.5,,,0.499,,,,Figure 4 / [ATPi] in M,human platelets / PRP / whole blood (per source methods),"STAGED RAW VALUE — not validated, not adjudicated, not entered in the dataset"
SEW-01258,Figure 4,Figure 4!A40,[ATPi] in M,0,,,0,,,,Figure 4 / [ATPi] in M,human platelets / PRP / whole blood (per source methods),"STAGED RAW VALUE — not validated, not adjudicated, not entered in the dataset"
SEW-01259,Figure 4,Figure 4!B40,[ATPi] in M,0,,,0.653,,,,Figure 4 / [ATPi] in M,human platelets / PRP / whole blood (per source methods),"STAGED RAW VALUE — not validated, not adjudicated, not entered in the dataset"
SEW-01260,Figure 4,Figure 4!C40,[ATPi] in M,0,,,0.67,,,,Figure 4 / [ATPi] in M,human platelets / PRP / whole blood (per source methods),"STAGED RAW VALUE — not validated, not adjudicated, not entered in the dataset"
SEW-01261,Figure 4,Figure 4!D40,[ATPi] in M,0,,,0.68,,,,Figure 4 / [ATPi] in M,human platelets / PRP / whole blood (per source methods),"STAGED RAW VALUE — not validated, not adjudicated, not entered in the dataset"
SEW-01262,Figure 4,Figure 4!E40,[ATPi] in M,0,,,0.696,,,,Figure 4 / [ATPi] in M,human platelets / PRP / whole blood (per source methods),"STAGED RAW VALUE — not validated, not adjudicated, not entered in the dataset"
SEW-01263,Figure 4,Figure 4!G40,[ATPi] in M,0,,,0,,,,Figure 4 / [ATPi] in M,human platelets / PRP / whole blood (per source methods),"STAGED RAW VALUE — not validated, not adjudicated, not entered in the dataset"
SEW-01264,Figure 4,Figure 4!H40,[ATPi] in M,0,,,0.752,,,,Figure 4 / [ATPi] in M,human platelets / PRP / whole blood (per source methods),"STAGED RAW VALUE — not validated, not adjudicated, not entered in the dataset"
SEW-01265,Figure 4,Figure 4!I40,[ATPi] in M,0,,,0.709,,,,Figure 4 / [ATPi] in M,human platelets / PRP / whole blood (per source methods),"STAGED RAW VALUE — not validated, not adjudicated, not entered in the dataset"
SEW-01266,Figure 4,Figure 4!J40,[ATPi] in M,0,,,0.701,,,,Figure 4 / [ATPi] in M,human platelets / PRP / whole blood (per source methods),"STAGED RAW VALUE — not validated, not adjudicated, not entered in the dataset"
SEW-01267,Figure 4,Figure 4!K40,[ATPi] in M,0,,,0.721,,,,Figure 4 / [ATPi] in M,human platelets / PRP / whole blood (per source methods),"STAGED RAW VALUE — not validated, not adjudicated, not entered in the dataset"
SEW-01268,Figure 4,Figure 4!M40,[ATPi] in M,0,,,0,,,,Figure 4 / [ATPi] in M,human platelets / PRP / whole blood (per source methods),"STAGED RAW VALUE — not validated, not adjudicated, not entered in the dataset"
SEW-01269,Figure 4,Figure 4!N40,[ATPi] in M,0,[ATPi] in M,[ATPi] in M,0.677,,,,Figure 4 / [ATPi] in M,human platelets / PRP / whole blood (per source methods),"STAGED RAW VALUE — not validated, not adjudicated, not entered in the dataset"
SEW-01270,Figure 4,Figure 4!O40,[ATPi] in M,0,,,0.726,,,,Figure 4 / [ATPi] in M,human platelets / PRP / whole blood (per source methods),"STAGED RAW VALUE — not validated, not adjudicated, not entered in the dataset"
SEW-01271,Figure 4,Figure 4!P40,[ATPi] in M,0,,,0.66,,,,Figure 4 / [ATPi] in M,human platelets / PRP / whole blood (per source methods),"STAGED RAW VALUE — not validated, not adjudicated, not entered in the dataset"
SEW-01272,Figure 4,Figure 4!Q40,[ATPi] in M,0,,,0.623,,,,Figure 4 / [ATPi] in M,human platelets / PRP / whole blood (per source methods),"STAGED RAW VALUE — not validated, not adjudicated, not entered in the dataset"
SEW-01273,Figure 4,Figure 4!A41,[ATPi] in M,0.78125,,,0.78125,,,,Figure 4 / [ATPi] in M,human platelets / PRP / whole blood (per source methods),"STAGED RAW VALUE — not validated, not adjudicated, not entered in the dataset"
SEW-01274,Figure 4,Figure 4!B41,[ATPi] in M,0.78125,,,0.644,,,,Figure 4 / [ATPi] in M,human platelets / PRP / whole blood (per source methods),"STAGED RAW VALUE — not validated, not adjudicated, not entered in the dataset"
SEW-01275,Figure 4,Figure 4!C41,[ATPi] in M,0.78125,,,0.659,,,,Figure 4 / [ATPi] in M,human platelets / PRP / whole blood (per source methods),"STAGED RAW VALUE — not validated, not adjudicated, not entered in the dataset"
SEW-01276,Figure 4,Figure 4!D41,[ATPi] in M,0.78125,,,0.71,,,,Figure 4 / [ATPi] in M,human platelets / PRP / whole blood (per source methods),"STAGED RAW VALUE — not validated, not adjudicated, not entered in the dataset"
SEW-01277,Figure 4,Figure 4!E41,[ATPi] in M,0.78125,,,0.706,,,,Figure 4 / [ATPi] in M,human platelets / PRP / whole blood (per source methods),"STAGED RAW VALUE — not validated, not adjudicated, not entered in the dataset"
SEW-01278,Figure 4,Figure 4!G41,[ATPi] in M,0.78125,,,0.78125,,,,Figure 4 / [ATPi] in M,human platelets / PRP / whole blood (per source methods),"STAGED RAW VALUE — not validated, not adjudicated, not entered in the dataset"
SEW-01279,Figure 4,Figure 4!H41,[ATPi] in M,0.78125,,,0.774,,,,Figure 4 / [ATPi] in M,human platelets / PRP / whole blood (per source methods),"STAGED RAW VALUE — not validated, not adjudicated, not entered in the dataset"
SEW-01280,Figure 4,Figure 4!I41,[ATPi] in M,0.78125,,,0.69,,,,Figure 4 / [ATPi] in M,human platelets / PRP / whole blood (per source methods),"STAGED RAW VALUE — not validated, not adjudicated, not entered in the dataset"
SEW-01281,Figure 4,Figure 4!J41,[ATPi] in M,0.78125,,,0.669,,,,Figure 4 / [ATPi] in M,human platelets / PRP / whole blood (per source methods),"STAGED RAW VALUE — not validated, not adjudicated, not entered in the dataset"
SEW-01282,Figure 4,Figure 4!K41,[ATPi] in M,0.78125,,,0.649,,,,Figure 4 / [ATPi] in M,human platelets / PRP / whole blood (per source methods),"STAGED RAW VALUE — not validated, not adjudicated, not entered in the dataset"
SEW-01283,Figure 4,Figure 4!M41,[ATPi] in M,0.78125,,,0.78125,,,,Figure 4 / [ATPi] in M,human platelets / PRP / whole blood (per source methods),"STAGED RAW VALUE — not validated, not adjudicated, not entered in the dataset"
SEW-01284,Figure 4,Figure 4!N41,[ATPi] in M,0.78125,[ATPi] in M,[ATPi] in M,0.729,,,,Figure 4 / [ATPi] in M,human platelets / PRP / whole blood (per source methods),"STAGED RAW VALUE — not validated, not adjudicated, not entered in the dataset"
SEW-01285,Figure 4,Figure 4!O41,[ATPi] in M,0.78125,,,0.647,,,,Figure 4 / [ATPi] in M,human platelets / PRP / whole blood (per source methods),"STAGED RAW VALUE — not validated, not adjudicated, not entered in the dataset"
SEW-01286,Figure 4,Figure 4!P41,[ATPi] in M,0.78125,,,0.779,,,,Figure 4 / [ATPi] in M,human platelets / PRP / whole blood (per source methods),"STAGED RAW VALUE — not validated, not adjudicated, not entered in the dataset"
SEW-01287,Figure 4,Figure 4!Q41,[ATPi] in M,0.78125,,,0.702,,,,Figure 4 / [ATPi] in M,human platelets / PRP / whole blood (per source methods),"STAGED RAW VALUE — not validated, not adjudicated, not entered in the dataset"
SEW-01288,Figure 4,Figure 4!A42,[ATPi] in M,1.5625,,,1.5625,,,,Figure 4 / [ATPi] in M,human platelets / PRP / whole blood (per source methods),"STAGED RAW VALUE — not validated, not adjudicated, not entered in the dataset"
SEW-01289,Figure 4,Figure 4!B42,[ATPi] in M,1.5625,,,0.665,,,,Figure 4 / [ATPi] in M,human platelets / PRP / whole blood (per source methods),"STAGED RAW VALUE — not validated, not adjudicated, not entered in the dataset"
SEW-01290,Figure 4,Figure 4!C42,[ATPi] in M,1.5625,,,0.665,,,,Figure 4 / [ATPi] in M,human platelets / PRP / whole blood (per source methods),"STAGED RAW VALUE — not validated, not adjudicated, not entered in the dataset"
SEW-01291,Figure 4,Figure 4!D42,[ATPi] in M,1.5625,,,0.577,,,,Figure 4 / [ATPi] in M,human platelets / PRP / whole blood (per source methods),"STAGED RAW VALUE — not validated, not adjudicated, not entered in the dataset"
SEW-01292,Figure 4,Figure 4!E42,[ATPi] in M,1.5625,,,0.65,,,,Figure 4 / [ATPi] in M,human platelets / PRP / whole blood (per source methods),"STAGED RAW VALUE — not validated, not adjudicated, not entered in the dataset"
SEW-01293,Figure 4,Figure 4!G42,[ATPi] in M,1.5625,,,1.5625,,,,Figure 4 / [ATPi] in M,human platelets / PRP / whole blood (per source methods),"STAGED RAW VALUE — not validated, not adjudicated, not entered in the dataset"
SEW-01294,Figure 4,Figure 4!H42,[ATPi] in M,1.5625,,,0.657,,,,Figure 4 / [ATPi] in M,human platelets / PRP / whole blood (per source methods),"STAGED RAW VALUE — not validated, not adjudicated, not entered in the dataset"
SEW-01295,Figure 4,Figure 4!I42,[ATPi] in M,1.5625,,,0.647,,,,Figure 4 / [ATPi] in M,human platelets / PRP / whole blood (per source methods),"STAGED RAW VALUE — not validated, not adjudicated, not entered in the dataset"
SEW-01296,Figure 4,Figure 4!J42,[ATPi] in M,1.5625,,,0.638,,,,Figure 4 / [ATPi] in M,human platelets / PRP / whole blood (per source methods),"STAGED RAW VALUE — not validated, not adjudicated, not entered in the dataset"
SEW-01297,Figure 4,Figure 4!K42,[ATPi] in M,1.5625,,,0.611,,,,Figure 4 / [ATPi] in M,human platelets / PRP / whole blood (per source methods),"STAGED RAW VALUE — not validated, not adjudicated, not entered in the dataset"
SEW-01298,Figure 4,Figure 4!M42,[ATPi] in M,1.5625,,,1.5625,,,,Figure 4 / [ATPi] in M,human platelets / PRP / whole blood (per source methods),"STAGED RAW VALUE — not validated, not adjudicated, not entered in the dataset"
SEW-01299,Figure 4,Figure 4!N42,[ATPi] in M,1.5625,[ATPi] in M,[ATPi] in M,0.697,,,,Figure 4 / [ATPi] in M,human platelets / PRP / whole blood (per source methods),"STAGED RAW VALUE — not validated, not adjudicated, not entered in the dataset"
SEW-01300,Figure 4,Figure 4!O42,[ATPi] in M,1.5625,,,0.756,,,,Figure 4 / [ATPi] in M,human platelets / PRP / whole blood (per source methods),"STAGED RAW VALUE — not validated, not adjudicated, not entered in the dataset"
SEW-01301,Figure 4,Figure 4!P42,[ATPi] in M,1.5625,,,0.635,,,,Figure 4 / [ATPi] in M,human platelets / PRP / whole blood (per source methods),"STAGED RAW VALUE — not validated, not adjudicated, not entered in the dataset"
SEW-01302,Figure 4,Figure 4!Q42,[ATPi] in M,1.5625,,,0.567,,,,Figure 4 / [ATPi] in M,human platelets / PRP / whole blood (per source methods),"STAGED RAW VALUE — not validated, not adjudicated, not entered in the dataset"
SEW-01303,Figure 4,Figure 4!A43,[ATPi] in M,3.125,,,3.125,,,,Figure 4 / [ATPi] in M,human platelets / PRP / whole blood (per source methods),"STAGED RAW VALUE — not validated, not adjudicated, not entered in the dataset"
SEW-01304,Figure 4,Figure 4!B43,[ATPi] in M,3.125,,,0.614,,,,Figure 4 / [ATPi] in M,human platelets / PRP / whole blood (per source methods),"STAGED RAW VALUE — not validated, not adjudicated, not entered in the dataset"
SEW-01305,Figure 4,Figure 4!C43,[ATPi] in M,3.125,,,0.688,,,,Figure 4 / [ATPi] in M,human platelets / PRP / whole blood (per source methods),"STAGED RAW VALUE — not validated, not adjudicated, not entered in the dataset"
SEW-01306,Figure 4,Figure 4!D43,[ATPi] in M,3.125,,,0.579,,,,Figure 4 / [ATPi] in M,human platelets / PRP / whole blood (per source methods),"STAGED RAW VALUE — not validated, not adjudicated, not entered in the dataset"
SEW-01307,Figure 4,Figure 4!E43,[ATPi] in M,3.125,,,0.662,,,,Figure 4 / [ATPi] in M,human platelets / PRP / whole blood (per source methods),"STAGED RAW VALUE — not validated, not adjudicated, not entered in the dataset"
SEW-01308,Figure 4,Figure 4!G43,[ATPi] in M,3.125,,,3.125,,,,Figure 4 / [ATPi] in M,human platelets / PRP / whole blood (per source methods),"STAGED RAW VALUE — not validated, not adjudicated, not entered in the dataset"
SEW-01309,Figure 4,Figure 4!H43,[ATPi] in M,3.125,,,0.565,,,,Figure 4 / [ATPi] in M,human platelets / PRP / whole blood (per source methods),"STAGED RAW VALUE — not validated, not adjudicated, not entered in the dataset"
SEW-01310,Figure 4,Figure 4!I43,[ATPi] in M,3.125,,,0.692,,,,Figure 4 / [ATPi] in M,human platelets / PRP / whole blood (per source methods),"STAGED RAW VALUE — not validated, not adjudicated, not entered in the dataset"
SEW-01311,Figure 4,Figure 4!J43,[ATPi] in M,3.125,,,0.645,,,,Figure 4 / [ATPi] in M,human platelets / PRP / whole blood (per source methods),"STAGED RAW VALUE — not validated, not adjudicated, not entered in the dataset"
SEW-01312,Figure 4,Figure 4!K43,[ATPi] in M,3.125,,,0.69,,,,Figure 4 / [ATPi] in M,human platelets / PRP / whole blood (per source methods),"STAGED RAW VALUE — not validated, not adjudicated, not entered in the dataset"
SEW-01313,Figure 4,Figure 4!M43,[ATPi] in M,3.125,,,3.125,,,,Figure 4 / [ATPi] in M,human platelets / PRP / whole blood (per source methods),"STAGED RAW VALUE — not validated, not adjudicated, not entered in the dataset"
SEW-01314,Figure 4,Figure 4!N43,[ATPi] in M,3.125,[ATPi] in M,[ATPi] in M,0.621,,,,Figure 4 / [ATPi] in M,human platelets / PRP / whole blood (per source methods),"STAGED RAW VALUE — not validated, not adjudicated, not entered in the dataset"
SEW-01315,Figure 4,Figure 4!O43,[ATPi] in M,3.125,,,0.581,,,,Figure 4 / [ATPi] in M,human platelets / PRP / whole blood (per source methods),"STAGED RAW VALUE — not validated, not adjudicated, not entered in the dataset"
SEW-01316,Figure 4,Figure 4!P43,[ATPi] in M,3.125,,,0.64,,,,Figure 4 / [ATPi] in M,human platelets / PRP / whole blood (per source methods),"STAGED RAW VALUE — not validated, not adjudicated, not entered in the dataset"
SEW-01317,Figure 4,Figure 4!Q43,[ATPi] in M,3.125,,,0.585,,,,Figure 4 / [ATPi] in M,human platelets / PRP / whole blood (per source methods),"STAGED RAW VALUE — not validated, not adjudicated, not entered in the dataset"
SEW-01318,Figure 4,Figure 4!A44,[ATPi] in M,6.25,,,6.25,,,,Figure 4 / [ATPi] in M,human platelets / PRP / whole blood (per source methods),"STAGED RAW VALUE — not validated, not adjudicated, not entered in the dataset"
SEW-01319,Figure 4,Figure 4!B44,[ATPi] in M,6.25,,,0.66,,,,Figure 4 / [ATPi] in M,human platelets / PRP / whole blood (per source methods),"STAGED RAW VALUE — not validated, not adjudicated, not entered in the dataset"
SEW-01320,Figure 4,Figure 4!C44,[ATPi] in M,6.25,,,0.698,,,,Figure 4 / [ATPi] in M,human platelets / PRP / whole blood (per source methods),"STAGED RAW VALUE — not validated, not adjudicated, not entered in the dataset"
SEW-01321,Figure 4,Figure 4!D44,[ATPi] in M,6.25,,,0.605,,,,Figure 4 / [ATPi] in M,human platelets / PRP / whole blood (per source methods),"STAGED RAW VALUE — not validated, not adjudicated, not entered in the dataset"
SEW-01322,Figure 4,Figure 4!E44,[ATPi] in M,6.25,,,0.576,,,,Figure 4 / [ATPi] in M,human platelets / PRP / whole blood (per source methods),"STAGED RAW VALUE — not validated, not adjudicated, not entered in the dataset"
SEW-01323,Figure 4,Figure 4!G44,[ATPi] in M,6.25,,,6.25,,,,Figure 4 / [ATPi] in M,human platelets / PRP / whole blood (per source methods),"STAGED RAW VALUE — not validated, not adjudicated, not entered in the dataset"
SEW-01324,Figure 4,Figure 4!H44,[ATPi] in M,6.25,,,0.609,,,,Figure 4 / [ATPi] in M,human platelets / PRP / whole blood (per source methods),"STAGED RAW VALUE — not validated, not adjudicated, not entered in the dataset"
SEW-01325,Figure 4,Figure 4!I44,[ATPi] in M,6.25,,,0.616,,,,Figure 4 / [ATPi] in M,human platelets / PRP / whole blood (per source methods),"STAGED RAW VALUE — not validated, not adjudicated, not entered in the dataset"
SEW-01326,Figure 4,Figure 4!J44,[ATPi] in M,6.25,,,0.674,,,,Figure 4 / [ATPi] in M,human platelets / PRP / whole blood (per source methods),"STAGED RAW VALUE — not validated, not adjudicated, not entered in the dataset"
SEW-01327,Figure 4,Figure 4!K44,[ATPi] in M,6.25,,,0.526,,,,Figure 4 / [ATPi] in M,human platelets / PRP / whole blood (per source methods),"STAGED RAW VALUE — not validated, not adjudicated, not entered in the dataset"
SEW-01328,Figure 4,Figure 4!M44,[ATPi] in M,6.25,,,6.25,,,,Figure 4 / [ATPi] in M,human platelets / PRP / whole blood (per source methods),"STAGED RAW VALUE — not validated, not adjudicated, not entered in the dataset"
SEW-01329,Figure 4,Figure 4!N44,[ATPi] in M,6.25,[ATPi] in M,[ATPi] in M,0.634,,,,Figure 4 / [ATPi] in M,human platelets / PRP / whole blood (per source methods),"STAGED RAW VALUE — not validated, not adjudicated, not entered in the dataset"
SEW-01330,Figure 4,Figure 4!O44,[ATPi] in M,6.25,,,0.587,,,,Figure 4 / [ATPi] in M,human platelets / PRP / whole blood (per source methods),"STAGED RAW VALUE — not validated, not adjudicated, not entered in the dataset"
SEW-01331,Figure 4,Figure 4!P44,[ATPi] in M,6.25,,,0.574,,,,Figure 4 / [ATPi] in M,human platelets / PRP / whole blood (per source methods),"STAGED RAW VALUE — not validated, not adjudicated, not entered in the dataset"
SEW-01332,Figure 4,Figure 4!Q44,[ATPi] in M,6.25,,,0.603,,,,Figure 4 / [ATPi] in M,human platelets / PRP / whole blood (per source methods),"STAGED RAW VALUE — not validated, not adjudicated, not entered in the dataset"
SEW-01333,Figure 4,Figure 4!A45,[ATPi] in M,12.5,,,12.5,,,,Figure 4 / [ATPi] in M,human platelets / PRP / whole blood (per source methods),"STAGED RAW VALUE — not validated, not adjudicated, not entered in the dataset"
SEW-01334,Figure 4,Figure 4!B45,[ATPi] in M,12.5,,,0.573,,,,Figure 4 / [ATPi] in M,human platelets / PRP / whole blood (per source methods),"STAGED RAW VALUE — not validated, not adjudicated, not entered in the dataset"
SEW-01335,Figure 4,Figure 4!C45,[ATPi] in M,12.5,,,0.635,,,,Figure 4 / [ATPi] in M,human platelets / PRP / whole blood (per source methods),"STAGED RAW VALUE — not validated, not adjudicated, not entered in the dataset"
SEW-01336,Figure 4,Figure 4!D45,[ATPi] in M,12.5,,,0.54,,,,Figure 4 / [ATPi] in M,human platelets / PRP / whole blood (per source methods),"STAGED RAW VALUE — not validated, not adjudicated, not entered in the dataset"
SEW-01337,Figure 4,Figure 4!E45,[ATPi] in M,12.5,,,0.505,,,,Figure 4 / [ATPi] in M,human platelets / PRP / whole blood (per source methods),"STAGED RAW VALUE — not validated, not adjudicated, not entered in the dataset"
SEW-01338,Figure 4,Figure 4!G45,[ATPi] in M,12.5,,,12.5,,,,Figure 4 / [ATPi] in M,human platelets / PRP / whole blood (per source methods),"STAGED RAW VALUE — not validated, not adjudicated, not entered in the dataset"
SEW-01339,Figure 4,Figure 4!H45,[ATPi] in M,12.5,,,0.582,,,,Figure 4 / [ATPi] in M,human platelets / PRP / whole blood (per source methods),"STAGED RAW VALUE — not validated, not adjudicated, not entered in the dataset"
SEW-01340,Figure 4,Figure 4!I45,[ATPi] in M,12.5,,,0.57,,,,Figure 4 / [ATPi] in M,human platelets / PRP / whole blood (per source methods),"STAGED RAW VALUE — not validated, not adjudicated, not entered in the dataset"
SEW-01341,Figure 4,Figure 4!J45,[ATPi] in M,12.5,,,0.58,,,,Figure 4 / [ATPi] in M,human platelets / PRP / whole blood (per source methods),"STAGED RAW VALUE — not validated, not adjudicated, not entered in the dataset"
SEW-01342,Figure 4,Figure 4!K45,[ATPi] in M,12.5,,,0.539,,,,Figure 4 / [ATPi] in M,human platelets / PRP / whole blood (per source methods),"STAGED RAW VALUE — not validated, not adjudicated, not entered in the dataset"
SEW-01343,Figure 4,Figure 4!M45,[ATPi] in M,12.5,,,12.5,,,,Figure 4 / [ATPi] in M,human platelets / PRP / whole blood (per source methods),"STAGED RAW VALUE — not validated, not adjudicated, not entered in the dataset"
SEW-01344,Figure 4,Figure 4!N45,[ATPi] in M,12.5,[ATPi] in M,[ATPi] in M,0.515,,,,Figure 4 / [ATPi] in M,human platelets / PRP / whole blood (per source methods),"STAGED RAW VALUE — not validated, not adjudicated, not entered in the dataset"
SEW-01345,Figure 4,Figure 4!O45,[ATPi] in M,12.5,,,0.551,,,,Figure 4 / [ATPi] in M,human platelets / PRP / whole blood (per source methods),"STAGED RAW VALUE — not validated, not adjudicated, not entered in the dataset"
SEW-01346,Figure 4,Figure 4!P45,[ATPi] in M,12.5,,,0.565,,,,Figure 4 / [ATPi] in M,human platelets / PRP / whole blood (per source methods),"STAGED RAW VALUE — not validated, not adjudicated, not entered in the dataset"
SEW-01347,Figure 4,Figure 4!Q45,[ATPi] in M,12.5,,,0.59,,,,Figure 4 / [ATPi] in M,human platelets / PRP / whole blood (per source methods),"STAGED RAW VALUE — not validated, not adjudicated, not entered in the dataset"
SEW-01348,Figure 4,Figure 4!A49,[ATPi] in M,0,,,0,,,,Figure 4 / [ATPi] in M,human platelets / PRP / whole blood (per source methods),"STAGED RAW VALUE — not validated, not adjudicated, not entered in the dataset"
SEW-01349,Figure 4,Figure 4!B49,[ATPi] in M,0,[ATPi] in M,[ATPi] in M,0.672,,,,Figure 4 / [ATPi] in M,human platelets / PRP / whole blood (per source methods),"STAGED RAW VALUE — not validated, not adjudicated, not entered in the dataset"
SEW-01350,Figure 4,Figure 4!C49,[ATPi] in M,0,,,0.64,,,,Figure 4 / [ATPi] in M,human platelets / PRP / whole blood (per source methods),"STAGED RAW VALUE — not validated, not adjudicated, not entered in the dataset"
SEW-01351,Figure 4,Figure 4!D49,[ATPi] in M,0,,,0.593,,,,Figure 4 / [ATPi] in M,human platelets / PRP / whole blood (per source methods),"STAGED RAW VALUE — not validated, not adjudicated, not entered in the dataset"
SEW-01352,Figure 4,Figure 4!E49,[ATPi] in M,0,,,0.65,,,,Figure 4 / [ATPi] in M,human platelets / PRP / whole blood (per source methods),"STAGED RAW VALUE — not validated, not adjudicated, not entered in the dataset"
SEW-01353,Figure 4,Figure 4!A50,[ATPi] in M,0.78125,,,0.78125,,,,Figure 4 / [ATPi] in M,human platelets / PRP / whole blood (per source methods),"STAGED RAW VALUE — not validated, not adjudicated, not entered in the dataset"
SEW-01354,Figure 4,Figure 4!B50,[ATPi] in M,0.78125,[ATPi] in M,[ATPi] in M,0.625,,,,Figure 4 / [ATPi] in M,human platelets / PRP / whole blood (per source methods),"STAGED RAW VALUE — not validated, not adjudicated, not entered in the dataset"
SEW-01355,Figure 4,Figure 4!C50,[ATPi] in M,0.78125,,,0.541,,,,Figure 4 / [ATPi] in M,human platelets / PRP / whole blood (per source methods),"STAGED RAW VALUE — not validated, not adjudicated, not entered in the dataset"
SEW-01356,Figure 4,Figure 4!D50,[ATPi] in M,0.78125,,,0.626,,,,Figure 4 / [ATPi] in M,human platelets / PRP / whole blood (per source methods),"STAGED RAW VALUE — not validated, not adjudicated, not entered in the dataset"
SEW-01357,Figure 4,Figure 4!E50,[ATPi] in M,0.78125,,,0.674,,,,Figure 4 / [ATPi] in M,human platelets / PRP / whole blood (per source methods),"STAGED RAW VALUE — not validated, not adjudicated, not entered in the dataset"
SEW-01358,Figure 4,Figure 4!A51,[ATPi] in M,1.5625,,,1.5625,,,,Figure 4 / [ATPi] in M,human platelets / PRP / whole blood (per source methods),"STAGED RAW VALUE — not validated, not adjudicated, not entered in the dataset"
SEW-01359,Figure 4,Figure 4!B51,[ATPi] in M,1.5625,[ATPi] in M,[ATPi] in M,0.597,,,,Figure 4 / [ATPi] in M,human platelets / PRP / whole blood (per source methods),"STAGED RAW VALUE — not validated, not adjudicated, not entered in the dataset"
SEW-01360,Figure 4,Figure 4!C51,[ATPi] in M,1.5625,,,0.666,,,,Figure 4 / [ATPi] in M,human platelets / PRP / whole blood (per source methods),"STAGED RAW VALUE — not validated, not adjudicated, not entered in the dataset"
SEW-01361,Figure 4,Figure 4!D51,[ATPi] in M,1.5625,,,0.568,,,,Figure 4 / [ATPi] in M,human platelets / PRP / whole blood (per source methods),"STAGED RAW VALUE — not validated, not adjudicated, not entered in the dataset"
SEW-01362,Figure 4,Figure 4!E51,[ATPi] in M,1.5625,,,0.575,,,,Figure 4 / [ATPi] in M,human platelets / PRP / whole blood (per source methods),"STAGED RAW VALUE — not validated, not adjudicated, not entered in the dataset"
SEW-01363,Figure 4,Figure 4!A52,[ATPi] in M,3.125,,,3.125,,,,Figure 4 / [ATPi] in M,human platelets / PRP / whole blood (per source methods),"STAGED RAW VALUE — not validated, not adjudicated, not entered in the dataset"
SEW-01364,Figure 4,Figure 4!B52,[ATPi] in M,3.125,[ATPi] in M,[ATPi] in M,0.602,,,,Figure 4 / [ATPi] in M,human platelets / PRP / whole blood (per source methods),"STAGED RAW VALUE — not validated, not adjudicated, not entered in the dataset"
SEW-01365,Figure 4,Figure 4!C52,[ATPi] in M,3.125,,,0.555,,,,Figure 4 / [ATPi] in M,human platelets / PRP / whole blood (per source methods),"STAGED RAW VALUE — not validated, not adjudicated, not entered in the dataset"
SEW-01366,Figure 4,Figure 4!D52,[ATPi] in M,3.125,,,0.609,,,,Figure 4 / [ATPi] in M,human platelets / PRP / whole blood (per source methods),"STAGED RAW VALUE — not validated, not adjudicated, not entered in the dataset"
SEW-01367,Figure 4,Figure 4!E52,[ATPi] in M,3.125,,,0.582,,,,Figure 4 / [ATPi] in M,human platelets / PRP / whole blood (per source methods),"STAGED RAW VALUE — not validated, not adjudicated, not entered in the dataset"
SEW-01368,Figure 4,Figure 4!A53,[ATPi] in M,6.25,,,6.25,,,,Figure 4 / [ATPi] in M,human platelets / PRP / whole blood (per source methods),"STAGED RAW VALUE — not validated, not adjudicated, not entered in the dataset"
SEW-01369,Figure 4,Figure 4!B53,[ATPi] in M,6.25,[ATPi] in M,[ATPi] in M,0.545,,,,Figure 4 / [ATPi] in M,human platelets / PRP / whole blood (per source methods),"STAGED RAW VALUE — not validated, not adjudicated, not entered in the dataset"
SEW-01370,Figure 4,Figure 4!C53,[ATPi] in M,6.25,,,0.583,,,,Figure 4 / [ATPi] in M,human platelets / PRP / whole blood (per source methods),"STAGED RAW VALUE — not validated, not adjudicated, not entered in the dataset"
SEW-01371,Figure 4,Figure 4!D53,[ATPi] in M,6.25,,,0.505,,,,Figure 4 / [ATPi] in M,human platelets / PRP / whole blood (per source methods),"STAGED RAW VALUE — not validated, not adjudicated, not entered in the dataset"
SEW-01372,Figure 4,Figure 4!E53,[ATPi] in M,6.25,,,0.573,,,,Figure 4 / [ATPi] in M,human platelets / PRP / whole blood (per source methods),"STAGED RAW VALUE — not validated, not adjudicated, not entered in the dataset"
SEW-01373,Figure 4,Figure 4!A54,[ATPi] in M,12.5,,,12.5,,,,Figure 4 / [ATPi] in M,human platelets / PRP / whole blood (per source methods),"STAGED RAW VALUE — not validated, not adjudicated, not entered in the dataset"
SEW-01374,Figure 4,Figure 4!B54,[ATPi] in M,12.5,[ATPi] in M,[ATPi] in M,0.577,,,,Figure 4 / [ATPi] in M,human platelets / PRP / whole blood (per source methods),"STAGED RAW VALUE — not validated, not adjudicated, not entered in the dataset"
SEW-01375,Figure 4,Figure 4!C54,[ATPi] in M,12.5,,,0.515,,,,Figure 4 / [ATPi] in M,human platelets / PRP / whole blood (per source methods),"STAGED RAW VALUE — not validated, not adjudicated, not entered in the dataset"
SEW-01376,Figure 4,Figure 4!D54,[ATPi] in M,12.5,,,0.56,,,,Figure 4 / [ATPi] in M,human platelets / PRP / whole blood (per source methods),"STAGED RAW VALUE — not validated, not adjudicated, not entered in the dataset"
SEW-01377,Figure 4,Figure 4!E54,[ATPi] in M,12.5,,,0.521,,,,Figure 4 / [ATPi] in M,human platelets / PRP / whole blood (per source methods),"STAGED RAW VALUE — not validated, not adjudicated, not entered in the dataset"
SEW-01378,Figure 5,Figure 5!C3,PAC MFI,Axis label,1,1,1,,,,Figure 5 / PAC MFI,human platelets / PRP / whole blood (per source methods),"STAGED RAW VALUE — not validated, not adjudicated, not entered in the dataset"
SEW-01379,Figure 5,Figure 5!D3,PAC MFI,Axis label,2,2,2,,,,Figure 5 / PAC MFI,human platelets / PRP / whole blood (per source methods),"STAGED RAW VALUE — not validated, not adjudicated, not entered in the dataset"
SEW-01380,Figure 5,Figure 5!E3,PAC MFI,Axis label,3,3,3,,,,Figure 5 / PAC MFI,human platelets / PRP / whole blood (per source methods),"STAGED RAW VALUE — not validated, not adjudicated, not entered in the dataset"
SEW-01381,Figure 5,Figure 5!F3,PAC MFI,Axis label,4,4,4,,,,Figure 5 / PAC MFI,human platelets / PRP / whole blood (per source methods),"STAGED RAW VALUE — not validated, not adjudicated, not entered in the dataset"
SEW-01382,Figure 5,Figure 5!G3,PAC MFI,Axis label,5,5,5,,,,Figure 5 / PAC MFI,human platelets / PRP / whole blood (per source methods),"STAGED RAW VALUE — not validated, not adjudicated, not entered in the dataset"
SEW-01383,Figure 5,Figure 5!H3,PAC MFI,Axis label,6,6,6,,,,Figure 5 / PAC MFI,human platelets / PRP / whole blood (per source methods),"STAGED RAW VALUE — not validated, not adjudicated, not entered in the dataset"
SEW-01384,Figure 5,Figure 5!I3,PAC MFI,Axis label,7,7,7,,,,Figure 5 / PAC MFI,human platelets / PRP / whole blood (per source methods),"STAGED RAW VALUE — not validated, not adjudicated, not entered in the dataset"
SEW-01385,Figure 5,Figure 5!J3,PAC MFI,Axis label,8,8,8,,,,Figure 5 / PAC MFI,human platelets / PRP / whole blood (per source methods),"STAGED RAW VALUE — not validated, not adjudicated, not entered in the dataset"
SEW-01386,Figure 5,Figure 5!K3,PAC MFI,Axis label,9,9,9,,,,Figure 5 / PAC MFI,human platelets / PRP / whole blood (per source methods),"STAGED RAW VALUE — not validated, not adjudicated, not entered in the dataset"
SEW-01387,Figure 5,Figure 5!L3,PAC MFI,Axis label,10,10,10,,,,Figure 5 / PAC MFI,human platelets / PRP / whole blood (per source methods),"STAGED RAW VALUE — not validated, not adjudicated, not entered in the dataset"
SEW-01388,Figure 5,Figure 5!C4,PAC MFI,neg ctrl,1,1,1.177,,,negative_control_unstimulated,Figure 5 / PAC MFI,human platelets / PRP / whole blood (per source methods),"STAGED RAW VALUE — not validated, not adjudicated, not entered in the dataset"
SEW-01389,Figure 5,Figure 5!D4,PAC MFI,neg ctrl,2,2,1.233,,,negative_control_unstimulated,Figure 5 / PAC MFI,human platelets / PRP / whole blood (per source methods),"STAGED RAW VALUE — not validated, not adjudicated, not entered in the dataset"
SEW-01390,Figure 5,Figure 5!E4,PAC MFI,neg ctrl,3,3,2.473,,,negative_control_unstimulated,Figure 5 / PAC MFI,human platelets / PRP / whole blood (per source methods),"STAGED RAW VALUE — not validated, not adjudicated, not entered in the dataset"
SEW-01391,Figure 5,Figure 5!F4,PAC MFI,neg ctrl,4,4,1.097,,,negative_control_unstimulated,Figure 5 / PAC MFI,human platelets / PRP / whole blood (per source methods),"STAGED RAW VALUE — not validated, not adjudicated, not entered in the dataset"
SEW-01392,Figure 5,Figure 5!G4,PAC MFI,neg ctrl,5,5,1.663,,,negative_control_unstimulated,Figure 5 / PAC MFI,human platelets / PRP / whole blood (per source methods),"STAGED RAW VALUE — not validated, not adjudicated, not entered in the dataset"
SEW-01393,Figure 5,Figure 5!H4,PAC MFI,neg ctrl,6,6,1.233333,,,negative_control_unstimulated,Figure 5 / PAC MFI,human platelets / PRP / whole blood (per source methods),"STAGED RAW VALUE — not validated, not adjudicated, not entered in the dataset"
SEW-01394,Figure 5,Figure 5!I4,PAC MFI,neg ctrl,7,7,0.37,,,negative_control_unstimulated,Figure 5 / PAC MFI,human platelets / PRP / whole blood (per source methods),"STAGED RAW VALUE — not validated, not adjudicated, not entered in the dataset"
SEW-01395,Figure 5,Figure 5!J4,PAC MFI,neg ctrl,8,8,0.5433334,,,negative_control_unstimulated,Figure 5 / PAC MFI,human platelets / PRP / whole blood (per source methods),"STAGED RAW VALUE — not validated, not adjudicated, not entered in the dataset"
SEW-01396,Figure 5,Figure 5!K4,PAC MFI,neg ctrl,9,9,0.75,,,negative_control_unstimulated,Figure 5 / PAC MFI,human platelets / PRP / whole blood (per source methods),"STAGED RAW VALUE — not validated, not adjudicated, not entered in the dataset"
SEW-01397,Figure 5,Figure 5!L4,PAC MFI,neg ctrl,10,10,1.906667,,,negative_control_unstimulated,Figure 5 / PAC MFI,human platelets / PRP / whole blood (per source methods),"STAGED RAW VALUE — not validated, not adjudicated, not entered in the dataset"
SEW-01398,Figure 5,Figure 5!C5,PAC MFI,ADP,1,1,8.283,,,positive_control_agonist,Figure 5 / PAC MFI,human platelets / PRP / whole blood (per source methods),"STAGED RAW VALUE — not validated, not adjudicated, not entered in the dataset"
SEW-01399,Figure 5,Figure 5!D5,PAC MFI,ADP,2,2,8.637,,,positive_control_agonist,Figure 5 / PAC MFI,human platelets / PRP / whole blood (per source methods),"STAGED RAW VALUE — not validated, not adjudicated, not entered in the dataset"
SEW-01400,Figure 5,Figure 5!E5,PAC MFI,ADP,3,3,6.403,,,positive_control_agonist,Figure 5 / PAC MFI,human platelets / PRP / whole blood (per source methods),"STAGED RAW VALUE — not validated, not adjudicated, not entered in the dataset"
SEW-01401,Figure 5,Figure 5!F5,PAC MFI,ADP,4,4,3.91,,,positive_control_agonist,Figure 5 / PAC MFI,human platelets / PRP / whole blood (per source methods),"STAGED RAW VALUE — not validated, not adjudicated, not entered in the dataset"
SEW-01402,Figure 5,Figure 5!G5,PAC MFI,ADP,5,5,4.64,,,positive_control_agonist,Figure 5 / PAC MFI,human platelets / PRP / whole blood (per source methods),"STAGED RAW VALUE — not validated, not adjudicated, not entered in the dataset"
SEW-01403,Figure 5,Figure 5!H5,PAC MFI,ADP,6,6,6.893333,,,positive_control_agonist,Figure 5 / PAC MFI,human platelets / PRP / whole blood (per source methods),"STAGED RAW VALUE — not validated, not adjudicated, not entered in the dataset"
SEW-01404,Figure 5,Figure 5!I5,PAC MFI,ADP,7,7,2.406667,,,positive_control_agonist,Figure 5 / PAC MFI,human platelets / PRP / whole blood (per source methods),"STAGED RAW VALUE — not validated, not adjudicated, not entered in the dataset"
SEW-01405,Figure 5,Figure 5!J5,PAC MFI,ADP,8,8,2.853333,,,positive_control_agonist,Figure 5 / PAC MFI,human platelets / PRP / whole blood (per source methods),"STAGED RAW VALUE — not validated, not adjudicated, not entered in the dataset"
SEW-01406,Figure 5,Figure 5!K5,PAC MFI,ADP,9,9,7.146667,,,positive_control_agonist,Figure 5 / PAC MFI,human platelets / PRP / whole blood (per source methods),"STAGED RAW VALUE — not validated, not adjudicated, not entered in the dataset"
SEW-01407,Figure 5,Figure 5!L5,PAC MFI,ADP,10,10,14.34333,,,positive_control_agonist,Figure 5 / PAC MFI,human platelets / PRP / whole blood (per source methods),"STAGED RAW VALUE — not validated, not adjudicated, not entered in the dataset"
SEW-01408,Figure 5,Figure 5!C6,PAC MFI,TRAP,1,1,6.623,,,positive_control_agonist,Figure 5 / PAC MFI,human platelets / PRP / whole blood (per source methods),"STAGED RAW VALUE — not validated, not adjudicated, not entered in the dataset"
SEW-01409,Figure 5,Figure 5!D6,PAC MFI,TRAP,2,2,3.227,,,positive_control_agonist,Figure 5 / PAC MFI,human platelets / PRP / whole blood (per source methods),"STAGED RAW VALUE — not validated, not adjudicated, not entered in the dataset"
SEW-01410,Figure 5,Figure 5!E6,PAC MFI,TRAP,3,3,7.397,,,positive_control_agonist,Figure 5 / PAC MFI,human platelets / PRP / whole blood (per source methods),"STAGED RAW VALUE — not validated, not adjudicated, not entered in the dataset"
SEW-01411,Figure 5,Figure 5!F6,PAC MFI,TRAP,4,4,4.13,,,positive_control_agonist,Figure 5 / PAC MFI,human platelets / PRP / whole blood (per source methods),"STAGED RAW VALUE — not validated, not adjudicated, not entered in the dataset"
SEW-01412,Figure 5,Figure 5!G6,PAC MFI,TRAP,5,5,4.94,,,positive_control_agonist,Figure 5 / PAC MFI,human platelets / PRP / whole blood (per source methods),"STAGED RAW VALUE — not validated, not adjudicated, not entered in the dataset"
SEW-01413,Figure 5,Figure 5!H6,PAC MFI,TRAP,6,6,3.976667,,,positive_control_agonist,Figure 5 / PAC MFI,human platelets / PRP / whole blood (per source methods),"STAGED RAW VALUE — not validated, not adjudicated, not entered in the dataset"
SEW-01414,Figure 5,Figure 5!I6,PAC MFI,TRAP,7,7,0.73,,,positive_control_agonist,Figure 5 / PAC MFI,human platelets / PRP / whole blood (per source methods),"STAGED RAW VALUE — not validated, not adjudicated, not entered in the dataset"
SEW-01415,Figure 5,Figure 5!J6,PAC MFI,TRAP,8,8,0.5666667,,,positive_control_agonist,Figure 5 / PAC MFI,human platelets / PRP / whole blood (per source methods),"STAGED RAW VALUE — not validated, not adjudicated, not entered in the dataset"
SEW-01416,Figure 5,Figure 5!K6,PAC MFI,TRAP,9,9,2.513333,,,positive_control_agonist,Figure 5 / PAC MFI,human platelets / PRP / whole blood (per source methods),"STAGED RAW VALUE — not validated, not adjudicated, not entered in the dataset"
SEW-01417,Figure 5,Figure 5!L6,PAC MFI,TRAP,10,10,9.106667,,,positive_control_agonist,Figure 5 / PAC MFI,human platelets / PRP / whole blood (per source methods),"STAGED RAW VALUE — not validated, not adjudicated, not entered in the dataset"
SEW-01418,Figure 5,Figure 5!C7,PAC MFI,16 -,1,1,18.903333333333332,,,,Figure 5 / PAC MFI,human platelets / PRP / whole blood (per source methods),"STAGED RAW VALUE — not validated, not adjudicated, not entered in the dataset"
SEW-01419,Figure 5,Figure 5!D7,PAC MFI,16 -,2,2,21.826666666666664,,,,Figure 5 / PAC MFI,human platelets / PRP / whole blood (per source methods),"STAGED RAW VALUE — not validated, not adjudicated, not entered in the dataset"
SEW-01420,Figure 5,Figure 5!E7,PAC MFI,16 -,3,3,15.556666666666667,,,,Figure 5 / PAC MFI,human platelets / PRP / whole blood (per source methods),"STAGED RAW VALUE — not validated, not adjudicated, not entered in the dataset"
SEW-01421,Figure 5,Figure 5!F7,PAC MFI,16 -,4,4,13.073333333333332,,,,Figure 5 / PAC MFI,human platelets / PRP / whole blood (per source methods),"STAGED RAW VALUE — not validated, not adjudicated, not entered in the dataset"
SEW-01422,Figure 5,Figure 5!G7,PAC MFI,16 -,5,5,14.606666666666667,,,,Figure 5 / PAC MFI,human platelets / PRP / whole blood (per source methods),"STAGED RAW VALUE — not validated, not adjudicated, not entered in the dataset"
SEW-01423,Figure 5,Figure 5!C8,PAC MFI,16 +,1,1,1.5999999999999999,(AC)8,block header A7 in a side-by-side layout,,Figure 5 / PAC MFI,human platelets / PRP / whole blood (per source methods),"STAGED RAW VALUE — not validated, not adjudicated, not entered in the dataset"
SEW-01424,Figure 5,Figure 5!D8,PAC MFI,16 +,2,2,0.39999999999999997,,,,Figure 5 / PAC MFI,human platelets / PRP / whole blood (per source methods),"STAGED RAW VALUE — not validated, not adjudicated, not entered in the dataset"
SEW-01425,Figure 5,Figure 5!E8,PAC MFI,16 +,3,3,0.4266666666666667,,,,Figure 5 / PAC MFI,human platelets / PRP / whole blood (per source methods),"STAGED RAW VALUE — not validated, not adjudicated, not entered in the dataset"
SEW-01426,Figure 5,Figure 5!F8,PAC MFI,16 +,4,4,0.96,,,,Figure 5 / PAC MFI,human platelets / PRP / whole blood (per source methods),"STAGED RAW VALUE — not validated, not adjudicated, not entered in the dataset"
SEW-01427,Figure 5,Figure 5!G8,PAC MFI,16 +,5,5,2.36,,,,Figure 5 / PAC MFI,human platelets / PRP / whole blood (per source methods),"STAGED RAW VALUE — not validated, not adjudicated, not entered in the dataset"
SEW-01428,Figure 5,Figure 5!C9,PAC MFI,18 -,1,1,19.196666666666665,(AC)8 + LNA,block header A8 in a side-by-side layout,,Figure 5 / PAC MFI,human platelets / PRP / whole blood (per source methods),"STAGED RAW VALUE — not validated, not adjudicated, not entered in the dataset"
SEW-01429,Figure 5,Figure 5!D9,PAC MFI,18 -,2,2,22.650000000000002,,,,Figure 5 / PAC MFI,human platelets / PRP / whole blood (per source methods),"STAGED RAW VALUE — not validated, not adjudicated, not entered in the dataset"
SEW-01430,Figure 5,Figure 5!E9,PAC MFI,18 -,3,3,16.333333333333332,,,,Figure 5 / PAC MFI,human platelets / PRP / whole blood (per source methods),"STAGED RAW VALUE — not validated, not adjudicated, not entered in the dataset"
SEW-01431,Figure 5,Figure 5!F9,PAC MFI,18 -,4,4,13.683333333333332,,,,Figure 5 / PAC MFI,human platelets / PRP / whole blood (per source methods),"STAGED RAW VALUE — not validated, not adjudicated, not entered in the dataset"
SEW-01432,Figure 5,Figure 5!G9,PAC MFI,18 -,5,5,15.916666666666666,,,,Figure 5 / PAC MFI,human platelets / PRP / whole blood (per source methods),"STAGED RAW VALUE — not validated, not adjudicated, not entered in the dataset"
SEW-01433,Figure 5,Figure 5!C10,PAC MFI,18 +,1,1,1.99333333333333,(AC)9,block header A9 in a side-by-side layout,,Figure 5 / PAC MFI,human platelets / PRP / whole blood (per source methods),"STAGED RAW VALUE — not validated, not adjudicated, not entered in the dataset"
SEW-01434,Figure 5,Figure 5!D10,PAC MFI,18 +,2,2,0.4266666666666667,,,,Figure 5 / PAC MFI,human platelets / PRP / whole blood (per source methods),"STAGED RAW VALUE — not validated, not adjudicated, not entered in the dataset"
SEW-01435,Figure 5,Figure 5!E10,PAC MFI,18 +,3,3,0.4266666666666667,,,,Figure 5 / PAC MFI,human platelets / PRP / whole blood (per source methods),"STAGED RAW VALUE — not validated, not adjudicated, not entered in the dataset"
SEW-01436,Figure 5,Figure 5!F10,PAC MFI,18 +,4,4,1.156666666666667,,,,Figure 5 / PAC MFI,human platelets / PRP / whole blood (per source methods),"STAGED RAW VALUE — not validated, not adjudicated, not entered in the dataset"
SEW-01437,Figure 5,Figure 5!G10,PAC MFI,18 +,5,5,2.53,,,,Figure 5 / PAC MFI,human platelets / PRP / whole blood (per source methods),"STAGED RAW VALUE — not validated, not adjudicated, not entered in the dataset"
SEW-01438,Figure 5,Figure 5!C11,PAC MFI,20 -,1,1,19.16333333333333,(AC)9 + LNA,block header A10 in a side-by-side layout,,Figure 5 / PAC MFI,human platelets / PRP / whole blood (per source methods),"STAGED RAW VALUE — not validated, not adjudicated, not entered in the dataset"
SEW-01439,Figure 5,Figure 5!D11,PAC MFI,20 -,2,2,23.793333333333333,,,,Figure 5 / PAC MFI,human platelets / PRP / whole blood (per source methods),"STAGED RAW VALUE — not validated, not adjudicated, not entered in the dataset"
SEW-01440,Figure 5,Figure 5!E11,PAC MFI,20 -,3,3,17.069999999999997,,,,Figure 5 / PAC MFI,human platelets / PRP / whole blood (per source methods),"STAGED RAW VALUE — not validated, not adjudicated, not entered in the dataset"
SEW-01441,Figure 5,Figure 5!F11,PAC MFI,20 -,4,4,14.096666666666666,,,,Figure 5 / PAC MFI,human platelets / PRP / whole blood (per source methods),"STAGED RAW VALUE — not validated, not adjudicated, not entered in the dataset"
SEW-01442,Figure 5,Figure 5!G11,PAC MFI,20 -,5,5,16.723333333333333,,,,Figure 5 / PAC MFI,human platelets / PRP / whole blood (per source methods),"STAGED RAW VALUE — not validated, not adjudicated, not entered in the dataset"
SEW-01443,Figure 5,Figure 5!C12,PAC MFI,20 +,1,1,5.553333333333334,(AC)10,block header A11 in a side-by-side layout,,Figure 5 / PAC MFI,human platelets / PRP / whole blood (per source methods),"STAGED RAW VALUE — not validated, not adjudicated, not entered in the dataset"
SEW-01444,Figure 5,Figure 5!D12,PAC MFI,20 +,2,2,0.5,,,,Figure 5 / PAC MFI,human platelets / PRP / whole blood (per source methods),"STAGED RAW VALUE — not validated, not adjudicated, not entered in the dataset"
SEW-01445,Figure 5,Figure 5!E12,PAC MFI,20 +,3,3,0.5033333333333333,,,,Figure 5 / PAC MFI,human platelets / PRP / whole blood (per source methods),"STAGED RAW VALUE — not validated, not adjudicated, not entered in the dataset"
SEW-01446,Figure 5,Figure 5!F12,PAC MFI,20 +,4,4,2.2133333333333334,,,,Figure 5 / PAC MFI,human platelets / PRP / whole blood (per source methods),"STAGED RAW VALUE — not validated, not adjudicated, not entered in the dataset"
SEW-01447,Figure 5,Figure 5!G12,PAC MFI,20 +,5,5,3.533333333333333,,,,Figure 5 / PAC MFI,human platelets / PRP / whole blood (per source methods),"STAGED RAW VALUE — not validated, not adjudicated, not entered in the dataset"
SEW-01448,Figure 5,Figure 5!C16,P-Sel MFI,Axis label,1,1,1,,,,Figure 5 / P-Sel MFI,human platelets / PRP / whole blood (per source methods),"STAGED RAW VALUE — not validated, not adjudicated, not entered in the dataset"
SEW-01449,Figure 5,Figure 5!D16,P-Sel MFI,Axis label,2,2,2,,,,Figure 5 / P-Sel MFI,human platelets / PRP / whole blood (per source methods),"STAGED RAW VALUE — not validated, not adjudicated, not entered in the dataset"
SEW-01450,Figure 5,Figure 5!E16,P-Sel MFI,Axis label,3,3,3,,,,Figure 5 / P-Sel MFI,human platelets / PRP / whole blood (per source methods),"STAGED RAW VALUE — not validated, not adjudicated, not entered in the dataset"
SEW-01451,Figure 5,Figure 5!F16,P-Sel MFI,Axis label,4,4,4,,,,Figure 5 / P-Sel MFI,human platelets / PRP / whole blood (per source methods),"STAGED RAW VALUE — not validated, not adjudicated, not entered in the dataset"
SEW-01452,Figure 5,Figure 5!G16,P-Sel MFI,Axis label,5,5,5,,,,Figure 5 / P-Sel MFI,human platelets / PRP / whole blood (per source methods),"STAGED RAW VALUE — not validated, not adjudicated, not entered in the dataset"
SEW-01453,Figure 5,Figure 5!H16,P-Sel MFI,Axis label,6,6,6,,,,Figure 5 / P-Sel MFI,human platelets / PRP / whole blood (per source methods),"STAGED RAW VALUE — not validated, not adjudicated, not entered in the dataset"
SEW-01454,Figure 5,Figure 5!I16,P-Sel MFI,Axis label,7,7,7,,,,Figure 5 / P-Sel MFI,human platelets / PRP / whole blood (per source methods),"STAGED RAW VALUE — not validated, not adjudicated, not entered in the dataset"
SEW-01455,Figure 5,Figure 5!J16,P-Sel MFI,Axis label,8,8,8,,,,Figure 5 / P-Sel MFI,human platelets / PRP / whole blood (per source methods),"STAGED RAW VALUE — not validated, not adjudicated, not entered in the dataset"
SEW-01456,Figure 5,Figure 5!K16,P-Sel MFI,Axis label,9,9,9,,,,Figure 5 / P-Sel MFI,human platelets / PRP / whole blood (per source methods),"STAGED RAW VALUE — not validated, not adjudicated, not entered in the dataset"
SEW-01457,Figure 5,Figure 5!L16,P-Sel MFI,Axis label,10,10,10,,,,Figure 5 / P-Sel MFI,human platelets / PRP / whole blood (per source methods),"STAGED RAW VALUE — not validated, not adjudicated, not entered in the dataset"
SEW-01458,Figure 5,Figure 5!C17,P-Sel MFI,neg ctrl,1,1,3.003,,,negative_control_unstimulated,Figure 5 / P-Sel MFI,human platelets / PRP / whole blood (per source methods),"STAGED RAW VALUE — not validated, not adjudicated, not entered in the dataset"
SEW-01459,Figure 5,Figure 5!D17,P-Sel MFI,neg ctrl,2,2,1.88,,,negative_control_unstimulated,Figure 5 / P-Sel MFI,human platelets / PRP / whole blood (per source methods),"STAGED RAW VALUE — not validated, not adjudicated, not entered in the dataset"
SEW-01460,Figure 5,Figure 5!E17,P-Sel MFI,neg ctrl,3,3,3.42,,,negative_control_unstimulated,Figure 5 / P-Sel MFI,human platelets / PRP / whole blood (per source methods),"STAGED RAW VALUE — not validated, not adjudicated, not entered in the dataset"
SEW-01461,Figure 5,Figure 5!F17,P-Sel MFI,neg ctrl,4,4,2.16,,,negative_control_unstimulated,Figure 5 / P-Sel MFI,human platelets / PRP / whole blood (per source methods),"STAGED RAW VALUE — not validated, not adjudicated, not entered in the dataset"
SEW-01462,Figure 5,Figure 5!G17,P-Sel MFI,neg ctrl,5,5,3.627,,,negative_control_unstimulated,Figure 5 / P-Sel MFI,human platelets / PRP / whole blood (per source methods),"STAGED RAW VALUE — not validated, not adjudicated, not entered in the dataset"
SEW-01463,Figure 5,Figure 5!H17,P-Sel MFI,neg ctrl,6,6,3.816667,,,negative_control_unstimulated,Figure 5 / P-Sel MFI,human platelets / PRP / whole blood (per source methods),"STAGED RAW VALUE — not validated, not adjudicated, not entered in the dataset"
SEW-01464,Figure 5,Figure 5!I17,P-Sel MFI,neg ctrl,7,7,3.02,,,negative_control_unstimulated,Figure 5 / P-Sel MFI,human platelets / PRP / whole blood (per source methods),"STAGED RAW VALUE — not validated, not adjudicated, not entered in the dataset"
SEW-01465,Figure 5,Figure 5!J17,P-Sel MFI,neg ctrl,8,8,2.763333,,,negative_control_unstimulated,Figure 5 / P-Sel MFI,human platelets / PRP / whole blood (per source methods),"STAGED RAW VALUE — not validated, not adjudicated, not entered in the dataset"
SEW-01466,Figure 5,Figure 5!K17,P-Sel MFI,neg ctrl,9,9,2.53,,,negative_control_unstimulated,Figure 5 / P-Sel MFI,human platelets / PRP / whole blood (per source methods),"STAGED RAW VALUE — not validated, not adjudicated, not entered in the dataset"
SEW-01467,Figure 5,Figure 5!L17,P-Sel MFI,neg ctrl,10,10,2.66,,,negative_control_unstimulated,Figure 5 / P-Sel MFI,human platelets / PRP / whole blood (per source methods),"STAGED RAW VALUE — not validated, not adjudicated, not entered in the dataset"
SEW-01468,Figure 5,Figure 5!C18,P-Sel MFI,ADP,1,1,6.03,,,positive_control_agonist,Figure 5 / P-Sel MFI,human platelets / PRP / whole blood (per source methods),"STAGED RAW VALUE — not validated, not adjudicated, not entered in the dataset"
SEW-01469,Figure 5,Figure 5!D18,P-Sel MFI,ADP,2,2,4.717,,,positive_control_agonist,Figure 5 / P-Sel MFI,human platelets / PRP / whole blood (per source methods),"STAGED RAW VALUE — not validated, not adjudicated, not entered in the dataset"
SEW-01470,Figure 5,Figure 5!E18,P-Sel MFI,ADP,3,3,4.273,,,positive_control_agonist,Figure 5 / P-Sel MFI,human platelets / PRP / whole blood (per source methods),"STAGED RAW VALUE — not validated, not adjudicated, not entered in the dataset"
SEW-01471,Figure 5,Figure 5!F18,P-Sel MFI,ADP,4,4,3.197,,,positive_control_agonist,Figure 5 / P-Sel MFI,human platelets / PRP / whole blood (per source methods),"STAGED RAW VALUE — not validated, not adjudicated, not entered in the dataset"
SEW-01472,Figure 5,Figure 5!G18,P-Sel MFI,ADP,5,5,4.077,,,positive_control_agonist,Figure 5 / P-Sel MFI,human platelets / PRP / whole blood (per source methods),"STAGED RAW VALUE — not validated, not adjudicated, not entered in the dataset"
SEW-01473,Figure 5,Figure 5!H18,P-Sel MFI,ADP,6,6,6.02,,,positive_control_agonist,Figure 5 / P-Sel MFI,human platelets / PRP / whole blood (per source methods),"STAGED RAW VALUE — not validated, not adjudicated, not entered in the dataset"
SEW-01474,Figure 5,Figure 5!I18,P-Sel MFI,ADP,7,7,4.336667,,,positive_control_agonist,Figure 5 / P-Sel MFI,human platelets / PRP / whole blood (per source methods),"STAGED RAW VALUE — not validated, not adjudicated, not entered in the dataset"
SEW-01475,Figure 5,Figure 5!J18,P-Sel MFI,ADP,8,8,4.733333,,,positive_control_agonist,Figure 5 / P-Sel MFI,human platelets / PRP / whole blood (per source methods),"STAGED RAW VALUE — not validated, not adjudicated, not entered in the dataset"
SEW-01476,Figure 5,Figure 5!K18,P-Sel MFI,ADP,9,9,4.513333,,,positive_control_agonist,Figure 5 / P-Sel MFI,human platelets / PRP / whole blood (per source methods),"STAGED RAW VALUE — not validated, not adjudicated, not entered in the dataset"
SEW-01477,Figure 5,Figure 5!L18,P-Sel MFI,ADP,10,10,5.22,,,positive_control_agonist,Figure 5 / P-Sel MFI,human platelets / PRP / whole blood (per source methods),"STAGED RAW VALUE — not validated, not adjudicated, not entered in the dataset"
SEW-01478,Figure 5,Figure 5!C19,P-Sel MFI,TRAP,1,1,10.673,,,positive_control_agonist,Figure 5 / P-Sel MFI,human platelets / PRP / whole blood (per source methods),"STAGED RAW VALUE — not validated, not adjudicated, not entered in the dataset"
SEW-01479,Figure 5,Figure 5!D19,P-Sel MFI,TRAP,2,2,9.17,,,positive_control_agonist,Figure 5 / P-Sel MFI,human platelets / PRP / whole blood (per source methods),"STAGED RAW VALUE — not validated, not adjudicated, not entered in the dataset"
SEW-01480,Figure 5,Figure 5!E19,P-Sel MFI,TRAP,3,3,9.727,,,positive_control_agonist,Figure 5 / P-Sel MFI,human platelets / PRP / whole blood (per source methods),"STAGED RAW VALUE — not validated, not adjudicated, not entered in the dataset"
SEW-01481,Figure 5,Figure 5!F19,P-Sel MFI,TRAP,4,4,9.713,,,positive_control_agonist,Figure 5 / P-Sel MFI,human platelets / PRP / whole blood (per source methods),"STAGED RAW VALUE — not validated, not adjudicated, not entered in the dataset"
SEW-01482,Figure 5,Figure 5!G19,P-Sel MFI,TRAP,5,5,10.84,,,positive_control_agonist,Figure 5 / P-Sel MFI,human platelets / PRP / whole blood (per source methods),"STAGED RAW VALUE — not validated, not adjudicated, not entered in the dataset"
SEW-01483,Figure 5,Figure 5!H19,P-Sel MFI,TRAP,6,6,10.28667,,,positive_control_agonist,Figure 5 / P-Sel MFI,human platelets / PRP / whole blood (per source methods),"STAGED RAW VALUE — not validated, not adjudicated, not entered in the dataset"
SEW-01484,Figure 5,Figure 5!I19,P-Sel MFI,TRAP,7,7,8.71,,,positive_control_agonist,Figure 5 / P-Sel MFI,human platelets / PRP / whole blood (per source methods),"STAGED RAW VALUE — not validated, not adjudicated, not entered in the dataset"
SEW-01485,Figure 5,Figure 5!J19,P-Sel MFI,TRAP,8,8,8.026667,,,positive_control_agonist,Figure 5 / P-Sel MFI,human platelets / PRP / whole blood (per source methods),"STAGED RAW VALUE — not validated, not adjudicated, not entered in the dataset"
SEW-01486,Figure 5,Figure 5!K19,P-Sel MFI,TRAP,9,9,8.486667,,,positive_control_agonist,Figure 5 / P-Sel MFI,human platelets / PRP / whole blood (per source methods),"STAGED RAW VALUE — not validated, not adjudicated, not entered in the dataset"
SEW-01487,Figure 5,Figure 5!L19,P-Sel MFI,TRAP,10,10,10.27,,,positive_control_agonist,Figure 5 / P-Sel MFI,human platelets / PRP / whole blood (per source methods),"STAGED RAW VALUE — not validated, not adjudicated, not entered in the dataset"
SEW-01488,Figure 5,Figure 5!C20,P-Sel MFI,16 -,1,1,9.796666666666667,,,,Figure 5 / P-Sel MFI,human platelets / PRP / whole blood (per source methods),"STAGED RAW VALUE — not validated, not adjudicated, not entered in the dataset"
SEW-01489,Figure 5,Figure 5!D20,P-Sel MFI,16 -,2,2,9.226666666666667,,,,Figure 5 / P-Sel MFI,human platelets / PRP / whole blood (per source methods),"STAGED RAW VALUE — not validated, not adjudicated, not entered in the dataset"
SEW-01490,Figure 5,Figure 5!E20,P-Sel MFI,16 -,3,3,8.32,,,,Figure 5 / P-Sel MFI,human platelets / PRP / whole blood (per source methods),"STAGED RAW VALUE — not validated, not adjudicated, not entered in the dataset"
SEW-01491,Figure 5,Figure 5!F20,P-Sel MFI,16 -,4,4,8.59,,,,Figure 5 / P-Sel MFI,human platelets / PRP / whole blood (per source methods),"STAGED RAW VALUE — not validated, not adjudicated, not entered in the dataset"
SEW-01492,Figure 5,Figure 5!G20,P-Sel MFI,16 -,5,5,10.106666666666667,,,,Figure 5 / P-Sel MFI,human platelets / PRP / whole blood (per source methods),"STAGED RAW VALUE — not validated, not adjudicated, not entered in the dataset"
SEW-01493,Figure 5,Figure 5!C21,P-Sel MFI,16 +,1,1,3.736666666666667,(AC)8,block header A20 in a side-by-side layout,,Figure 5 / P-Sel MFI,human platelets / PRP / whole blood (per source methods),"STAGED RAW VALUE — not validated, not adjudicated, not entered in the dataset"
SEW-01494,Figure 5,Figure 5!D21,P-Sel MFI,16 +,2,2,2.966666666666667,,,,Figure 5 / P-Sel MFI,human platelets / PRP / whole blood (per source methods),"STAGED RAW VALUE — not validated, not adjudicated, not entered in the dataset"
SEW-01495,Figure 5,Figure 5!E21,P-Sel MFI,16 +,3,3,2.8266666666666667,,,,Figure 5 / P-Sel MFI,human platelets / PRP / whole blood (per source methods),"STAGED RAW VALUE — not validated, not adjudicated, not entered in the dataset"
SEW-01496,Figure 5,Figure 5!F21,P-Sel MFI,16 +,4,4,2.6433333333333335,,,,Figure 5 / P-Sel MFI,human platelets / PRP / whole blood (per source methods),"STAGED RAW VALUE — not validated, not adjudicated, not entered in the dataset"
SEW-01497,Figure 5,Figure 5!G21,P-Sel MFI,16 +,5,5,2.78,,,,Figure 5 / P-Sel MFI,human platelets / PRP / whole blood (per source methods),"STAGED RAW VALUE — not validated, not adjudicated, not entered in the dataset"
SEW-01498,Figure 5,Figure 5!C22,P-Sel MFI,18 -,1,1,9.853333333333332,(AC)8 + LNA,block header A21 in a side-by-side layout,,Figure 5 / P-Sel MFI,human platelets / PRP / whole blood (per source methods),"STAGED RAW VALUE — not validated, not adjudicated, not entered in the dataset"
SEW-01499,Figure 5,Figure 5!D22,P-Sel MFI,18 -,2,2,9.683333333333332,,,,Figure 5 / P-Sel MFI,human platelets / PRP / whole blood (per source methods),"STAGED RAW VALUE — not validated, not adjudicated, not entered in the dataset"
SEW-01500,Figure 5,Figure 5!E22,P-Sel MFI,18 -,3,3,8.526666666666667,,,,Figure 5 / P-Sel MFI,human platelets / PRP / whole blood (per source methods),"STAGED RAW VALUE — not validated, not adjudicated, not entered in the dataset"
SEW-01501,Figure 5,Figure 5!F22,P-Sel MFI,18 -,4,4,8.700000000000001,,,,Figure 5 / P-Sel MFI,human platelets / PRP / whole blood (per source methods),"STAGED RAW VALUE — not validated, not adjudicated, not entered in the dataset"
SEW-01502,Figure 5,Figure 5!G22,P-Sel MFI,18 -,5,5,10.623333333333333,,,,Figure 5 / P-Sel MFI,human platelets / PRP / whole blood (per source methods),"STAGED RAW VALUE — not validated, not adjudicated, not entered in the dataset"
SEW-01503,Figure 5,Figure 5!C23,P-Sel MFI,18 +,1,1,4.226666666666667,(AC)9,block header A22 in a side-by-side layout,,Figure 5 / P-Sel MFI,human platelets / PRP / whole blood (per source methods),"STAGED RAW VALUE — not validated, not adjudicated, not entered in the dataset"
SEW-01504,Figure 5,Figure 5!D23,P-Sel MFI,18 +,2,2,3.0966666666666662,,,,Figure 5 / P-Sel MFI,human platelets / PRP / whole blood (per source methods),"STAGED RAW VALUE — not validated, not adjudicated, not entered in the dataset"
SEW-01505,Figure 5,Figure 5!E23,P-Sel MFI,18 +,3,3,3.0366666666666666,,,,Figure 5 / P-Sel MFI,human platelets / PRP / whole blood (per source methods),"STAGED RAW VALUE — not validated, not adjudicated, not entered in the dataset"
SEW-01506,Figure 5,Figure 5!F23,P-Sel MFI,18 +,4,4,2.9,,,,Figure 5 / P-Sel MFI,human platelets / PRP / whole blood (per source methods),"STAGED RAW VALUE — not validated, not adjudicated, not entered in the dataset"
SEW-01507,Figure 5,Figure 5!G23,P-Sel MFI,18 +,5,5,2.94,,,,Figure 5 / P-Sel MFI,human platelets / PRP / whole blood (per source methods),"STAGED RAW VALUE — not validated, not adjudicated, not entered in the dataset"
SEW-01508,Figure 5,Figure 5!C24,P-Sel MFI,20 -,1,1,9.833333333333334,(AC)9 + LNA,block header A23 in a side-by-side layout,,Figure 5 / P-Sel MFI,human platelets / PRP / whole blood (per source methods),"STAGED RAW VALUE — not validated, not adjudicated, not entered in the dataset"
SEW-01509,Figure 5,Figure 5!D24,P-Sel MFI,20 -,2,2,9.833333333333334,,,,Figure 5 / P-Sel MFI,human platelets / PRP / whole blood (per source methods),"STAGED RAW VALUE — not validated, not adjudicated, not entered in the dataset"
SEW-01510,Figure 5,Figure 5!E24,P-Sel MFI,20 -,3,3,8.546666666666667,,,,Figure 5 / P-Sel MFI,human platelets / PRP / whole blood (per source methods),"STAGED RAW VALUE — not validated, not adjudicated, not entered in the dataset"
SEW-01511,Figure 5,Figure 5!F24,P-Sel MFI,20 -,4,4,8.743333333333334,,,,Figure 5 / P-Sel MFI,human platelets / PRP / whole blood (per source methods),"STAGED RAW VALUE — not validated, not adjudicated, not entered in the dataset"
SEW-01512,Figure 5,Figure 5!G24,P-Sel MFI,20 -,5,5,10.696666666666665,,,,Figure 5 / P-Sel MFI,human platelets / PRP / whole blood (per source methods),"STAGED RAW VALUE — not validated, not adjudicated, not entered in the dataset"
SEW-01513,Figure 5,Figure 5!C25,P-Sel MFI,20 +,1,1,6.62,(AC)10,block header A24 in a side-by-side layout,,Figure 5 / P-Sel MFI,human platelets / PRP / whole blood (per source methods),"STAGED RAW VALUE — not validated, not adjudicated, not entered in the dataset"
SEW-01514,Figure 5,Figure 5!D25,P-Sel MFI,20 +,2,2,3.436666666666667,,,,Figure 5 / P-Sel MFI,human platelets / PRP / whole blood (per source methods),"STAGED RAW VALUE — not validated, not adjudicated, not entered in the dataset"
SEW-01515,Figure 5,Figure 5!E25,P-Sel MFI,20 +,3,3,3.6966666666666668,,,,Figure 5 / P-Sel MFI,human platelets / PRP / whole blood (per source methods),"STAGED RAW VALUE — not validated, not adjudicated, not entered in the dataset"
SEW-01516,Figure 5,Figure 5!F25,P-Sel MFI,20 +,4,4,4.02,,,,Figure 5 / P-Sel MFI,human platelets / PRP / whole blood (per source methods),"STAGED RAW VALUE — not validated, not adjudicated, not entered in the dataset"
SEW-01517,Figure 5,Figure 5!G25,P-Sel MFI,20 +,5,5,3.453333333333333,,,,Figure 5 / P-Sel MFI,human platelets / PRP / whole blood (per source methods),"STAGED RAW VALUE — not validated, not adjudicated, not entered in the dataset"
SEW-01518,Figure 5,Figure 5!B31,% binding,AC8,,,13.56,(AC)8,named in the source sheet,,Figure 5 / % binding,human platelets / PRP / whole blood (per source methods),"STAGED RAW VALUE — not validated, not adjudicated, not entered in the dataset"
SEW-01519,Figure 5,Figure 5!C31,% binding,AC8,1,1,24.08,(AC)8,named in the source sheet,,Figure 5 / % binding,human platelets / PRP / whole blood (per source methods),"STAGED RAW VALUE — not validated, not adjudicated, not entered in the dataset"
SEW-01520,Figure 5,Figure 5!B32,% binding,AC8 LNA,,,2.06,(AC)8 + LNA,named in the source sheet,,Figure 5 / % binding,human platelets / PRP / whole blood (per source methods),"STAGED RAW VALUE — not validated, not adjudicated, not entered in the dataset"
SEW-01521,Figure 5,Figure 5!C32,% binding,AC8 LNA,1,1,0.77,(AC)8 + LNA,named in the source sheet,,Figure 5 / % binding,human platelets / PRP / whole blood (per source methods),"STAGED RAW VALUE — not validated, not adjudicated, not entered in the dataset"
SEW-01522,Figure 5,Figure 5!B33,% binding,AC9,,,10.71,(AC)9,named in the source sheet,,Figure 5 / % binding,human platelets / PRP / whole blood (per source methods),"STAGED RAW VALUE — not validated, not adjudicated, not entered in the dataset"
SEW-01523,Figure 5,Figure 5!C33,% binding,AC9,1,1,23.33,(AC)9,named in the source sheet,,Figure 5 / % binding,human platelets / PRP / whole blood (per source methods),"STAGED RAW VALUE — not validated, not adjudicated, not entered in the dataset"
SEW-01524,Figure 5,Figure 5!B34,% binding,AC10 LNA,,,6.92,(AC)10 + LNA,named in the source sheet,,Figure 5 / % binding,human platelets / PRP / whole blood (per source methods),"STAGED RAW VALUE — not validated, not adjudicated, not entered in the dataset"
SEW-01525,Figure 5,Figure 5!C34,% binding,AC10 LNA,1,1,3.63,(AC)10 + LNA,named in the source sheet,,Figure 5 / % binding,human platelets / PRP / whole blood (per source methods),"STAGED RAW VALUE — not validated, not adjudicated, not entered in the dataset"
SEW-01526,Figure 5,Figure 5!B35,% binding,AC9,,,11.53,(AC)9,named in the source sheet,,Figure 5 / % binding,human platelets / PRP / whole blood (per source methods),"STAGED RAW VALUE — not validated, not adjudicated, not entered in the dataset"
SEW-01527,Figure 5,Figure 5!C35,% binding,AC9,1,1,31.11,(AC)9,named in the source sheet,,Figure 5 / % binding,human platelets / PRP / whole blood (per source methods),"STAGED RAW VALUE — not validated, not adjudicated, not entered in the dataset"
SEW-01528,Figure 5,Figure 5!B36,% binding,AC10 LNA,,,8.72,(AC)10 + LNA,named in the source sheet,,Figure 5 / % binding,human platelets / PRP / whole blood (per source methods),"STAGED RAW VALUE — not validated, not adjudicated, not entered in the dataset"
SEW-01529,Figure 5,Figure 5!C36,% binding,AC10 LNA,1,1,5.65,(AC)10 + LNA,named in the source sheet,,Figure 5 / % binding,human platelets / PRP / whole blood (per source methods),"STAGED RAW VALUE — not validated, not adjudicated, not entered in the dataset"
SEW-01530,Figure 5,Figure 5!A44,% Heparin,3,,,3,,,,Figure 5 / % Heparin,human platelets / PRP / whole blood (per source methods),"STAGED RAW VALUE — not validated, not adjudicated, not entered in the dataset"
SEW-01531,Figure 5,Figure 5!B44,% Heparin,3,,,24.260490713139188,,,,Figure 5 / % Heparin,human platelets / PRP / whole blood (per source methods),"STAGED RAW VALUE — not validated, not adjudicated, not entered in the dataset"
SEW-01532,Figure 5,Figure 5!C44,% Heparin,3,,,25.223572575097453,,,,Figure 5 / % Heparin,human platelets / PRP / whole blood (per source methods),"STAGED RAW VALUE — not validated, not adjudicated, not entered in the dataset"
SEW-01533,Figure 5,Figure 5!D44,% Heparin,3,,,30.592503022974608,,,,Figure 5 / % Heparin,human platelets / PRP / whole blood (per source methods),"STAGED RAW VALUE — not validated, not adjudicated, not entered in the dataset"
SEW-01534,Figure 5,Figure 5!E44,% Heparin,3,,,30.411124546553808,,,,Figure 5 / % Heparin,human platelets / PRP / whole blood (per source methods),"STAGED RAW VALUE — not validated, not adjudicated, not entered in the dataset"
SEW-01535,Figure 5,Figure 5!F44,% Heparin,3,,,27.621922714441265,,,,Figure 5 / % Heparin,human platelets / PRP / whole blood (per source methods),"STAGED RAW VALUE — not validated, not adjudicated, not entered in the dataset"
SEW-01536,Figure 5,Figure 5!G44,% Heparin,3,,,3.3493931151764325,,,,Figure 5 / % Heparin,human platelets / PRP / whole blood (per source methods),"STAGED RAW VALUE — not validated, not adjudicated, not entered in the dataset"
SEW-01537,Figure 5,Figure 5!I44,% Heparin,3,,,3,,,,Figure 5 / % Heparin,human platelets / PRP / whole blood (per source methods),"STAGED RAW VALUE — not validated, not adjudicated, not entered in the dataset"
SEW-01538,Figure 5,Figure 5!J44,% Heparin,3,value #1,value #1,16.418252694336157,,,,Figure 5 / % Heparin,human platelets / PRP / whole blood (per source methods),"STAGED RAW VALUE — not validated, not adjudicated, not entered in the dataset"
SEW-01539,Figure 5,Figure 5!K44,% Heparin,3,value #2,value #2,17.152029351066265,,,,Figure 5 / % Heparin,human platelets / PRP / whole blood (per source methods),"STAGED RAW VALUE — not validated, not adjudicated, not entered in the dataset"
SEW-01540,Figure 5,Figure 5!L44,% Heparin,3,value #3,value #3,16.26360338573156,,,,Figure 5 / % Heparin,human platelets / PRP / whole blood (per source methods),"STAGED RAW VALUE — not validated, not adjudicated, not entered in the dataset"
SEW-01541,Figure 5,Figure 5!M44,% Heparin,3,value #4,value #4,17.412333736396615,,,,Figure 5 / % Heparin,human platelets / PRP / whole blood (per source methods),"STAGED RAW VALUE — not validated, not adjudicated, not entered in the dataset"
SEW-01542,Figure 5,Figure 5!N44,% Heparin,3,,,16.81155479188265,,,,Figure 5 / % Heparin,human platelets / PRP / whole blood (per source methods),"STAGED RAW VALUE — not validated, not adjudicated, not entered in the dataset"
SEW-01543,Figure 5,Figure 5!O44,% Heparin,3,,,0.5573136606555947,,,,Figure 5 / % Heparin,human platelets / PRP / whole blood (per source methods),"STAGED RAW VALUE — not validated, not adjudicated, not entered in the dataset"
SEW-01544,Figure 5,Figure 5!A45,% Heparin,1,,,1,,,,Figure 5 / % Heparin,human platelets / PRP / whole blood (per source methods),"STAGED RAW VALUE — not validated, not adjudicated, not entered in the dataset"
SEW-01545,Figure 5,Figure 5!B45,% Heparin,1,,,28.158679202017883,,,,Figure 5 / % Heparin,human platelets / PRP / whole blood (per source methods),"STAGED RAW VALUE — not validated, not adjudicated, not entered in the dataset"
SEW-01546,Figure 5,Figure 5!C45,% Heparin,1,,,27.79179087365283,,,,Figure 5 / % Heparin,human platelets / PRP / whole blood (per source methods),"STAGED RAW VALUE — not validated, not adjudicated, not entered in the dataset"
SEW-01547,Figure 5,Figure 5!D45,% Heparin,1,,,25.937122128174124,,,,Figure 5 / % Heparin,human platelets / PRP / whole blood (per source methods),"STAGED RAW VALUE — not validated, not adjudicated, not entered in the dataset"
SEW-01548,Figure 5,Figure 5!E45,% Heparin,1,,,26.541717049576786,,,,Figure 5 / % Heparin,human platelets / PRP / whole blood (per source methods),"STAGED RAW VALUE — not validated, not adjudicated, not entered in the dataset"
SEW-01549,Figure 5,Figure 5!F45,% Heparin,1,,,27.107327313355405,,,,Figure 5 / % Heparin,human platelets / PRP / whole blood (per source methods),"STAGED RAW VALUE — not validated, not adjudicated, not entered in the dataset"
SEW-01550,Figure 5,Figure 5!G45,% Heparin,1,,,1.0429327726953543,,,,Figure 5 / % Heparin,human platelets / PRP / whole blood (per source methods),"STAGED RAW VALUE — not validated, not adjudicated, not entered in the dataset"
SEW-01551,Figure 5,Figure 5!I45,% Heparin,1,,,1,,,,Figure 5 / % Heparin,human platelets / PRP / whole blood (per source methods),"STAGED RAW VALUE — not validated, not adjudicated, not entered in the dataset"
SEW-01552,Figure 5,Figure 5!J45,% Heparin,1,value #1,value #1,16.69341894060995,,,,Figure 5 / % Heparin,human platelets / PRP / whole blood (per source methods),"STAGED RAW VALUE — not validated, not adjudicated, not entered in the dataset"
SEW-01553,Figure 5,Figure 5!K45,% Heparin,1,value #2,value #2,15.959642283879841,,,,Figure 5 / % Heparin,human platelets / PRP / whole blood (per source methods),"STAGED RAW VALUE — not validated, not adjudicated, not entered in the dataset"
SEW-01554,Figure 5,Figure 5!L45,% Heparin,1,value #3,value #3,15.417170495767836,,,,Figure 5 / % Heparin,human platelets / PRP / whole blood (per source methods),"STAGED RAW VALUE — not validated, not adjudicated, not entered in the dataset"
SEW-01555,Figure 5,Figure 5!M45,% Heparin,1,value #4,value #4,15.779927448609433,,,,Figure 5 / % Heparin,human platelets / PRP / whole blood (per source methods),"STAGED RAW VALUE — not validated, not adjudicated, not entered in the dataset"
SEW-01556,Figure 5,Figure 5!N45,% Heparin,1,,,15.962539792216765,,,,Figure 5 / % Heparin,human platelets / PRP / whole blood (per source methods),"STAGED RAW VALUE — not validated, not adjudicated, not entered in the dataset"
SEW-01557,Figure 5,Figure 5!O45,% Heparin,1,,,0.5369567526525358,,,,Figure 5 / % Heparin,human platelets / PRP / whole blood (per source methods),"STAGED RAW VALUE — not validated, not adjudicated, not entered in the dataset"
SEW-01558,Figure 5,Figure 5!A46,% Heparin,0.3333333333333333,,,0.3333333333333333,,,,Figure 5 / % Heparin,human platelets / PRP / whole blood (per source methods),"STAGED RAW VALUE — not validated, not adjudicated, not entered in the dataset"
SEW-01559,Figure 5,Figure 5!B46,% Heparin,0.3333333333333333,,,29.67209355652373,,,,Figure 5 / % Heparin,human platelets / PRP / whole blood (per source methods),"STAGED RAW VALUE — not validated, not adjudicated, not entered in the dataset"
SEW-01560,Figure 5,Figure 5!C46,% Heparin,0.3333333333333333,,,28.342123366200408,,,,Figure 5 / % Heparin,human platelets / PRP / whole blood (per source methods),"STAGED RAW VALUE — not validated, not adjudicated, not entered in the dataset"
SEW-01561,Figure 5,Figure 5!D46,% Heparin,0.3333333333333333,,,23.45828295042322,,,,Figure 5 / % Heparin,human platelets / PRP / whole blood (per source methods),"STAGED RAW VALUE — not validated, not adjudicated, not entered in the dataset"
SEW-01562,Figure 5,Figure 5!E46,% Heparin,0.3333333333333333,,,23.27690447400242,,,,Figure 5 / % Heparin,human platelets / PRP / whole blood (per source methods),"STAGED RAW VALUE — not validated, not adjudicated, not entered in the dataset"
SEW-01563,Figure 5,Figure 5!F46,% Heparin,0.3333333333333333,,,26.187351086787444,,,,Figure 5 / % Heparin,human platelets / PRP / whole blood (per source methods),"STAGED RAW VALUE — not validated, not adjudicated, not entered in the dataset"
SEW-01564,Figure 5,Figure 5!G46,% Heparin,0.3333333333333333,,,3.3017664986741497,,,,Figure 5 / % Heparin,human platelets / PRP / whole blood (per source methods),"STAGED RAW VALUE — not validated, not adjudicated, not entered in the dataset"
SEW-01565,Figure 5,Figure 5!I46,% Heparin,0.3333333333333333,,,0.3333333333333333,,,,Figure 5 / % Heparin,human platelets / PRP / whole blood (per source methods),"STAGED RAW VALUE — not validated, not adjudicated, not entered in the dataset"
SEW-01566,Figure 5,Figure 5!J46,% Heparin,0.3333333333333333,value #1,value #1,13.941756477872046,,,,Figure 5 / % Heparin,human platelets / PRP / whole blood (per source methods),"STAGED RAW VALUE — not validated, not adjudicated, not entered in the dataset"
SEW-01567,Figure 5,Figure 5!K46,% Heparin,0.3333333333333333,value #2,value #2,14.033478559963308,,,,Figure 5 / % Heparin,human platelets / PRP / whole blood (per source methods),"STAGED RAW VALUE — not validated, not adjudicated, not entered in the dataset"
SEW-01568,Figure 5,Figure 5!L46,% Heparin,0.3333333333333333,value #3,value #3,14.087061668681985,,,,Figure 5 / % Heparin,human platelets / PRP / whole blood (per source methods),"STAGED RAW VALUE — not validated, not adjudicated, not entered in the dataset"
SEW-01569,Figure 5,Figure 5!M46,% Heparin,0.3333333333333333,value #4,value #4,14.873035066505443,,,,Figure 5 / % Heparin,human platelets / PRP / whole blood (per source methods),"STAGED RAW VALUE — not validated, not adjudicated, not entered in the dataset"
SEW-01570,Figure 5,Figure 5!N46,% Heparin,0.3333333333333333,,,14.233832943255695,,,,Figure 5 / % Heparin,human platelets / PRP / whole blood (per source methods),"STAGED RAW VALUE — not validated, not adjudicated, not entered in the dataset"
SEW-01571,Figure 5,Figure 5!O46,% Heparin,0.3333333333333333,,,0.43033773633525557,,,,Figure 5 / % Heparin,human platelets / PRP / whole blood (per source methods),"STAGED RAW VALUE — not validated, not adjudicated, not entered in the dataset"
SEW-01572,Figure 5,Figure 5!A47,% Heparin,0.1111111111111111,,,0.1111111111111111,,,,Figure 5 / % Heparin,human platelets / PRP / whole blood (per source methods),"STAGED RAW VALUE — not validated, not adjudicated, not entered in the dataset"
SEW-01573,Figure 5,Figure 5!B47,% Heparin,0.1111111111111111,,,19.490942444393486,,,,Figure 5 / % Heparin,human platelets / PRP / whole blood (per source methods),"STAGED RAW VALUE — not validated, not adjudicated, not entered in the dataset"
SEW-01574,Figure 5,Figure 5!C47,% Heparin,0.1111111111111111,,,19.857830772758536,,,,Figure 5 / % Heparin,human platelets / PRP / whole blood (per source methods),"STAGED RAW VALUE — not validated, not adjudicated, not entered in the dataset"
SEW-01575,Figure 5,Figure 5!D47,% Heparin,0.1111111111111111,,,16.082224909310764,,,,Figure 5 / % Heparin,human platelets / PRP / whole blood (per source methods),"STAGED RAW VALUE — not validated, not adjudicated, not entered in the dataset"
SEW-01576,Figure 5,Figure 5!E47,% Heparin,0.1111111111111111,,,15.8403869407497,,,,Figure 5 / % Heparin,human platelets / PRP / whole blood (per source methods),"STAGED RAW VALUE — not validated, not adjudicated, not entered in the dataset"
SEW-01577,Figure 5,Figure 5!F47,% Heparin,0.1111111111111111,,,17.81784626680312,,,,Figure 5 / % Heparin,human platelets / PRP / whole blood (per source methods),"STAGED RAW VALUE — not validated, not adjudicated, not entered in the dataset"
SEW-01578,Figure 5,Figure 5!G47,% Heparin,0.1111111111111111,,,2.151241074882519,,,,Figure 5 / % Heparin,human platelets / PRP / whole blood (per source methods),"STAGED RAW VALUE — not validated, not adjudicated, not entered in the dataset"
SEW-01579,Figure 5,Figure 5!I47,% Heparin,0.1111111111111111,,,0.1111111111111111,,,,Figure 5 / % Heparin,human platelets / PRP / whole blood (per source methods),"STAGED RAW VALUE — not validated, not adjudicated, not entered in the dataset"
SEW-01580,Figure 5,Figure 5!J47,% Heparin,0.1111111111111111,value #1,value #1,12.886952533822516,,,,Figure 5 / % Heparin,human platelets / PRP / whole blood (per source methods),"STAGED RAW VALUE — not validated, not adjudicated, not entered in the dataset"
SEW-01581,Figure 5,Figure 5!K47,% Heparin,0.1111111111111111,value #2,value #2,15.455170832377894,,,,Figure 5 / % Heparin,human platelets / PRP / whole blood (per source methods),"STAGED RAW VALUE — not validated, not adjudicated, not entered in the dataset"
SEW-01582,Figure 5,Figure 5!L47,% Heparin,0.1111111111111111,value #3,value #3,12.938331318016928,,,,Figure 5 / % Heparin,human platelets / PRP / whole blood (per source methods),"STAGED RAW VALUE — not validated, not adjudicated, not entered in the dataset"
SEW-01583,Figure 5,Figure 5!M47,% Heparin,0.1111111111111111,value #4,value #4,14.087061668681985,,,,Figure 5 / % Heparin,human platelets / PRP / whole blood (per source methods),"STAGED RAW VALUE — not validated, not adjudicated, not entered in the dataset"
SEW-01584,Figure 5,Figure 5!N47,% Heparin,0.1111111111111111,,,13.84187908822483,,,,Figure 5 / % Heparin,human platelets / PRP / whole blood (per source methods),"STAGED RAW VALUE — not validated, not adjudicated, not entered in the dataset"
SEW-01585,Figure 5,Figure 5!O47,% Heparin,0.1111111111111111,,,1.209835807986964,,,,Figure 5 / % Heparin,human platelets / PRP / whole blood (per source methods),"STAGED RAW VALUE — not validated, not adjudicated, not entered in the dataset"
SEW-01586,Figure 5,Figure 5!A48,% Heparin,0.037037037037037035,,,0.037037037037037035,,,,Figure 5 / % Heparin,human platelets / PRP / whole blood (per source methods),"STAGED RAW VALUE — not validated, not adjudicated, not entered in the dataset"
SEW-01587,Figure 5,Figure 5!B48,% Heparin,0.037037037037037035,,,15.134143545058471,,,,Figure 5 / % Heparin,human platelets / PRP / whole blood (per source methods),"STAGED RAW VALUE — not validated, not adjudicated, not entered in the dataset"
SEW-01588,Figure 5,Figure 5!C48,% Heparin,0.037037037037037035,,,15.134143545058471,,,,Figure 5 / % Heparin,human platelets / PRP / whole blood (per source methods),"STAGED RAW VALUE — not validated, not adjudicated, not entered in the dataset"
SEW-01589,Figure 5,Figure 5!D48,% Heparin,0.037037037037037035,,,14.207980652962515,,,,Figure 5 / % Heparin,human platelets / PRP / whole blood (per source methods),"STAGED RAW VALUE — not validated, not adjudicated, not entered in the dataset"
SEW-01590,Figure 5,Figure 5!E48,% Heparin,0.037037037037037035,,,14.44981862152358,,,,Figure 5 / % Heparin,human platelets / PRP / whole blood (per source methods),"STAGED RAW VALUE — not validated, not adjudicated, not entered in the dataset"
SEW-01591,Figure 5,Figure 5!F48,% Heparin,0.037037037037037035,,,14.73152159115076,,,,Figure 5 / % Heparin,human platelets / PRP / whole blood (per source methods),"STAGED RAW VALUE — not validated, not adjudicated, not entered in the dataset"
SEW-01592,Figure 5,Figure 5!G48,% Heparin,0.037037037037037035,,,0.47527555256318615,,,,Figure 5 / % Heparin,human platelets / PRP / whole blood (per source methods),"STAGED RAW VALUE — not validated, not adjudicated, not entered in the dataset"
SEW-01593,Figure 5,Figure 5!I48,% Heparin,0.037037037037037035,,,0.037037037037037035,,,,Figure 5 / % Heparin,human platelets / PRP / whole blood (per source methods),"STAGED RAW VALUE — not validated, not adjudicated, not entered in the dataset"
SEW-01594,Figure 5,Figure 5!J48,% Heparin,0.037037037037037035,value #1,value #1,10.685622563632194,,,,Figure 5 / % Heparin,human platelets / PRP / whole blood (per source methods),"STAGED RAW VALUE — not validated, not adjudicated, not entered in the dataset"
SEW-01595,Figure 5,Figure 5!K48,% Heparin,0.037037037037037035,value #2,value #2,11.281816097225406,,,,Figure 5 / % Heparin,human platelets / PRP / whole blood (per source methods),"STAGED RAW VALUE — not validated, not adjudicated, not entered in the dataset"
SEW-01596,Figure 5,Figure 5!L48,% Heparin,0.037037037037037035,value #3,value #3,12.212817412333738,,,,Figure 5 / % Heparin,human platelets / PRP / whole blood (per source methods),"STAGED RAW VALUE — not validated, not adjudicated, not entered in the dataset"
SEW-01597,Figure 5,Figure 5!M48,% Heparin,0.037037037037037035,value #4,value #4,11.487303506650544,,,,Figure 5 / % Heparin,human platelets / PRP / whole blood (per source methods),"STAGED RAW VALUE — not validated, not adjudicated, not entered in the dataset"
SEW-01598,Figure 5,Figure 5!N48,% Heparin,0.037037037037037035,,,11.41688989496047,,,,Figure 5 / % Heparin,human platelets / PRP / whole blood (per source methods),"STAGED RAW VALUE — not validated, not adjudicated, not entered in the dataset"
SEW-01599,Figure 5,Figure 5!O48,% Heparin,0.037037037037037035,,,0.6301998440510139,,,,Figure 5 / % Heparin,human platelets / PRP / whole blood (per source methods),"STAGED RAW VALUE — not validated, not adjudicated, not entered in the dataset"
SEW-01600,Figure 5,Figure 5!A49,% Heparin,0.012345679012345678,,,0.012345679012345678,,,,Figure 5 / % Heparin,human platelets / PRP / whole blood (per source methods),"STAGED RAW VALUE — not validated, not adjudicated, not entered in the dataset"
SEW-01601,Figure 5,Figure 5!B49,% Heparin,0.012345679012345678,,,11.740426507681724,,,,Figure 5 / % Heparin,human platelets / PRP / whole blood (per source methods),"STAGED RAW VALUE — not validated, not adjudicated, not entered in the dataset"
SEW-01602,Figure 5,Figure 5!C49,% Heparin,0.012345679012345678,,,11.465260261407932,,,,Figure 5 / % Heparin,human platelets / PRP / whole blood (per source methods),"STAGED RAW VALUE — not validated, not adjudicated, not entered in the dataset"
SEW-01603,Figure 5,Figure 5!D49,% Heparin,0.012345679012345678,,,12.636033857315597,,,,Figure 5 / % Heparin,human platelets / PRP / whole blood (per source methods),"STAGED RAW VALUE — not validated, not adjudicated, not entered in the dataset"
SEW-01604,Figure 5,Figure 5!E49,% Heparin,0.012345679012345678,,,11.970979443772674,,,,Figure 5 / % Heparin,human platelets / PRP / whole blood (per source methods),"STAGED RAW VALUE — not validated, not adjudicated, not entered in the dataset"
SEW-01605,Figure 5,Figure 5!F49,% Heparin,0.012345679012345678,,,11.953175017544481,,,,Figure 5 / % Heparin,human platelets / PRP / whole blood (per source methods),"STAGED RAW VALUE — not validated, not adjudicated, not entered in the dataset"
SEW-01606,Figure 5,Figure 5!G49,% Heparin,0.012345679012345678,,,0.49997864299437234,,,,Figure 5 / % Heparin,human platelets / PRP / whole blood (per source methods),"STAGED RAW VALUE — not validated, not adjudicated, not entered in the dataset"
SEW-01607,Figure 5,Figure 5!I49,% Heparin,0.012345679012345678,,,0.012345679012345678,,,,Figure 5 / % Heparin,human platelets / PRP / whole blood (per source methods),"STAGED RAW VALUE — not validated, not adjudicated, not entered in the dataset"
SEW-01608,Figure 5,Figure 5!J49,% Heparin,0.012345679012345678,value #1,value #1,9.676679660628293,,,,Figure 5 / % Heparin,human platelets / PRP / whole blood (per source methods),"STAGED RAW VALUE — not validated, not adjudicated, not entered in the dataset"
SEW-01609,Figure 5,Figure 5!K49,% Heparin,0.012345679012345678,value #2,value #2,10.272873194221509,,,,Figure 5 / % Heparin,human platelets / PRP / whole blood (per source methods),"STAGED RAW VALUE — not validated, not adjudicated, not entered in the dataset"
SEW-01610,Figure 5,Figure 5!L49,% Heparin,0.012345679012345678,value #3,value #3,10.640870616686819,,,,Figure 5 / % Heparin,human platelets / PRP / whole blood (per source methods),"STAGED RAW VALUE — not validated, not adjudicated, not entered in the dataset"
SEW-01611,Figure 5,Figure 5!M49,% Heparin,0.012345679012345678,value #4,value #4,10.761789600967353,,,,Figure 5 / % Heparin,human platelets / PRP / whole blood (per source methods),"STAGED RAW VALUE — not validated, not adjudicated, not entered in the dataset"
SEW-01612,Figure 5,Figure 5!N49,% Heparin,0.012345679012345678,,,10.338053268125993,,,,Figure 5 / % Heparin,human platelets / PRP / whole blood (per source methods),"STAGED RAW VALUE — not validated, not adjudicated, not entered in the dataset"
SEW-01613,Figure 5,Figure 5!O49,% Heparin,0.012345679012345678,,,0.4874813901022162,,,,Figure 5 / % Heparin,human platelets / PRP / whole blood (per source methods),"STAGED RAW VALUE — not validated, not adjudicated, not entered in the dataset"
SEW-01614,Figure 5,Figure 5!A50,% Heparin,0.004115226337448559,,,0.004115226337448559,,,,Figure 5 / % Heparin,human platelets / PRP / whole blood (per source methods),"STAGED RAW VALUE — not validated, not adjudicated, not entered in the dataset"
SEW-01615,Figure 5,Figure 5!B50,% Heparin,0.004115226337448559,,,11.465260261407932,,,,Figure 5 / % Heparin,human platelets / PRP / whole blood (per source methods),"STAGED RAW VALUE — not validated, not adjudicated, not entered in the dataset"
SEW-01616,Figure 5,Figure 5!C50,% Heparin,0.004115226337448559,,,11.786287548727355,,,,Figure 5 / % Heparin,human platelets / PRP / whole blood (per source methods),"STAGED RAW VALUE — not validated, not adjudicated, not entered in the dataset"
SEW-01617,Figure 5,Figure 5!D50,% Heparin,0.004115226337448559,,,11.608222490931077,,,,Figure 5 / % Heparin,human platelets / PRP / whole blood (per source methods),"STAGED RAW VALUE — not validated, not adjudicated, not entered in the dataset"
SEW-01618,Figure 5,Figure 5!E50,% Heparin,0.004115226337448559,,,11.608222490931077,,,,Figure 5 / % Heparin,human platelets / PRP / whole blood (per source methods),"STAGED RAW VALUE — not validated, not adjudicated, not entered in the dataset"
SEW-01619,Figure 5,Figure 5!F50,% Heparin,0.004115226337448559,,,11.61699819799936,,,,Figure 5 / % Heparin,human platelets / PRP / whole blood (per source methods),"STAGED RAW VALUE — not validated, not adjudicated, not entered in the dataset"
SEW-01620,Figure 5,Figure 5!G50,% Heparin,0.004115226337448559,,,0.1314500053759689,,,,Figure 5 / % Heparin,human platelets / PRP / whole blood (per source methods),"STAGED RAW VALUE — not validated, not adjudicated, not entered in the dataset"
SEW-01621,Figure 5,Figure 5!I50,% Heparin,0.004115226337448559,,,0.004115226337448559,,,,Figure 5 / % Heparin,human platelets / PRP / whole blood (per source methods),"STAGED RAW VALUE — not validated, not adjudicated, not entered in the dataset"
SEW-01622,Figure 5,Figure 5!J50,% Heparin,0.004115226337448559,value #1,value #1,12.520064205457462,,,,Figure 5 / % Heparin,human platelets / PRP / whole blood (per source methods),"STAGED RAW VALUE — not validated, not adjudicated, not entered in the dataset"
SEW-01623,Figure 5,Figure 5!K50,% Heparin,0.004115226337448559,value #2,value #2,12.19903691813804,,,,Figure 5 / % Heparin,human platelets / PRP / whole blood (per source methods),"STAGED RAW VALUE — not validated, not adjudicated, not entered in the dataset"
SEW-01624,Figure 5,Figure 5!L50,% Heparin,0.004115226337448559,value #3,value #3,11.124546553808948,,,,Figure 5 / % Heparin,human platelets / PRP / whole blood (per source methods),"STAGED RAW VALUE — not validated, not adjudicated, not entered in the dataset"
SEW-01625,Figure 5,Figure 5!M50,% Heparin,0.004115226337448559,value #4,value #4,10.580411124546554,,,,Figure 5 / % Heparin,human platelets / PRP / whole blood (per source methods),"STAGED RAW VALUE — not validated, not adjudicated, not entered in the dataset"
SEW-01626,Figure 5,Figure 5!N50,% Heparin,0.004115226337448559,,,11.606014700487751,,,,Figure 5 / % Heparin,human platelets / PRP / whole blood (per source methods),"STAGED RAW VALUE — not validated, not adjudicated, not entered in the dataset"
SEW-01627,Figure 5,Figure 5!O50,% Heparin,0.004115226337448559,,,0.9075307376634565,,,,Figure 5 / % Heparin,human platelets / PRP / whole blood (per source methods),"STAGED RAW VALUE — not validated, not adjudicated, not entered in the dataset"
SEW-01628,Figure 5,Figure 5!A51,% Heparin,0.0013717421124828531,,,0.0013717421124828531,,,,Figure 5 / % Heparin,human platelets / PRP / whole blood (per source methods),"STAGED RAW VALUE — not validated, not adjudicated, not entered in the dataset"
SEW-01629,Figure 5,Figure 5!B51,% Heparin,0.0013717421124828531,,,11.006649850951614,,,,Figure 5 / % Heparin,human platelets / PRP / whole blood (per source methods),"STAGED RAW VALUE — not validated, not adjudicated, not entered in the dataset"
SEW-01630,Figure 5,Figure 5!C51,% Heparin,0.0013717421124828531,,,10.685622563632194,,,,Figure 5 / % Heparin,human platelets / PRP / whole blood (per source methods),"STAGED RAW VALUE — not validated, not adjudicated, not entered in the dataset"
SEW-01631,Figure 5,Figure 5!D51,% Heparin,0.0013717421124828531,,,11.305925030229746,,,,Figure 5 / % Heparin,human platelets / PRP / whole blood (per source methods),"STAGED RAW VALUE — not validated, not adjudicated, not entered in the dataset"
SEW-01632,Figure 5,Figure 5!E51,% Heparin,0.0013717421124828531,,,9.91535671100363,,,,Figure 5 / % Heparin,human platelets / PRP / whole blood (per source methods),"STAGED RAW VALUE — not validated, not adjudicated, not entered in the dataset"
SEW-01633,Figure 5,Figure 5!F51,% Heparin,0.0013717421124828531,,,10.728388538954297,,,,Figure 5 / % Heparin,human platelets / PRP / whole blood (per source methods),"STAGED RAW VALUE — not validated, not adjudicated, not entered in the dataset"
SEW-01634,Figure 5,Figure 5!G51,% Heparin,0.0013717421124828531,,,0.5982829426548609,,,,Figure 5 / % Heparin,human platelets / PRP / whole blood (per source methods),"STAGED RAW VALUE — not validated, not adjudicated, not entered in the dataset"
SEW-01635,Figure 5,Figure 5!I51,% Heparin,0.0013717421124828531,,,0.0013717421124828531,,,,Figure 5 / % Heparin,human platelets / PRP / whole blood (per source methods),"STAGED RAW VALUE — not validated, not adjudicated, not entered in the dataset"
SEW-01636,Figure 5,Figure 5!J51,% Heparin,0.0013717421124828531,value #1,value #1,12.520064205457462,,,,Figure 5 / % Heparin,human platelets / PRP / whole blood (per source methods),"STAGED RAW VALUE — not validated, not adjudicated, not entered in the dataset"
SEW-01637,Figure 5,Figure 5!K51,% Heparin,0.0013717421124828531,value #2,value #2,11.87800963081862,,,,Figure 5 / % Heparin,human platelets / PRP / whole blood (per source methods),"STAGED RAW VALUE — not validated, not adjudicated, not entered in the dataset"
SEW-01638,Figure 5,Figure 5!L51,% Heparin,0.0013717421124828531,value #3,value #3,10.519951632406288,,,,Figure 5 / % Heparin,human platelets / PRP / whole blood (per source methods),"STAGED RAW VALUE — not validated, not adjudicated, not entered in the dataset"
SEW-01639,Figure 5,Figure 5!M51,% Heparin,0.0013717421124828531,value #4,value #4,9.552599758162032,,,,Figure 5 / % Heparin,human platelets / PRP / whole blood (per source methods),"STAGED RAW VALUE — not validated, not adjudicated, not entered in the dataset"
SEW-01640,Figure 5,Figure 5!N51,% Heparin,0.0013717421124828531,,,11.117656306711101,,,,Figure 5 / % Heparin,human platelets / PRP / whole blood (per source methods),"STAGED RAW VALUE — not validated, not adjudicated, not entered in the dataset"
SEW-01641,Figure 5,Figure 5!O51,% Heparin,0.0013717421124828531,,,1.3356069743490735,,,,Figure 5 / % Heparin,human platelets / PRP / whole blood (per source methods),"STAGED RAW VALUE — not validated, not adjudicated, not entered in the dataset"
SEW-01642,Figure 5,Figure 5!A55,% Heparin,3,,,3,,,,Figure 5 / % Heparin,human platelets / PRP / whole blood (per source methods),"STAGED RAW VALUE — not validated, not adjudicated, not entered in the dataset"
SEW-01643,Figure 5,Figure 5!B55,% Heparin,3,,,24.58151800045861,,,,Figure 5 / % Heparin,human platelets / PRP / whole blood (per source methods),"STAGED RAW VALUE — not validated, not adjudicated, not entered in the dataset"
SEW-01644,Figure 5,Figure 5!C55,% Heparin,3,,,23.985324466865396,,,,Figure 5 / % Heparin,human platelets / PRP / whole blood (per source methods),"STAGED RAW VALUE — not validated, not adjudicated, not entered in the dataset"
SEW-01645,Figure 5,Figure 5!D55,% Heparin,3,,,33.01088270858525,,,,Figure 5 / % Heparin,human platelets / PRP / whole blood (per source methods),"STAGED RAW VALUE — not validated, not adjudicated, not entered in the dataset"
SEW-01646,Figure 5,Figure 5!E55,% Heparin,3,,,33.31318016928658,,,,Figure 5 / % Heparin,human platelets / PRP / whole blood (per source methods),"STAGED RAW VALUE — not validated, not adjudicated, not entered in the dataset"
SEW-01647,Figure 5,Figure 5!F55,% Heparin,3,,,28.722726336298958,,,,Figure 5 / % Heparin,human platelets / PRP / whole blood (per source methods),"STAGED RAW VALUE — not validated, not adjudicated, not entered in the dataset"
SEW-01648,Figure 5,Figure 5!G55,% Heparin,3,,,5.133326875081967,,,,Figure 5 / % Heparin,human platelets / PRP / whole blood (per source methods),"STAGED RAW VALUE — not validated, not adjudicated, not entered in the dataset"
SEW-01649,Figure 5,Figure 5!I55,% Heparin,3,,,3,,,,Figure 5 / % Heparin,human platelets / PRP / whole blood (per source methods),"STAGED RAW VALUE — not validated, not adjudicated, not entered in the dataset"
SEW-01650,Figure 5,Figure 5!J55,% Heparin,3,value #1,value #1,18.115111213024534,,,,Figure 5 / % Heparin,human platelets / PRP / whole blood (per source methods),"STAGED RAW VALUE — not validated, not adjudicated, not entered in the dataset"
SEW-01651,Figure 5,Figure 5!K55,% Heparin,3,value #2,value #2,17.152029351066265,,,,Figure 5 / % Heparin,human platelets / PRP / whole blood (per source methods),"STAGED RAW VALUE — not validated, not adjudicated, not entered in the dataset"
SEW-01652,Figure 5,Figure 5!L55,% Heparin,3,value #3,value #3,18.37968561064087,,,,Figure 5 / % Heparin,human platelets / PRP / whole blood (per source methods),"STAGED RAW VALUE — not validated, not adjudicated, not entered in the dataset"
SEW-01653,Figure 5,Figure 5!M55,% Heparin,3,value #4,value #4,17.47279322853688,,,,Figure 5 / % Heparin,human platelets / PRP / whole blood (per source methods),"STAGED RAW VALUE — not validated, not adjudicated, not entered in the dataset"
SEW-01654,Figure 5,Figure 5!N55,% Heparin,3,,,17.779904850817136,,,,Figure 5 / % Heparin,human platelets / PRP / whole blood (per source methods),"STAGED RAW VALUE — not validated, not adjudicated, not entered in the dataset"
SEW-01655,Figure 5,Figure 5!O55,% Heparin,3,,,0.5658755625418218,,,,Figure 5 / % Heparin,human platelets / PRP / whole blood (per source methods),"STAGED RAW VALUE — not validated, not adjudicated, not entered in the dataset"
SEW-01656,Figure 5,Figure 5!A56,% Heparin,1,,,1,,,,Figure 5 / % Heparin,human platelets / PRP / whole blood (per source methods),"STAGED RAW VALUE — not validated, not adjudicated, not entered in the dataset"
SEW-01657,Figure 5,Figure 5!B56,% Heparin,1,,,24.12290759000229,,,,Figure 5 / % Heparin,human platelets / PRP / whole blood (per source methods),"STAGED RAW VALUE — not validated, not adjudicated, not entered in the dataset"
SEW-01658,Figure 5,Figure 5!C56,% Heparin,1,,,26.232515478101348,,,,Figure 5 / % Heparin,human platelets / PRP / whole blood (per source methods),"STAGED RAW VALUE — not validated, not adjudicated, not entered in the dataset"
SEW-01659,Figure 5,Figure 5!D56,% Heparin,1,,,26.60217654171705,,,,Figure 5 / % Heparin,human platelets / PRP / whole blood (per source methods),"STAGED RAW VALUE — not validated, not adjudicated, not entered in the dataset"
SEW-01660,Figure 5,Figure 5!E56,% Heparin,1,,,28.17412333736397,,,,Figure 5 / % Heparin,human platelets / PRP / whole blood (per source methods),"STAGED RAW VALUE — not validated, not adjudicated, not entered in the dataset"
SEW-01661,Figure 5,Figure 5!F56,% Heparin,1,,,26.28293073679616,,,,Figure 5 / % Heparin,human platelets / PRP / whole blood (per source methods),"STAGED RAW VALUE — not validated, not adjudicated, not entered in the dataset"
SEW-01662,Figure 5,Figure 5!G56,% Heparin,1,,,1.6680096951553354,,,,Figure 5 / % Heparin,human platelets / PRP / whole blood (per source methods),"STAGED RAW VALUE — not validated, not adjudicated, not entered in the dataset"
SEW-01663,Figure 5,Figure 5!I56,% Heparin,1,,,1,,,,Figure 5 / % Heparin,human platelets / PRP / whole blood (per source methods),"STAGED RAW VALUE — not validated, not adjudicated, not entered in the dataset"
SEW-01664,Figure 5,Figure 5!J56,% Heparin,1,value #1,value #1,18.665443705572113,,,,Figure 5 / % Heparin,human platelets / PRP / whole blood (per source methods),"STAGED RAW VALUE — not validated, not adjudicated, not entered in the dataset"
SEW-01665,Figure 5,Figure 5!K56,% Heparin,1,value #2,value #2,19.169915157074062,,,,Figure 5 / % Heparin,human platelets / PRP / whole blood (per source methods),"STAGED RAW VALUE — not validated, not adjudicated, not entered in the dataset"
SEW-01666,Figure 5,Figure 5!L56,% Heparin,1,value #3,value #3,18.440145102781138,,,,Figure 5 / % Heparin,human platelets / PRP / whole blood (per source methods),"STAGED RAW VALUE — not validated, not adjudicated, not entered in the dataset"
SEW-01667,Figure 5,Figure 5!M56,% Heparin,1,value #4,value #4,17.59371221281741,,,,Figure 5 / % Heparin,human platelets / PRP / whole blood (per source methods),"STAGED RAW VALUE — not validated, not adjudicated, not entered in the dataset"
SEW-01668,Figure 5,Figure 5!N56,% Heparin,1,,,18.467304044561182,,,,Figure 5 / % Heparin,human platelets / PRP / whole blood (per source methods),"STAGED RAW VALUE — not validated, not adjudicated, not entered in the dataset"
SEW-01669,Figure 5,Figure 5!O56,% Heparin,1,,,0.6574754741433733,,,,Figure 5 / % Heparin,human platelets / PRP / whole blood (per source methods),"STAGED RAW VALUE — not validated, not adjudicated, not entered in the dataset"
SEW-01670,Figure 5,Figure 5!A57,% Heparin,0.3333333333333333,,,0.3333333333333333,,,,Figure 5 / % Heparin,human platelets / PRP / whole blood (per source methods),"STAGED RAW VALUE — not validated, not adjudicated, not entered in the dataset"
SEW-01671,Figure 5,Figure 5!B57,% Heparin,0.3333333333333333,,,26.736986929603297,,,,Figure 5 / % Heparin,human platelets / PRP / whole blood (per source methods),"STAGED RAW VALUE — not validated, not adjudicated, not entered in the dataset"
SEW-01672,Figure 5,Figure 5!C57,% Heparin,0.3333333333333333,,,28.021096078880987,,,,Figure 5 / % Heparin,human platelets / PRP / whole blood (per source methods),"STAGED RAW VALUE — not validated, not adjudicated, not entered in the dataset"
SEW-01673,Figure 5,Figure 5!D57,% Heparin,0.3333333333333333,,,29.32285368802902,,,,Figure 5 / % Heparin,human platelets / PRP / whole blood (per source methods),"STAGED RAW VALUE — not validated, not adjudicated, not entered in the dataset"
SEW-01674,Figure 5,Figure 5!E57,% Heparin,0.3333333333333333,,,30.89480048367594,,,,Figure 5 / % Heparin,human platelets / PRP / whole blood (per source methods),"STAGED RAW VALUE — not validated, not adjudicated, not entered in the dataset"
SEW-01675,Figure 5,Figure 5!F57,% Heparin,0.3333333333333333,,,28.74393429504731,,,,Figure 5 / % Heparin,human platelets / PRP / whole blood (per source methods),"STAGED RAW VALUE — not validated, not adjudicated, not entered in the dataset"
SEW-01676,Figure 5,Figure 5!G57,% Heparin,0.3333333333333333,,,1.7806090567901514,,,,Figure 5 / % Heparin,human platelets / PRP / whole blood (per source methods),"STAGED RAW VALUE — not validated, not adjudicated, not entered in the dataset"
SEW-01677,Figure 5,Figure 5!I57,% Heparin,0.3333333333333333,,,0.3333333333333333,,,,Figure 5 / % Heparin,human platelets / PRP / whole blood (per source methods),"STAGED RAW VALUE — not validated, not adjudicated, not entered in the dataset"
SEW-01678,Figure 5,Figure 5!J57,% Heparin,0.3333333333333333,value #1,value #1,16.785141022701215,,,,Figure 5 / % Heparin,human platelets / PRP / whole blood (per source methods),"STAGED RAW VALUE — not validated, not adjudicated, not entered in the dataset"
SEW-01679,Figure 5,Figure 5!K57,% Heparin,0.3333333333333333,value #2,value #2,17.060307268975006,,,,Figure 5 / % Heparin,human platelets / PRP / whole blood (per source methods),"STAGED RAW VALUE — not validated, not adjudicated, not entered in the dataset"
SEW-01680,Figure 5,Figure 5!L57,% Heparin,0.3333333333333333,value #3,value #3,16.021765417170496,,,,Figure 5 / % Heparin,human platelets / PRP / whole blood (per source methods),"STAGED RAW VALUE — not validated, not adjudicated, not entered in the dataset"
SEW-01681,Figure 5,Figure 5!M57,% Heparin,0.3333333333333333,value #4,value #4,16.082224909310764,,,,Figure 5 / % Heparin,human platelets / PRP / whole blood (per source methods),"STAGED RAW VALUE — not validated, not adjudicated, not entered in the dataset"
SEW-01682,Figure 5,Figure 5!N57,% Heparin,0.3333333333333333,,,16.48735965453937,,,,Figure 5 / % Heparin,human platelets / PRP / whole blood (per source methods),"STAGED RAW VALUE — not validated, not adjudicated, not entered in the dataset"
SEW-01683,Figure 5,Figure 5!O57,% Heparin,0.3333333333333333,,,0.5157049763105443,,,,Figure 5 / % Heparin,human platelets / PRP / whole blood (per source methods),"STAGED RAW VALUE — not validated, not adjudicated, not entered in the dataset"
SEW-01684,Figure 5,Figure 5!A58,% Heparin,0.1111111111111111,,,0.1111111111111111,,,,Figure 5 / % Heparin,human platelets / PRP / whole blood (per source methods),"STAGED RAW VALUE — not validated, not adjudicated, not entered in the dataset"
SEW-01685,Figure 5,Figure 5!B58,% Heparin,0.1111111111111111,,,22.976381563861498,,,,Figure 5 / % Heparin,human platelets / PRP / whole blood (per source methods),"STAGED RAW VALUE — not validated, not adjudicated, not entered in the dataset"
SEW-01686,Figure 5,Figure 5!C58,% Heparin,0.1111111111111111,,,22.976381563861498,,,,Figure 5 / % Heparin,human platelets / PRP / whole blood (per source methods),"STAGED RAW VALUE — not validated, not adjudicated, not entered in the dataset"
SEW-01687,Figure 5,Figure 5!D58,% Heparin,0.1111111111111111,,,23.700120918984283,,,,Figure 5 / % Heparin,human platelets / PRP / whole blood (per source methods),"STAGED RAW VALUE — not validated, not adjudicated, not entered in the dataset"
SEW-01688,Figure 5,Figure 5!E58,% Heparin,0.1111111111111111,,,24.06287787182588,,,,Figure 5 / % Heparin,human platelets / PRP / whole blood (per source methods),"STAGED RAW VALUE — not validated, not adjudicated, not entered in the dataset"
SEW-01689,Figure 5,Figure 5!F58,% Heparin,0.1111111111111111,,,23.428940479633287,,,,Figure 5 / % Heparin,human platelets / PRP / whole blood (per source methods),"STAGED RAW VALUE — not validated, not adjudicated, not entered in the dataset"
SEW-01690,Figure 5,Figure 5!G58,% Heparin,0.1111111111111111,,,0.5431496394167443,,,,Figure 5 / % Heparin,human platelets / PRP / whole blood (per source methods),"STAGED RAW VALUE — not validated, not adjudicated, not entered in the dataset"
SEW-01691,Figure 5,Figure 5!I58,% Heparin,0.1111111111111111,,,0.1111111111111111,,,,Figure 5 / % Heparin,human platelets / PRP / whole blood (per source methods),"STAGED RAW VALUE — not validated, not adjudicated, not entered in the dataset"
SEW-01692,Figure 5,Figure 5!J58,% Heparin,0.1111111111111111,value #1,value #1,14.950699380875944,,,,Figure 5 / % Heparin,human platelets / PRP / whole blood (per source methods),"STAGED RAW VALUE — not validated, not adjudicated, not entered in the dataset"
SEW-01693,Figure 5,Figure 5!K58,% Heparin,0.1111111111111111,value #2,value #2,17.794083925705113,,,,Figure 5 / % Heparin,human platelets / PRP / whole blood (per source methods),"STAGED RAW VALUE — not validated, not adjudicated, not entered in the dataset"
SEW-01694,Figure 5,Figure 5!L58,% Heparin,0.1111111111111111,value #3,value #3,16.92865779927449,,,,Figure 5 / % Heparin,human platelets / PRP / whole blood (per source methods),"STAGED RAW VALUE — not validated, not adjudicated, not entered in the dataset"
SEW-01695,Figure 5,Figure 5!M58,% Heparin,0.1111111111111111,value #4,value #4,17.230955259975815,,,,Figure 5 / % Heparin,human platelets / PRP / whole blood (per source methods),"STAGED RAW VALUE — not validated, not adjudicated, not entered in the dataset"
SEW-01696,Figure 5,Figure 5!N58,% Heparin,0.1111111111111111,,,16.72609909145784,,,,Figure 5 / % Heparin,human platelets / PRP / whole blood (per source methods),"STAGED RAW VALUE — not validated, not adjudicated, not entered in the dataset"
SEW-01697,Figure 5,Figure 5!O58,% Heparin,0.1111111111111111,,,1.2367356925281778,,,,Figure 5 / % Heparin,human platelets / PRP / whole blood (per source methods),"STAGED RAW VALUE — not validated, not adjudicated, not entered in the dataset"
SEW-01698,Figure 5,Figure 5!A59,% Heparin,0.037037037037037035,,,0.037037037037037035,,,,Figure 5 / % Heparin,human platelets / PRP / whole blood (per source methods),"STAGED RAW VALUE — not validated, not adjudicated, not entered in the dataset"
SEW-01699,Figure 5,Figure 5!B59,% Heparin,0.037037037037037035,,,17.289612474203164,,,,Figure 5 / % Heparin,human platelets / PRP / whole blood (per source methods),"STAGED RAW VALUE — not validated, not adjudicated, not entered in the dataset"
SEW-01700,Figure 5,Figure 5!C59,% Heparin,0.037037037037037035,,,16.46411373538179,,,,Figure 5 / % Heparin,human platelets / PRP / whole blood (per source methods),"STAGED RAW VALUE — not validated, not adjudicated, not entered in the dataset"
SEW-01701,Figure 5,Figure 5!D59,% Heparin,0.037037037037037035,,,17.95646916565901,,,,Figure 5 / % Heparin,human platelets / PRP / whole blood (per source methods),"STAGED RAW VALUE — not validated, not adjudicated, not entered in the dataset"
SEW-01702,Figure 5,Figure 5!E59,% Heparin,0.037037037037037035,,,16.989117291414754,,,,Figure 5 / % Heparin,human platelets / PRP / whole blood (per source methods),"STAGED RAW VALUE — not validated, not adjudicated, not entered in the dataset"
SEW-01703,Figure 5,Figure 5!F59,% Heparin,0.037037037037037035,,,17.17482816666468,,,,Figure 5 / % Heparin,human platelets / PRP / whole blood (per source methods),"STAGED RAW VALUE — not validated, not adjudicated, not entered in the dataset"
SEW-01704,Figure 5,Figure 5!G59,% Heparin,0.037037037037037035,,,0.622827322400518,,,,Figure 5 / % Heparin,human platelets / PRP / whole blood (per source methods),"STAGED RAW VALUE — not validated, not adjudicated, not entered in the dataset"
SEW-01705,Figure 5,Figure 5!I59,% Heparin,0.037037037037037035,,,0.037037037037037035,,,,Figure 5 / % Heparin,human platelets / PRP / whole blood (per source methods),"STAGED RAW VALUE — not validated, not adjudicated, not entered in the dataset"
SEW-01706,Figure 5,Figure 5!J59,% Heparin,0.037037037037037035,value #1,value #1,13.712451272643886,,,,Figure 5 / % Heparin,human platelets / PRP / whole blood (per source methods),"STAGED RAW VALUE — not validated, not adjudicated, not entered in the dataset"
SEW-01707,Figure 5,Figure 5!K59,% Heparin,0.037037037037037035,value #2,value #2,13.207979821141937,,,,Figure 5 / % Heparin,human platelets / PRP / whole blood (per source methods),"STAGED RAW VALUE — not validated, not adjudicated, not entered in the dataset"
SEW-01708,Figure 5,Figure 5!L59,% Heparin,0.037037037037037035,value #3,value #3,11.850060459492141,,,,Figure 5 / % Heparin,human platelets / PRP / whole blood (per source methods),"STAGED RAW VALUE — not validated, not adjudicated, not entered in the dataset"
SEW-01709,Figure 5,Figure 5!M59,% Heparin,0.037037037037037035,value #4,value #4,10.701330108827086,,,,Figure 5 / % Heparin,human platelets / PRP / whole blood (per source methods),"STAGED RAW VALUE — not validated, not adjudicated, not entered in the dataset"
SEW-01710,Figure 5,Figure 5!N59,% Heparin,0.037037037037037035,,,12.367955415526263,,,,Figure 5 / % Heparin,human platelets / PRP / whole blood (per source methods),"STAGED RAW VALUE — not validated, not adjudicated, not entered in the dataset"
SEW-01711,Figure 5,Figure 5!O59,% Heparin,0.037037037037037035,,,1.3612696536998252,,,,Figure 5 / % Heparin,human platelets / PRP / whole blood (per source methods),"STAGED RAW VALUE — not validated, not adjudicated, not entered in the dataset"
SEW-01712,Figure 5,Figure 5!A60,% Heparin,0.012345679012345678,,,0.012345679012345678,,,,Figure 5 / % Heparin,human platelets / PRP / whole blood (per source methods),"STAGED RAW VALUE — not validated, not adjudicated, not entered in the dataset"
SEW-01713,Figure 5,Figure 5!B60,% Heparin,0.012345679012345678,,,13.437285026370095,,,,Figure 5 / % Heparin,human platelets / PRP / whole blood (per source methods),"STAGED RAW VALUE — not validated, not adjudicated, not entered in the dataset"
SEW-01714,Figure 5,Figure 5!C60,% Heparin,0.012345679012345678,,,13.25384086218757,,,,Figure 5 / % Heparin,human platelets / PRP / whole blood (per source methods),"STAGED RAW VALUE — not validated, not adjudicated, not entered in the dataset"
SEW-01715,Figure 5,Figure 5!D60,% Heparin,0.012345679012345678,,,12.817412333736398,,,,Figure 5 / % Heparin,human platelets / PRP / whole blood (per source methods),"STAGED RAW VALUE — not validated, not adjudicated, not entered in the dataset"
SEW-01716,Figure 5,Figure 5!E60,% Heparin,0.012345679012345678,,,13.784764207980654,,,,Figure 5 / % Heparin,human platelets / PRP / whole blood (per source methods),"STAGED RAW VALUE — not validated, not adjudicated, not entered in the dataset"
SEW-01717,Figure 5,Figure 5!F60,% Heparin,0.012345679012345678,,,13.32332560756868,,,,Figure 5 / % Heparin,human platelets / PRP / whole blood (per source methods),"STAGED RAW VALUE — not validated, not adjudicated, not entered in the dataset"
SEW-01718,Figure 5,Figure 5!G60,% Heparin,0.012345679012345678,,,0.4027773171220434,,,,Figure 5 / % Heparin,human platelets / PRP / whole blood (per source methods),"STAGED RAW VALUE — not validated, not adjudicated, not entered in the dataset"
SEW-01719,Figure 5,Figure 5!I60,% Heparin,0.012345679012345678,,,0.012345679012345678,,,,Figure 5 / % Heparin,human platelets / PRP / whole blood (per source methods),"STAGED RAW VALUE — not validated, not adjudicated, not entered in the dataset"
SEW-01720,Figure 5,Figure 5!J60,% Heparin,0.012345679012345678,value #1,value #1,12.795230451731253,,,,Figure 5 / % Heparin,human platelets / PRP / whole blood (per source methods),"STAGED RAW VALUE — not validated, not adjudicated, not entered in the dataset"
SEW-01721,Figure 5,Figure 5!K60,% Heparin,0.012345679012345678,value #2,value #2,13.116257739050674,,,,Figure 5 / % Heparin,human platelets / PRP / whole blood (per source methods),"STAGED RAW VALUE — not validated, not adjudicated, not entered in the dataset"
SEW-01722,Figure 5,Figure 5!L60,% Heparin,0.012345679012345678,value #3,value #3,10.640870616686819,,,,Figure 5 / % Heparin,human platelets / PRP / whole blood (per source methods),"STAGED RAW VALUE — not validated, not adjudicated, not entered in the dataset"
SEW-01723,Figure 5,Figure 5!M60,% Heparin,0.012345679012345678,value #4,value #4,10.21765417170496,,,,Figure 5 / % Heparin,human platelets / PRP / whole blood (per source methods),"STAGED RAW VALUE — not validated, not adjudicated, not entered in the dataset"
SEW-01724,Figure 5,Figure 5!N60,% Heparin,0.012345679012345678,,,11.692503244793427,,,,Figure 5 / % Heparin,human platelets / PRP / whole blood (per source methods),"STAGED RAW VALUE — not validated, not adjudicated, not entered in the dataset"
SEW-01725,Figure 5,Figure 5!O60,% Heparin,0.012345679012345678,,,1.4746971582584683,,,,Figure 5 / % Heparin,human platelets / PRP / whole blood (per source methods),"STAGED RAW VALUE — not validated, not adjudicated, not entered in the dataset"
SEW-01726,Figure 5,Figure 5!A61,% Heparin,0.004115226337448559,,,0.004115226337448559,,,,Figure 5 / % Heparin,human platelets / PRP / whole blood (per source methods),"STAGED RAW VALUE — not validated, not adjudicated, not entered in the dataset"
SEW-01727,Figure 5,Figure 5!B61,% Heparin,0.004115226337448559,,,12.061453795001144,,,,Figure 5 / % Heparin,human platelets / PRP / whole blood (per source methods),"STAGED RAW VALUE — not validated, not adjudicated, not entered in the dataset"
SEW-01728,Figure 5,Figure 5!C61,% Heparin,0.004115226337448559,,,11.87800963081862,,,,Figure 5 / % Heparin,human platelets / PRP / whole blood (per source methods),"STAGED RAW VALUE — not validated, not adjudicated, not entered in the dataset"
SEW-01729,Figure 5,Figure 5!D61,% Heparin,0.004115226337448559,,,12.091898428053206,,,,Figure 5 / % Heparin,human platelets / PRP / whole blood (per source methods),"STAGED RAW VALUE — not validated, not adjudicated, not entered in the dataset"
SEW-01730,Figure 5,Figure 5!E61,% Heparin,0.004115226337448559,,,11.910519951632406,,,,Figure 5 / % Heparin,human platelets / PRP / whole blood (per source methods),"STAGED RAW VALUE — not validated, not adjudicated, not entered in the dataset"
SEW-01731,Figure 5,Figure 5!F61,% Heparin,0.004115226337448559,,,11.985470451376344,,,,Figure 5 / % Heparin,human platelets / PRP / whole blood (per source methods),"STAGED RAW VALUE — not validated, not adjudicated, not entered in the dataset"
SEW-01732,Figure 5,Figure 5!G61,% Heparin,0.004115226337448559,,,0.10687342684181875,,,,Figure 5 / % Heparin,human platelets / PRP / whole blood (per source methods),"STAGED RAW VALUE — not validated, not adjudicated, not entered in the dataset"
SEW-01733,Figure 5,Figure 5!I61,% Heparin,0.004115226337448559,,,0.004115226337448559,,,,Figure 5 / % Heparin,human platelets / PRP / whole blood (per source methods),"STAGED RAW VALUE — not validated, not adjudicated, not entered in the dataset"
SEW-01734,Figure 5,Figure 5!J61,% Heparin,0.004115226337448559,value #1,value #1,11.786287548727355,,,,Figure 5 / % Heparin,human platelets / PRP / whole blood (per source methods),"STAGED RAW VALUE — not validated, not adjudicated, not entered in the dataset"
SEW-01735,Figure 5,Figure 5!K61,% Heparin,0.004115226337448559,value #2,value #2,11.69456546663609,,,,Figure 5 / % Heparin,human platelets / PRP / whole blood (per source methods),"STAGED RAW VALUE — not validated, not adjudicated, not entered in the dataset"
SEW-01736,Figure 5,Figure 5!L61,% Heparin,0.004115226337448559,value #3,value #3,10.822249093107617,,,,Figure 5 / % Heparin,human platelets / PRP / whole blood (per source methods),"STAGED RAW VALUE — not validated, not adjudicated, not entered in the dataset"
SEW-01737,Figure 5,Figure 5!M61,% Heparin,0.004115226337448559,value #4,value #4,10.03627569528416,,,,Figure 5 / % Heparin,human platelets / PRP / whole blood (per source methods),"STAGED RAW VALUE — not validated, not adjudicated, not entered in the dataset"
SEW-01738,Figure 5,Figure 5!N61,% Heparin,0.004115226337448559,,,11.084844450938805,,,,Figure 5 / % Heparin,human platelets / PRP / whole blood (per source methods),"STAGED RAW VALUE — not validated, not adjudicated, not entered in the dataset"
SEW-01739,Figure 5,Figure 5!O61,% Heparin,0.004115226337448559,,,0.823050199705896,,,,Figure 5 / % Heparin,human platelets / PRP / whole blood (per source methods),"STAGED RAW VALUE — not validated, not adjudicated, not entered in the dataset"
SEW-01740,Figure 5,Figure 5!A62,% Heparin,0.0013717421124828531,,,0.0013717421124828531,,,,Figure 5 / % Heparin,human platelets / PRP / whole blood (per source methods),"STAGED RAW VALUE — not validated, not adjudicated, not entered in the dataset"
SEW-01741,Figure 5,Figure 5!B62,% Heparin,0.0013717421124828531,,,10.548039440495298,,,,Figure 5 / % Heparin,human platelets / PRP / whole blood (per source methods),"STAGED RAW VALUE — not validated, not adjudicated, not entered in the dataset"
SEW-01742,Figure 5,Figure 5!C62,% Heparin,0.0013717421124828531,,,11.281816097225406,,,,Figure 5 / % Heparin,human platelets / PRP / whole blood (per source methods),"STAGED RAW VALUE — not validated, not adjudicated, not entered in the dataset"
SEW-01743,Figure 5,Figure 5!D62,% Heparin,0.0013717421124828531,,,11.970979443772674,,,,Figure 5 / % Heparin,human platelets / PRP / whole blood (per source methods),"STAGED RAW VALUE — not validated, not adjudicated, not entered in the dataset"
SEW-01744,Figure 5,Figure 5!E62,% Heparin,0.0013717421124828531,,,11.850060459492141,,,,Figure 5 / % Heparin,human platelets / PRP / whole blood (per source methods),"STAGED RAW VALUE — not validated, not adjudicated, not entered in the dataset"
SEW-01745,Figure 5,Figure 5!F62,% Heparin,0.0013717421124828531,,,11.41272386024638,,,,Figure 5 / % Heparin,human platelets / PRP / whole blood (per source methods),"STAGED RAW VALUE — not validated, not adjudicated, not entered in the dataset"
SEW-01746,Figure 5,Figure 5!G62,% Heparin,0.0013717421124828531,,,0.6500586090903779,,,,Figure 5 / % Heparin,human platelets / PRP / whole blood (per source methods),"STAGED RAW VALUE — not validated, not adjudicated, not entered in the dataset"
SEW-01747,Figure 5,Figure 5!I62,% Heparin,0.0013717421124828531,,,0.0013717421124828531,,,,Figure 5 / % Heparin,human platelets / PRP / whole blood (per source methods),"STAGED RAW VALUE — not validated, not adjudicated, not entered in the dataset"
SEW-01748,Figure 5,Figure 5!J62,% Heparin,0.0013717421124828531,value #1,value #1,11.786287548727355,,,,Figure 5 / % Heparin,human platelets / PRP / whole blood (per source methods),"STAGED RAW VALUE — not validated, not adjudicated, not entered in the dataset"
SEW-01749,Figure 5,Figure 5!K62,% Heparin,0.0013717421124828531,value #2,value #2,11.740426507681724,,,,Figure 5 / % Heparin,human platelets / PRP / whole blood (per source methods),"STAGED RAW VALUE — not validated, not adjudicated, not entered in the dataset"
SEW-01750,Figure 5,Figure 5!L62,% Heparin,0.0013717421124828531,value #3,value #3,10.157194679564693,,,,Figure 5 / % Heparin,human platelets / PRP / whole blood (per source methods),"STAGED RAW VALUE — not validated, not adjudicated, not entered in the dataset"
SEW-01751,Figure 5,Figure 5!M62,% Heparin,0.0013717421124828531,value #4,value #4,10.45949214026602,,,,Figure 5 / % Heparin,human platelets / PRP / whole blood (per source methods),"STAGED RAW VALUE — not validated, not adjudicated, not entered in the dataset"
SEW-01752,Figure 5,Figure 5!N62,% Heparin,0.0013717421124828531,,,11.035850219059949,,,,Figure 5 / % Heparin,human platelets / PRP / whole blood (per source methods),"STAGED RAW VALUE — not validated, not adjudicated, not entered in the dataset"
SEW-01753,Figure 5,Figure 5!O62,% Heparin,0.0013717421124828531,,,0.8492757942943916,,,,Figure 5 / % Heparin,human platelets / PRP / whole blood (per source methods),"STAGED RAW VALUE — not validated, not adjudicated, not entered in the dataset"
SEW-01754,Figure 5,Figure 5!A68,% Heparin,3,,,3,,,,Figure 5 / % Heparin,human platelets / PRP / whole blood (per source methods),"STAGED RAW VALUE — not validated, not adjudicated, not entered in the dataset"
SEW-01755,Figure 5,Figure 5!B68,% Heparin,3,,,36.15160349854228,,,,Figure 5 / % Heparin,human platelets / PRP / whole blood (per source methods),"STAGED RAW VALUE — not validated, not adjudicated, not entered in the dataset"
SEW-01756,Figure 5,Figure 5!C68,% Heparin,3,,,38.75308365104284,,,,Figure 5 / % Heparin,human platelets / PRP / whole blood (per source methods),"STAGED RAW VALUE — not validated, not adjudicated, not entered in the dataset"
SEW-01757,Figure 5,Figure 5!D68,% Heparin,3,,,46.66906733885487,,,,Figure 5 / % Heparin,human platelets / PRP / whole blood (per source methods),"STAGED RAW VALUE — not validated, not adjudicated, not entered in the dataset"
SEW-01758,Figure 5,Figure 5!E68,% Heparin,3,,,50.84623694634497,,,,Figure 5 / % Heparin,human platelets / PRP / whole blood (per source methods),"STAGED RAW VALUE — not validated, not adjudicated, not entered in the dataset"
SEW-01759,Figure 5,Figure 5!F68,% Heparin,3,,,43.104997858696244,,,,Figure 5 / % Heparin,human platelets / PRP / whole blood (per source methods),"STAGED RAW VALUE — not validated, not adjudicated, not entered in the dataset"
SEW-01760,Figure 5,Figure 5!G68,% Heparin,3,,,6.82930509569203,,,,Figure 5 / % Heparin,human platelets / PRP / whole blood (per source methods),"STAGED RAW VALUE — not validated, not adjudicated, not entered in the dataset"
SEW-01761,Figure 5,Figure 5!I68,% Heparin,3,,,3,,,,Figure 5 / % Heparin,human platelets / PRP / whole blood (per source methods),"STAGED RAW VALUE — not validated, not adjudicated, not entered in the dataset"
SEW-01762,Figure 5,Figure 5!J68,% Heparin,3,value #1,value #1,14.756671899529042,,,,Figure 5 / % Heparin,human platelets / PRP / whole blood (per source methods),"STAGED RAW VALUE — not validated, not adjudicated, not entered in the dataset"
SEW-01763,Figure 5,Figure 5!K68,% Heparin,3,value #2,value #2,15.384615384615389,,,,Figure 5 / % Heparin,human platelets / PRP / whole blood (per source methods),"STAGED RAW VALUE — not validated, not adjudicated, not entered in the dataset"
SEW-01764,Figure 5,Figure 5!L68,% Heparin,3,value #3,value #3,19.805545552754772,,,,Figure 5 / % Heparin,human platelets / PRP / whole blood (per source methods),"STAGED RAW VALUE — not validated, not adjudicated, not entered in the dataset"
SEW-01765,Figure 5,Figure 5!M68,% Heparin,3,value #4,value #4,17.7889809146561,,,,Figure 5 / % Heparin,human platelets / PRP / whole blood (per source methods),"STAGED RAW VALUE — not validated, not adjudicated, not entered in the dataset"
SEW-01766,Figure 5,Figure 5!N68,% Heparin,3,,,16.933953437888825,,,,Figure 5 / % Heparin,human platelets / PRP / whole blood (per source methods),"STAGED RAW VALUE — not validated, not adjudicated, not entered in the dataset"
SEW-01767,Figure 5,Figure 5!O68,% Heparin,3,,,2.317909730827245,,,,Figure 5 / % Heparin,human platelets / PRP / whole blood (per source methods),"STAGED RAW VALUE — not validated, not adjudicated, not entered in the dataset"
SEW-01768,Figure 5,Figure 5!A69,% Heparin,1,,,1,,,,Figure 5 / % Heparin,human platelets / PRP / whole blood (per source methods),"STAGED RAW VALUE — not validated, not adjudicated, not entered in the dataset"
SEW-01769,Figure 5,Figure 5!B69,% Heparin,1,,,32.6530612244898,,,,Figure 5 / % Heparin,human platelets / PRP / whole blood (per source methods),"STAGED RAW VALUE — not validated, not adjudicated, not entered in the dataset"
SEW-01770,Figure 5,Figure 5!C69,% Heparin,1,,,30.903790087463555,,,,Figure 5 / % Heparin,human platelets / PRP / whole blood (per source methods),"STAGED RAW VALUE — not validated, not adjudicated, not entered in the dataset"
SEW-01771,Figure 5,Figure 5!D69,% Heparin,1,,,44.94058336334173,,,,Figure 5 / % Heparin,human platelets / PRP / whole blood (per source methods),"STAGED RAW VALUE — not validated, not adjudicated, not entered in the dataset"
SEW-01772,Figure 5,Figure 5!E69,% Heparin,1,,,43.06805905653582,,,,Figure 5 / % Heparin,human platelets / PRP / whole blood (per source methods),"STAGED RAW VALUE — not validated, not adjudicated, not entered in the dataset"
SEW-01773,Figure 5,Figure 5!F69,% Heparin,1,,,37.89137343295773,,,,Figure 5 / % Heparin,human platelets / PRP / whole blood (per source methods),"STAGED RAW VALUE — not validated, not adjudicated, not entered in the dataset"
SEW-01774,Figure 5,Figure 5!G69,% Heparin,1,,,7.135723987832769,,,,Figure 5 / % Heparin,human platelets / PRP / whole blood (per source methods),"STAGED RAW VALUE — not validated, not adjudicated, not entered in the dataset"
SEW-01775,Figure 5,Figure 5!I69,% Heparin,1,,,1,,,,Figure 5 / % Heparin,human platelets / PRP / whole blood (per source methods),"STAGED RAW VALUE — not validated, not adjudicated, not entered in the dataset"
SEW-01776,Figure 5,Figure 5!J69,% Heparin,1,value #1,value #1,15.74344023323615,,,,Figure 5 / % Heparin,human platelets / PRP / whole blood (per source methods),"STAGED RAW VALUE — not validated, not adjudicated, not entered in the dataset"
SEW-01777,Figure 5,Figure 5!K69,% Heparin,1,value #2,value #2,15.51917470284817,,,,Figure 5 / % Heparin,human platelets / PRP / whole blood (per source methods),"STAGED RAW VALUE — not validated, not adjudicated, not entered in the dataset"
SEW-01778,Figure 5,Figure 5!L69,% Heparin,1,value #3,value #3,20.381706877925815,,,,Figure 5 / % Heparin,human platelets / PRP / whole blood (per source methods),"STAGED RAW VALUE — not validated, not adjudicated, not entered in the dataset"
SEW-01779,Figure 5,Figure 5!M69,% Heparin,1,value #4,value #4,19.87756571840115,,,,Figure 5 / % Heparin,human platelets / PRP / whole blood (per source methods),"STAGED RAW VALUE — not validated, not adjudicated, not entered in the dataset"
SEW-01780,Figure 5,Figure 5!N69,% Heparin,1,,,17.88047188310282,,,,Figure 5 / % Heparin,human platelets / PRP / whole blood (per source methods),"STAGED RAW VALUE — not validated, not adjudicated, not entered in the dataset"
SEW-01781,Figure 5,Figure 5!O69,% Heparin,1,,,2.6068620301251277,,,,Figure 5 / % Heparin,human platelets / PRP / whole blood (per source methods),"STAGED RAW VALUE — not validated, not adjudicated, not entered in the dataset"
SEW-01782,Figure 5,Figure 5!A70,% Heparin,0.3333333333333333,,,0.3333333333333333,,,,Figure 5 / % Heparin,human platelets / PRP / whole blood (per source methods),"STAGED RAW VALUE — not validated, not adjudicated, not entered in the dataset"
SEW-01783,Figure 5,Figure 5!B70,% Heparin,0.3333333333333333,,,35.075128952679975,,,,Figure 5 / % Heparin,human platelets / PRP / whole blood (per source methods),"STAGED RAW VALUE — not validated, not adjudicated, not entered in the dataset"
SEW-01784,Figure 5,Figure 5!C70,% Heparin,0.3333333333333333,,,35.74792554384391,,,,Figure 5 / % Heparin,human platelets / PRP / whole blood (per source methods),"STAGED RAW VALUE — not validated, not adjudicated, not entered in the dataset"
SEW-01785,Figure 5,Figure 5!D70,% Heparin,0.3333333333333333,,,42.13179690313287,,,,Figure 5 / % Heparin,human platelets / PRP / whole blood (per source methods),"STAGED RAW VALUE — not validated, not adjudicated, not entered in the dataset"
SEW-01786,Figure 5,Figure 5!E70,% Heparin,0.3333333333333333,,,41.91573640619373,,,,Figure 5 / % Heparin,human platelets / PRP / whole blood (per source methods),"STAGED RAW VALUE — not validated, not adjudicated, not entered in the dataset"
SEW-01787,Figure 5,Figure 5!F70,% Heparin,0.3333333333333333,,,38.717646951462626,,,,Figure 5 / % Heparin,human platelets / PRP / whole blood (per source methods),"STAGED RAW VALUE — not validated, not adjudicated, not entered in the dataset"
SEW-01788,Figure 5,Figure 5!G70,% Heparin,0.3333333333333333,,,3.828462644599295,,,,Figure 5 / % Heparin,human platelets / PRP / whole blood (per source methods),"STAGED RAW VALUE — not validated, not adjudicated, not entered in the dataset"
SEW-01789,Figure 5,Figure 5!I70,% Heparin,0.3333333333333333,,,0.3333333333333333,,,,Figure 5 / % Heparin,human platelets / PRP / whole blood (per source methods),"STAGED RAW VALUE — not validated, not adjudicated, not entered in the dataset"
SEW-01790,Figure 5,Figure 5!J70,% Heparin,0.3333333333333333,value #1,value #1,15.115496748149813,,,,Figure 5 / % Heparin,human platelets / PRP / whole blood (per source methods),"STAGED RAW VALUE — not validated, not adjudicated, not entered in the dataset"
SEW-01791,Figure 5,Figure 5!K70,% Heparin,0.3333333333333333,value #2,value #2,15.698587127158557,,,,Figure 5 / % Heparin,human platelets / PRP / whole blood (per source methods),"STAGED RAW VALUE — not validated, not adjudicated, not entered in the dataset"
SEW-01792,Figure 5,Figure 5!L70,% Heparin,0.3333333333333333,value #3,value #3,17.356859920777815,,,,Figure 5 / % Heparin,human platelets / PRP / whole blood (per source methods),"STAGED RAW VALUE — not validated, not adjudicated, not entered in the dataset"
SEW-01793,Figure 5,Figure 5!M70,% Heparin,0.3333333333333333,value #4,value #4,17.284839755131436,,,,Figure 5 / % Heparin,human platelets / PRP / whole blood (per source methods),"STAGED RAW VALUE — not validated, not adjudicated, not entered in the dataset"
SEW-01794,Figure 5,Figure 5!N70,% Heparin,0.3333333333333333,,,16.363945887804405,,,,Figure 5 / % Heparin,human platelets / PRP / whole blood (per source methods),"STAGED RAW VALUE — not validated, not adjudicated, not entered in the dataset"
SEW-01795,Figure 5,Figure 5!O70,% Heparin,0.3333333333333333,,,1.1306710878100268,,,,Figure 5 / % Heparin,human platelets / PRP / whole blood (per source methods),"STAGED RAW VALUE — not validated, not adjudicated, not entered in the dataset"
SEW-01796,Figure 5,Figure 5!A71,% Heparin,0.1111111111111111,,,0.1111111111111111,,,,Figure 5 / % Heparin,human platelets / PRP / whole blood (per source methods),"STAGED RAW VALUE — not validated, not adjudicated, not entered in the dataset"
SEW-01797,Figure 5,Figure 5!B71,% Heparin,0.1111111111111111,,,24.84862076698812,,,,Figure 5 / % Heparin,human platelets / PRP / whole blood (per source methods),"STAGED RAW VALUE — not validated, not adjudicated, not entered in the dataset"
SEW-01798,Figure 5,Figure 5!C71,% Heparin,0.1111111111111111,,,26.059654631083202,,,,Figure 5 / % Heparin,human platelets / PRP / whole blood (per source methods),"STAGED RAW VALUE — not validated, not adjudicated, not entered in the dataset"
SEW-01799,Figure 5,Figure 5!D71,% Heparin,0.1111111111111111,,,30.6805905653583,,,,Figure 5 / % Heparin,human platelets / PRP / whole blood (per source methods),"STAGED RAW VALUE — not validated, not adjudicated, not entered in the dataset"
SEW-01800,Figure 5,Figure 5!E71,% Heparin,0.1111111111111111,,,32.697155203456965,,,,Figure 5 / % Heparin,human platelets / PRP / whole blood (per source methods),"STAGED RAW VALUE — not validated, not adjudicated, not entered in the dataset"
SEW-01801,Figure 5,Figure 5!F71,% Heparin,0.1111111111111111,,,28.57150529172165,,,,Figure 5 / % Heparin,human platelets / PRP / whole blood (per source methods),"STAGED RAW VALUE — not validated, not adjudicated, not entered in the dataset"
SEW-01802,Figure 5,Figure 5!G71,% Heparin,0.1111111111111111,,,3.72551968685904,,,,Figure 5 / % Heparin,human platelets / PRP / whole blood (per source methods),"STAGED RAW VALUE — not validated, not adjudicated, not entered in the dataset"
SEW-01803,Figure 5,Figure 5!I71,% Heparin,0.1111111111111111,,,0.1111111111111111,,,,Figure 5 / % Heparin,human platelets / PRP / whole blood (per source methods),"STAGED RAW VALUE — not validated, not adjudicated, not entered in the dataset"
SEW-01804,Figure 5,Figure 5!J71,% Heparin,0.1111111111111111,value #1,value #1,14.57725947521866,,,,Figure 5 / % Heparin,human platelets / PRP / whole blood (per source methods),"STAGED RAW VALUE — not validated, not adjudicated, not entered in the dataset"
SEW-01805,Figure 5,Figure 5!K71,% Heparin,0.1111111111111111,value #2,value #2,14.173581520520298,,,,Figure 5 / % Heparin,human platelets / PRP / whole blood (per source methods),"STAGED RAW VALUE — not validated, not adjudicated, not entered in the dataset"
SEW-01806,Figure 5,Figure 5!L71,% Heparin,0.1111111111111111,value #3,value #3,17.068779258192293,,,,Figure 5 / % Heparin,human platelets / PRP / whole blood (per source methods),"STAGED RAW VALUE — not validated, not adjudicated, not entered in the dataset"
SEW-01807,Figure 5,Figure 5!M71,% Heparin,0.1111111111111111,value #4,value #4,16.492617933021247,,,,Figure 5 / % Heparin,human platelets / PRP / whole blood (per source methods),"STAGED RAW VALUE — not validated, not adjudicated, not entered in the dataset"
SEW-01808,Figure 5,Figure 5!N71,% Heparin,0.1111111111111111,,,15.578059546738125,,,,Figure 5 / % Heparin,human platelets / PRP / whole blood (per source methods),"STAGED RAW VALUE — not validated, not adjudicated, not entered in the dataset"
SEW-01809,Figure 5,Figure 5!O71,% Heparin,0.1111111111111111,,,1.4180763507090486,,,,Figure 5 / % Heparin,human platelets / PRP / whole blood (per source methods),"STAGED RAW VALUE — not validated, not adjudicated, not entered in the dataset"
SEW-01810,Figure 5,Figure 5!A72,% Heparin,0.037037037037037035,,,0.037037037037037035,,,,Figure 5 / % Heparin,human platelets / PRP / whole blood (per source methods),"STAGED RAW VALUE — not validated, not adjudicated, not entered in the dataset"
SEW-01811,Figure 5,Figure 5!B72,% Heparin,0.037037037037037035,,,17.358152052029606,,,,Figure 5 / % Heparin,human platelets / PRP / whole blood (per source methods),"STAGED RAW VALUE — not validated, not adjudicated, not entered in the dataset"
SEW-01812,Figure 5,Figure 5!C72,% Heparin,0.037037037037037035,,,17.806683112805565,,,,Figure 5 / % Heparin,human platelets / PRP / whole blood (per source methods),"STAGED RAW VALUE — not validated, not adjudicated, not entered in the dataset"
SEW-01813,Figure 5,Figure 5!D72,% Heparin,0.037037037037037035,,,22.902412675549154,,,,Figure 5 / % Heparin,human platelets / PRP / whole blood (per source methods),"STAGED RAW VALUE — not validated, not adjudicated, not entered in the dataset"
SEW-01814,Figure 5,Figure 5!E72,% Heparin,0.037037037037037035,,,23.40655383507382,,,,Figure 5 / % Heparin,human platelets / PRP / whole blood (per source methods),"STAGED RAW VALUE — not validated, not adjudicated, not entered in the dataset"
SEW-01815,Figure 5,Figure 5!F72,% Heparin,0.037037037037037035,,,20.368450418864537,,,,Figure 5 / % Heparin,human platelets / PRP / whole blood (per source methods),"STAGED RAW VALUE — not validated, not adjudicated, not entered in the dataset"
SEW-01816,Figure 5,Figure 5!G72,% Heparin,0.037037037037037035,,,3.228807059046535,,,,Figure 5 / % Heparin,human platelets / PRP / whole blood (per source methods),"STAGED RAW VALUE — not validated, not adjudicated, not entered in the dataset"
SEW-01817,Figure 5,Figure 5!I72,% Heparin,0.037037037037037035,,,0.037037037037037035,,,,Figure 5 / % Heparin,human platelets / PRP / whole blood (per source methods),"STAGED RAW VALUE — not validated, not adjudicated, not entered in the dataset"
SEW-01818,Figure 5,Figure 5!J72,% Heparin,0.037037037037037035,value #1,value #1,13.007400762502803,,,,Figure 5 / % Heparin,human platelets / PRP / whole blood (per source methods),"STAGED RAW VALUE — not validated, not adjudicated, not entered in the dataset"
SEW-01819,Figure 5,Figure 5!K72,% Heparin,0.037037037037037035,value #2,value #2,12.51401659564925,,,,Figure 5 / % Heparin,human platelets / PRP / whole blood (per source methods),"STAGED RAW VALUE — not validated, not adjudicated, not entered in the dataset"
SEW-01820,Figure 5,Figure 5!L72,% Heparin,0.037037037037037035,value #3,value #3,15.052214620093624,,,,Figure 5 / % Heparin,human platelets / PRP / whole blood (per source methods),"STAGED RAW VALUE — not validated, not adjudicated, not entered in the dataset"
SEW-01821,Figure 5,Figure 5!M72,% Heparin,0.037037037037037035,value #4,value #4,15.484335613971911,,,,Figure 5 / % Heparin,human platelets / PRP / whole blood (per source methods),"STAGED RAW VALUE — not validated, not adjudicated, not entered in the dataset"
SEW-01822,Figure 5,Figure 5!N72,% Heparin,0.037037037037037035,,,14.014491898054398,,,,Figure 5 / % Heparin,human platelets / PRP / whole blood (per source methods),"STAGED RAW VALUE — not validated, not adjudicated, not entered in the dataset"
SEW-01823,Figure 5,Figure 5!O72,% Heparin,0.037037037037037035,,,1.472296130255179,,,,Figure 5 / % Heparin,human platelets / PRP / whole blood (per source methods),"STAGED RAW VALUE — not validated, not adjudicated, not entered in the dataset"
SEW-01824,Figure 5,Figure 5!A73,% Heparin,0.012345679012345678,,,0.012345679012345678,,,,Figure 5 / % Heparin,human platelets / PRP / whole blood (per source methods),"STAGED RAW VALUE — not validated, not adjudicated, not entered in the dataset"
SEW-01825,Figure 5,Figure 5!B73,% Heparin,0.012345679012345678,,,11.930926216640504,,,,Figure 5 / % Heparin,human platelets / PRP / whole blood (per source methods),"STAGED RAW VALUE — not validated, not adjudicated, not entered in the dataset"
SEW-01826,Figure 5,Figure 5!C73,% Heparin,0.012345679012345678,,,12.693429019959632,,,,Figure 5 / % Heparin,human platelets / PRP / whole blood (per source methods),"STAGED RAW VALUE — not validated, not adjudicated, not entered in the dataset"
SEW-01827,Figure 5,Figure 5!D73,% Heparin,0.012345679012345678,,,15.34029528267915,,,,Figure 5 / % Heparin,human platelets / PRP / whole blood (per source methods),"STAGED RAW VALUE — not validated, not adjudicated, not entered in the dataset"
SEW-01828,Figure 5,Figure 5!E73,% Heparin,0.012345679012345678,,,15.556355779618293,,,,Figure 5 / % Heparin,human platelets / PRP / whole blood (per source methods),"STAGED RAW VALUE — not validated, not adjudicated, not entered in the dataset"
SEW-01829,Figure 5,Figure 5!F73,% Heparin,0.012345679012345678,,,13.880251574724396,,,,Figure 5 / % Heparin,human platelets / PRP / whole blood (per source methods),"STAGED RAW VALUE — not validated, not adjudicated, not entered in the dataset"
SEW-01830,Figure 5,Figure 5!G73,% Heparin,0.012345679012345678,,,1.839335936596727,,,,Figure 5 / % Heparin,human platelets / PRP / whole blood (per source methods),"STAGED RAW VALUE — not validated, not adjudicated, not entered in the dataset"
SEW-01831,Figure 5,Figure 5!I73,% Heparin,0.012345679012345678,,,0.012345679012345678,,,,Figure 5 / % Heparin,human platelets / PRP / whole blood (per source methods),"STAGED RAW VALUE — not validated, not adjudicated, not entered in the dataset"
SEW-01832,Figure 5,Figure 5!J73,% Heparin,0.012345679012345678,value #1,value #1,11.661807580174928,,,,Figure 5 / % Heparin,human platelets / PRP / whole blood (per source methods),"STAGED RAW VALUE — not validated, not adjudicated, not entered in the dataset"
SEW-01833,Figure 5,Figure 5!K73,% Heparin,0.012345679012345678,value #2,value #2,11.75151379233012,,,,Figure 5 / % Heparin,human platelets / PRP / whole blood (per source methods),"STAGED RAW VALUE — not validated, not adjudicated, not entered in the dataset"
SEW-01834,Figure 5,Figure 5!L73,% Heparin,0.012345679012345678,value #3,value #3,13.611811307166004,,,,Figure 5 / % Heparin,human platelets / PRP / whole blood (per source methods),"STAGED RAW VALUE — not validated, not adjudicated, not entered in the dataset"
SEW-01835,Figure 5,Figure 5!M73,% Heparin,0.012345679012345678,value #4,value #4,13.395750810226865,,,,Figure 5 / % Heparin,human platelets / PRP / whole blood (per source methods),"STAGED RAW VALUE — not validated, not adjudicated, not entered in the dataset"
SEW-01836,Figure 5,Figure 5!N73,% Heparin,0.012345679012345678,,,12.60522087247448,,,,Figure 5 / % Heparin,human platelets / PRP / whole blood (per source methods),"STAGED RAW VALUE — not validated, not adjudicated, not entered in the dataset"
SEW-01837,Figure 5,Figure 5!O73,% Heparin,0.012345679012345678,,,1.0419543023362954,,,,Figure 5 / % Heparin,human platelets / PRP / whole blood (per source methods),"STAGED RAW VALUE — not validated, not adjudicated, not entered in the dataset"
SEW-01838,Figure 5,Figure 5!A74,% Heparin,0.004115226337448559,,,0.004115226337448559,,,,Figure 5 / % Heparin,human platelets / PRP / whole blood (per source methods),"STAGED RAW VALUE — not validated, not adjudicated, not entered in the dataset"
SEW-01839,Figure 5,Figure 5!B74,% Heparin,0.004115226337448559,,,11.572101368019737,,,,Figure 5 / % Heparin,human platelets / PRP / whole blood (per source methods),"STAGED RAW VALUE — not validated, not adjudicated, not entered in the dataset"
SEW-01840,Figure 5,Figure 5!C74,% Heparin,0.004115226337448559,,,10.540479928235031,,,,Figure 5 / % Heparin,human platelets / PRP / whole blood (per source methods),"STAGED RAW VALUE — not validated, not adjudicated, not entered in the dataset"
SEW-01841,Figure 5,Figure 5!D74,% Heparin,0.004115226337448559,,,12.963629816348577,,,,Figure 5 / % Heparin,human platelets / PRP / whole blood (per source methods),"STAGED RAW VALUE — not validated, not adjudicated, not entered in the dataset"
SEW-01842,Figure 5,Figure 5!E74,% Heparin,0.004115226337448559,,,12.891609650702195,,,,Figure 5 / % Heparin,human platelets / PRP / whole blood (per source methods),"STAGED RAW VALUE — not validated, not adjudicated, not entered in the dataset"
SEW-01843,Figure 5,Figure 5!F74,% Heparin,0.004115226337448559,,,11.991955190826385,,,,Figure 5 / % Heparin,human platelets / PRP / whole blood (per source methods),"STAGED RAW VALUE — not validated, not adjudicated, not entered in the dataset"
SEW-01844,Figure 5,Figure 5!G74,% Heparin,0.004115226337448559,,,1.15996945297396,,,,Figure 5 / % Heparin,human platelets / PRP / whole blood (per source methods),"STAGED RAW VALUE — not validated, not adjudicated, not entered in the dataset"
SEW-01845,Figure 5,Figure 5!I74,% Heparin,0.004115226337448559,,,0.004115226337448559,,,,Figure 5 / % Heparin,human platelets / PRP / whole blood (per source methods),"STAGED RAW VALUE — not validated, not adjudicated, not entered in the dataset"
SEW-01846,Figure 5,Figure 5!J74,% Heparin,0.004115226337448559,value #1,value #1,11.796366898407715,,,,Figure 5 / % Heparin,human platelets / PRP / whole blood (per source methods),"STAGED RAW VALUE — not validated, not adjudicated, not entered in the dataset"
SEW-01847,Figure 5,Figure 5!K74,% Heparin,0.004115226337448559,value #2,value #2,11.258129625476565,,,,Figure 5 / % Heparin,human platelets / PRP / whole blood (per source methods),"STAGED RAW VALUE — not validated, not adjudicated, not entered in the dataset"
SEW-01848,Figure 5,Figure 5!L74,% Heparin,0.004115226337448559,value #3,value #3,13.2517104789341,,,,Figure 5 / % Heparin,human platelets / PRP / whole blood (per source methods),"STAGED RAW VALUE — not validated, not adjudicated, not entered in the dataset"
SEW-01849,Figure 5,Figure 5!M74,% Heparin,0.004115226337448559,value #4,value #4,8.930500540151241,,,,Figure 5 / % Heparin,human platelets / PRP / whole blood (per source methods),"STAGED RAW VALUE — not validated, not adjudicated, not entered in the dataset"
SEW-01850,Figure 5,Figure 5!N74,% Heparin,0.004115226337448559,,,11.309176885742406,,,,Figure 5 / % Heparin,human platelets / PRP / whole blood (per source methods),"STAGED RAW VALUE — not validated, not adjudicated, not entered in the dataset"
SEW-01851,Figure 5,Figure 5!O74,% Heparin,0.004115226337448559,,,1.7955034436961854,,,,Figure 5 / % Heparin,human platelets / PRP / whole blood (per source methods),"STAGED RAW VALUE — not validated, not adjudicated, not entered in the dataset"
SEW-01852,Figure 5,Figure 5!A75,% Heparin,0.0013717421124828531,,,0.0013717421124828531,,,,Figure 5 / % Heparin,human platelets / PRP / whole blood (per source methods),"STAGED RAW VALUE — not validated, not adjudicated, not entered in the dataset"
SEW-01853,Figure 5,Figure 5!B75,% Heparin,0.0013717421124828531,,,9.419152276295135,,,,Figure 5 / % Heparin,human platelets / PRP / whole blood (per source methods),"STAGED RAW VALUE — not validated, not adjudicated, not entered in the dataset"
SEW-01854,Figure 5,Figure 5!C75,% Heparin,0.0013717421124828531,,,10.495626822157437,,,,Figure 5 / % Heparin,human platelets / PRP / whole blood (per source methods),"STAGED RAW VALUE — not validated, not adjudicated, not entered in the dataset"
SEW-01855,Figure 5,Figure 5!D75,% Heparin,0.0013717421124828531,,,12.53150882247029,,,,Figure 5 / % Heparin,human platelets / PRP / whole blood (per source methods),"STAGED RAW VALUE — not validated, not adjudicated, not entered in the dataset"
SEW-01856,Figure 5,Figure 5!E75,% Heparin,0.0013717421124828531,,,12.891609650702195,,,,Figure 5 / % Heparin,human platelets / PRP / whole blood (per source methods),"STAGED RAW VALUE — not validated, not adjudicated, not entered in the dataset"
SEW-01857,Figure 5,Figure 5!F75,% Heparin,0.0013717421124828531,,,11.334474392906262,,,,Figure 5 / % Heparin,human platelets / PRP / whole blood (per source methods),"STAGED RAW VALUE — not validated, not adjudicated, not entered in the dataset"
SEW-01858,Figure 5,Figure 5!G75,% Heparin,0.0013717421124828531,,,1.6562694722341158,,,,Figure 5 / % Heparin,human platelets / PRP / whole blood (per source methods),"STAGED RAW VALUE — not validated, not adjudicated, not entered in the dataset"
SEW-01859,Figure 5,Figure 5!I75,% Heparin,0.0013717421124828531,,,0.0013717421124828531,,,,Figure 5 / % Heparin,human platelets / PRP / whole blood (per source methods),"STAGED RAW VALUE — not validated, not adjudicated, not entered in the dataset"
SEW-01860,Figure 5,Figure 5!J75,% Heparin,0.0013717421124828531,value #1,value #1,10.316214397847052,,,,Figure 5 / % Heparin,human platelets / PRP / whole blood (per source methods),"STAGED RAW VALUE — not validated, not adjudicated, not entered in the dataset"
SEW-01861,Figure 5,Figure 5!K75,% Heparin,0.0013717421124828531,value #2,value #2,10.989010989010989,,,,Figure 5 / % Heparin,human platelets / PRP / whole blood (per source methods),"STAGED RAW VALUE — not validated, not adjudicated, not entered in the dataset"
SEW-01862,Figure 5,Figure 5!L75,% Heparin,0.0013717421124828531,value #3,value #3,11.955347497299245,,,,Figure 5 / % Heparin,human platelets / PRP / whole blood (per source methods),"STAGED RAW VALUE — not validated, not adjudicated, not entered in the dataset"
SEW-01863,Figure 5,Figure 5!M75,% Heparin,0.0013717421124828531,value #4,value #4,12.243428159884767,,,,Figure 5 / % Heparin,human platelets / PRP / whole blood (per source methods),"STAGED RAW VALUE — not validated, not adjudicated, not entered in the dataset"
SEW-01864,Figure 5,Figure 5!N75,% Heparin,0.0013717421124828531,,,11.376000261010512,,,,Figure 5 / % Heparin,human platelets / PRP / whole blood (per source methods),"STAGED RAW VALUE — not validated, not adjudicated, not entered in the dataset"
SEW-01865,Figure 5,Figure 5!O75,% Heparin,0.0013717421124828531,,,0.8871266637004057,,,,Figure 5 / % Heparin,human platelets / PRP / whole blood (per source methods),"STAGED RAW VALUE — not validated, not adjudicated, not entered in the dataset"
SEW-01866,Figure 5,Figure 5!D83,P-Selectin - MFI,ADP,,,5.176666666666667,,,positive_control_agonist,Figure 5 / P-Selectin - MFI,human platelets / PRP / whole blood (per source methods),"STAGED RAW VALUE — not validated, not adjudicated, not entered in the dataset"
SEW-01867,Figure 5,Figure 5!E83,P-Selectin - MFI,ADP,,,12.030000000000001,,,positive_control_agonist,Figure 5 / P-Selectin - MFI,human platelets / PRP / whole blood (per source methods),"STAGED RAW VALUE — not validated, not adjudicated, not entered in the dataset"
SEW-01868,Figure 5,Figure 5!F83,P-Selectin - MFI,ADP,,,15.143333333333333,,,positive_control_agonist,Figure 5 / P-Selectin - MFI,human platelets / PRP / whole blood (per source methods),"STAGED RAW VALUE — not validated, not adjudicated, not entered in the dataset"
SEW-01869,Figure 5,Figure 5!G83,P-Selectin - MFI,ADP,,,13.086666666666668,,,positive_control_agonist,Figure 5 / P-Selectin - MFI,human platelets / PRP / whole blood (per source methods),"STAGED RAW VALUE — not validated, not adjudicated, not entered in the dataset"
SEW-01870,Figure 5,Figure 5!H83,P-Selectin - MFI,ADP,,,8.156666666666666,,,positive_control_agonist,Figure 5 / P-Selectin - MFI,human platelets / PRP / whole blood (per source methods),"STAGED RAW VALUE — not validated, not adjudicated, not entered in the dataset"
SEW-01871,Figure 5,Figure 5!I83,P-Selectin - MFI,ADP,,,10.718666666666667,,,positive_control_agonist,Figure 5 / P-Selectin - MFI,human platelets / PRP / whole blood (per source methods),"STAGED RAW VALUE — not validated, not adjudicated, not entered in the dataset"
SEW-01872,Figure 5,Figure 5!J83,P-Selectin - MFI,ADP,value #1,value #1,4.005692893315161,,,positive_control_agonist,Figure 5 / P-Selectin - MFI,human platelets / PRP / whole blood (per source methods),"STAGED RAW VALUE — not validated, not adjudicated, not entered in the dataset"
SEW-01873,Figure 5,Figure 5!K83,P-Selectin - MFI,ADP,value #2,value #2,3.393333333333333,,,positive_control_agonist,Figure 5 / P-Selectin - MFI,human platelets / PRP / whole blood (per source methods),"STAGED RAW VALUE — not validated, not adjudicated, not entered in the dataset"
SEW-01874,Figure 5,Figure 5!L83,P-Selectin - MFI,ADP,value #3,value #3,3.716666666666667,,,positive_control_agonist,Figure 5 / P-Selectin - MFI,human platelets / PRP / whole blood (per source methods),"STAGED RAW VALUE — not validated, not adjudicated, not entered in the dataset"
SEW-01875,Figure 5,Figure 5!M83,P-Selectin - MFI,ADP,value #4,value #4,5.763333333333333,,,positive_control_agonist,Figure 5 / P-Selectin - MFI,human platelets / PRP / whole blood (per source methods),"STAGED RAW VALUE — not validated, not adjudicated, not entered in the dataset"
SEW-01876,Figure 5,Figure 5!N83,P-Selectin - MFI,ADP,,,4.916666666666667,,,positive_control_agonist,Figure 5 / P-Selectin - MFI,human platelets / PRP / whole blood (per source methods),"STAGED RAW VALUE — not validated, not adjudicated, not entered in the dataset"
SEW-01877,Figure 5,Figure 5!O83,P-Selectin - MFI,ADP,,,3.2900000000000005,,,positive_control_agonist,Figure 5 / P-Selectin - MFI,human platelets / PRP / whole blood (per source methods),"STAGED RAW VALUE — not validated, not adjudicated, not entered in the dataset"
SEW-01878,Figure 5,Figure 5!P83,P-Selectin - MFI,ADP,,,4.215999999999999,,,positive_control_agonist,Figure 5 / P-Selectin - MFI,human platelets / PRP / whole blood (per source methods),"STAGED RAW VALUE — not validated, not adjudicated, not entered in the dataset"
SEW-01879,Figure 5,Figure 5!Q83,P-Selectin - MFI,ADP,,,1.080366193061923,,,positive_control_agonist,Figure 5 / P-Selectin - MFI,human platelets / PRP / whole blood (per source methods),"STAGED RAW VALUE — not validated, not adjudicated, not entered in the dataset"
SEW-01880,Figure 5,Figure 5!D84,P-Selectin - MFI,TRAP,,,6.080000000000001,,,positive_control_agonist,Figure 5 / P-Selectin - MFI,human platelets / PRP / whole blood (per source methods),"STAGED RAW VALUE — not validated, not adjudicated, not entered in the dataset"
SEW-01881,Figure 5,Figure 5!E84,P-Selectin - MFI,TRAP,,,5.8,,,positive_control_agonist,Figure 5 / P-Selectin - MFI,human platelets / PRP / whole blood (per source methods),"STAGED RAW VALUE — not validated, not adjudicated, not entered in the dataset"
SEW-01882,Figure 5,Figure 5!F84,P-Selectin - MFI,TRAP,,,12.196666666666665,,,positive_control_agonist,Figure 5 / P-Selectin - MFI,human platelets / PRP / whole blood (per source methods),"STAGED RAW VALUE — not validated, not adjudicated, not entered in the dataset"
SEW-01883,Figure 5,Figure 5!G84,P-Selectin - MFI,TRAP,,,10.436666666666667,,,positive_control_agonist,Figure 5 / P-Selectin - MFI,human platelets / PRP / whole blood (per source methods),"STAGED RAW VALUE — not validated, not adjudicated, not entered in the dataset"
SEW-01884,Figure 5,Figure 5!H84,P-Selectin - MFI,TRAP,,,13.586666666666666,,,positive_control_agonist,Figure 5 / P-Selectin - MFI,human platelets / PRP / whole blood (per source methods),"STAGED RAW VALUE — not validated, not adjudicated, not entered in the dataset"
SEW-01885,Figure 5,Figure 5!I84,P-Selectin - MFI,TRAP,,,9.620000000000001,,,positive_control_agonist,Figure 5 / P-Selectin - MFI,human platelets / PRP / whole blood (per source methods),"STAGED RAW VALUE — not validated, not adjudicated, not entered in the dataset"
SEW-01886,Figure 5,Figure 5!J84,P-Selectin - MFI,TRAP,value #1,value #1,3.5413486131698435,,,positive_control_agonist,Figure 5 / P-Selectin - MFI,human platelets / PRP / whole blood (per source methods),"STAGED RAW VALUE — not validated, not adjudicated, not entered in the dataset"
SEW-01887,Figure 5,Figure 5!K84,P-Selectin - MFI,TRAP,value #2,value #2,8.709999999999999,,,positive_control_agonist,Figure 5 / P-Selectin - MFI,human platelets / PRP / whole blood (per source methods),"STAGED RAW VALUE — not validated, not adjudicated, not entered in the dataset"
SEW-01888,Figure 5,Figure 5!L84,P-Selectin - MFI,TRAP,value #3,value #3,7.333333333333333,,,positive_control_agonist,Figure 5 / P-Selectin - MFI,human platelets / PRP / whole blood (per source methods),"STAGED RAW VALUE — not validated, not adjudicated, not entered in the dataset"
SEW-01889,Figure 5,Figure 5!M84,P-Selectin - MFI,TRAP,value #4,value #4,9.583333333333334,,,positive_control_agonist,Figure 5 / P-Selectin - MFI,human platelets / PRP / whole blood (per source methods),"STAGED RAW VALUE — not validated, not adjudicated, not entered in the dataset"
SEW-01890,Figure 5,Figure 5!N84,P-Selectin - MFI,TRAP,,,8.853333333333333,,,positive_control_agonist,Figure 5 / P-Selectin - MFI,human platelets / PRP / whole blood (per source methods),"STAGED RAW VALUE — not validated, not adjudicated, not entered in the dataset"
SEW-01891,Figure 5,Figure 5!O84,P-Selectin - MFI,TRAP,,,9.25,,,positive_control_agonist,Figure 5 / P-Selectin - MFI,human platelets / PRP / whole blood (per source methods),"STAGED RAW VALUE — not validated, not adjudicated, not entered in the dataset"
SEW-01892,Figure 5,Figure 5!P84,P-Selectin - MFI,TRAP,,,8.745999999999999,,,positive_control_agonist,Figure 5 / P-Selectin - MFI,human platelets / PRP / whole blood (per source methods),"STAGED RAW VALUE — not validated, not adjudicated, not entered in the dataset"
SEW-01893,Figure 5,Figure 5!Q84,P-Selectin - MFI,TRAP,,,0.8607535458345014,,,positive_control_agonist,Figure 5 / P-Selectin - MFI,human platelets / PRP / whole blood (per source methods),"STAGED RAW VALUE — not validated, not adjudicated, not entered in the dataset"
SEW-01894,Figure 5,Figure 5!D85,P-Selectin - MFI,neg control,,,1.6066666666666667,,,,Figure 5 / P-Selectin - MFI,human platelets / PRP / whole blood (per source methods),"STAGED RAW VALUE — not validated, not adjudicated, not entered in the dataset"
SEW-01895,Figure 5,Figure 5!E85,P-Selectin - MFI,neg control,,,2.3299999999999996,,,,Figure 5 / P-Selectin - MFI,human platelets / PRP / whole blood (per source methods),"STAGED RAW VALUE — not validated, not adjudicated, not entered in the dataset"
SEW-01896,Figure 5,Figure 5!F85,P-Selectin - MFI,neg control,,,2.796666666666667,,,,Figure 5 / P-Selectin - MFI,human platelets / PRP / whole blood (per source methods),"STAGED RAW VALUE — not validated, not adjudicated, not entered in the dataset"
SEW-01897,Figure 5,Figure 5!G85,P-Selectin - MFI,neg control,,,2.013333333333333,,,,Figure 5 / P-Selectin - MFI,human platelets / PRP / whole blood (per source methods),"STAGED RAW VALUE — not validated, not adjudicated, not entered in the dataset"
SEW-01898,Figure 5,Figure 5!H85,P-Selectin - MFI,neg control,,,1.5533333333333335,,,,Figure 5 / P-Selectin - MFI,human platelets / PRP / whole blood (per source methods),"STAGED RAW VALUE — not validated, not adjudicated, not entered in the dataset"
SEW-01899,Figure 5,Figure 5!I85,P-Selectin - MFI,neg control,,,2.0599999999999996,,,,Figure 5 / P-Selectin - MFI,human platelets / PRP / whole blood (per source methods),"STAGED RAW VALUE — not validated, not adjudicated, not entered in the dataset"
SEW-01900,Figure 5,Figure 5!J85,P-Selectin - MFI,neg control,value #1,value #1,0.5196098964073388,,,,Figure 5 / P-Selectin - MFI,human platelets / PRP / whole blood (per source methods),"STAGED RAW VALUE — not validated, not adjudicated, not entered in the dataset"
SEW-01901,Figure 5,Figure 5!K85,P-Selectin - MFI,neg control,value #2,value #2,2.393333333333333,,,,Figure 5 / P-Selectin - MFI,human platelets / PRP / whole blood (per source methods),"STAGED RAW VALUE — not validated, not adjudicated, not entered in the dataset"
SEW-01902,Figure 5,Figure 5!L85,P-Selectin - MFI,neg control,value #3,value #3,2.2266666666666666,,,,Figure 5 / P-Selectin - MFI,human platelets / PRP / whole blood (per source methods),"STAGED RAW VALUE — not validated, not adjudicated, not entered in the dataset"
SEW-01903,Figure 5,Figure 5!M85,P-Selectin - MFI,neg control,value #4,value #4,2.483333333333334,,,,Figure 5 / P-Selectin - MFI,human platelets / PRP / whole blood (per source methods),"STAGED RAW VALUE — not validated, not adjudicated, not entered in the dataset"
SEW-01904,Figure 5,Figure 5!N85,P-Selectin - MFI,neg control,,,1.8566666666666667,,,,Figure 5 / P-Selectin - MFI,human platelets / PRP / whole blood (per source methods),"STAGED RAW VALUE — not validated, not adjudicated, not entered in the dataset"
SEW-01905,Figure 5,Figure 5!O85,P-Selectin - MFI,neg control,,,1.87,,,,Figure 5 / P-Selectin - MFI,human platelets / PRP / whole blood (per source methods),"STAGED RAW VALUE — not validated, not adjudicated, not entered in the dataset"
SEW-01906,Figure 5,Figure 5!P85,P-Selectin - MFI,neg control,,,2.1660000000000004,,,,Figure 5 / P-Selectin - MFI,human platelets / PRP / whole blood (per source methods),"STAGED RAW VALUE — not validated, not adjudicated, not entered in the dataset"
SEW-01907,Figure 5,Figure 5!Q85,P-Selectin - MFI,neg control,,,0.29127497508558897,,,,Figure 5 / P-Selectin - MFI,human platelets / PRP / whole blood (per source methods),"STAGED RAW VALUE — not validated, not adjudicated, not entered in the dataset"
SEW-01908,Figure 5,Figure 5!D86,P-Selectin - MFI,(AC)11,,,16.93,,,,Figure 5 / P-Selectin - MFI,human platelets / PRP / whole blood (per source methods),"STAGED RAW VALUE — not validated, not adjudicated, not entered in the dataset"
SEW-01909,Figure 5,Figure 5!E86,P-Selectin - MFI,(AC)11,,,23.203333333333333,,,,Figure 5 / P-Selectin - MFI,human platelets / PRP / whole blood (per source methods),"STAGED RAW VALUE — not validated, not adjudicated, not entered in the dataset"
SEW-01910,Figure 5,Figure 5!F86,P-Selectin - MFI,(AC)11,,,23.52,,,,Figure 5 / P-Selectin - MFI,human platelets / PRP / whole blood (per source methods),"STAGED RAW VALUE — not validated, not adjudicated, not entered in the dataset"
SEW-01911,Figure 5,Figure 5!G86,P-Selectin - MFI,(AC)11,,,22.813333333333333,,,,Figure 5 / P-Selectin - MFI,human platelets / PRP / whole blood (per source methods),"STAGED RAW VALUE — not validated, not adjudicated, not entered in the dataset"
SEW-01912,Figure 5,Figure 5!H86,P-Selectin - MFI,(AC)11,,,22.539999999999996,,,,Figure 5 / P-Selectin - MFI,human platelets / PRP / whole blood (per source methods),"STAGED RAW VALUE — not validated, not adjudicated, not entered in the dataset"
SEW-01913,Figure 5,Figure 5!I86,P-Selectin - MFI,(AC)11,,,21.801333333333332,,,,Figure 5 / P-Selectin - MFI,human platelets / PRP / whole blood (per source methods),"STAGED RAW VALUE — not validated, not adjudicated, not entered in the dataset"
SEW-01914,Figure 5,Figure 5!J86,P-Selectin - MFI,(AC)11,value #1,value #1,2.7485941861249654,,,,Figure 5 / P-Selectin - MFI,human platelets / PRP / whole blood (per source methods),"STAGED RAW VALUE — not validated, not adjudicated, not entered in the dataset"
SEW-01915,Figure 5,Figure 5!K86,P-Selectin - MFI,(AC)11,value #2,value #2,8.389999999999999,,,,Figure 5 / P-Selectin - MFI,human platelets / PRP / whole blood (per source methods),"STAGED RAW VALUE — not validated, not adjudicated, not entered in the dataset"
SEW-01916,Figure 5,Figure 5!L86,P-Selectin - MFI,(AC)11,value #3,value #3,7.716666666666666,,,,Figure 5 / P-Selectin - MFI,human platelets / PRP / whole blood (per source methods),"STAGED RAW VALUE — not validated, not adjudicated, not entered in the dataset"
SEW-01917,Figure 5,Figure 5!M86,P-Selectin - MFI,(AC)11,value #4,value #4,10.323333333333332,,,,Figure 5 / P-Selectin - MFI,human platelets / PRP / whole blood (per source methods),"STAGED RAW VALUE — not validated, not adjudicated, not entered in the dataset"
SEW-01918,Figure 5,Figure 5!N86,P-Selectin - MFI,(AC)11,,,9.77,,,,Figure 5 / P-Selectin - MFI,human platelets / PRP / whole blood (per source methods),"STAGED RAW VALUE — not validated, not adjudicated, not entered in the dataset"
SEW-01919,Figure 5,Figure 5!O86,P-Selectin - MFI,(AC)11,,,9.416666666666666,,,,Figure 5 / P-Selectin - MFI,human platelets / PRP / whole blood (per source methods),"STAGED RAW VALUE — not validated, not adjudicated, not entered in the dataset"
SEW-01920,Figure 5,Figure 5!P86,P-Selectin - MFI,(AC)11,,,9.123333333333333,,,,Figure 5 / P-Selectin - MFI,human platelets / PRP / whole blood (per source methods),"STAGED RAW VALUE — not validated, not adjudicated, not entered in the dataset"
SEW-01921,Figure 5,Figure 5!Q86,P-Selectin - MFI,(AC)11,,,1.0560197809595044,,,,Figure 5 / P-Selectin - MFI,human platelets / PRP / whole blood (per source methods),"STAGED RAW VALUE — not validated, not adjudicated, not entered in the dataset"
SEW-01922,Figure 5,Figure 5!D88,P-Selectin - MFI,5 µM BAY 61-3606,,,1.4666666666666668,,,,Figure 5 / P-Selectin - MFI,human platelets / PRP / whole blood (per source methods),"STAGED RAW VALUE — not validated, not adjudicated, not entered in the dataset"
SEW-01923,Figure 5,Figure 5!E88,P-Selectin - MFI,5 µM BAY 61-3606,,,2.3433333333333333,,,,Figure 5 / P-Selectin - MFI,human platelets / PRP / whole blood (per source methods),"STAGED RAW VALUE — not validated, not adjudicated, not entered in the dataset"
SEW-01924,Figure 5,Figure 5!F88,P-Selectin - MFI,5 µM BAY 61-3606,,,2.5866666666666664,,,,Figure 5 / P-Selectin - MFI,human platelets / PRP / whole blood (per source methods),"STAGED RAW VALUE — not validated, not adjudicated, not entered in the dataset"
SEW-01925,Figure 5,Figure 5!G88,P-Selectin - MFI,5 µM BAY 61-3606,,,1.8866666666666667,,,,Figure 5 / P-Selectin - MFI,human platelets / PRP / whole blood (per source methods),"STAGED RAW VALUE — not validated, not adjudicated, not entered in the dataset"
SEW-01926,Figure 5,Figure 5!H88,P-Selectin - MFI,5 µM BAY 61-3606,,,1.5866666666666667,,,,Figure 5 / P-Selectin - MFI,human platelets / PRP / whole blood (per source methods),"STAGED RAW VALUE — not validated, not adjudicated, not entered in the dataset"
SEW-01927,Figure 5,Figure 5!I88,P-Selectin - MFI,5 µM BAY 61-3606,,,1.9739999999999998,,,,Figure 5 / P-Selectin - MFI,human platelets / PRP / whole blood (per source methods),"STAGED RAW VALUE — not validated, not adjudicated, not entered in the dataset"
SEW-01928,Figure 5,Figure 5!J88,P-Selectin - MFI,5 µM BAY 61-3606,value #1,value #1,0.4813545701686265,,,,Figure 5 / P-Selectin - MFI,human platelets / PRP / whole blood (per source methods),"STAGED RAW VALUE — not validated, not adjudicated, not entered in the dataset"
SEW-01929,Figure 5,Figure 5!K88,P-Selectin - MFI,5 µM BAY 61-3606,value #2,value #2,1.9566666666666668,,,,Figure 5 / P-Selectin - MFI,human platelets / PRP / whole blood (per source methods),"STAGED RAW VALUE — not validated, not adjudicated, not entered in the dataset"
SEW-01930,Figure 5,Figure 5!L88,P-Selectin - MFI,5 µM BAY 61-3606,value #3,value #3,2.1999999999999997,,,,Figure 5 / P-Selectin - MFI,human platelets / PRP / whole blood (per source methods),"STAGED RAW VALUE — not validated, not adjudicated, not entered in the dataset"
SEW-01931,Figure 5,Figure 5!M88,P-Selectin - MFI,5 µM BAY 61-3606,value #4,value #4,2.1300000000000003,,,,Figure 5 / P-Selectin - MFI,human platelets / PRP / whole blood (per source methods),"STAGED RAW VALUE — not validated, not adjudicated, not entered in the dataset"
SEW-01932,Figure 5,Figure 5!N88,P-Selectin - MFI,5 µM BAY 61-3606,,,1.6499999999999997,,,,Figure 5 / P-Selectin - MFI,human platelets / PRP / whole blood (per source methods),"STAGED RAW VALUE — not validated, not adjudicated, not entered in the dataset"
SEW-01933,Figure 5,Figure 5!O88,P-Selectin - MFI,5 µM BAY 61-3606,,,1.7299999999999998,,,,Figure 5 / P-Selectin - MFI,human platelets / PRP / whole blood (per source methods),"STAGED RAW VALUE — not validated, not adjudicated, not entered in the dataset"
SEW-01934,Figure 5,Figure 5!P88,P-Selectin - MFI,5 µM BAY 61-3606,,,1.9333333333333331,,,,Figure 5 / P-Selectin - MFI,human platelets / PRP / whole blood (per source methods),"STAGED RAW VALUE — not validated, not adjudicated, not entered in the dataset"
SEW-01935,Figure 5,Figure 5!Q88,P-Selectin - MFI,5 µM BAY 61-3606,,,0.240808822282093,,,,Figure 5 / P-Selectin - MFI,human platelets / PRP / whole blood (per source methods),"STAGED RAW VALUE — not validated, not adjudicated, not entered in the dataset"
SEW-01936,Figure 5,Figure 5!D89,P-Selectin - MFI,5 µM BAY 61-3606,,,1.8533333333333333,,,,Figure 5 / P-Selectin - MFI,human platelets / PRP / whole blood (per source methods),"STAGED RAW VALUE — not validated, not adjudicated, not entered in the dataset"
SEW-01937,Figure 5,Figure 5!E89,P-Selectin - MFI,5 µM BAY 61-3606,,,2.4499999999999997,,,,Figure 5 / P-Selectin - MFI,human platelets / PRP / whole blood (per source methods),"STAGED RAW VALUE — not validated, not adjudicated, not entered in the dataset"
SEW-01938,Figure 5,Figure 5!F89,P-Selectin - MFI,5 µM BAY 61-3606,,,2.7899999999999996,,,,Figure 5 / P-Selectin - MFI,human platelets / PRP / whole blood (per source methods),"STAGED RAW VALUE — not validated, not adjudicated, not entered in the dataset"
SEW-01939,Figure 5,Figure 5!G89,P-Selectin - MFI,5 µM BAY 61-3606,,,2.11,,,,Figure 5 / P-Selectin - MFI,human platelets / PRP / whole blood (per source methods),"STAGED RAW VALUE — not validated, not adjudicated, not entered in the dataset"
SEW-01940,Figure 5,Figure 5!H89,P-Selectin - MFI,5 µM BAY 61-3606,,,1.7700000000000002,,,,Figure 5 / P-Selectin - MFI,human platelets / PRP / whole blood (per source methods),"STAGED RAW VALUE — not validated, not adjudicated, not entered in the dataset"
SEW-01941,Figure 5,Figure 5!I89,P-Selectin - MFI,5 µM BAY 61-3606,,,2.194666666666666,,,,Figure 5 / P-Selectin - MFI,human platelets / PRP / whole blood (per source methods),"STAGED RAW VALUE — not validated, not adjudicated, not entered in the dataset"
SEW-01942,Figure 5,Figure 5!J89,P-Selectin - MFI,5 µM BAY 61-3606,value #1,value #1,0.4253338557990536,,,,Figure 5 / P-Selectin - MFI,human platelets / PRP / whole blood (per source methods),"STAGED RAW VALUE — not validated, not adjudicated, not entered in the dataset"
SEW-01943,Figure 5,Figure 5!K89,P-Selectin - MFI,5 µM BAY 61-3606,value #2,value #2,1.9633333333333332,,,,Figure 5 / P-Selectin - MFI,human platelets / PRP / whole blood (per source methods),"STAGED RAW VALUE — not validated, not adjudicated, not entered in the dataset"
SEW-01944,Figure 5,Figure 5!L89,P-Selectin - MFI,5 µM BAY 61-3606,value #3,value #3,2.2899999999999996,,,,Figure 5 / P-Selectin - MFI,human platelets / PRP / whole blood (per source methods),"STAGED RAW VALUE — not validated, not adjudicated, not entered in the dataset"
SEW-01945,Figure 5,Figure 5!M89,P-Selectin - MFI,5 µM BAY 61-3606,value #4,value #4,2.1233333333333335,,,,Figure 5 / P-Selectin - MFI,human platelets / PRP / whole blood (per source methods),"STAGED RAW VALUE — not validated, not adjudicated, not entered in the dataset"
SEW-01946,Figure 5,Figure 5!N89,P-Selectin - MFI,5 µM BAY 61-3606,,,1.7733333333333334,,,,Figure 5 / P-Selectin - MFI,human platelets / PRP / whole blood (per source methods),"STAGED RAW VALUE — not validated, not adjudicated, not entered in the dataset"
SEW-01947,Figure 5,Figure 5!O89,P-Selectin - MFI,5 µM BAY 61-3606,,,1.7766666666666666,,,,Figure 5 / P-Selectin - MFI,human platelets / PRP / whole blood (per source methods),"STAGED RAW VALUE — not validated, not adjudicated, not entered in the dataset"
SEW-01948,Figure 5,Figure 5!P89,P-Selectin - MFI,5 µM BAY 61-3606,,,1.9853333333333336,,,,Figure 5 / P-Selectin - MFI,human platelets / PRP / whole blood (per source methods),"STAGED RAW VALUE — not validated, not adjudicated, not entered in the dataset"
SEW-01949,Figure 5,Figure 5!Q89,P-Selectin - MFI,5 µM BAY 61-3606,,,0.22407340067238352,,,,Figure 5 / P-Selectin - MFI,human platelets / PRP / whole blood (per source methods),"STAGED RAW VALUE — not validated, not adjudicated, not entered in the dataset"
SEW-01950,Figure 5,Figure 5!D91,P-Selectin - MFI,5 µM PP2,,,0.47333333333333333,,,,Figure 5 / P-Selectin - MFI,human platelets / PRP / whole blood (per source methods),"STAGED RAW VALUE — not validated, not adjudicated, not entered in the dataset"
SEW-01951,Figure 5,Figure 5!E91,P-Selectin - MFI,5 µM PP2,,,0.9833333333333334,,,,Figure 5 / P-Selectin - MFI,human platelets / PRP / whole blood (per source methods),"STAGED RAW VALUE — not validated, not adjudicated, not entered in the dataset"
SEW-01952,Figure 5,Figure 5!F91,P-Selectin - MFI,5 µM PP2,,,0.9033333333333333,,,,Figure 5 / P-Selectin - MFI,human platelets / PRP / whole blood (per source methods),"STAGED RAW VALUE — not validated, not adjudicated, not entered in the dataset"
SEW-01953,Figure 5,Figure 5!G91,P-Selectin - MFI,5 µM PP2,,,0.8366666666666666,,,,Figure 5 / P-Selectin - MFI,human platelets / PRP / whole blood (per source methods),"STAGED RAW VALUE — not validated, not adjudicated, not entered in the dataset"
SEW-01954,Figure 5,Figure 5!H91,P-Selectin - MFI,5 µM PP2,,,0.795,,,,Figure 5 / P-Selectin - MFI,human platelets / PRP / whole blood (per source methods),"STAGED RAW VALUE — not validated, not adjudicated, not entered in the dataset"
SEW-01955,Figure 5,Figure 5!I91,P-Selectin - MFI,5 µM PP2,,,0.7983333333333333,,,,Figure 5 / P-Selectin - MFI,human platelets / PRP / whole blood (per source methods),"STAGED RAW VALUE — not validated, not adjudicated, not entered in the dataset"
SEW-01956,Figure 5,Figure 5!J91,P-Selectin - MFI,5 µM PP2,value #1,value #1,0.19516374891072613,,,,Figure 5 / P-Selectin - MFI,human platelets / PRP / whole blood (per source methods),"STAGED RAW VALUE — not validated, not adjudicated, not entered in the dataset"
SEW-01957,Figure 5,Figure 5!K91,P-Selectin - MFI,5 µM PP2,value #2,value #2,1.9466666666666665,,,,Figure 5 / P-Selectin - MFI,human platelets / PRP / whole blood (per source methods),"STAGED RAW VALUE — not validated, not adjudicated, not entered in the dataset"
SEW-01958,Figure 5,Figure 5!L91,P-Selectin - MFI,5 µM PP2,value #3,value #3,2.6633333333333336,,,,Figure 5 / P-Selectin - MFI,human platelets / PRP / whole blood (per source methods),"STAGED RAW VALUE — not validated, not adjudicated, not entered in the dataset"
SEW-01959,Figure 5,Figure 5!M91,P-Selectin - MFI,5 µM PP2,value #4,value #4,2.4166666666666665,,,,Figure 5 / P-Selectin - MFI,human platelets / PRP / whole blood (per source methods),"STAGED RAW VALUE — not validated, not adjudicated, not entered in the dataset"
SEW-01960,Figure 5,Figure 5!N91,P-Selectin - MFI,5 µM PP2,,,2.1466666666666665,,,,Figure 5 / P-Selectin - MFI,human platelets / PRP / whole blood (per source methods),"STAGED RAW VALUE — not validated, not adjudicated, not entered in the dataset"
SEW-01961,Figure 5,Figure 5!O91,P-Selectin - MFI,5 µM PP2,,,2.03,,,,Figure 5 / P-Selectin - MFI,human platelets / PRP / whole blood (per source methods),"STAGED RAW VALUE — not validated, not adjudicated, not entered in the dataset"
SEW-01962,Figure 5,Figure 5!P91,P-Selectin - MFI,5 µM PP2,,,2.240666666666667,,,,Figure 5 / P-Selectin - MFI,human platelets / PRP / whole blood (per source methods),"STAGED RAW VALUE — not validated, not adjudicated, not entered in the dataset"
SEW-01963,Figure 5,Figure 5!Q91,P-Selectin - MFI,5 µM PP2,,,0.29549769692653866,,,,Figure 5 / P-Selectin - MFI,human platelets / PRP / whole blood (per source methods),"STAGED RAW VALUE — not validated, not adjudicated, not entered in the dataset"
SEW-01964,Figure 5,Figure 5!D92,P-Selectin - MFI,5 µM PP2,,,0.41333333333333333,,,,Figure 5 / P-Selectin - MFI,human platelets / PRP / whole blood (per source methods),"STAGED RAW VALUE — not validated, not adjudicated, not entered in the dataset"
SEW-01965,Figure 5,Figure 5!E92,P-Selectin - MFI,5 µM PP2,,,1.0066666666666666,,,,Figure 5 / P-Selectin - MFI,human platelets / PRP / whole blood (per source methods),"STAGED RAW VALUE — not validated, not adjudicated, not entered in the dataset"
SEW-01966,Figure 5,Figure 5!F92,P-Selectin - MFI,5 µM PP2,,,0.94,,,,Figure 5 / P-Selectin - MFI,human platelets / PRP / whole blood (per source methods),"STAGED RAW VALUE — not validated, not adjudicated, not entered in the dataset"
SEW-01967,Figure 5,Figure 5!G92,P-Selectin - MFI,5 µM PP2,,,0.8366666666666666,,,,Figure 5 / P-Selectin - MFI,human platelets / PRP / whole blood (per source methods),"STAGED RAW VALUE — not validated, not adjudicated, not entered in the dataset"
SEW-01968,Figure 5,Figure 5!H92,P-Selectin - MFI,5 µM PP2,,,0.7666666666666666,,,,Figure 5 / P-Selectin - MFI,human platelets / PRP / whole blood (per source methods),"STAGED RAW VALUE — not validated, not adjudicated, not entered in the dataset"
SEW-01969,Figure 5,Figure 5!I92,P-Selectin - MFI,5 µM PP2,,,0.7926666666666666,,,,Figure 5 / P-Selectin - MFI,human platelets / PRP / whole blood (per source methods),"STAGED RAW VALUE — not validated, not adjudicated, not entered in the dataset"
SEW-01970,Figure 5,Figure 5!J92,P-Selectin - MFI,5 µM PP2,value #1,value #1,0.2313054738267606,,,,Figure 5 / P-Selectin - MFI,human platelets / PRP / whole blood (per source methods),"STAGED RAW VALUE — not validated, not adjudicated, not entered in the dataset"
SEW-01971,Figure 5,Figure 5!K92,P-Selectin - MFI,5 µM PP2,value #2,value #2,1.89,,,,Figure 5 / P-Selectin - MFI,human platelets / PRP / whole blood (per source methods),"STAGED RAW VALUE — not validated, not adjudicated, not entered in the dataset"
SEW-01972,Figure 5,Figure 5!L92,P-Selectin - MFI,5 µM PP2,value #3,value #3,2.5933333333333333,,,,Figure 5 / P-Selectin - MFI,human platelets / PRP / whole blood (per source methods),"STAGED RAW VALUE — not validated, not adjudicated, not entered in the dataset"
SEW-01973,Figure 5,Figure 5!M92,P-Selectin - MFI,5 µM PP2,value #4,value #4,2.44,,,,Figure 5 / P-Selectin - MFI,human platelets / PRP / whole blood (per source methods),"STAGED RAW VALUE — not validated, not adjudicated, not entered in the dataset"
SEW-01974,Figure 5,Figure 5!N92,P-Selectin - MFI,5 µM PP2,,,2.296666666666667,,,,Figure 5 / P-Selectin - MFI,human platelets / PRP / whole blood (per source methods),"STAGED RAW VALUE — not validated, not adjudicated, not entered in the dataset"
SEW-01975,Figure 5,Figure 5!O92,P-Selectin - MFI,5 µM PP2,,,2.08,,,,Figure 5 / P-Selectin - MFI,human platelets / PRP / whole blood (per source methods),"STAGED RAW VALUE — not validated, not adjudicated, not entered in the dataset"
SEW-01976,Figure 5,Figure 5!P92,P-Selectin - MFI,5 µM PP2,,,2.2600000000000002,,,,Figure 5 / P-Selectin - MFI,human platelets / PRP / whole blood (per source methods),"STAGED RAW VALUE — not validated, not adjudicated, not entered in the dataset"
SEW-01977,Figure 5,Figure 5!Q92,P-Selectin - MFI,5 µM PP2,,,0.28024790612757094,,,,Figure 5 / P-Selectin - MFI,human platelets / PRP / whole blood (per source methods),"STAGED RAW VALUE — not validated, not adjudicated, not entered in the dataset"
SEW-01978,Figure 6,Figure 6!G3,MCP1,- PS,,,10,,,backbone_control_phosphodiester,Figure 6 / MCP1,human platelets / PRP / whole blood (per source methods),"STAGED RAW VALUE — not validated, not adjudicated, not entered in the dataset"
SEW-01979,Figure 6,Figure 6!H3,MCP1,- PS,,,12,,,backbone_control_phosphodiester,Figure 6 / MCP1,human platelets / PRP / whole blood (per source methods),"STAGED RAW VALUE — not validated, not adjudicated, not entered in the dataset"
SEW-01980,Figure 6,Figure 6!I3,MCP1,- PS,,,14,,,backbone_control_phosphodiester,Figure 6 / MCP1,human platelets / PRP / whole blood (per source methods),"STAGED RAW VALUE — not validated, not adjudicated, not entered in the dataset"
SEW-01981,Figure 6,Figure 6!J3,MCP1,- PS,,,16,,,backbone_control_phosphodiester,Figure 6 / MCP1,human platelets / PRP / whole blood (per source methods),"STAGED RAW VALUE — not validated, not adjudicated, not entered in the dataset"
SEW-01982,Figure 6,Figure 6!K3,MCP1,- PS,,,18,,,backbone_control_phosphodiester,Figure 6 / MCP1,human platelets / PRP / whole blood (per source methods),"STAGED RAW VALUE — not validated, not adjudicated, not entered in the dataset"
SEW-01983,Figure 6,Figure 6!L3,MCP1,- PS,,,20,,,backbone_control_phosphodiester,Figure 6 / MCP1,human platelets / PRP / whole blood (per source methods),"STAGED RAW VALUE — not validated, not adjudicated, not entered in the dataset"
SEW-01984,Figure 6,Figure 6!M3,MCP1,- PS,,,22,,,backbone_control_phosphodiester,Figure 6 / MCP1,human platelets / PRP / whole blood (per source methods),"STAGED RAW VALUE — not validated, not adjudicated, not entered in the dataset"
SEW-01985,Figure 6,Figure 6!A4,MCP1,1,,,1,,,,Figure 6 / MCP1,human platelets / PRP / whole blood (per source methods),"STAGED RAW VALUE — not validated, not adjudicated, not entered in the dataset"
SEW-01986,Figure 6,Figure 6!B4,MCP1,1,,,24.7,,,,Figure 6 / MCP1,human platelets / PRP / whole blood (per source methods),"STAGED RAW VALUE — not validated, not adjudicated, not entered in the dataset"
SEW-01987,Figure 6,Figure 6!C4,MCP1,1,,,22.8,,,,Figure 6 / MCP1,human platelets / PRP / whole blood (per source methods),"STAGED RAW VALUE — not validated, not adjudicated, not entered in the dataset"
SEW-01988,Figure 6,Figure 6!D4,MCP1,1,,,0.9,,,,Figure 6 / MCP1,human platelets / PRP / whole blood (per source methods),"STAGED RAW VALUE — not validated, not adjudicated, not entered in the dataset"
SEW-01989,Figure 6,Figure 6!E4,MCP1,1,,,51.5,,,,Figure 6 / MCP1,human platelets / PRP / whole blood (per source methods),"STAGED RAW VALUE — not validated, not adjudicated, not entered in the dataset"
SEW-01990,Figure 6,Figure 6!F4,MCP1,1,,,3.1,,,,Figure 6 / MCP1,human platelets / PRP / whole blood (per source methods),"STAGED RAW VALUE — not validated, not adjudicated, not entered in the dataset"
SEW-01991,Figure 6,Figure 6!G4,MCP1,1,,,4.5,,,,Figure 6 / MCP1,human platelets / PRP / whole blood (per source methods),"STAGED RAW VALUE — not validated, not adjudicated, not entered in the dataset"
SEW-01992,Figure 6,Figure 6!H4,MCP1,1,,,4.4,,,,Figure 6 / MCP1,human platelets / PRP / whole blood (per source methods),"STAGED RAW VALUE — not validated, not adjudicated, not entered in the dataset"
SEW-01993,Figure 6,Figure 6!I4,MCP1,1,,,3.2,,,,Figure 6 / MCP1,human platelets / PRP / whole blood (per source methods),"STAGED RAW VALUE — not validated, not adjudicated, not entered in the dataset"
SEW-01994,Figure 6,Figure 6!J4,MCP1,1,,,5.5,,,,Figure 6 / MCP1,human platelets / PRP / whole blood (per source methods),"STAGED RAW VALUE — not validated, not adjudicated, not entered in the dataset"
SEW-01995,Figure 6,Figure 6!K4,MCP1,1,,,5.3,,,,Figure 6 / MCP1,human platelets / PRP / whole blood (per source methods),"STAGED RAW VALUE — not validated, not adjudicated, not entered in the dataset"
SEW-01996,Figure 6,Figure 6!L4,MCP1,1,,,3.6,,,,Figure 6 / MCP1,human platelets / PRP / whole blood (per source methods),"STAGED RAW VALUE — not validated, not adjudicated, not entered in the dataset"
SEW-01997,Figure 6,Figure 6!M4,MCP1,1,,,3.9,,,,Figure 6 / MCP1,human platelets / PRP / whole blood (per source methods),"STAGED RAW VALUE — not validated, not adjudicated, not entered in the dataset"
SEW-01998,Figure 6,Figure 6!N4,MCP1,1,,,0.9,,,,Figure 6 / MCP1,human platelets / PRP / whole blood (per source methods),"STAGED RAW VALUE — not validated, not adjudicated, not entered in the dataset"
SEW-01999,Figure 6,Figure 6!O4,MCP1,1,,,1.1,,,,Figure 6 / MCP1,human platelets / PRP / whole blood (per source methods),"STAGED RAW VALUE — not validated, not adjudicated, not entered in the dataset"
SEW-02000,Figure 6,Figure 6!P4,MCP1,1,,,1.4,,,,Figure 6 / MCP1,human platelets / PRP / whole blood (per source methods),"STAGED RAW VALUE — not validated, not adjudicated, not entered in the dataset"
SEW-02001,Figure 6,Figure 6!A5,MCP1,1,,,1,,,,Figure 6 / MCP1,human platelets / PRP / whole blood (per source methods),"STAGED RAW VALUE — not validated, not adjudicated, not entered in the dataset"
SEW-02002,Figure 6,Figure 6!B5,MCP1,1,,,11.8,,,,Figure 6 / MCP1,human platelets / PRP / whole blood (per source methods),"STAGED RAW VALUE — not validated, not adjudicated, not entered in the dataset"
SEW-02003,Figure 6,Figure 6!C5,MCP1,1,,,5.3,,,,Figure 6 / MCP1,human platelets / PRP / whole blood (per source methods),"STAGED RAW VALUE — not validated, not adjudicated, not entered in the dataset"
SEW-02004,Figure 6,Figure 6!D5,MCP1,1,,,1,,,,Figure 6 / MCP1,human platelets / PRP / whole blood (per source methods),"STAGED RAW VALUE — not validated, not adjudicated, not entered in the dataset"
SEW-02005,Figure 6,Figure 6!E5,MCP1,1,,,16.7,,,,Figure 6 / MCP1,human platelets / PRP / whole blood (per source methods),"STAGED RAW VALUE — not validated, not adjudicated, not entered in the dataset"
SEW-02006,Figure 6,Figure 6!F5,MCP1,1,,,2.1,,,,Figure 6 / MCP1,human platelets / PRP / whole blood (per source methods),"STAGED RAW VALUE — not validated, not adjudicated, not entered in the dataset"
SEW-02007,Figure 6,Figure 6!G5,MCP1,1,,,3.2,,,,Figure 6 / MCP1,human platelets / PRP / whole blood (per source methods),"STAGED RAW VALUE — not validated, not adjudicated, not entered in the dataset"
SEW-02008,Figure 6,Figure 6!H5,MCP1,1,,,3.5,,,,Figure 6 / MCP1,human platelets / PRP / whole blood (per source methods),"STAGED RAW VALUE — not validated, not adjudicated, not entered in the dataset"
SEW-02009,Figure 6,Figure 6!I5,MCP1,1,,,4.2,,,,Figure 6 / MCP1,human platelets / PRP / whole blood (per source methods),"STAGED RAW VALUE — not validated, not adjudicated, not entered in the dataset"
SEW-02010,Figure 6,Figure 6!J5,MCP1,1,,,6.3,,,,Figure 6 / MCP1,human platelets / PRP / whole blood (per source methods),"STAGED RAW VALUE — not validated, not adjudicated, not entered in the dataset"
SEW-02011,Figure 6,Figure 6!K5,MCP1,1,,,6.9,,,,Figure 6 / MCP1,human platelets / PRP / whole blood (per source methods),"STAGED RAW VALUE — not validated, not adjudicated, not entered in the dataset"
SEW-02012,Figure 6,Figure 6!L5,MCP1,1,,,6.5,,,,Figure 6 / MCP1,human platelets / PRP / whole blood (per source methods),"STAGED RAW VALUE — not validated, not adjudicated, not entered in the dataset"
SEW-02013,Figure 6,Figure 6!M5,MCP1,1,,,5.9,,,,Figure 6 / MCP1,human platelets / PRP / whole blood (per source methods),"STAGED RAW VALUE — not validated, not adjudicated, not entered in the dataset"
SEW-02014,Figure 6,Figure 6!N5,MCP1,1,,,0.9,,,,Figure 6 / MCP1,human platelets / PRP / whole blood (per source methods),"STAGED RAW VALUE — not validated, not adjudicated, not entered in the dataset"
SEW-02015,Figure 6,Figure 6!O5,MCP1,1,,,1.2,,,,Figure 6 / MCP1,human platelets / PRP / whole blood (per source methods),"STAGED RAW VALUE — not validated, not adjudicated, not entered in the dataset"
SEW-02016,Figure 6,Figure 6!P5,MCP1,1,,,1.7,,,,Figure 6 / MCP1,human platelets / PRP / whole blood (per source methods),"STAGED RAW VALUE — not validated, not adjudicated, not entered in the dataset"
SEW-02017,Figure 6,Figure 6!A6,MCP1,1,,,1,,,,Figure 6 / MCP1,human platelets / PRP / whole blood (per source methods),"STAGED RAW VALUE — not validated, not adjudicated, not entered in the dataset"
SEW-02018,Figure 6,Figure 6!B6,MCP1,1,,,12.9,,,,Figure 6 / MCP1,human platelets / PRP / whole blood (per source methods),"STAGED RAW VALUE — not validated, not adjudicated, not entered in the dataset"
SEW-02019,Figure 6,Figure 6!C6,MCP1,1,,,12.4,,,,Figure 6 / MCP1,human platelets / PRP / whole blood (per source methods),"STAGED RAW VALUE — not validated, not adjudicated, not entered in the dataset"
SEW-02020,Figure 6,Figure 6!D6,MCP1,1,,,0.9,,,,Figure 6 / MCP1,human platelets / PRP / whole blood (per source methods),"STAGED RAW VALUE — not validated, not adjudicated, not entered in the dataset"
SEW-02021,Figure 6,Figure 6!E6,MCP1,1,,,19.7,,,,Figure 6 / MCP1,human platelets / PRP / whole blood (per source methods),"STAGED RAW VALUE — not validated, not adjudicated, not entered in the dataset"
SEW-02022,Figure 6,Figure 6!F6,MCP1,1,,,4.2,,,,Figure 6 / MCP1,human platelets / PRP / whole blood (per source methods),"STAGED RAW VALUE — not validated, not adjudicated, not entered in the dataset"
SEW-02023,Figure 6,Figure 6!G6,MCP1,1,,,1.9,,,,Figure 6 / MCP1,human platelets / PRP / whole blood (per source methods),"STAGED RAW VALUE — not validated, not adjudicated, not entered in the dataset"
SEW-02024,Figure 6,Figure 6!H6,MCP1,1,,,2,,,,Figure 6 / MCP1,human platelets / PRP / whole blood (per source methods),"STAGED RAW VALUE — not validated, not adjudicated, not entered in the dataset"
SEW-02025,Figure 6,Figure 6!I6,MCP1,1,,,2.2,,,,Figure 6 / MCP1,human platelets / PRP / whole blood (per source methods),"STAGED RAW VALUE — not validated, not adjudicated, not entered in the dataset"
SEW-02026,Figure 6,Figure 6!J6,MCP1,1,,,2.8,,,,Figure 6 / MCP1,human platelets / PRP / whole blood (per source methods),"STAGED RAW VALUE — not validated, not adjudicated, not entered in the dataset"
SEW-02027,Figure 6,Figure 6!K6,MCP1,1,,,2.8,,,,Figure 6 / MCP1,human platelets / PRP / whole blood (per source methods),"STAGED RAW VALUE — not validated, not adjudicated, not entered in the dataset"
SEW-02028,Figure 6,Figure 6!L6,MCP1,1,,,1.9,,,,Figure 6 / MCP1,human platelets / PRP / whole blood (per source methods),"STAGED RAW VALUE — not validated, not adjudicated, not entered in the dataset"
SEW-02029,Figure 6,Figure 6!M6,MCP1,1,,,3,,,,Figure 6 / MCP1,human platelets / PRP / whole blood (per source methods),"STAGED RAW VALUE — not validated, not adjudicated, not entered in the dataset"
SEW-02030,Figure 6,Figure 6!N6,MCP1,1,,,0.8,,,,Figure 6 / MCP1,human platelets / PRP / whole blood (per source methods),"STAGED RAW VALUE — not validated, not adjudicated, not entered in the dataset"
SEW-02031,Figure 6,Figure 6!O6,MCP1,1,,,0.7,,,,Figure 6 / MCP1,human platelets / PRP / whole blood (per source methods),"STAGED RAW VALUE — not validated, not adjudicated, not entered in the dataset"
SEW-02032,Figure 6,Figure 6!P6,MCP1,1,,,0.9,,,,Figure 6 / MCP1,human platelets / PRP / whole blood (per source methods),"STAGED RAW VALUE — not validated, not adjudicated, not entered in the dataset"
SEW-02033,Figure 6,Figure 6!B7,MCP1,,,,20.8,,,,Figure 6 / MCP1,human platelets / PRP / whole blood (per source methods),"STAGED RAW VALUE — not validated, not adjudicated, not entered in the dataset"
SEW-02034,Figure 6,Figure 6!C7,MCP1,,,,21.6,,,,Figure 6 / MCP1,human platelets / PRP / whole blood (per source methods),"STAGED RAW VALUE — not validated, not adjudicated, not entered in the dataset"
SEW-02035,Figure 6,Figure 6!D7,MCP1,,,,1.2,,,,Figure 6 / MCP1,human platelets / PRP / whole blood (per source methods),"STAGED RAW VALUE — not validated, not adjudicated, not entered in the dataset"
SEW-02036,Figure 6,Figure 6!E7,MCP1,,,,67.7,,,,Figure 6 / MCP1,human platelets / PRP / whole blood (per source methods),"STAGED RAW VALUE — not validated, not adjudicated, not entered in the dataset"
SEW-02037,Figure 6,Figure 6!F7,MCP1,,,,2.6,,,,Figure 6 / MCP1,human platelets / PRP / whole blood (per source methods),"STAGED RAW VALUE — not validated, not adjudicated, not entered in the dataset"
SEW-02038,Figure 6,Figure 6!G7,MCP1,,,,3.3,,,,Figure 6 / MCP1,human platelets / PRP / whole blood (per source methods),"STAGED RAW VALUE — not validated, not adjudicated, not entered in the dataset"
SEW-02039,Figure 6,Figure 6!H7,MCP1,,,,2.7,,,,Figure 6 / MCP1,human platelets / PRP / whole blood (per source methods),"STAGED RAW VALUE — not validated, not adjudicated, not entered in the dataset"
SEW-02040,Figure 6,Figure 6!I7,MCP1,,,,3.1,,,,Figure 6 / MCP1,human platelets / PRP / whole blood (per source methods),"STAGED RAW VALUE — not validated, not adjudicated, not entered in the dataset"
SEW-02041,Figure 6,Figure 6!J7,MCP1,,,,3.7,,,,Figure 6 / MCP1,human platelets / PRP / whole blood (per source methods),"STAGED RAW VALUE — not validated, not adjudicated, not entered in the dataset"
SEW-02042,Figure 6,Figure 6!K7,MCP1,,,,4.8,,,,Figure 6 / MCP1,human platelets / PRP / whole blood (per source methods),"STAGED RAW VALUE — not validated, not adjudicated, not entered in the dataset"
SEW-02043,Figure 6,Figure 6!L7,MCP1,,,,3.7,,,,Figure 6 / MCP1,human platelets / PRP / whole blood (per source methods),"STAGED RAW VALUE — not validated, not adjudicated, not entered in the dataset"
SEW-02044,Figure 6,Figure 6!M7,MCP1,,,,4.5,,,,Figure 6 / MCP1,human platelets / PRP / whole blood (per source methods),"STAGED RAW VALUE — not validated, not adjudicated, not entered in the dataset"
SEW-02045,Figure 6,Figure 6!B8,MCP1,,,,50.2,,,,Figure 6 / MCP1,human platelets / PRP / whole blood (per source methods),"STAGED RAW VALUE — not validated, not adjudicated, not entered in the dataset"
SEW-02046,Figure 6,Figure 6!C8,MCP1,,,,118,,,,Figure 6 / MCP1,human platelets / PRP / whole blood (per source methods),"STAGED RAW VALUE — not validated, not adjudicated, not entered in the dataset"
SEW-02047,Figure 6,Figure 6!D8,MCP1,,,,1,,,,Figure 6 / MCP1,human platelets / PRP / whole blood (per source methods),"STAGED RAW VALUE — not validated, not adjudicated, not entered in the dataset"
SEW-02048,Figure 6,Figure 6!E8,MCP1,,,,112.2,,,,Figure 6 / MCP1,human platelets / PRP / whole blood (per source methods),"STAGED RAW VALUE — not validated, not adjudicated, not entered in the dataset"
SEW-02049,Figure 6,Figure 6!F8,MCP1,,,,4.7,,,,Figure 6 / MCP1,human platelets / PRP / whole blood (per source methods),"STAGED RAW VALUE — not validated, not adjudicated, not entered in the dataset"
SEW-02050,Figure 6,Figure 6!G8,MCP1,,,,2.5,,,,Figure 6 / MCP1,human platelets / PRP / whole blood (per source methods),"STAGED RAW VALUE — not validated, not adjudicated, not entered in the dataset"
SEW-02051,Figure 6,Figure 6!H8,MCP1,,,,2.7,,,,Figure 6 / MCP1,human platelets / PRP / whole blood (per source methods),"STAGED RAW VALUE — not validated, not adjudicated, not entered in the dataset"
SEW-02052,Figure 6,Figure 6!I8,MCP1,,,,2.2,,,,Figure 6 / MCP1,human platelets / PRP / whole blood (per source methods),"STAGED RAW VALUE — not validated, not adjudicated, not entered in the dataset"
SEW-02053,Figure 6,Figure 6!J8,MCP1,,,,2.2,,,,Figure 6 / MCP1,human platelets / PRP / whole blood (per source methods),"STAGED RAW VALUE — not validated, not adjudicated, not entered in the dataset"
SEW-02054,Figure 6,Figure 6!K8,MCP1,,,,2.4,,,,Figure 6 / MCP1,human platelets / PRP / whole blood (per source methods),"STAGED RAW VALUE — not validated, not adjudicated, not entered in the dataset"
SEW-02055,Figure 6,Figure 6!L8,MCP1,,,,2,,,,Figure 6 / MCP1,human platelets / PRP / whole blood (per source methods),"STAGED RAW VALUE — not validated, not adjudicated, not entered in the dataset"
SEW-02056,Figure 6,Figure 6!M8,MCP1,,,,4.8,,,,Figure 6 / MCP1,human platelets / PRP / whole blood (per source methods),"STAGED RAW VALUE — not validated, not adjudicated, not entered in the dataset"
SEW-02057,Figure 6,Figure 6!G11,MCP1,- PS,,,10,,,backbone_control_phosphodiester,Figure 6 / MCP1,human platelets / PRP / whole blood (per source methods),"STAGED RAW VALUE — not validated, not adjudicated, not entered in the dataset"
SEW-02058,Figure 6,Figure 6!H11,MCP1,- PS,,,12,,,backbone_control_phosphodiester,Figure 6 / MCP1,human platelets / PRP / whole blood (per source methods),"STAGED RAW VALUE — not validated, not adjudicated, not entered in the dataset"
SEW-02059,Figure 6,Figure 6!I11,MCP1,- PS,,,14,,,backbone_control_phosphodiester,Figure 6 / MCP1,human platelets / PRP / whole blood (per source methods),"STAGED RAW VALUE — not validated, not adjudicated, not entered in the dataset"
SEW-02060,Figure 6,Figure 6!J11,MCP1,- PS,,,16,,,backbone_control_phosphodiester,Figure 6 / MCP1,human platelets / PRP / whole blood (per source methods),"STAGED RAW VALUE — not validated, not adjudicated, not entered in the dataset"
SEW-02061,Figure 6,Figure 6!K11,MCP1,- PS,,,18,,,backbone_control_phosphodiester,Figure 6 / MCP1,human platelets / PRP / whole blood (per source methods),"STAGED RAW VALUE — not validated, not adjudicated, not entered in the dataset"
SEW-02062,Figure 6,Figure 6!L11,MCP1,- PS,,,20,,,backbone_control_phosphodiester,Figure 6 / MCP1,human platelets / PRP / whole blood (per source methods),"STAGED RAW VALUE — not validated, not adjudicated, not entered in the dataset"
SEW-02063,Figure 6,Figure 6!M11,MCP1,- PS,,,22,,,backbone_control_phosphodiester,Figure 6 / MCP1,human platelets / PRP / whole blood (per source methods),"STAGED RAW VALUE — not validated, not adjudicated, not entered in the dataset"
SEW-02064,Figure 6,Figure 6!A12,MCP1,1,,,1,,,,Figure 6 / MCP1,human platelets / PRP / whole blood (per source methods),"STAGED RAW VALUE — not validated, not adjudicated, not entered in the dataset"
SEW-02065,Figure 6,Figure 6!B12,MCP1,1,,,19.7,,,,Figure 6 / MCP1,human platelets / PRP / whole blood (per source methods),"STAGED RAW VALUE — not validated, not adjudicated, not entered in the dataset"
SEW-02066,Figure 6,Figure 6!C12,MCP1,1,,,6,,,,Figure 6 / MCP1,human platelets / PRP / whole blood (per source methods),"STAGED RAW VALUE — not validated, not adjudicated, not entered in the dataset"
SEW-02067,Figure 6,Figure 6!D12,MCP1,1,,,1,,,,Figure 6 / MCP1,human platelets / PRP / whole blood (per source methods),"STAGED RAW VALUE — not validated, not adjudicated, not entered in the dataset"
SEW-02068,Figure 6,Figure 6!E12,MCP1,1,,,47.1,,,,Figure 6 / MCP1,human platelets / PRP / whole blood (per source methods),"STAGED RAW VALUE — not validated, not adjudicated, not entered in the dataset"
SEW-02069,Figure 6,Figure 6!F12,MCP1,1,,,1.1,,,,Figure 6 / MCP1,human platelets / PRP / whole blood (per source methods),"STAGED RAW VALUE — not validated, not adjudicated, not entered in the dataset"
SEW-02070,Figure 6,Figure 6!G12,MCP1,1,,,18.8,,,,Figure 6 / MCP1,human platelets / PRP / whole blood (per source methods),"STAGED RAW VALUE — not validated, not adjudicated, not entered in the dataset"
SEW-02071,Figure 6,Figure 6!H12,MCP1,1,,,21.5,,,,Figure 6 / MCP1,human platelets / PRP / whole blood (per source methods),"STAGED RAW VALUE — not validated, not adjudicated, not entered in the dataset"
SEW-02072,Figure 6,Figure 6!I12,MCP1,1,,,16.2,,,,Figure 6 / MCP1,human platelets / PRP / whole blood (per source methods),"STAGED RAW VALUE — not validated, not adjudicated, not entered in the dataset"
SEW-02073,Figure 6,Figure 6!J12,MCP1,1,,,31.6,,,,Figure 6 / MCP1,human platelets / PRP / whole blood (per source methods),"STAGED RAW VALUE — not validated, not adjudicated, not entered in the dataset"
SEW-02074,Figure 6,Figure 6!K12,MCP1,1,,,26.6,,,,Figure 6 / MCP1,human platelets / PRP / whole blood (per source methods),"STAGED RAW VALUE — not validated, not adjudicated, not entered in the dataset"
SEW-02075,Figure 6,Figure 6!L12,MCP1,1,,,10.8,,,,Figure 6 / MCP1,human platelets / PRP / whole blood (per source methods),"STAGED RAW VALUE — not validated, not adjudicated, not entered in the dataset"
SEW-02076,Figure 6,Figure 6!M12,MCP1,1,,,16.8,,,,Figure 6 / MCP1,human platelets / PRP / whole blood (per source methods),"STAGED RAW VALUE — not validated, not adjudicated, not entered in the dataset"
SEW-02077,Figure 6,Figure 6!N12,MCP1,1,,,0.5,,,,Figure 6 / MCP1,human platelets / PRP / whole blood (per source methods),"STAGED RAW VALUE — not validated, not adjudicated, not entered in the dataset"
SEW-02078,Figure 6,Figure 6!O12,MCP1,1,,,0.6,,,,Figure 6 / MCP1,human platelets / PRP / whole blood (per source methods),"STAGED RAW VALUE — not validated, not adjudicated, not entered in the dataset"
SEW-02079,Figure 6,Figure 6!P12,MCP1,1,,,0.9,,,,Figure 6 / MCP1,human platelets / PRP / whole blood (per source methods),"STAGED RAW VALUE — not validated, not adjudicated, not entered in the dataset"
SEW-02080,Figure 6,Figure 6!A13,MCP1,1,,,1,,,,Figure 6 / MCP1,human platelets / PRP / whole blood (per source methods),"STAGED RAW VALUE — not validated, not adjudicated, not entered in the dataset"
SEW-02081,Figure 6,Figure 6!B13,MCP1,1,,,3.7,,,,Figure 6 / MCP1,human platelets / PRP / whole blood (per source methods),"STAGED RAW VALUE — not validated, not adjudicated, not entered in the dataset"
SEW-02082,Figure 6,Figure 6!C13,MCP1,1,,,1.1,,,,Figure 6 / MCP1,human platelets / PRP / whole blood (per source methods),"STAGED RAW VALUE — not validated, not adjudicated, not entered in the dataset"
SEW-02083,Figure 6,Figure 6!D13,MCP1,1,,,0.9,,,,Figure 6 / MCP1,human platelets / PRP / whole blood (per source methods),"STAGED RAW VALUE — not validated, not adjudicated, not entered in the dataset"
SEW-02084,Figure 6,Figure 6!E13,MCP1,1,,,6.5,,,,Figure 6 / MCP1,human platelets / PRP / whole blood (per source methods),"STAGED RAW VALUE — not validated, not adjudicated, not entered in the dataset"
SEW-02085,Figure 6,Figure 6!F13,MCP1,1,,,1.2,,,,Figure 6 / MCP1,human platelets / PRP / whole blood (per source methods),"STAGED RAW VALUE — not validated, not adjudicated, not entered in the dataset"
SEW-02086,Figure 6,Figure 6!G13,MCP1,1,,,4.3,,,,Figure 6 / MCP1,human platelets / PRP / whole blood (per source methods),"STAGED RAW VALUE — not validated, not adjudicated, not entered in the dataset"
SEW-02087,Figure 6,Figure 6!H13,MCP1,1,,,4.9,,,,Figure 6 / MCP1,human platelets / PRP / whole blood (per source methods),"STAGED RAW VALUE — not validated, not adjudicated, not entered in the dataset"
SEW-02088,Figure 6,Figure 6!I13,MCP1,1,,,6.1,,,,Figure 6 / MCP1,human platelets / PRP / whole blood (per source methods),"STAGED RAW VALUE — not validated, not adjudicated, not entered in the dataset"
SEW-02089,Figure 6,Figure 6!J13,MCP1,1,,,9.6,,,,Figure 6 / MCP1,human platelets / PRP / whole blood (per source methods),"STAGED RAW VALUE — not validated, not adjudicated, not entered in the dataset"
SEW-02090,Figure 6,Figure 6!K13,MCP1,1,,,9.2,,,,Figure 6 / MCP1,human platelets / PRP / whole blood (per source methods),"STAGED RAW VALUE — not validated, not adjudicated, not entered in the dataset"
SEW-02091,Figure 6,Figure 6!L13,MCP1,1,,,7.8,,,,Figure 6 / MCP1,human platelets / PRP / whole blood (per source methods),"STAGED RAW VALUE — not validated, not adjudicated, not entered in the dataset"
SEW-02092,Figure 6,Figure 6!M13,MCP1,1,,,7.6,,,,Figure 6 / MCP1,human platelets / PRP / whole blood (per source methods),"STAGED RAW VALUE — not validated, not adjudicated, not entered in the dataset"
SEW-02093,Figure 6,Figure 6!N13,MCP1,1,,,0.8,,,,Figure 6 / MCP1,human platelets / PRP / whole blood (per source methods),"STAGED RAW VALUE — not validated, not adjudicated, not entered in the dataset"
SEW-02094,Figure 6,Figure 6!O13,MCP1,1,,,1,,,,Figure 6 / MCP1,human platelets / PRP / whole blood (per source methods),"STAGED RAW VALUE — not validated, not adjudicated, not entered in the dataset"
SEW-02095,Figure 6,Figure 6!P13,MCP1,1,,,1.4,,,,Figure 6 / MCP1,human platelets / PRP / whole blood (per source methods),"STAGED RAW VALUE — not validated, not adjudicated, not entered in the dataset"
SEW-02096,Figure 6,Figure 6!A14,MCP1,1,,,1,,,,Figure 6 / MCP1,human platelets / PRP / whole blood (per source methods),"STAGED RAW VALUE — not validated, not adjudicated, not entered in the dataset"
SEW-02097,Figure 6,Figure 6!B14,MCP1,1,,,2.7,,,,Figure 6 / MCP1,human platelets / PRP / whole blood (per source methods),"STAGED RAW VALUE — not validated, not adjudicated, not entered in the dataset"
SEW-02098,Figure 6,Figure 6!C14,MCP1,1,,,3.9,,,,Figure 6 / MCP1,human platelets / PRP / whole blood (per source methods),"STAGED RAW VALUE — not validated, not adjudicated, not entered in the dataset"
SEW-02099,Figure 6,Figure 6!D14,MCP1,1,,,1,,,,Figure 6 / MCP1,human platelets / PRP / whole blood (per source methods),"STAGED RAW VALUE — not validated, not adjudicated, not entered in the dataset"
SEW-02100,Figure 6,Figure 6!E14,MCP1,1,,,22.2,,,,Figure 6 / MCP1,human platelets / PRP / whole blood (per source methods),"STAGED RAW VALUE — not validated, not adjudicated, not entered in the dataset"
SEW-02101,Figure 6,Figure 6!F14,MCP1,1,,,0.5,,,,Figure 6 / MCP1,human platelets / PRP / whole blood (per source methods),"STAGED RAW VALUE — not validated, not adjudicated, not entered in the dataset"
SEW-02102,Figure 6,Figure 6!G14,MCP1,1,,,4.4,,,,Figure 6 / MCP1,human platelets / PRP / whole blood (per source methods),"STAGED RAW VALUE — not validated, not adjudicated, not entered in the dataset"
SEW-02103,Figure 6,Figure 6!H14,MCP1,1,,,6.2,,,,Figure 6 / MCP1,human platelets / PRP / whole blood (per source methods),"STAGED RAW VALUE — not validated, not adjudicated, not entered in the dataset"
SEW-02104,Figure 6,Figure 6!I14,MCP1,1,,,5.2,,,,Figure 6 / MCP1,human platelets / PRP / whole blood (per source methods),"STAGED RAW VALUE — not validated, not adjudicated, not entered in the dataset"
SEW-02105,Figure 6,Figure 6!J14,MCP1,1,,,8.6,,,,Figure 6 / MCP1,human platelets / PRP / whole blood (per source methods),"STAGED RAW VALUE — not validated, not adjudicated, not entered in the dataset"
SEW-02106,Figure 6,Figure 6!K14,MCP1,1,,,5.9,,,,Figure 6 / MCP1,human platelets / PRP / whole blood (per source methods),"STAGED RAW VALUE — not validated, not adjudicated, not entered in the dataset"
SEW-02107,Figure 6,Figure 6!L14,MCP1,1,,,2.4,,,,Figure 6 / MCP1,human platelets / PRP / whole blood (per source methods),"STAGED RAW VALUE — not validated, not adjudicated, not entered in the dataset"
SEW-02108,Figure 6,Figure 6!M14,MCP1,1,,,5.6,,,,Figure 6 / MCP1,human platelets / PRP / whole blood (per source methods),"STAGED RAW VALUE — not validated, not adjudicated, not entered in the dataset"
SEW-02109,Figure 6,Figure 6!N14,MCP1,1,,,0.9,,,,Figure 6 / MCP1,human platelets / PRP / whole blood (per source methods),"STAGED RAW VALUE — not validated, not adjudicated, not entered in the dataset"
SEW-02110,Figure 6,Figure 6!O14,MCP1,1,,,0.9,,,,Figure 6 / MCP1,human platelets / PRP / whole blood (per source methods),"STAGED RAW VALUE — not validated, not adjudicated, not entered in the dataset"
SEW-02111,Figure 6,Figure 6!P14,MCP1,1,,,1,,,,Figure 6 / MCP1,human platelets / PRP / whole blood (per source methods),"STAGED RAW VALUE — not validated, not adjudicated, not entered in the dataset"
SEW-02112,Figure 6,Figure 6!B15,MCP1,,,,4.1,,,,Figure 6 / MCP1,human platelets / PRP / whole blood (per source methods),"STAGED RAW VALUE — not validated, not adjudicated, not entered in the dataset"
SEW-02113,Figure 6,Figure 6!C15,MCP1,,,,3.6,,,,Figure 6 / MCP1,human platelets / PRP / whole blood (per source methods),"STAGED RAW VALUE — not validated, not adjudicated, not entered in the dataset"
SEW-02114,Figure 6,Figure 6!D15,MCP1,,,,1,,,,Figure 6 / MCP1,human platelets / PRP / whole blood (per source methods),"STAGED RAW VALUE — not validated, not adjudicated, not entered in the dataset"
SEW-02115,Figure 6,Figure 6!E15,MCP1,,,,18.5,,,,Figure 6 / MCP1,human platelets / PRP / whole blood (per source methods),"STAGED RAW VALUE — not validated, not adjudicated, not entered in the dataset"
SEW-02116,Figure 6,Figure 6!F15,MCP1,,,,0.6,,,,Figure 6 / MCP1,human platelets / PRP / whole blood (per source methods),"STAGED RAW VALUE — not validated, not adjudicated, not entered in the dataset"
SEW-02117,Figure 6,Figure 6!G15,MCP1,,,,2.6,,,,Figure 6 / MCP1,human platelets / PRP / whole blood (per source methods),"STAGED RAW VALUE — not validated, not adjudicated, not entered in the dataset"
SEW-02118,Figure 6,Figure 6!H15,MCP1,,,,3.6,,,,Figure 6 / MCP1,human platelets / PRP / whole blood (per source methods),"STAGED RAW VALUE — not validated, not adjudicated, not entered in the dataset"
SEW-02119,Figure 6,Figure 6!I15,MCP1,,,,2.9,,,,Figure 6 / MCP1,human platelets / PRP / whole blood (per source methods),"STAGED RAW VALUE — not validated, not adjudicated, not entered in the dataset"
SEW-02120,Figure 6,Figure 6!J15,MCP1,,,,3.3,,,,Figure 6 / MCP1,human platelets / PRP / whole blood (per source methods),"STAGED RAW VALUE — not validated, not adjudicated, not entered in the dataset"
SEW-02121,Figure 6,Figure 6!K15,MCP1,,,,3.8,,,,Figure 6 / MCP1,human platelets / PRP / whole blood (per source methods),"STAGED RAW VALUE — not validated, not adjudicated, not entered in the dataset"
SEW-02122,Figure 6,Figure 6!L15,MCP1,,,,3.1,,,,Figure 6 / MCP1,human platelets / PRP / whole blood (per source methods),"STAGED RAW VALUE — not validated, not adjudicated, not entered in the dataset"
SEW-02123,Figure 6,Figure 6!M15,MCP1,,,,4.6,,,,Figure 6 / MCP1,human platelets / PRP / whole blood (per source methods),"STAGED RAW VALUE — not validated, not adjudicated, not entered in the dataset"
SEW-02124,Figure 6,Figure 6!B16,MCP1,,,,7.5,,,,Figure 6 / MCP1,human platelets / PRP / whole blood (per source methods),"STAGED RAW VALUE — not validated, not adjudicated, not entered in the dataset"
SEW-02125,Figure 6,Figure 6!C16,MCP1,,,,26.5,,,,Figure 6 / MCP1,human platelets / PRP / whole blood (per source methods),"STAGED RAW VALUE — not validated, not adjudicated, not entered in the dataset"
SEW-02126,Figure 6,Figure 6!D16,MCP1,,,,0.9,,,,Figure 6 / MCP1,human platelets / PRP / whole blood (per source methods),"STAGED RAW VALUE — not validated, not adjudicated, not entered in the dataset"
SEW-02127,Figure 6,Figure 6!E16,MCP1,,,,30.7,,,,Figure 6 / MCP1,human platelets / PRP / whole blood (per source methods),"STAGED RAW VALUE — not validated, not adjudicated, not entered in the dataset"
SEW-02128,Figure 6,Figure 6!F16,MCP1,,,,0.5,,,,Figure 6 / MCP1,human platelets / PRP / whole blood (per source methods),"STAGED RAW VALUE — not validated, not adjudicated, not entered in the dataset"
SEW-02129,Figure 6,Figure 6!G16,MCP1,,,,12.7,,,,Figure 6 / MCP1,human platelets / PRP / whole blood (per source methods),"STAGED RAW VALUE — not validated, not adjudicated, not entered in the dataset"
SEW-02130,Figure 6,Figure 6!H16,MCP1,,,,14.5,,,,Figure 6 / MCP1,human platelets / PRP / whole blood (per source methods),"STAGED RAW VALUE — not validated, not adjudicated, not entered in the dataset"
SEW-02131,Figure 6,Figure 6!I16,MCP1,,,,12.7,,,,Figure 6 / MCP1,human platelets / PRP / whole blood (per source methods),"STAGED RAW VALUE — not validated, not adjudicated, not entered in the dataset"
SEW-02132,Figure 6,Figure 6!J16,MCP1,,,,13.2,,,,Figure 6 / MCP1,human platelets / PRP / whole blood (per source methods),"STAGED RAW VALUE — not validated, not adjudicated, not entered in the dataset"
SEW-02133,Figure 6,Figure 6!K16,MCP1,,,,15.8,,,,Figure 6 / MCP1,human platelets / PRP / whole blood (per source methods),"STAGED RAW VALUE — not validated, not adjudicated, not entered in the dataset"
SEW-02134,Figure 6,Figure 6!L16,MCP1,,,,12.3,,,,Figure 6 / MCP1,human platelets / PRP / whole blood (per source methods),"STAGED RAW VALUE — not validated, not adjudicated, not entered in the dataset"
SEW-02135,Figure 6,Figure 6!M16,MCP1,,,,25.4,,,,Figure 6 / MCP1,human platelets / PRP / whole blood (per source methods),"STAGED RAW VALUE — not validated, not adjudicated, not entered in the dataset"
SEW-02136,Figure 6,Figure 6!G19,MCP1,- PS,,,10,,,backbone_control_phosphodiester,Figure 6 / MCP1,human platelets / PRP / whole blood (per source methods),"STAGED RAW VALUE — not validated, not adjudicated, not entered in the dataset"
SEW-02137,Figure 6,Figure 6!H19,MCP1,- PS,,,12,,,backbone_control_phosphodiester,Figure 6 / MCP1,human platelets / PRP / whole blood (per source methods),"STAGED RAW VALUE — not validated, not adjudicated, not entered in the dataset"
SEW-02138,Figure 6,Figure 6!I19,MCP1,- PS,,,14,,,backbone_control_phosphodiester,Figure 6 / MCP1,human platelets / PRP / whole blood (per source methods),"STAGED RAW VALUE — not validated, not adjudicated, not entered in the dataset"
SEW-02139,Figure 6,Figure 6!J19,MCP1,- PS,,,16,,,backbone_control_phosphodiester,Figure 6 / MCP1,human platelets / PRP / whole blood (per source methods),"STAGED RAW VALUE — not validated, not adjudicated, not entered in the dataset"
SEW-02140,Figure 6,Figure 6!K19,MCP1,- PS,,,18,,,backbone_control_phosphodiester,Figure 6 / MCP1,human platelets / PRP / whole blood (per source methods),"STAGED RAW VALUE — not validated, not adjudicated, not entered in the dataset"
SEW-02141,Figure 6,Figure 6!L19,MCP1,- PS,,,20,,,backbone_control_phosphodiester,Figure 6 / MCP1,human platelets / PRP / whole blood (per source methods),"STAGED RAW VALUE — not validated, not adjudicated, not entered in the dataset"
SEW-02142,Figure 6,Figure 6!M19,MCP1,- PS,,,22,,,backbone_control_phosphodiester,Figure 6 / MCP1,human platelets / PRP / whole blood (per source methods),"STAGED RAW VALUE — not validated, not adjudicated, not entered in the dataset"
SEW-02143,Figure 6,Figure 6!A20,MCP1,1,,,1,,,,Figure 6 / MCP1,human platelets / PRP / whole blood (per source methods),"STAGED RAW VALUE — not validated, not adjudicated, not entered in the dataset"
SEW-02144,Figure 6,Figure 6!B20,MCP1,1,,,18.7,,,,Figure 6 / MCP1,human platelets / PRP / whole blood (per source methods),"STAGED RAW VALUE — not validated, not adjudicated, not entered in the dataset"
SEW-02145,Figure 6,Figure 6!C20,MCP1,1,,,6.4,,,,Figure 6 / MCP1,human platelets / PRP / whole blood (per source methods),"STAGED RAW VALUE — not validated, not adjudicated, not entered in the dataset"
SEW-02146,Figure 6,Figure 6!D20,MCP1,1,,,0.3,,,,Figure 6 / MCP1,human platelets / PRP / whole blood (per source methods),"STAGED RAW VALUE — not validated, not adjudicated, not entered in the dataset"
SEW-02147,Figure 6,Figure 6!E20,MCP1,1,,,17.1,,,,Figure 6 / MCP1,human platelets / PRP / whole blood (per source methods),"STAGED RAW VALUE — not validated, not adjudicated, not entered in the dataset"
SEW-02148,Figure 6,Figure 6!F20,MCP1,1,,,0.6,,,,Figure 6 / MCP1,human platelets / PRP / whole blood (per source methods),"STAGED RAW VALUE — not validated, not adjudicated, not entered in the dataset"
SEW-02149,Figure 6,Figure 6!G20,MCP1,1,,,1.3,,,,Figure 6 / MCP1,human platelets / PRP / whole blood (per source methods),"STAGED RAW VALUE — not validated, not adjudicated, not entered in the dataset"
SEW-02150,Figure 6,Figure 6!H20,MCP1,1,,,1.6,,,,Figure 6 / MCP1,human platelets / PRP / whole blood (per source methods),"STAGED RAW VALUE — not validated, not adjudicated, not entered in the dataset"
SEW-02151,Figure 6,Figure 6!I20,MCP1,1,,,1.3,,,,Figure 6 / MCP1,human platelets / PRP / whole blood (per source methods),"STAGED RAW VALUE — not validated, not adjudicated, not entered in the dataset"
SEW-02152,Figure 6,Figure 6!J20,MCP1,1,,,1.3,,,,Figure 6 / MCP1,human platelets / PRP / whole blood (per source methods),"STAGED RAW VALUE — not validated, not adjudicated, not entered in the dataset"
SEW-02153,Figure 6,Figure 6!K20,MCP1,1,,,1.6,,,,Figure 6 / MCP1,human platelets / PRP / whole blood (per source methods),"STAGED RAW VALUE — not validated, not adjudicated, not entered in the dataset"
SEW-02154,Figure 6,Figure 6!L20,MCP1,1,,,0.8,,,,Figure 6 / MCP1,human platelets / PRP / whole blood (per source methods),"STAGED RAW VALUE — not validated, not adjudicated, not entered in the dataset"
SEW-02155,Figure 6,Figure 6!M20,MCP1,1,,,0.7,,,,Figure 6 / MCP1,human platelets / PRP / whole blood (per source methods),"STAGED RAW VALUE — not validated, not adjudicated, not entered in the dataset"
SEW-02156,Figure 6,Figure 6!N20,MCP1,1,,,1.5,,,,Figure 6 / MCP1,human platelets / PRP / whole blood (per source methods),"STAGED RAW VALUE — not validated, not adjudicated, not entered in the dataset"
SEW-02157,Figure 6,Figure 6!O20,MCP1,1,,,1.2,,,,Figure 6 / MCP1,human platelets / PRP / whole blood (per source methods),"STAGED RAW VALUE — not validated, not adjudicated, not entered in the dataset"
SEW-02158,Figure 6,Figure 6!P20,MCP1,1,,,1.3,,,,Figure 6 / MCP1,human platelets / PRP / whole blood (per source methods),"STAGED RAW VALUE — not validated, not adjudicated, not entered in the dataset"
SEW-02159,Figure 6,Figure 6!A21,MCP1,1,,,1,,,,Figure 6 / MCP1,human platelets / PRP / whole blood (per source methods),"STAGED RAW VALUE — not validated, not adjudicated, not entered in the dataset"
SEW-02160,Figure 6,Figure 6!B21,MCP1,1,,,10.2,,,,Figure 6 / MCP1,human platelets / PRP / whole blood (per source methods),"STAGED RAW VALUE — not validated, not adjudicated, not entered in the dataset"
SEW-02161,Figure 6,Figure 6!C21,MCP1,1,,,9.2,,,,Figure 6 / MCP1,human platelets / PRP / whole blood (per source methods),"STAGED RAW VALUE — not validated, not adjudicated, not entered in the dataset"
SEW-02162,Figure 6,Figure 6!D21,MCP1,1,,,0.2,,,,Figure 6 / MCP1,human platelets / PRP / whole blood (per source methods),"STAGED RAW VALUE — not validated, not adjudicated, not entered in the dataset"
SEW-02163,Figure 6,Figure 6!E21,MCP1,1,,,9.9,,,,Figure 6 / MCP1,human platelets / PRP / whole blood (per source methods),"STAGED RAW VALUE — not validated, not adjudicated, not entered in the dataset"
SEW-02164,Figure 6,Figure 6!F21,MCP1,1,,,0.5,,,,Figure 6 / MCP1,human platelets / PRP / whole blood (per source methods),"STAGED RAW VALUE — not validated, not adjudicated, not entered in the dataset"
SEW-02165,Figure 6,Figure 6!G21,MCP1,1,,,0.8,,,,Figure 6 / MCP1,human platelets / PRP / whole blood (per source methods),"STAGED RAW VALUE — not validated, not adjudicated, not entered in the dataset"
SEW-02166,Figure 6,Figure 6!H21,MCP1,1,,,1.2,,,,Figure 6 / MCP1,human platelets / PRP / whole blood (per source methods),"STAGED RAW VALUE — not validated, not adjudicated, not entered in the dataset"
SEW-02167,Figure 6,Figure 6!I21,MCP1,1,,,1.7,,,,Figure 6 / MCP1,human platelets / PRP / whole blood (per source methods),"STAGED RAW VALUE — not validated, not adjudicated, not entered in the dataset"
SEW-02168,Figure 6,Figure 6!J21,MCP1,1,,,2.6,,,,Figure 6 / MCP1,human platelets / PRP / whole blood (per source methods),"STAGED RAW VALUE — not validated, not adjudicated, not entered in the dataset"
SEW-02169,Figure 6,Figure 6!K21,MCP1,1,,,2.7,,,,Figure 6 / MCP1,human platelets / PRP / whole blood (per source methods),"STAGED RAW VALUE — not validated, not adjudicated, not entered in the dataset"
SEW-02170,Figure 6,Figure 6!L21,MCP1,1,,,2.1,,,,Figure 6 / MCP1,human platelets / PRP / whole blood (per source methods),"STAGED RAW VALUE — not validated, not adjudicated, not entered in the dataset"
SEW-02171,Figure 6,Figure 6!M21,MCP1,1,,,2.1,,,,Figure 6 / MCP1,human platelets / PRP / whole blood (per source methods),"STAGED RAW VALUE — not validated, not adjudicated, not entered in the dataset"
SEW-02172,Figure 6,Figure 6!N21,MCP1,1,,,0.8,,,,Figure 6 / MCP1,human platelets / PRP / whole blood (per source methods),"STAGED RAW VALUE — not validated, not adjudicated, not entered in the dataset"
SEW-02173,Figure 6,Figure 6!O21,MCP1,1,,,0.7,,,,Figure 6 / MCP1,human platelets / PRP / whole blood (per source methods),"STAGED RAW VALUE — not validated, not adjudicated, not entered in the dataset"
SEW-02174,Figure 6,Figure 6!P21,MCP1,1,,,0.7,,,,Figure 6 / MCP1,human platelets / PRP / whole blood (per source methods),"STAGED RAW VALUE — not validated, not adjudicated, not entered in the dataset"
SEW-02175,Figure 6,Figure 6!A22,MCP1,1,,,1,,,,Figure 6 / MCP1,human platelets / PRP / whole blood (per source methods),"STAGED RAW VALUE — not validated, not adjudicated, not entered in the dataset"
SEW-02176,Figure 6,Figure 6!B22,MCP1,1,,,18.4,,,,Figure 6 / MCP1,human platelets / PRP / whole blood (per source methods),"STAGED RAW VALUE — not validated, not adjudicated, not entered in the dataset"
SEW-02177,Figure 6,Figure 6!C22,MCP1,1,,,6.5,,,,Figure 6 / MCP1,human platelets / PRP / whole blood (per source methods),"STAGED RAW VALUE — not validated, not adjudicated, not entered in the dataset"
SEW-02178,Figure 6,Figure 6!D22,MCP1,1,,,0.3,,,,Figure 6 / MCP1,human platelets / PRP / whole blood (per source methods),"STAGED RAW VALUE — not validated, not adjudicated, not entered in the dataset"
SEW-02179,Figure 6,Figure 6!E22,MCP1,1,,,10.3,,,,Figure 6 / MCP1,human platelets / PRP / whole blood (per source methods),"STAGED RAW VALUE — not validated, not adjudicated, not entered in the dataset"
SEW-02180,Figure 6,Figure 6!F22,MCP1,1,,,0.6,,,,Figure 6 / MCP1,human platelets / PRP / whole blood (per source methods),"STAGED RAW VALUE — not validated, not adjudicated, not entered in the dataset"
SEW-02181,Figure 6,Figure 6!G22,MCP1,1,,,1.3,,,,Figure 6 / MCP1,human platelets / PRP / whole blood (per source methods),"STAGED RAW VALUE — not validated, not adjudicated, not entered in the dataset"
SEW-02182,Figure 6,Figure 6!H22,MCP1,1,,,1.4,,,,Figure 6 / MCP1,human platelets / PRP / whole blood (per source methods),"STAGED RAW VALUE — not validated, not adjudicated, not entered in the dataset"
SEW-02183,Figure 6,Figure 6!I22,MCP1,1,,,1,,,,Figure 6 / MCP1,human platelets / PRP / whole blood (per source methods),"STAGED RAW VALUE — not validated, not adjudicated, not entered in the dataset"
SEW-02184,Figure 6,Figure 6!J22,MCP1,1,,,1,,,,Figure 6 / MCP1,human platelets / PRP / whole blood (per source methods),"STAGED RAW VALUE — not validated, not adjudicated, not entered in the dataset"
SEW-02185,Figure 6,Figure 6!K22,MCP1,1,,,0.9,,,,Figure 6 / MCP1,human platelets / PRP / whole blood (per source methods),"STAGED RAW VALUE — not validated, not adjudicated, not entered in the dataset"
SEW-02186,Figure 6,Figure 6!L22,MCP1,1,,,0.8,,,,Figure 6 / MCP1,human platelets / PRP / whole blood (per source methods),"STAGED RAW VALUE — not validated, not adjudicated, not entered in the dataset"
SEW-02187,Figure 6,Figure 6!M22,MCP1,1,,,1.4,,,,Figure 6 / MCP1,human platelets / PRP / whole blood (per source methods),"STAGED RAW VALUE — not validated, not adjudicated, not entered in the dataset"
SEW-02188,Figure 6,Figure 6!N22,MCP1,1,,,0.7,,,,Figure 6 / MCP1,human platelets / PRP / whole blood (per source methods),"STAGED RAW VALUE — not validated, not adjudicated, not entered in the dataset"
SEW-02189,Figure 6,Figure 6!O22,MCP1,1,,,0.6,,,,Figure 6 / MCP1,human platelets / PRP / whole blood (per source methods),"STAGED RAW VALUE — not validated, not adjudicated, not entered in the dataset"
SEW-02190,Figure 6,Figure 6!P22,MCP1,1,,,0.6,,,,Figure 6 / MCP1,human platelets / PRP / whole blood (per source methods),"STAGED RAW VALUE — not validated, not adjudicated, not entered in the dataset"
SEW-02191,Figure 6,Figure 6!B23,MCP1,,,,21,,,,Figure 6 / MCP1,human platelets / PRP / whole blood (per source methods),"STAGED RAW VALUE — not validated, not adjudicated, not entered in the dataset"
SEW-02192,Figure 6,Figure 6!C23,MCP1,,,,13.3,,,,Figure 6 / MCP1,human platelets / PRP / whole blood (per source methods),"STAGED RAW VALUE — not validated, not adjudicated, not entered in the dataset"
SEW-02193,Figure 6,Figure 6!D23,MCP1,,,,0.2,,,,Figure 6 / MCP1,human platelets / PRP / whole blood (per source methods),"STAGED RAW VALUE — not validated, not adjudicated, not entered in the dataset"
SEW-02194,Figure 6,Figure 6!E23,MCP1,,,,12.8,,,,Figure 6 / MCP1,human platelets / PRP / whole blood (per source methods),"STAGED RAW VALUE — not validated, not adjudicated, not entered in the dataset"
SEW-02195,Figure 6,Figure 6!F23,MCP1,,,,0.5,,,,Figure 6 / MCP1,human platelets / PRP / whole blood (per source methods),"STAGED RAW VALUE — not validated, not adjudicated, not entered in the dataset"
SEW-02196,Figure 6,Figure 6!G23,MCP1,,,,0.9,,,,Figure 6 / MCP1,human platelets / PRP / whole blood (per source methods),"STAGED RAW VALUE — not validated, not adjudicated, not entered in the dataset"
SEW-02197,Figure 6,Figure 6!H23,MCP1,,,,1.5,,,,Figure 6 / MCP1,human platelets / PRP / whole blood (per source methods),"STAGED RAW VALUE — not validated, not adjudicated, not entered in the dataset"
SEW-02198,Figure 6,Figure 6!I23,MCP1,,,,2,,,,Figure 6 / MCP1,human platelets / PRP / whole blood (per source methods),"STAGED RAW VALUE — not validated, not adjudicated, not entered in the dataset"
SEW-02199,Figure 6,Figure 6!J23,MCP1,,,,1.4,,,,Figure 6 / MCP1,human platelets / PRP / whole blood (per source methods),"STAGED RAW VALUE — not validated, not adjudicated, not entered in the dataset"
SEW-02200,Figure 6,Figure 6!K23,MCP1,,,,0.8,,,,Figure 6 / MCP1,human platelets / PRP / whole blood (per source methods),"STAGED RAW VALUE — not validated, not adjudicated, not entered in the dataset"
SEW-02201,Figure 6,Figure 6!L23,MCP1,,,,0.5,,,,Figure 6 / MCP1,human platelets / PRP / whole blood (per source methods),"STAGED RAW VALUE — not validated, not adjudicated, not entered in the dataset"
SEW-02202,Figure 6,Figure 6!M23,MCP1,,,,0.7,,,,Figure 6 / MCP1,human platelets / PRP / whole blood (per source methods),"STAGED RAW VALUE — not validated, not adjudicated, not entered in the dataset"
SEW-02203,Figure 6,Figure 6!B24,MCP1,,,,15,,,,Figure 6 / MCP1,human platelets / PRP / whole blood (per source methods),"STAGED RAW VALUE — not validated, not adjudicated, not entered in the dataset"
SEW-02204,Figure 6,Figure 6!C24,MCP1,,,,11.8,,,,Figure 6 / MCP1,human platelets / PRP / whole blood (per source methods),"STAGED RAW VALUE — not validated, not adjudicated, not entered in the dataset"
SEW-02205,Figure 6,Figure 6!D24,MCP1,,,,0.1,,,,Figure 6 / MCP1,human platelets / PRP / whole blood (per source methods),"STAGED RAW VALUE — not validated, not adjudicated, not entered in the dataset"
SEW-02206,Figure 6,Figure 6!E24,MCP1,,,,8.9,,,,Figure 6 / MCP1,human platelets / PRP / whole blood (per source methods),"STAGED RAW VALUE — not validated, not adjudicated, not entered in the dataset"
SEW-02207,Figure 6,Figure 6!F24,MCP1,,,,1.4,,,,Figure 6 / MCP1,human platelets / PRP / whole blood (per source methods),"STAGED RAW VALUE — not validated, not adjudicated, not entered in the dataset"
SEW-02208,Figure 6,Figure 6!G24,MCP1,,,,0.6,,,,Figure 6 / MCP1,human platelets / PRP / whole blood (per source methods),"STAGED RAW VALUE — not validated, not adjudicated, not entered in the dataset"
SEW-02209,Figure 6,Figure 6!H24,MCP1,,,,0.7,,,,Figure 6 / MCP1,human platelets / PRP / whole blood (per source methods),"STAGED RAW VALUE — not validated, not adjudicated, not entered in the dataset"
SEW-02210,Figure 6,Figure 6!I24,MCP1,,,,1,,,,Figure 6 / MCP1,human platelets / PRP / whole blood (per source methods),"STAGED RAW VALUE — not validated, not adjudicated, not entered in the dataset"
SEW-02211,Figure 6,Figure 6!J24,MCP1,,,,1.1,,,,Figure 6 / MCP1,human platelets / PRP / whole blood (per source methods),"STAGED RAW VALUE — not validated, not adjudicated, not entered in the dataset"
SEW-02212,Figure 6,Figure 6!K24,MCP1,,,,0.8,,,,Figure 6 / MCP1,human platelets / PRP / whole blood (per source methods),"STAGED RAW VALUE — not validated, not adjudicated, not entered in the dataset"
SEW-02213,Figure 6,Figure 6!L24,MCP1,,,,0.5,,,,Figure 6 / MCP1,human platelets / PRP / whole blood (per source methods),"STAGED RAW VALUE — not validated, not adjudicated, not entered in the dataset"
SEW-02214,Figure 6,Figure 6!M24,MCP1,,,,1.3,,,,Figure 6 / MCP1,human platelets / PRP / whole blood (per source methods),"STAGED RAW VALUE — not validated, not adjudicated, not entered in the dataset"
SEW-02215,Figure 6,Figure 6!G27,MCP1,- PS,,,10,,,backbone_control_phosphodiester,Figure 6 / MCP1,human platelets / PRP / whole blood (per source methods),"STAGED RAW VALUE — not validated, not adjudicated, not entered in the dataset"
SEW-02216,Figure 6,Figure 6!H27,MCP1,- PS,,,12,,,backbone_control_phosphodiester,Figure 6 / MCP1,human platelets / PRP / whole blood (per source methods),"STAGED RAW VALUE — not validated, not adjudicated, not entered in the dataset"
SEW-02217,Figure 6,Figure 6!I27,MCP1,- PS,,,14,,,backbone_control_phosphodiester,Figure 6 / MCP1,human platelets / PRP / whole blood (per source methods),"STAGED RAW VALUE — not validated, not adjudicated, not entered in the dataset"
SEW-02218,Figure 6,Figure 6!J27,MCP1,- PS,,,16,,,backbone_control_phosphodiester,Figure 6 / MCP1,human platelets / PRP / whole blood (per source methods),"STAGED RAW VALUE — not validated, not adjudicated, not entered in the dataset"
SEW-02219,Figure 6,Figure 6!K27,MCP1,- PS,,,18,,,backbone_control_phosphodiester,Figure 6 / MCP1,human platelets / PRP / whole blood (per source methods),"STAGED RAW VALUE — not validated, not adjudicated, not entered in the dataset"
SEW-02220,Figure 6,Figure 6!L27,MCP1,- PS,,,20,,,backbone_control_phosphodiester,Figure 6 / MCP1,human platelets / PRP / whole blood (per source methods),"STAGED RAW VALUE — not validated, not adjudicated, not entered in the dataset"
SEW-02221,Figure 6,Figure 6!M27,MCP1,- PS,,,22,,,backbone_control_phosphodiester,Figure 6 / MCP1,human platelets / PRP / whole blood (per source methods),"STAGED RAW VALUE — not validated, not adjudicated, not entered in the dataset"
SEW-02222,Figure 6,Figure 6!A28,MCP1,1,,,1,,,,Figure 6 / MCP1,human platelets / PRP / whole blood (per source methods),"STAGED RAW VALUE — not validated, not adjudicated, not entered in the dataset"
SEW-02223,Figure 6,Figure 6!B28,MCP1,1,,,4.8,,,,Figure 6 / MCP1,human platelets / PRP / whole blood (per source methods),"STAGED RAW VALUE — not validated, not adjudicated, not entered in the dataset"
SEW-02224,Figure 6,Figure 6!C28,MCP1,1,,,4.6,,,,Figure 6 / MCP1,human platelets / PRP / whole blood (per source methods),"STAGED RAW VALUE — not validated, not adjudicated, not entered in the dataset"
SEW-02225,Figure 6,Figure 6!D28,MCP1,1,,,0.3,,,,Figure 6 / MCP1,human platelets / PRP / whole blood (per source methods),"STAGED RAW VALUE — not validated, not adjudicated, not entered in the dataset"
SEW-02226,Figure 6,Figure 6!E28,MCP1,1,,,4.9,,,,Figure 6 / MCP1,human platelets / PRP / whole blood (per source methods),"STAGED RAW VALUE — not validated, not adjudicated, not entered in the dataset"
SEW-02227,Figure 6,Figure 6!F28,MCP1,1,,,0.8,,,,Figure 6 / MCP1,human platelets / PRP / whole blood (per source methods),"STAGED RAW VALUE — not validated, not adjudicated, not entered in the dataset"
SEW-02228,Figure 6,Figure 6!G28,MCP1,1,,,0.9,,,,Figure 6 / MCP1,human platelets / PRP / whole blood (per source methods),"STAGED RAW VALUE — not validated, not adjudicated, not entered in the dataset"
SEW-02229,Figure 6,Figure 6!H28,MCP1,1,,,1.1,,,,Figure 6 / MCP1,human platelets / PRP / whole blood (per source methods),"STAGED RAW VALUE — not validated, not adjudicated, not entered in the dataset"
SEW-02230,Figure 6,Figure 6!I28,MCP1,1,,,0.9,,,,Figure 6 / MCP1,human platelets / PRP / whole blood (per source methods),"STAGED RAW VALUE — not validated, not adjudicated, not entered in the dataset"
SEW-02231,Figure 6,Figure 6!J28,MCP1,1,,,0.7,,,,Figure 6 / MCP1,human platelets / PRP / whole blood (per source methods),"STAGED RAW VALUE — not validated, not adjudicated, not entered in the dataset"
SEW-02232,Figure 6,Figure 6!K28,MCP1,1,,,0.9,,,,Figure 6 / MCP1,human platelets / PRP / whole blood (per source methods),"STAGED RAW VALUE — not validated, not adjudicated, not entered in the dataset"
SEW-02233,Figure 6,Figure 6!L28,MCP1,1,,,0.6,,,,Figure 6 / MCP1,human platelets / PRP / whole blood (per source methods),"STAGED RAW VALUE — not validated, not adjudicated, not entered in the dataset"
SEW-02234,Figure 6,Figure 6!M28,MCP1,1,,,0.6,,,,Figure 6 / MCP1,human platelets / PRP / whole blood (per source methods),"STAGED RAW VALUE — not validated, not adjudicated, not entered in the dataset"
SEW-02235,Figure 6,Figure 6!N28,MCP1,1,,,1,,,,Figure 6 / MCP1,human platelets / PRP / whole blood (per source methods),"STAGED RAW VALUE — not validated, not adjudicated, not entered in the dataset"
SEW-02236,Figure 6,Figure 6!O28,MCP1,1,,,0.9,,,,Figure 6 / MCP1,human platelets / PRP / whole blood (per source methods),"STAGED RAW VALUE — not validated, not adjudicated, not entered in the dataset"
SEW-02237,Figure 6,Figure 6!P28,MCP1,1,,,0.8,,,,Figure 6 / MCP1,human platelets / PRP / whole blood (per source methods),"STAGED RAW VALUE — not validated, not adjudicated, not entered in the dataset"
SEW-02238,Figure 6,Figure 6!A29,MCP1,1,,,1,,,,Figure 6 / MCP1,human platelets / PRP / whole blood (per source methods),"STAGED RAW VALUE — not validated, not adjudicated, not entered in the dataset"
SEW-02239,Figure 6,Figure 6!B29,MCP1,1,,,3.1,,,,Figure 6 / MCP1,human platelets / PRP / whole blood (per source methods),"STAGED RAW VALUE — not validated, not adjudicated, not entered in the dataset"
SEW-02240,Figure 6,Figure 6!C29,MCP1,1,,,3.1,,,,Figure 6 / MCP1,human platelets / PRP / whole blood (per source methods),"STAGED RAW VALUE — not validated, not adjudicated, not entered in the dataset"
SEW-02241,Figure 6,Figure 6!D29,MCP1,1,,,0.4,,,,Figure 6 / MCP1,human platelets / PRP / whole blood (per source methods),"STAGED RAW VALUE — not validated, not adjudicated, not entered in the dataset"
SEW-02242,Figure 6,Figure 6!E29,MCP1,1,,,3.1,,,,Figure 6 / MCP1,human platelets / PRP / whole blood (per source methods),"STAGED RAW VALUE — not validated, not adjudicated, not entered in the dataset"
SEW-02243,Figure 6,Figure 6!F29,MCP1,1,,,0.7,,,,Figure 6 / MCP1,human platelets / PRP / whole blood (per source methods),"STAGED RAW VALUE — not validated, not adjudicated, not entered in the dataset"
SEW-02244,Figure 6,Figure 6!G29,MCP1,1,,,0.7,,,,Figure 6 / MCP1,human platelets / PRP / whole blood (per source methods),"STAGED RAW VALUE — not validated, not adjudicated, not entered in the dataset"
SEW-02245,Figure 6,Figure 6!H29,MCP1,1,,,1,,,,Figure 6 / MCP1,human platelets / PRP / whole blood (per source methods),"STAGED RAW VALUE — not validated, not adjudicated, not entered in the dataset"
SEW-02246,Figure 6,Figure 6!I29,MCP1,1,,,1.3,,,,Figure 6 / MCP1,human platelets / PRP / whole blood (per source methods),"STAGED RAW VALUE — not validated, not adjudicated, not entered in the dataset"
SEW-02247,Figure 6,Figure 6!J29,MCP1,1,,,1.7,,,,Figure 6 / MCP1,human platelets / PRP / whole blood (per source methods),"STAGED RAW VALUE — not validated, not adjudicated, not entered in the dataset"
SEW-02248,Figure 6,Figure 6!K29,MCP1,1,,,1.9,,,,Figure 6 / MCP1,human platelets / PRP / whole blood (per source methods),"STAGED RAW VALUE — not validated, not adjudicated, not entered in the dataset"
SEW-02249,Figure 6,Figure 6!L29,MCP1,1,,,1.6,,,,Figure 6 / MCP1,human platelets / PRP / whole blood (per source methods),"STAGED RAW VALUE — not validated, not adjudicated, not entered in the dataset"
SEW-02250,Figure 6,Figure 6!M29,MCP1,1,,,1.3,,,,Figure 6 / MCP1,human platelets / PRP / whole blood (per source methods),"STAGED RAW VALUE — not validated, not adjudicated, not entered in the dataset"
SEW-02251,Figure 6,Figure 6!N29,MCP1,1,,,0.9,,,,Figure 6 / MCP1,human platelets / PRP / whole blood (per source methods),"STAGED RAW VALUE — not validated, not adjudicated, not entered in the dataset"
SEW-02252,Figure 6,Figure 6!O29,MCP1,1,,,0.8,,,,Figure 6 / MCP1,human platelets / PRP / whole blood (per source methods),"STAGED RAW VALUE — not validated, not adjudicated, not entered in the dataset"
SEW-02253,Figure 6,Figure 6!P29,MCP1,1,,,0.7,,,,Figure 6 / MCP1,human platelets / PRP / whole blood (per source methods),"STAGED RAW VALUE — not validated, not adjudicated, not entered in the dataset"
SEW-02254,Figure 6,Figure 6!A30,MCP1,1,,,1,,,,Figure 6 / MCP1,human platelets / PRP / whole blood (per source methods),"STAGED RAW VALUE — not validated, not adjudicated, not entered in the dataset"
SEW-02255,Figure 6,Figure 6!B30,MCP1,1,,,7.6,,,,Figure 6 / MCP1,human platelets / PRP / whole blood (per source methods),"STAGED RAW VALUE — not validated, not adjudicated, not entered in the dataset"
SEW-02256,Figure 6,Figure 6!C30,MCP1,1,,,6.9,,,,Figure 6 / MCP1,human platelets / PRP / whole blood (per source methods),"STAGED RAW VALUE — not validated, not adjudicated, not entered in the dataset"
SEW-02257,Figure 6,Figure 6!D30,MCP1,1,,,0.5,,,,Figure 6 / MCP1,human platelets / PRP / whole blood (per source methods),"STAGED RAW VALUE — not validated, not adjudicated, not entered in the dataset"
SEW-02258,Figure 6,Figure 6!E30,MCP1,1,,,6.8,,,,Figure 6 / MCP1,human platelets / PRP / whole blood (per source methods),"STAGED RAW VALUE — not validated, not adjudicated, not entered in the dataset"
SEW-02259,Figure 6,Figure 6!F30,MCP1,1,,,0.9,,,,Figure 6 / MCP1,human platelets / PRP / whole blood (per source methods),"STAGED RAW VALUE — not validated, not adjudicated, not entered in the dataset"
SEW-02260,Figure 6,Figure 6!G30,MCP1,1,,,1,,,,Figure 6 / MCP1,human platelets / PRP / whole blood (per source methods),"STAGED RAW VALUE — not validated, not adjudicated, not entered in the dataset"
SEW-02261,Figure 6,Figure 6!H30,MCP1,1,,,1.1,,,,Figure 6 / MCP1,human platelets / PRP / whole blood (per source methods),"STAGED RAW VALUE — not validated, not adjudicated, not entered in the dataset"
SEW-02262,Figure 6,Figure 6!I30,MCP1,1,,,0.9,,,,Figure 6 / MCP1,human platelets / PRP / whole blood (per source methods),"STAGED RAW VALUE — not validated, not adjudicated, not entered in the dataset"
SEW-02263,Figure 6,Figure 6!J30,MCP1,1,,,1,,,,Figure 6 / MCP1,human platelets / PRP / whole blood (per source methods),"STAGED RAW VALUE — not validated, not adjudicated, not entered in the dataset"
SEW-02264,Figure 6,Figure 6!K30,MCP1,1,,,1,,,,Figure 6 / MCP1,human platelets / PRP / whole blood (per source methods),"STAGED RAW VALUE — not validated, not adjudicated, not entered in the dataset"
SEW-02265,Figure 6,Figure 6!L30,MCP1,1,,,1,,,,Figure 6 / MCP1,human platelets / PRP / whole blood (per source methods),"STAGED RAW VALUE — not validated, not adjudicated, not entered in the dataset"
SEW-02266,Figure 6,Figure 6!M30,MCP1,1,,,1.1,,,,Figure 6 / MCP1,human platelets / PRP / whole blood (per source methods),"STAGED RAW VALUE — not validated, not adjudicated, not entered in the dataset"
SEW-02267,Figure 6,Figure 6!N30,MCP1,1,,,0.8,,,,Figure 6 / MCP1,human platelets / PRP / whole blood (per source methods),"STAGED RAW VALUE — not validated, not adjudicated, not entered in the dataset"
SEW-02268,Figure 6,Figure 6!O30,MCP1,1,,,0.7,,,,Figure 6 / MCP1,human platelets / PRP / whole blood (per source methods),"STAGED RAW VALUE — not validated, not adjudicated, not entered in the dataset"
SEW-02269,Figure 6,Figure 6!P30,MCP1,1,,,0.6,,,,Figure 6 / MCP1,human platelets / PRP / whole blood (per source methods),"STAGED RAW VALUE — not validated, not adjudicated, not entered in the dataset"
SEW-02270,Figure 6,Figure 6!B31,MCP1,,,,5.5,,,,Figure 6 / MCP1,human platelets / PRP / whole blood (per source methods),"STAGED RAW VALUE — not validated, not adjudicated, not entered in the dataset"
SEW-02271,Figure 6,Figure 6!C31,MCP1,,,,5.6,,,,Figure 6 / MCP1,human platelets / PRP / whole blood (per source methods),"STAGED RAW VALUE — not validated, not adjudicated, not entered in the dataset"
SEW-02272,Figure 6,Figure 6!D31,MCP1,,,,0.4,,,,Figure 6 / MCP1,human platelets / PRP / whole blood (per source methods),"STAGED RAW VALUE — not validated, not adjudicated, not entered in the dataset"
SEW-02273,Figure 6,Figure 6!E31,MCP1,,,,4.8,,,,Figure 6 / MCP1,human platelets / PRP / whole blood (per source methods),"STAGED RAW VALUE — not validated, not adjudicated, not entered in the dataset"
SEW-02274,Figure 6,Figure 6!F31,MCP1,,,,0.7,,,,Figure 6 / MCP1,human platelets / PRP / whole blood (per source methods),"STAGED RAW VALUE — not validated, not adjudicated, not entered in the dataset"
SEW-02275,Figure 6,Figure 6!G31,MCP1,,,,0.7,,,,Figure 6 / MCP1,human platelets / PRP / whole blood (per source methods),"STAGED RAW VALUE — not validated, not adjudicated, not entered in the dataset"
SEW-02276,Figure 6,Figure 6!H31,MCP1,,,,0.9,,,,Figure 6 / MCP1,human platelets / PRP / whole blood (per source methods),"STAGED RAW VALUE — not validated, not adjudicated, not entered in the dataset"
SEW-02277,Figure 6,Figure 6!I31,MCP1,,,,1,,,,Figure 6 / MCP1,human platelets / PRP / whole blood (per source methods),"STAGED RAW VALUE — not validated, not adjudicated, not entered in the dataset"
SEW-02278,Figure 6,Figure 6!J31,MCP1,,,,0.8,,,,Figure 6 / MCP1,human platelets / PRP / whole blood (per source methods),"STAGED RAW VALUE — not validated, not adjudicated, not entered in the dataset"
SEW-02279,Figure 6,Figure 6!K31,MCP1,,,,0.7,,,,Figure 6 / MCP1,human platelets / PRP / whole blood (per source methods),"STAGED RAW VALUE — not validated, not adjudicated, not entered in the dataset"
SEW-02280,Figure 6,Figure 6!L31,MCP1,,,,0.7,,,,Figure 6 / MCP1,human platelets / PRP / whole blood (per source methods),"STAGED RAW VALUE — not validated, not adjudicated, not entered in the dataset"
SEW-02281,Figure 6,Figure 6!M31,MCP1,,,,0.8,,,,Figure 6 / MCP1,human platelets / PRP / whole blood (per source methods),"STAGED RAW VALUE — not validated, not adjudicated, not entered in the dataset"
SEW-02282,Figure 6,Figure 6!B32,MCP1,,,,4,,,,Figure 6 / MCP1,human platelets / PRP / whole blood (per source methods),"STAGED RAW VALUE — not validated, not adjudicated, not entered in the dataset"
SEW-02283,Figure 6,Figure 6!C32,MCP1,,,,4,,,,Figure 6 / MCP1,human platelets / PRP / whole blood (per source methods),"STAGED RAW VALUE — not validated, not adjudicated, not entered in the dataset"
SEW-02284,Figure 6,Figure 6!D32,MCP1,,,,0.4,,,,Figure 6 / MCP1,human platelets / PRP / whole blood (per source methods),"STAGED RAW VALUE — not validated, not adjudicated, not entered in the dataset"
SEW-02285,Figure 6,Figure 6!E32,MCP1,,,,3.4,,,,Figure 6 / MCP1,human platelets / PRP / whole blood (per source methods),"STAGED RAW VALUE — not validated, not adjudicated, not entered in the dataset"
SEW-02286,Figure 6,Figure 6!F32,MCP1,,,,0.9,,,,Figure 6 / MCP1,human platelets / PRP / whole blood (per source methods),"STAGED RAW VALUE — not validated, not adjudicated, not entered in the dataset"
SEW-02287,Figure 6,Figure 6!G32,MCP1,,,,0.9,,,,Figure 6 / MCP1,human platelets / PRP / whole blood (per source methods),"STAGED RAW VALUE — not validated, not adjudicated, not entered in the dataset"
SEW-02288,Figure 6,Figure 6!H32,MCP1,,,,0.9,,,,Figure 6 / MCP1,human platelets / PRP / whole blood (per source methods),"STAGED RAW VALUE — not validated, not adjudicated, not entered in the dataset"
SEW-02289,Figure 6,Figure 6!I32,MCP1,,,,0.9,,,,Figure 6 / MCP1,human platelets / PRP / whole blood (per source methods),"STAGED RAW VALUE — not validated, not adjudicated, not entered in the dataset"
SEW-02290,Figure 6,Figure 6!J32,MCP1,,,,1,,,,Figure 6 / MCP1,human platelets / PRP / whole blood (per source methods),"STAGED RAW VALUE — not validated, not adjudicated, not entered in the dataset"
SEW-02291,Figure 6,Figure 6!K32,MCP1,,,,0.9,,,,Figure 6 / MCP1,human platelets / PRP / whole blood (per source methods),"STAGED RAW VALUE — not validated, not adjudicated, not entered in the dataset"
SEW-02292,Figure 6,Figure 6!L32,MCP1,,,,0.8,,,,Figure 6 / MCP1,human platelets / PRP / whole blood (per source methods),"STAGED RAW VALUE — not validated, not adjudicated, not entered in the dataset"
SEW-02293,Figure 6,Figure 6!M32,MCP1,,,,0.9,,,,Figure 6 / MCP1,human platelets / PRP / whole blood (per source methods),"STAGED RAW VALUE — not validated, not adjudicated, not entered in the dataset"
SEW-02294,Figure 6,Figure 6!A38,MCP1,1,,,1,,,,Figure 6 / MCP1,human platelets / PRP / whole blood (per source methods),"STAGED RAW VALUE — not validated, not adjudicated, not entered in the dataset"
SEW-02295,Figure 6,Figure 6!B38,MCP1,1,,,4,,,,Figure 6 / MCP1,human platelets / PRP / whole blood (per source methods),"STAGED RAW VALUE — not validated, not adjudicated, not entered in the dataset"
SEW-02296,Figure 6,Figure 6!C38,MCP1,1,,,3.5,,,,Figure 6 / MCP1,human platelets / PRP / whole blood (per source methods),"STAGED RAW VALUE — not validated, not adjudicated, not entered in the dataset"
SEW-02297,Figure 6,Figure 6!D38,MCP1,1,,,1.3,,,,Figure 6 / MCP1,human platelets / PRP / whole blood (per source methods),"STAGED RAW VALUE — not validated, not adjudicated, not entered in the dataset"
SEW-02298,Figure 6,Figure 6!F38,MCP1,1,,,1.4,,,,Figure 6 / MCP1,human platelets / PRP / whole blood (per source methods),"STAGED RAW VALUE — not validated, not adjudicated, not entered in the dataset"
SEW-02299,Figure 6,Figure 6!G38,MCP1,1,,,1.5,,,,Figure 6 / MCP1,human platelets / PRP / whole blood (per source methods),"STAGED RAW VALUE — not validated, not adjudicated, not entered in the dataset"
SEW-02300,Figure 6,Figure 6!H38,MCP1,1,,,1.6,,,,Figure 6 / MCP1,human platelets / PRP / whole blood (per source methods),"STAGED RAW VALUE — not validated, not adjudicated, not entered in the dataset"
SEW-02301,Figure 6,Figure 6!I38,MCP1,1,,,2.8,,,,Figure 6 / MCP1,human platelets / PRP / whole blood (per source methods),"STAGED RAW VALUE — not validated, not adjudicated, not entered in the dataset"
SEW-02302,Figure 6,Figure 6!J38,MCP1,1,,,2.9,,,,Figure 6 / MCP1,human platelets / PRP / whole blood (per source methods),"STAGED RAW VALUE — not validated, not adjudicated, not entered in the dataset"
SEW-02303,Figure 6,Figure 6!A39,MCP1,1,,,1,,,,Figure 6 / MCP1,human platelets / PRP / whole blood (per source methods),"STAGED RAW VALUE — not validated, not adjudicated, not entered in the dataset"
SEW-02304,Figure 6,Figure 6!B39,MCP1,1,,,17.3,,,,Figure 6 / MCP1,human platelets / PRP / whole blood (per source methods),"STAGED RAW VALUE — not validated, not adjudicated, not entered in the dataset"
SEW-02305,Figure 6,Figure 6!C39,MCP1,1,,,26.5,,,,Figure 6 / MCP1,human platelets / PRP / whole blood (per source methods),"STAGED RAW VALUE — not validated, not adjudicated, not entered in the dataset"
SEW-02306,Figure 6,Figure 6!D39,MCP1,1,,,1.1,,,,Figure 6 / MCP1,human platelets / PRP / whole blood (per source methods),"STAGED RAW VALUE — not validated, not adjudicated, not entered in the dataset"
SEW-02307,Figure 6,Figure 6!F39,MCP1,1,,,1.3,,,,Figure 6 / MCP1,human platelets / PRP / whole blood (per source methods),"STAGED RAW VALUE — not validated, not adjudicated, not entered in the dataset"
SEW-02308,Figure 6,Figure 6!G39,MCP1,1,,,1.3,,,,Figure 6 / MCP1,human platelets / PRP / whole blood (per source methods),"STAGED RAW VALUE — not validated, not adjudicated, not entered in the dataset"
SEW-02309,Figure 6,Figure 6!H39,MCP1,1,,,1.5,,,,Figure 6 / MCP1,human platelets / PRP / whole blood (per source methods),"STAGED RAW VALUE — not validated, not adjudicated, not entered in the dataset"
SEW-02310,Figure 6,Figure 6!I39,MCP1,1,,,3.5,,,,Figure 6 / MCP1,human platelets / PRP / whole blood (per source methods),"STAGED RAW VALUE — not validated, not adjudicated, not entered in the dataset"
SEW-02311,Figure 6,Figure 6!J39,MCP1,1,,,6.5,,,,Figure 6 / MCP1,human platelets / PRP / whole blood (per source methods),"STAGED RAW VALUE — not validated, not adjudicated, not entered in the dataset"
SEW-02312,Figure 6,Figure 6!A40,MCP1,1,,,1,,,,Figure 6 / MCP1,human platelets / PRP / whole blood (per source methods),"STAGED RAW VALUE — not validated, not adjudicated, not entered in the dataset"
SEW-02313,Figure 6,Figure 6!B40,MCP1,1,,,26.8,,,,Figure 6 / MCP1,human platelets / PRP / whole blood (per source methods),"STAGED RAW VALUE — not validated, not adjudicated, not entered in the dataset"
SEW-02314,Figure 6,Figure 6!C40,MCP1,1,,,21.6,,,,Figure 6 / MCP1,human platelets / PRP / whole blood (per source methods),"STAGED RAW VALUE — not validated, not adjudicated, not entered in the dataset"
SEW-02315,Figure 6,Figure 6!D40,MCP1,1,,,1.3,,,,Figure 6 / MCP1,human platelets / PRP / whole blood (per source methods),"STAGED RAW VALUE — not validated, not adjudicated, not entered in the dataset"
SEW-02316,Figure 6,Figure 6!F40,MCP1,1,,,1.3,,,,Figure 6 / MCP1,human platelets / PRP / whole blood (per source methods),"STAGED RAW VALUE — not validated, not adjudicated, not entered in the dataset"
SEW-02317,Figure 6,Figure 6!G40,MCP1,1,,,1.5,,,,Figure 6 / MCP1,human platelets / PRP / whole blood (per source methods),"STAGED RAW VALUE — not validated, not adjudicated, not entered in the dataset"
SEW-02318,Figure 6,Figure 6!H40,MCP1,1,,,1.8,,,,Figure 6 / MCP1,human platelets / PRP / whole blood (per source methods),"STAGED RAW VALUE — not validated, not adjudicated, not entered in the dataset"
SEW-02319,Figure 6,Figure 6!I40,MCP1,1,,,3.5,,,,Figure 6 / MCP1,human platelets / PRP / whole blood (per source methods),"STAGED RAW VALUE — not validated, not adjudicated, not entered in the dataset"
SEW-02320,Figure 6,Figure 6!J40,MCP1,1,,,3.7,,,,Figure 6 / MCP1,human platelets / PRP / whole blood (per source methods),"STAGED RAW VALUE — not validated, not adjudicated, not entered in the dataset"
SEW-02321,Figure 6,Figure 6!A44,MCP1,1,,,1,,,,Figure 6 / MCP1,human platelets / PRP / whole blood (per source methods),"STAGED RAW VALUE — not validated, not adjudicated, not entered in the dataset"
SEW-02322,Figure 6,Figure 6!B44,MCP1,1,,,3.3,,,,Figure 6 / MCP1,human platelets / PRP / whole blood (per source methods),"STAGED RAW VALUE — not validated, not adjudicated, not entered in the dataset"
SEW-02323,Figure 6,Figure 6!C44,MCP1,1,,,1.1,,,,Figure 6 / MCP1,human platelets / PRP / whole blood (per source methods),"STAGED RAW VALUE — not validated, not adjudicated, not entered in the dataset"
SEW-02324,Figure 6,Figure 6!D44,MCP1,1,,,1.4,,,,Figure 6 / MCP1,human platelets / PRP / whole blood (per source methods),"STAGED RAW VALUE — not validated, not adjudicated, not entered in the dataset"
SEW-02325,Figure 6,Figure 6!F44,MCP1,1,,,1.6,,,,Figure 6 / MCP1,human platelets / PRP / whole blood (per source methods),"STAGED RAW VALUE — not validated, not adjudicated, not entered in the dataset"
SEW-02326,Figure 6,Figure 6!G44,MCP1,1,,,1.6,,,,Figure 6 / MCP1,human platelets / PRP / whole blood (per source methods),"STAGED RAW VALUE — not validated, not adjudicated, not entered in the dataset"
SEW-02327,Figure 6,Figure 6!H44,MCP1,1,,,1.7,,,,Figure 6 / MCP1,human platelets / PRP / whole blood (per source methods),"STAGED RAW VALUE — not validated, not adjudicated, not entered in the dataset"
SEW-02328,Figure 6,Figure 6!I44,MCP1,1,,,4.3,,,,Figure 6 / MCP1,human platelets / PRP / whole blood (per source methods),"STAGED RAW VALUE — not validated, not adjudicated, not entered in the dataset"
SEW-02329,Figure 6,Figure 6!J44,MCP1,1,,,5.2,,,,Figure 6 / MCP1,human platelets / PRP / whole blood (per source methods),"STAGED RAW VALUE — not validated, not adjudicated, not entered in the dataset"
SEW-02330,Figure 6,Figure 6!A45,MCP1,1,,,1,,,,Figure 6 / MCP1,human platelets / PRP / whole blood (per source methods),"STAGED RAW VALUE — not validated, not adjudicated, not entered in the dataset"
SEW-02331,Figure 6,Figure 6!B45,MCP1,1,,,11,,,,Figure 6 / MCP1,human platelets / PRP / whole blood (per source methods),"STAGED RAW VALUE — not validated, not adjudicated, not entered in the dataset"
SEW-02332,Figure 6,Figure 6!C45,MCP1,1,,,20.2,,,,Figure 6 / MCP1,human platelets / PRP / whole blood (per source methods),"STAGED RAW VALUE — not validated, not adjudicated, not entered in the dataset"
SEW-02333,Figure 6,Figure 6!D45,MCP1,1,,,1.3,,,,Figure 6 / MCP1,human platelets / PRP / whole blood (per source methods),"STAGED RAW VALUE — not validated, not adjudicated, not entered in the dataset"
SEW-02334,Figure 6,Figure 6!F45,MCP1,1,,,2,,,,Figure 6 / MCP1,human platelets / PRP / whole blood (per source methods),"STAGED RAW VALUE — not validated, not adjudicated, not entered in the dataset"
SEW-02335,Figure 6,Figure 6!G45,MCP1,1,,,1.6,,,,Figure 6 / MCP1,human platelets / PRP / whole blood (per source methods),"STAGED RAW VALUE — not validated, not adjudicated, not entered in the dataset"
SEW-02336,Figure 6,Figure 6!H45,MCP1,1,,,1.8,,,,Figure 6 / MCP1,human platelets / PRP / whole blood (per source methods),"STAGED RAW VALUE — not validated, not adjudicated, not entered in the dataset"
SEW-02337,Figure 6,Figure 6!I45,MCP1,1,,,9.9,,,,Figure 6 / MCP1,human platelets / PRP / whole blood (per source methods),"STAGED RAW VALUE — not validated, not adjudicated, not entered in the dataset"
SEW-02338,Figure 6,Figure 6!J45,MCP1,1,,,27.8,,,,Figure 6 / MCP1,human platelets / PRP / whole blood (per source methods),"STAGED RAW VALUE — not validated, not adjudicated, not entered in the dataset"
SEW-02339,Figure 6,Figure 6!A46,MCP1,1,,,1,,,,Figure 6 / MCP1,human platelets / PRP / whole blood (per source methods),"STAGED RAW VALUE — not validated, not adjudicated, not entered in the dataset"
SEW-02340,Figure 6,Figure 6!B46,MCP1,1,,,10,,,,Figure 6 / MCP1,human platelets / PRP / whole blood (per source methods),"STAGED RAW VALUE — not validated, not adjudicated, not entered in the dataset"
SEW-02341,Figure 6,Figure 6!C46,MCP1,1,,,3.5,,,,Figure 6 / MCP1,human platelets / PRP / whole blood (per source methods),"STAGED RAW VALUE — not validated, not adjudicated, not entered in the dataset"
SEW-02342,Figure 6,Figure 6!D46,MCP1,1,,,1.2,,,,Figure 6 / MCP1,human platelets / PRP / whole blood (per source methods),"STAGED RAW VALUE — not validated, not adjudicated, not entered in the dataset"
SEW-02343,Figure 6,Figure 6!F46,MCP1,1,,,1.2,,,,Figure 6 / MCP1,human platelets / PRP / whole blood (per source methods),"STAGED RAW VALUE — not validated, not adjudicated, not entered in the dataset"
SEW-02344,Figure 6,Figure 6!G46,MCP1,1,,,1.4,,,,Figure 6 / MCP1,human platelets / PRP / whole blood (per source methods),"STAGED RAW VALUE — not validated, not adjudicated, not entered in the dataset"
SEW-02345,Figure 6,Figure 6!H46,MCP1,1,,,2.1,,,,Figure 6 / MCP1,human platelets / PRP / whole blood (per source methods),"STAGED RAW VALUE — not validated, not adjudicated, not entered in the dataset"
SEW-02346,Figure 6,Figure 6!I46,MCP1,1,,,5.3,,,,Figure 6 / MCP1,human platelets / PRP / whole blood (per source methods),"STAGED RAW VALUE — not validated, not adjudicated, not entered in the dataset"
SEW-02347,Figure 6,Figure 6!J46,MCP1,1,,,9.4,,,,Figure 6 / MCP1,human platelets / PRP / whole blood (per source methods),"STAGED RAW VALUE — not validated, not adjudicated, not entered in the dataset"
