measurement_id,oligo_id,subject_class,source_ref,legacy_redistribution,rights_tier,declared_licence,licence_class,regulator,licence_basis,journal,extracted_data_release,proposed_hold,hold_reason
TMSR001,TOLG001,human_in_vitro,PMC5673186; doi:10.1371/journal.pone.0187574,cc_by,B_cc_licensed,cc by,cc_permissive,,,PloS one,permitted,no,
TMSR002,TOLG001,human_in_vitro,PMC5673186; doi:10.1371/journal.pone.0187574,cc_by,B_cc_licensed,cc by,cc_permissive,,,PloS one,permitted,no,
TMSR003,TOLG001,human_in_vitro,PMC5673186; doi:10.1371/journal.pone.0187574,cc_by,B_cc_licensed,cc by,cc_permissive,,,PloS one,permitted,no,
TMSR004,TOLG001,human_in_vitro,PMC5673186; doi:10.1371/journal.pone.0187574,cc_by,B_cc_licensed,cc by,cc_permissive,,,PloS one,permitted,no,
TMSR005,TOLG001,human_in_vitro,PMC5673186; doi:10.1371/journal.pone.0187574,cc_by,B_cc_licensed,cc by,cc_permissive,,,PloS one,permitted,no,
TMSR006,TOLG001,human_in_vitro,PMC5673186; doi:10.1371/journal.pone.0187574,cc_by,B_cc_licensed,cc by,cc_permissive,,,PloS one,permitted,no,
TMSR007,TOLG001,human_in_vitro,PMC5673186; doi:10.1371/journal.pone.0187574,cc_by,B_cc_licensed,cc by,cc_permissive,,,PloS one,permitted,no,
TMSR008,TOLG001,human_in_vitro,PMC5673186; doi:10.1371/journal.pone.0187574,cc_by,B_cc_licensed,cc by,cc_permissive,,,PloS one,permitted,no,
TMSR009,TOLG001,human_in_vitro,PMC5673186; doi:10.1371/journal.pone.0187574,cc_by,B_cc_licensed,cc by,cc_permissive,,,PloS one,permitted,no,
TMSR010,TOLG002,human_in_vitro,PMC5673186; doi:10.1371/journal.pone.0187574,cc_by,B_cc_licensed,cc by,cc_permissive,,,PloS one,permitted,no,
TMSR011,TOLG002,human_in_vitro,PMC5673186; doi:10.1371/journal.pone.0187574,cc_by,B_cc_licensed,cc by,cc_permissive,,,PloS one,permitted,no,
TMSR012,TOLG002,human_in_vitro,PMC5673186; doi:10.1371/journal.pone.0187574,cc_by,B_cc_licensed,cc by,cc_permissive,,,PloS one,permitted,no,
TMSR013,TOLG002,human_in_vitro,PMC5673186; doi:10.1371/journal.pone.0187574,cc_by,B_cc_licensed,cc by,cc_permissive,,,PloS one,permitted,no,
TMSR014,TOLG002,human_in_vitro,PMC5673186; doi:10.1371/journal.pone.0187574,cc_by,B_cc_licensed,cc by,cc_permissive,,,PloS one,permitted,no,
TMSR015,TOLG002,human_in_vitro,PMC5673186; doi:10.1371/journal.pone.0187574,cc_by,B_cc_licensed,cc by,cc_permissive,,,PloS one,permitted,no,
TMSR016,TOLG003,human_in_vitro,PMC5673186; doi:10.1371/journal.pone.0187574,cc_by,B_cc_licensed,cc by,cc_permissive,,,PloS one,permitted,no,
TMSR017,TOLG003,human_in_vitro,PMC5673186; doi:10.1371/journal.pone.0187574,cc_by,B_cc_licensed,cc by,cc_permissive,,,PloS one,permitted,no,
TMSR018,TOLG003,human_in_vitro,PMC5673186; doi:10.1371/journal.pone.0187574,cc_by,B_cc_licensed,cc by,cc_permissive,,,PloS one,permitted,no,
TMSR019,TOLG003,human_in_vitro,PMC5673186; doi:10.1371/journal.pone.0187574,cc_by,B_cc_licensed,cc by,cc_permissive,,,PloS one,permitted,no,
TMSR020,TOLG003,human_in_vitro,PMC5673186; doi:10.1371/journal.pone.0187574,cc_by,B_cc_licensed,cc by,cc_permissive,,,PloS one,permitted,no,
TMSR021,TOLG003,human_in_vitro,PMC5673186; doi:10.1371/journal.pone.0187574,cc_by,B_cc_licensed,cc by,cc_permissive,,,PloS one,permitted,no,
TMSR022,TOLG003,human_in_vitro,PMC5673186; doi:10.1371/journal.pone.0187574,cc_by,B_cc_licensed,cc by,cc_permissive,,,PloS one,permitted,no,
TMSR023,TOLG003,human_in_vitro,PMC5673186; doi:10.1371/journal.pone.0187574,cc_by,B_cc_licensed,cc by,cc_permissive,,,PloS one,permitted,no,
TMSR024,TOLG003,human_in_vitro,PMC5673186; doi:10.1371/journal.pone.0187574,cc_by,B_cc_licensed,cc by,cc_permissive,,,PloS one,permitted,no,
TMSR025,TOLG003,human_in_vitro,PMC5673186; doi:10.1371/journal.pone.0187574,cc_by,B_cc_licensed,cc by,cc_permissive,,,PloS one,permitted,no,
TMSR026,TOLG004,human_in_vitro,PMC5673186; doi:10.1371/journal.pone.0187574,cc_by,B_cc_licensed,cc by,cc_permissive,,,PloS one,permitted,no,
TMSR027,TOLG004,human_in_vitro,PMC5673186; doi:10.1371/journal.pone.0187574,cc_by,B_cc_licensed,cc by,cc_permissive,,,PloS one,permitted,no,
TMSR028,TOLG004,human_in_vitro,PMC5673186; doi:10.1371/journal.pone.0187574,cc_by,B_cc_licensed,cc by,cc_permissive,,,PloS one,permitted,no,
TMSR029,TOLG004,human_in_vitro,PMC5673186; doi:10.1371/journal.pone.0187574,cc_by,B_cc_licensed,cc by,cc_permissive,,,PloS one,permitted,no,
TMSR030,TOLG004,human_in_vitro,PMC5673186; doi:10.1371/journal.pone.0187574,cc_by,B_cc_licensed,cc by,cc_permissive,,,PloS one,permitted,no,
TMSR031,TOLG004,human_in_vitro,PMC5673186; doi:10.1371/journal.pone.0187574,cc_by,B_cc_licensed,cc by,cc_permissive,,,PloS one,permitted,no,
TMSR032,TOLG004,human_in_vitro,PMC5673186; doi:10.1371/journal.pone.0187574,cc_by,B_cc_licensed,cc by,cc_permissive,,,PloS one,permitted,no,
TMSR033,TOLG005,human_in_vitro,PMC5673186; doi:10.1371/journal.pone.0187574,cc_by,B_cc_licensed,cc by,cc_permissive,,,PloS one,permitted,no,
TMSR034,TOLG005,human_in_vitro,PMC5673186; doi:10.1371/journal.pone.0187574,cc_by,B_cc_licensed,cc by,cc_permissive,,,PloS one,permitted,no,
TMSR035,TOLG005,human_in_vitro,PMC5673186; doi:10.1371/journal.pone.0187574,cc_by,B_cc_licensed,cc by,cc_permissive,,,PloS one,permitted,no,
TMSR036,TOLG005,human_in_vitro,PMC5673186; doi:10.1371/journal.pone.0187574,cc_by,B_cc_licensed,cc by,cc_permissive,,,PloS one,permitted,no,
TMSR037,TOLG005,human_in_vitro,PMC5673186; doi:10.1371/journal.pone.0187574,cc_by,B_cc_licensed,cc by,cc_permissive,,,PloS one,permitted,no,
TMSR038,TOLG005,human_in_vitro,PMC5673186; doi:10.1371/journal.pone.0187574,cc_by,B_cc_licensed,cc by,cc_permissive,,,PloS one,permitted,no,
TMSR039,TOLG005,human_in_vitro,PMC5673186; doi:10.1371/journal.pone.0187574,cc_by,B_cc_licensed,cc by,cc_permissive,,,PloS one,permitted,no,
TMSR040,TOLG006,human_in_vitro,PMC5673186; doi:10.1371/journal.pone.0187574,cc_by,B_cc_licensed,cc by,cc_permissive,,,PloS one,permitted,no,
TMSR041,TOLG006,human_in_vitro,PMC5673186; doi:10.1371/journal.pone.0187574,cc_by,B_cc_licensed,cc by,cc_permissive,,,PloS one,permitted,no,
TMSR042,TOLG006,human_in_vitro,PMC5673186; doi:10.1371/journal.pone.0187574,cc_by,B_cc_licensed,cc by,cc_permissive,,,PloS one,permitted,no,
TMSR043,TOLG006,human_in_vitro,PMC5673186; doi:10.1371/journal.pone.0187574,cc_by,B_cc_licensed,cc by,cc_permissive,,,PloS one,permitted,no,
TMSR044,TOLG006,human_in_vitro,PMC5673186; doi:10.1371/journal.pone.0187574,cc_by,B_cc_licensed,cc by,cc_permissive,,,PloS one,permitted,no,
TMSR045,TOLG006,human_in_vitro,PMC5673186; doi:10.1371/journal.pone.0187574,cc_by,B_cc_licensed,cc by,cc_permissive,,,PloS one,permitted,no,
TMSR046,TOLG006,human_in_vitro,PMC5673186; doi:10.1371/journal.pone.0187574,cc_by,B_cc_licensed,cc by,cc_permissive,,,PloS one,permitted,no,
TMSR047,TOLG007,human_in_vitro,PMC5673186; doi:10.1371/journal.pone.0187574,cc_by,B_cc_licensed,cc by,cc_permissive,,,PloS one,permitted,no,
TMSR048,TOLG007,human_in_vitro,PMC5673186; doi:10.1371/journal.pone.0187574,cc_by,B_cc_licensed,cc by,cc_permissive,,,PloS one,permitted,no,
TMSR049,TOLG007,human_in_vitro,PMC5673186; doi:10.1371/journal.pone.0187574,cc_by,B_cc_licensed,cc by,cc_permissive,,,PloS one,permitted,no,
TMSR050,TOLG007,human_in_vitro,PMC5673186; doi:10.1371/journal.pone.0187574,cc_by,B_cc_licensed,cc by,cc_permissive,,,PloS one,permitted,no,
TMSR051,TOLG007,human_in_vitro,PMC5673186; doi:10.1371/journal.pone.0187574,cc_by,B_cc_licensed,cc by,cc_permissive,,,PloS one,permitted,no,
TMSR052,TOLG007,human_in_vitro,PMC5673186; doi:10.1371/journal.pone.0187574,cc_by,B_cc_licensed,cc by,cc_permissive,,,PloS one,permitted,no,
TMSR053,TOLG007,human_in_vitro,PMC5673186; doi:10.1371/journal.pone.0187574,cc_by,B_cc_licensed,cc by,cc_permissive,,,PloS one,permitted,no,
TMSR054,TOLG007,human_in_vitro,PMC5673186; doi:10.1371/journal.pone.0187574,cc_by,B_cc_licensed,cc by,cc_permissive,,,PloS one,permitted,no,
TMSR055,TOLG007,human_in_vitro,PMC5673186; doi:10.1371/journal.pone.0187574,cc_by,B_cc_licensed,cc by,cc_permissive,,,PloS one,permitted,no,
TMSR056,TOLG007,human_in_vitro,PMC5673186; doi:10.1371/journal.pone.0187574,cc_by,B_cc_licensed,cc by,cc_permissive,,,PloS one,permitted,no,
TMSR057,TOLG007,human_in_vitro,PMC5673186; doi:10.1371/journal.pone.0187574,cc_by,B_cc_licensed,cc by,cc_permissive,,,PloS one,permitted,no,
TMSR058,TOLG007,human_in_vitro,PMC5673186; doi:10.1371/journal.pone.0187574,cc_by,B_cc_licensed,cc by,cc_permissive,,,PloS one,permitted,no,
TMSR059,TOLG007,human_in_vitro,PMC5673186; doi:10.1371/journal.pone.0187574,cc_by,B_cc_licensed,cc by,cc_permissive,,,PloS one,permitted,no,
TMSR060,TOLG007,human_in_vitro,PMC5673186; doi:10.1371/journal.pone.0187574,cc_by,B_cc_licensed,cc by,cc_permissive,,,PloS one,permitted,no,
TMSR061,TOLG007,human_in_vitro,PMC5673186; doi:10.1371/journal.pone.0187574,cc_by,B_cc_licensed,cc by,cc_permissive,,,PloS one,permitted,no,
TMSR062,TOLG007,human_in_vitro,PMC5673186; doi:10.1371/journal.pone.0187574,cc_by,B_cc_licensed,cc by,cc_permissive,,,PloS one,permitted,no,
TMSR063,TOLG007,human_in_vitro,PMC5673186; doi:10.1371/journal.pone.0187574,cc_by,B_cc_licensed,cc by,cc_permissive,,,PloS one,permitted,no,
TMSR064,TOLG007,human_in_vitro,PMC5673186; doi:10.1371/journal.pone.0187574,cc_by,B_cc_licensed,cc by,cc_permissive,,,PloS one,permitted,no,
TMSR065,TOLG007,human_in_vitro,PMC5673186; doi:10.1371/journal.pone.0187574,cc_by,B_cc_licensed,cc by,cc_permissive,,,PloS one,permitted,no,
TMSR066,TOLG007,human_in_vitro,PMC5673186; doi:10.1371/journal.pone.0187574,cc_by,B_cc_licensed,cc by,cc_permissive,,,PloS one,permitted,no,
TMSR067,TOLG007,human_in_vitro,PMC5673186; doi:10.1371/journal.pone.0187574,cc_by,B_cc_licensed,cc by,cc_permissive,,,PloS one,permitted,no,
TMSR068,TOLG007,human_in_vitro,PMC5673186; doi:10.1371/journal.pone.0187574,cc_by,B_cc_licensed,cc by,cc_permissive,,,PloS one,permitted,no,
TMSR069,TOLG007,human_in_vitro,PMC5673186; doi:10.1371/journal.pone.0187574,cc_by,B_cc_licensed,cc by,cc_permissive,,,PloS one,permitted,no,
TMSR070,TOLG007,human_in_vitro,PMC5673186; doi:10.1371/journal.pone.0187574,cc_by,B_cc_licensed,cc by,cc_permissive,,,PloS one,permitted,no,
TMSR071,TOLG007,human_in_vitro,PMC5673186; doi:10.1371/journal.pone.0187574,cc_by,B_cc_licensed,cc by,cc_permissive,,,PloS one,permitted,no,
TMSR072,TOLG007,human_in_vitro,PMC5673186; doi:10.1371/journal.pone.0187574,cc_by,B_cc_licensed,cc by,cc_permissive,,,PloS one,permitted,no,
TMSR073,TOLG007,human_in_vitro,PMC5673186; doi:10.1371/journal.pone.0187574,cc_by,B_cc_licensed,cc by,cc_permissive,,,PloS one,permitted,no,
TMSR074,TOLG007,human_in_vitro,PMC5673186; doi:10.1371/journal.pone.0187574,cc_by,B_cc_licensed,cc by,cc_permissive,,,PloS one,permitted,no,
TMSR075,TOLG007,human_in_vitro,PMC5673186; doi:10.1371/journal.pone.0187574,cc_by,B_cc_licensed,cc by,cc_permissive,,,PloS one,permitted,no,
TMSR076,TOLG007,human_in_vitro,PMC5673186; doi:10.1371/journal.pone.0187574,cc_by,B_cc_licensed,cc by,cc_permissive,,,PloS one,permitted,no,
TMSR077,TOLG007,human_in_vitro,PMC5673186; doi:10.1371/journal.pone.0187574,cc_by,B_cc_licensed,cc by,cc_permissive,,,PloS one,permitted,no,
TMSR078,TOLG007,human_in_vitro,PMC5673186; doi:10.1371/journal.pone.0187574,cc_by,B_cc_licensed,cc by,cc_permissive,,,PloS one,permitted,no,
TMSR079,TOLG008,human_in_vitro,PMC5673186; doi:10.1371/journal.pone.0187574,cc_by,B_cc_licensed,cc by,cc_permissive,,,PloS one,permitted,no,
TMSR080,TOLG008,human_in_vitro,PMC5673186; doi:10.1371/journal.pone.0187574,cc_by,B_cc_licensed,cc by,cc_permissive,,,PloS one,permitted,no,
TMSR081,TOLG008,human_in_vitro,PMC5673186; doi:10.1371/journal.pone.0187574,cc_by,B_cc_licensed,cc by,cc_permissive,,,PloS one,permitted,no,
TMSR082,TOLG008,human_in_vitro,PMC5673186; doi:10.1371/journal.pone.0187574,cc_by,B_cc_licensed,cc by,cc_permissive,,,PloS one,permitted,no,
TMSR083,TOLG008,human_in_vitro,PMC5673186; doi:10.1371/journal.pone.0187574,cc_by,B_cc_licensed,cc by,cc_permissive,,,PloS one,permitted,no,
TMSR084,TOLG008,human_in_vitro,PMC5673186; doi:10.1371/journal.pone.0187574,cc_by,B_cc_licensed,cc by,cc_permissive,,,PloS one,permitted,no,
TMSR085,TOLG009,human_in_vitro,PMC5673186; doi:10.1371/journal.pone.0187574,cc_by,B_cc_licensed,cc by,cc_permissive,,,PloS one,permitted,no,
TMSR086,TOLG009,human_in_vitro,PMC5673186; doi:10.1371/journal.pone.0187574,cc_by,B_cc_licensed,cc by,cc_permissive,,,PloS one,permitted,no,
TMSR087,TOLG009,human_in_vitro,PMC5673186; doi:10.1371/journal.pone.0187574,cc_by,B_cc_licensed,cc by,cc_permissive,,,PloS one,permitted,no,
TMSR088,TOLG009,human_in_vitro,PMC5673186; doi:10.1371/journal.pone.0187574,cc_by,B_cc_licensed,cc by,cc_permissive,,,PloS one,permitted,no,
TMSR089,TOLG009,human_in_vitro,PMC5673186; doi:10.1371/journal.pone.0187574,cc_by,B_cc_licensed,cc by,cc_permissive,,,PloS one,permitted,no,
TMSR090,TOLG009,human_in_vitro,PMC5673186; doi:10.1371/journal.pone.0187574,cc_by,B_cc_licensed,cc by,cc_permissive,,,PloS one,permitted,no,
TMSR091,TOLG009,human_in_vitro,PMC5673186; doi:10.1371/journal.pone.0187574,cc_by,B_cc_licensed,cc by,cc_permissive,,,PloS one,permitted,no,
TMSR092,TOLG009,human_in_vitro,PMC5673186; doi:10.1371/journal.pone.0187574,cc_by,B_cc_licensed,cc by,cc_permissive,,,PloS one,permitted,no,
TMSR093,TOLG009,human_in_vitro,PMC5673186; doi:10.1371/journal.pone.0187574,cc_by,B_cc_licensed,cc by,cc_permissive,,,PloS one,permitted,no,
TMSR094,TOLG010,human_in_vitro,PMC5673186; doi:10.1371/journal.pone.0187574,cc_by,B_cc_licensed,cc by,cc_permissive,,,PloS one,permitted,no,
TMSR095,TOLG010,human_in_vitro,PMC5673186; doi:10.1371/journal.pone.0187574,cc_by,B_cc_licensed,cc by,cc_permissive,,,PloS one,permitted,no,
TMSR096,TOLG010,human_in_vitro,PMC5673186; doi:10.1371/journal.pone.0187574,cc_by,B_cc_licensed,cc by,cc_permissive,,,PloS one,permitted,no,
TMSR097,TOLG010,human_in_vitro,PMC5673186; doi:10.1371/journal.pone.0187574,cc_by,B_cc_licensed,cc by,cc_permissive,,,PloS one,permitted,no,
TMSR098,TOLG010,human_in_vitro,PMC5673186; doi:10.1371/journal.pone.0187574,cc_by,B_cc_licensed,cc by,cc_permissive,,,PloS one,permitted,no,
TMSR099,TOLG010,human_in_vitro,PMC5673186; doi:10.1371/journal.pone.0187574,cc_by,B_cc_licensed,cc by,cc_permissive,,,PloS one,permitted,no,
TMSR100,TOLG011,human_in_vitro,doi:10.1182/blood-2013-01-478966 (PMC3709655 / PMID 23673861),summary_stat,C_closed_access,,closed_no_open_licence,,,Blood,DECISION_REQUIRED,PROPOSED_HOLD,"no open licence declared by the publisher; extracted values are facts rather than expression, but the release of facts from a closed-access source is Oscar's call, not this pipeline's"
TMSR101,TOLG012,human_in_vitro,doi:10.1182/blood-2013-01-478966 (PMC3709655 / PMID 23673861),summary_stat,C_closed_access,,closed_no_open_licence,,,Blood,DECISION_REQUIRED,PROPOSED_HOLD,"no open licence declared by the publisher; extracted values are facts rather than expression, but the release of facts from a closed-access source is Oscar's call, not this pipeline's"
TMSR102,TOLG012,human_in_vitro,doi:10.1182/blood-2013-01-478966 (PMC3709655 / PMID 23673861),summary_stat,C_closed_access,,closed_no_open_licence,,,Blood,DECISION_REQUIRED,PROPOSED_HOLD,"no open licence declared by the publisher; extracted values are facts rather than expression, but the release of facts from a closed-access source is Oscar's call, not this pipeline's"
TMSR103,TOLG012,human_in_vitro,doi:10.1182/blood-2013-01-478966 (PMC3709655 / PMID 23673861),summary_stat,C_closed_access,,closed_no_open_licence,,,Blood,DECISION_REQUIRED,PROPOSED_HOLD,"no open licence declared by the publisher; extracted values are facts rather than expression, but the release of facts from a closed-access source is Oscar's call, not this pipeline's"
TMSR104,TOLG012,human_in_vitro,doi:10.1182/blood-2013-01-478966 (PMC3709655 / PMID 23673861),summary_stat,C_closed_access,,closed_no_open_licence,,,Blood,DECISION_REQUIRED,PROPOSED_HOLD,"no open licence declared by the publisher; extracted values are facts rather than expression, but the release of facts from a closed-access source is Oscar's call, not this pipeline's"
TMSR105,TOLG013,animal_in_vivo,"PMID 28541820 / doi:10.1089/nat.2017.0666 (Henry et al. 2017, Nucleic Acid Ther 27:197-208)",summary_stat,C_closed_access,,closed_no_open_licence,,,Nucleic acid therapeutics,DECISION_REQUIRED,PROPOSED_HOLD,"no open licence declared by the publisher; extracted values are facts rather than expression, but the release of facts from a closed-access source is Oscar's call, not this pipeline's"
TMSR106,TOLG013,animal_in_vivo,"PMID 28541820 / doi:10.1089/nat.2017.0666 (Henry et al. 2017, Nucleic Acid Ther 27:197-208)",summary_stat,C_closed_access,,closed_no_open_licence,,,Nucleic acid therapeutics,DECISION_REQUIRED,PROPOSED_HOLD,"no open licence declared by the publisher; extracted values are facts rather than expression, but the release of facts from a closed-access source is Oscar's call, not this pipeline's"
TMSR107,TOLG014,human_clinical,PMID 28145801; PMCID PMC5467133; doi:10.1089/nat.2016.0650,summary_stat,B_cc_licensed,cc by-nc,cc_nc_noncommercial,,,Nucleic acid therapeutics,permitted,no,
TMSR108,TOLG014,human_clinical,PMID 28145801; PMCID PMC5467133; doi:10.1089/nat.2016.0650,summary_stat,B_cc_licensed,cc by-nc,cc_nc_noncommercial,,,Nucleic acid therapeutics,permitted,no,
TMSR109,TOLG014,human_clinical,PMID 28145801; PMCID PMC5467133; doi:10.1089/nat.2016.0650,summary_stat,B_cc_licensed,cc by-nc,cc_nc_noncommercial,,,Nucleic acid therapeutics,permitted,no,
TMSR110,TOLG014,human_clinical,PMID 28145801; PMCID PMC5467133; doi:10.1089/nat.2016.0650,summary_stat,B_cc_licensed,cc by-nc,cc_nc_noncommercial,,,Nucleic acid therapeutics,permitted,no,
TMSR111,TOLG014,human_clinical,PMID 28145801; PMCID PMC5467133; doi:10.1089/nat.2016.0650,summary_stat,B_cc_licensed,cc by-nc,cc_nc_noncommercial,,,Nucleic acid therapeutics,permitted,no,
TMSR112,TOLG014,human_clinical,PMID 28145801; PMCID PMC5467133; doi:10.1089/nat.2016.0650,summary_stat,B_cc_licensed,cc by-nc,cc_nc_noncommercial,,,Nucleic acid therapeutics,permitted,no,
TMSR113,TOLG014,human_clinical,PMID 28145801; PMCID PMC5467133; doi:10.1089/nat.2016.0650,summary_stat,B_cc_licensed,cc by-nc,cc_nc_noncommercial,,,Nucleic acid therapeutics,permitted,no,
TMSR114,TOLG014,human_clinical,PMID 28145801; PMCID PMC5467133; doi:10.1089/nat.2016.0650,summary_stat,B_cc_licensed,cc by-nc,cc_nc_noncommercial,,,Nucleic acid therapeutics,permitted,no,
TMSR115,TOLG014,human_clinical,PMID 28145801; PMCID PMC5467133; doi:10.1089/nat.2016.0650,summary_stat,B_cc_licensed,cc by-nc,cc_nc_noncommercial,,,Nucleic acid therapeutics,permitted,no,
TMSR116,TOLG014,human_clinical,PMID 28145801; PMCID PMC5467133; doi:10.1089/nat.2016.0650,summary_stat,B_cc_licensed,cc by-nc,cc_nc_noncommercial,,,Nucleic acid therapeutics,permitted,no,
TMSR117,TOLG014,human_clinical,PMID 28145801; PMCID PMC5467133; doi:10.1089/nat.2016.0650,summary_stat,B_cc_licensed,cc by-nc,cc_nc_noncommercial,,,Nucleic acid therapeutics,permitted,no,
TMSR118,TOLG014,human_clinical,PMID 28145801; PMCID PMC5467133; doi:10.1089/nat.2016.0650,summary_stat,B_cc_licensed,cc by-nc,cc_nc_noncommercial,,,Nucleic acid therapeutics,permitted,no,
TMSR119,TOLG014,human_clinical,PMID 28145801; PMCID PMC5467133; doi:10.1089/nat.2016.0650,summary_stat,B_cc_licensed,cc by-nc,cc_nc_noncommercial,,,Nucleic acid therapeutics,permitted,no,
TMSR120,TOLG014,human_clinical,PMID 28145801; PMCID PMC5467133; doi:10.1089/nat.2016.0650,summary_stat,B_cc_licensed,cc by-nc,cc_nc_noncommercial,,,Nucleic acid therapeutics,permitted,no,
TMSR121,TOLG014,human_clinical,PMID 28145801; PMCID PMC5467133; doi:10.1089/nat.2016.0650,summary_stat,B_cc_licensed,cc by-nc,cc_nc_noncommercial,,,Nucleic acid therapeutics,permitted,no,
TMSR122,TOLG014,human_clinical,PMID 28145801; PMCID PMC5467133; doi:10.1089/nat.2016.0650,summary_stat,B_cc_licensed,cc by-nc,cc_nc_noncommercial,,,Nucleic acid therapeutics,permitted,no,
TMSR123,TOLG014,human_clinical,PMID 28145801; PMCID PMC5467133; doi:10.1089/nat.2016.0650,summary_stat,B_cc_licensed,cc by-nc,cc_nc_noncommercial,,,Nucleic acid therapeutics,permitted,no,
TMSR124,TOLG014,human_clinical,PMID 28145801; PMCID PMC5467133; doi:10.1089/nat.2016.0650,summary_stat,B_cc_licensed,cc by-nc,cc_nc_noncommercial,,,Nucleic acid therapeutics,permitted,no,
TMSR125,TOLG014,human_clinical,PMID 28145801; PMCID PMC5467133; doi:10.1089/nat.2016.0650,summary_stat,B_cc_licensed,cc by-nc,cc_nc_noncommercial,,,Nucleic acid therapeutics,permitted,no,
TMSR126,TOLG014,human_clinical,PMID 28145801; PMCID PMC5467133; doi:10.1089/nat.2016.0650,summary_stat,B_cc_licensed,cc by-nc,cc_nc_noncommercial,,,Nucleic acid therapeutics,permitted,no,
TMSR127,TOLG014,human_clinical,PMID 28145801; PMCID PMC5467133; doi:10.1089/nat.2016.0650,summary_stat,B_cc_licensed,cc by-nc,cc_nc_noncommercial,,,Nucleic acid therapeutics,permitted,no,
TMSR128,TOLG014,human_clinical,PMID 28145801; PMCID PMC5467133; doi:10.1089/nat.2016.0650,summary_stat,B_cc_licensed,cc by-nc,cc_nc_noncommercial,,,Nucleic acid therapeutics,permitted,no,
TMSR129,TOLG014,human_clinical,PMID 28145801; PMCID PMC5467133; doi:10.1089/nat.2016.0650,summary_stat,B_cc_licensed,cc by-nc,cc_nc_noncommercial,,,Nucleic acid therapeutics,permitted,no,
TMSR130,TOLG014,human_clinical,PMID 28145801; PMCID PMC5467133; doi:10.1089/nat.2016.0650,summary_stat,B_cc_licensed,cc by-nc,cc_nc_noncommercial,,,Nucleic acid therapeutics,permitted,no,
TMSR131,TOLG014,human_clinical,PMID 28145801; PMCID PMC5467133; doi:10.1089/nat.2016.0650,summary_stat,B_cc_licensed,cc by-nc,cc_nc_noncommercial,,,Nucleic acid therapeutics,permitted,no,
TMSR132,TOLG014,human_clinical,PMID 28145801; PMCID PMC5467133; doi:10.1089/nat.2016.0650,summary_stat,B_cc_licensed,cc by-nc,cc_nc_noncommercial,,,Nucleic acid therapeutics,permitted,no,
TMSR133,TOLG014,human_clinical,PMID 28145801; PMCID PMC5467133; doi:10.1089/nat.2016.0650,summary_stat,B_cc_licensed,cc by-nc,cc_nc_noncommercial,,,Nucleic acid therapeutics,permitted,no,
TMSR134,TOLG014,human_clinical,PMID 28145801; PMCID PMC5467133; doi:10.1089/nat.2016.0650,summary_stat,B_cc_licensed,cc by-nc,cc_nc_noncommercial,,,Nucleic acid therapeutics,permitted,no,
TMSR135,TOLG014,human_clinical,PMID 28145801; PMCID PMC5467133; doi:10.1089/nat.2016.0650,summary_stat,B_cc_licensed,cc by-nc,cc_nc_noncommercial,,,Nucleic acid therapeutics,permitted,no,
TMSR136,TOLG014,human_clinical,PMID 28145801; PMCID PMC5467133; doi:10.1089/nat.2016.0650,summary_stat,B_cc_licensed,cc by-nc,cc_nc_noncommercial,,,Nucleic acid therapeutics,permitted,no,
TMSR137,TOLG014,human_clinical,PMID 28145801; PMCID PMC5467133; doi:10.1089/nat.2016.0650,summary_stat,B_cc_licensed,cc by-nc,cc_nc_noncommercial,,,Nucleic acid therapeutics,permitted,no,
TMSR138,TOLG014,human_clinical,PMID 28145801; PMCID PMC5467133; doi:10.1089/nat.2016.0650,summary_stat,B_cc_licensed,cc by-nc,cc_nc_noncommercial,,,Nucleic acid therapeutics,permitted,no,
TMSR139,TOLG014,human_clinical,PMID 28145801; PMCID PMC5467133; doi:10.1089/nat.2016.0650,summary_stat,B_cc_licensed,cc by-nc,cc_nc_noncommercial,,,Nucleic acid therapeutics,permitted,no,
TMSR140,TOLG014,human_clinical,PMID 28145801; PMCID PMC5467133; doi:10.1089/nat.2016.0650,summary_stat,B_cc_licensed,cc by-nc,cc_nc_noncommercial,,,Nucleic acid therapeutics,permitted,no,
TMSR141,TOLG014,human_clinical,PMID 28145801; PMCID PMC5467133; doi:10.1089/nat.2016.0650,summary_stat,B_cc_licensed,cc by-nc,cc_nc_noncommercial,,,Nucleic acid therapeutics,permitted,no,
TMSR142,TOLG014,human_clinical,PMID 28145801; PMCID PMC5467133; doi:10.1089/nat.2016.0650,summary_stat,B_cc_licensed,cc by-nc,cc_nc_noncommercial,,,Nucleic acid therapeutics,permitted,no,
TMSR143,TOLG014,human_clinical,PMID 28145801; PMCID PMC5467133; doi:10.1089/nat.2016.0650,summary_stat,B_cc_licensed,cc by-nc,cc_nc_noncommercial,,,Nucleic acid therapeutics,permitted,no,
TMSR144,TOLG014,human_clinical,PMID 28145801; PMCID PMC5467133; doi:10.1089/nat.2016.0650,summary_stat,B_cc_licensed,cc by-nc,cc_nc_noncommercial,,,Nucleic acid therapeutics,permitted,no,
TMSR145,TOLG014,human_clinical,PMID 28145801; PMCID PMC5467133; doi:10.1089/nat.2016.0650,summary_stat,B_cc_licensed,cc by-nc,cc_nc_noncommercial,,,Nucleic acid therapeutics,permitted,no,
TMSR146,TOLG014,human_clinical,PMID 28145801; PMCID PMC5467133; doi:10.1089/nat.2016.0650,summary_stat,B_cc_licensed,cc by-nc,cc_nc_noncommercial,,,Nucleic acid therapeutics,permitted,no,
TMSR147,TOLG014,human_clinical,PMID 28145801; PMCID PMC5467133; doi:10.1089/nat.2016.0650,summary_stat,B_cc_licensed,cc by-nc,cc_nc_noncommercial,,,Nucleic acid therapeutics,permitted,no,
TMSR148,TOLG014,human_clinical,PMID 28145801; PMCID PMC5467133; doi:10.1089/nat.2016.0650,summary_stat,B_cc_licensed,cc by-nc,cc_nc_noncommercial,,,Nucleic acid therapeutics,permitted,no,
TMSR149,TOLG014,human_clinical,PMID 28145801; PMCID PMC5467133; doi:10.1089/nat.2016.0650,summary_stat,B_cc_licensed,cc by-nc,cc_nc_noncommercial,,,Nucleic acid therapeutics,permitted,no,
TMSR150,TOLG014,human_clinical,PMID 28145801; PMCID PMC5467133; doi:10.1089/nat.2016.0650,summary_stat,B_cc_licensed,cc by-nc,cc_nc_noncommercial,,,Nucleic acid therapeutics,permitted,no,
TMSR151,TOLG014,human_clinical,PMID 28145801; PMCID PMC5467133; doi:10.1089/nat.2016.0650,summary_stat,B_cc_licensed,cc by-nc,cc_nc_noncommercial,,,Nucleic acid therapeutics,permitted,no,
TMSR152,TOLG014,human_clinical,PMID 28145801; PMCID PMC5467133; doi:10.1089/nat.2016.0650,summary_stat,B_cc_licensed,cc by-nc,cc_nc_noncommercial,,,Nucleic acid therapeutics,permitted,no,
TMSR153,TOLG014,human_clinical,PMID 28145801; PMCID PMC5467133; doi:10.1089/nat.2016.0650,summary_stat,B_cc_licensed,cc by-nc,cc_nc_noncommercial,,,Nucleic acid therapeutics,permitted,no,
TMSR154,TOLG014,human_clinical,PMID 28145801; PMCID PMC5467133; doi:10.1089/nat.2016.0650,summary_stat,B_cc_licensed,cc by-nc,cc_nc_noncommercial,,,Nucleic acid therapeutics,permitted,no,
TMSR155,TOLG014,human_clinical,PMID 28145801; PMCID PMC5467133; doi:10.1089/nat.2016.0650,summary_stat,B_cc_licensed,cc by-nc,cc_nc_noncommercial,,,Nucleic acid therapeutics,permitted,no,
TMSR156,TOLG014,human_clinical,PMID 28145801; PMCID PMC5467133; doi:10.1089/nat.2016.0650,summary_stat,B_cc_licensed,cc by-nc,cc_nc_noncommercial,,,Nucleic acid therapeutics,permitted,no,
TMSR157,TOLG014,human_clinical,PMID 28145801; PMCID PMC5467133; doi:10.1089/nat.2016.0650,summary_stat,B_cc_licensed,cc by-nc,cc_nc_noncommercial,,,Nucleic acid therapeutics,permitted,no,
TMSR158,TOLG014,human_clinical,PMID 28145801; PMCID PMC5467133; doi:10.1089/nat.2016.0650,summary_stat,B_cc_licensed,cc by-nc,cc_nc_noncommercial,,,Nucleic acid therapeutics,permitted,no,
TMSR159,TOLG014,human_clinical,PMID 28145801; PMCID PMC5467133; doi:10.1089/nat.2016.0650,summary_stat,B_cc_licensed,cc by-nc,cc_nc_noncommercial,,,Nucleic acid therapeutics,permitted,no,
TMSR160,TOLG014,human_clinical,PMID 28145801; PMCID PMC5467133; doi:10.1089/nat.2016.0650,summary_stat,B_cc_licensed,cc by-nc,cc_nc_noncommercial,,,Nucleic acid therapeutics,permitted,no,
TMSR161,TOLG014,human_clinical,PMID 28145801; PMCID PMC5467133; doi:10.1089/nat.2016.0650,summary_stat,B_cc_licensed,cc by-nc,cc_nc_noncommercial,,,Nucleic acid therapeutics,permitted,no,
TMSR162,TOLG014,human_clinical,PMID 28145801; PMCID PMC5467133; doi:10.1089/nat.2016.0650,summary_stat,B_cc_licensed,cc by-nc,cc_nc_noncommercial,,,Nucleic acid therapeutics,permitted,no,
TMSR163,TOLG014,human_clinical,PMID 28145801; PMCID PMC5467133; doi:10.1089/nat.2016.0650,summary_stat,B_cc_licensed,cc by-nc,cc_nc_noncommercial,,,Nucleic acid therapeutics,permitted,no,
TMSR164,TOLG014,human_clinical,PMID 28145801; PMCID PMC5467133; doi:10.1089/nat.2016.0650,summary_stat,B_cc_licensed,cc by-nc,cc_nc_noncommercial,,,Nucleic acid therapeutics,permitted,no,
TMSR165,TOLG014,human_clinical,PMID 28145801; PMCID PMC5467133; doi:10.1089/nat.2016.0650,summary_stat,B_cc_licensed,cc by-nc,cc_nc_noncommercial,,,Nucleic acid therapeutics,permitted,no,
TMSR166,TOLG014,human_clinical,PMID 28145801; PMCID PMC5467133; doi:10.1089/nat.2016.0650,summary_stat,B_cc_licensed,cc by-nc,cc_nc_noncommercial,,,Nucleic acid therapeutics,permitted,no,
TMSR167,TOLG014,human_clinical,PMID 28145801; PMCID PMC5467133; doi:10.1089/nat.2016.0650,summary_stat,B_cc_licensed,cc by-nc,cc_nc_noncommercial,,,Nucleic acid therapeutics,permitted,no,
TMSR168,TOLG014,human_clinical,PMID 28145801; PMCID PMC5467133; doi:10.1089/nat.2016.0650,summary_stat,B_cc_licensed,cc by-nc,cc_nc_noncommercial,,,Nucleic acid therapeutics,permitted,no,
TMSR169,TOLG014,human_clinical,PMID 28145801; PMCID PMC5467133; doi:10.1089/nat.2016.0650,summary_stat,B_cc_licensed,cc by-nc,cc_nc_noncommercial,,,Nucleic acid therapeutics,permitted,no,
TMSR170,TOLG014,human_clinical,PMID 28145801; PMCID PMC5467133; doi:10.1089/nat.2016.0650,summary_stat,B_cc_licensed,cc by-nc,cc_nc_noncommercial,,,Nucleic acid therapeutics,permitted,no,
TMSR171,TOLG014,human_clinical,PMID 28145801; PMCID PMC5467133; doi:10.1089/nat.2016.0650,summary_stat,B_cc_licensed,cc by-nc,cc_nc_noncommercial,,,Nucleic acid therapeutics,permitted,no,
TMSR172,TOLG014,human_clinical,PMID 28145801; PMCID PMC5467133; doi:10.1089/nat.2016.0650,summary_stat,B_cc_licensed,cc by-nc,cc_nc_noncommercial,,,Nucleic acid therapeutics,permitted,no,
TMSR173,TOLG014,human_clinical,PMID 28145801; PMCID PMC5467133; doi:10.1089/nat.2016.0650,summary_stat,B_cc_licensed,cc by-nc,cc_nc_noncommercial,,,Nucleic acid therapeutics,permitted,no,
TMSR174,TOLG014,human_clinical,PMID 28145801; PMCID PMC5467133; doi:10.1089/nat.2016.0650,summary_stat,B_cc_licensed,cc by-nc,cc_nc_noncommercial,,,Nucleic acid therapeutics,permitted,no,
TMSR175,TOLG014,human_clinical,PMID 28145801; PMCID PMC5467133; doi:10.1089/nat.2016.0650,summary_stat,B_cc_licensed,cc by-nc,cc_nc_noncommercial,,,Nucleic acid therapeutics,permitted,no,
TMSR176,TOLG014,human_clinical,PMID 28145801; PMCID PMC5467133; doi:10.1089/nat.2016.0650,summary_stat,B_cc_licensed,cc by-nc,cc_nc_noncommercial,,,Nucleic acid therapeutics,permitted,no,
TMSR177,TOLG014,human_clinical,PMID 28145801; PMCID PMC5467133; doi:10.1089/nat.2016.0650,summary_stat,B_cc_licensed,cc by-nc,cc_nc_noncommercial,,,Nucleic acid therapeutics,permitted,no,
TMSR178,TOLG014,human_clinical,PMID 28145801; PMCID PMC5467133; doi:10.1089/nat.2016.0650,summary_stat,B_cc_licensed,cc by-nc,cc_nc_noncommercial,,,Nucleic acid therapeutics,permitted,no,
TMSR179,TOLG014,human_clinical,PMID 28145801; PMCID PMC5467133; doi:10.1089/nat.2016.0650,summary_stat,B_cc_licensed,cc by-nc,cc_nc_noncommercial,,,Nucleic acid therapeutics,permitted,no,
TMSR180,TOLG014,human_clinical,PMID 28145801; PMCID PMC5467133; doi:10.1089/nat.2016.0650,summary_stat,B_cc_licensed,cc by-nc,cc_nc_noncommercial,,,Nucleic acid therapeutics,permitted,no,
TMSR181,TOLG014,human_clinical,PMID 28145801; PMCID PMC5467133; doi:10.1089/nat.2016.0650,summary_stat,B_cc_licensed,cc by-nc,cc_nc_noncommercial,,,Nucleic acid therapeutics,permitted,no,
TMSR182,TOLG014,human_clinical,PMID 28145801; PMCID PMC5467133; doi:10.1089/nat.2016.0650,summary_stat,B_cc_licensed,cc by-nc,cc_nc_noncommercial,,,Nucleic acid therapeutics,permitted,no,
TMSR183,TOLG014,human_clinical,PMID 28145801; PMCID PMC5467133; doi:10.1089/nat.2016.0650,summary_stat,B_cc_licensed,cc by-nc,cc_nc_noncommercial,,,Nucleic acid therapeutics,permitted,no,
TMSR184,TOLG014,human_clinical,PMID 28145801; PMCID PMC5467133; doi:10.1089/nat.2016.0650,summary_stat,B_cc_licensed,cc by-nc,cc_nc_noncommercial,,,Nucleic acid therapeutics,permitted,no,
TMSR185,TOLG014,human_clinical,PMID 28145801; PMCID PMC5467133; doi:10.1089/nat.2016.0650,summary_stat,B_cc_licensed,cc by-nc,cc_nc_noncommercial,,,Nucleic acid therapeutics,permitted,no,
TMSR186,TOLG014,human_clinical,PMID 28145801; PMCID PMC5467133; doi:10.1089/nat.2016.0650,summary_stat,B_cc_licensed,cc by-nc,cc_nc_noncommercial,,,Nucleic acid therapeutics,permitted,no,
TMSR187,TOLG014,human_clinical,PMID 28145801; PMCID PMC5467133; doi:10.1089/nat.2016.0650,summary_stat,B_cc_licensed,cc by-nc,cc_nc_noncommercial,,,Nucleic acid therapeutics,permitted,no,
TMSR188,TOLG014,human_clinical,PMID 28145801; PMCID PMC5467133; doi:10.1089/nat.2016.0650,summary_stat,B_cc_licensed,cc by-nc,cc_nc_noncommercial,,,Nucleic acid therapeutics,permitted,no,
TMSR189,TOLG014,human_clinical,PMID 28145801; PMCID PMC5467133; doi:10.1089/nat.2016.0650,summary_stat,B_cc_licensed,cc by-nc,cc_nc_noncommercial,,,Nucleic acid therapeutics,permitted,no,
TMSR190,TOLG014,human_clinical,PMID 28145801; PMCID PMC5467133; doi:10.1089/nat.2016.0650,summary_stat,B_cc_licensed,cc by-nc,cc_nc_noncommercial,,,Nucleic acid therapeutics,permitted,no,
TMSR191,TOLG014,human_clinical,PMID 28145801; PMCID PMC5467133; doi:10.1089/nat.2016.0650,summary_stat,B_cc_licensed,cc by-nc,cc_nc_noncommercial,,,Nucleic acid therapeutics,permitted,no,
TMSR192,TOLG014,human_clinical,PMID 28145801; PMCID PMC5467133; doi:10.1089/nat.2016.0650,summary_stat,B_cc_licensed,cc by-nc,cc_nc_noncommercial,,,Nucleic acid therapeutics,permitted,no,
TMSR193,TOLG014,human_clinical,PMID 28145801; PMCID PMC5467133; doi:10.1089/nat.2016.0650,summary_stat,B_cc_licensed,cc by-nc,cc_nc_noncommercial,,,Nucleic acid therapeutics,permitted,no,
TMSR194,TOLG014,human_clinical,PMID 28145801; PMCID PMC5467133; doi:10.1089/nat.2016.0650,summary_stat,B_cc_licensed,cc by-nc,cc_nc_noncommercial,,,Nucleic acid therapeutics,permitted,no,
TMSR195,TOLG014,human_clinical,PMID 28145801; PMCID PMC5467133; doi:10.1089/nat.2016.0650,summary_stat,B_cc_licensed,cc by-nc,cc_nc_noncommercial,,,Nucleic acid therapeutics,permitted,no,
TMSR196,TOLG014,human_clinical,PMID 28145801; PMCID PMC5467133; doi:10.1089/nat.2016.0650,summary_stat,B_cc_licensed,cc by-nc,cc_nc_noncommercial,,,Nucleic acid therapeutics,permitted,no,
TMSR197,TOLG014,human_clinical,PMID 28145801; PMCID PMC5467133; doi:10.1089/nat.2016.0650,summary_stat,B_cc_licensed,cc by-nc,cc_nc_noncommercial,,,Nucleic acid therapeutics,permitted,no,
TMSR198,TOLG014,human_clinical,PMID 28145801; PMCID PMC5467133; doi:10.1089/nat.2016.0650,summary_stat,B_cc_licensed,cc by-nc,cc_nc_noncommercial,,,Nucleic acid therapeutics,permitted,no,
TMSR199,TOLG014,human_clinical,PMID 28145801; PMCID PMC5467133; doi:10.1089/nat.2016.0650,summary_stat,B_cc_licensed,cc by-nc,cc_nc_noncommercial,,,Nucleic acid therapeutics,permitted,no,
TMSR200,TOLG014,human_clinical,PMID 28145801; PMCID PMC5467133; doi:10.1089/nat.2016.0650,summary_stat,B_cc_licensed,cc by-nc,cc_nc_noncommercial,,,Nucleic acid therapeutics,permitted,no,
TMSR201,TOLG014,human_clinical,PMID 28145801; PMCID PMC5467133; doi:10.1089/nat.2016.0650,summary_stat,B_cc_licensed,cc by-nc,cc_nc_noncommercial,,,Nucleic acid therapeutics,permitted,no,
TMSR202,TOLG014,human_clinical,PMID 28145801; PMCID PMC5467133; doi:10.1089/nat.2016.0650,summary_stat,B_cc_licensed,cc by-nc,cc_nc_noncommercial,,,Nucleic acid therapeutics,permitted,no,
TMSR203,TOLG014,human_clinical,PMID 28145801; PMCID PMC5467133; doi:10.1089/nat.2016.0650,summary_stat,B_cc_licensed,cc by-nc,cc_nc_noncommercial,,,Nucleic acid therapeutics,permitted,no,
TMSR204,TOLG014,human_clinical,PMID 28145801; PMCID PMC5467133; doi:10.1089/nat.2016.0650,summary_stat,B_cc_licensed,cc by-nc,cc_nc_noncommercial,,,Nucleic acid therapeutics,permitted,no,
TMSR205,TOLG014,human_clinical,PMID 28145801; PMCID PMC5467133; doi:10.1089/nat.2016.0650,summary_stat,B_cc_licensed,cc by-nc,cc_nc_noncommercial,,,Nucleic acid therapeutics,permitted,no,
TMSR206,TOLG014,human_clinical,PMID 28145801; PMCID PMC5467133; doi:10.1089/nat.2016.0650,summary_stat,B_cc_licensed,cc by-nc,cc_nc_noncommercial,,,Nucleic acid therapeutics,permitted,no,
TMSR207,TOLG014,human_clinical,PMID 28145801; PMCID PMC5467133; doi:10.1089/nat.2016.0650,summary_stat,B_cc_licensed,cc by-nc,cc_nc_noncommercial,,,Nucleic acid therapeutics,permitted,no,
TMSR208,TOLG014,human_clinical,PMID 28145801; PMCID PMC5467133; doi:10.1089/nat.2016.0650,summary_stat,B_cc_licensed,cc by-nc,cc_nc_noncommercial,,,Nucleic acid therapeutics,permitted,no,
TMSR209,TOLG014,human_clinical,PMID 28145801; PMCID PMC5467133; doi:10.1089/nat.2016.0650,summary_stat,B_cc_licensed,cc by-nc,cc_nc_noncommercial,,,Nucleic acid therapeutics,permitted,no,
TMSR210,TOLG014,human_clinical,PMID 28145801; PMCID PMC5467133; doi:10.1089/nat.2016.0650,summary_stat,B_cc_licensed,cc by-nc,cc_nc_noncommercial,,,Nucleic acid therapeutics,permitted,no,
TMSR211,TOLG014,human_clinical,PMID 28145801; PMCID PMC5467133; doi:10.1089/nat.2016.0650,summary_stat,B_cc_licensed,cc by-nc,cc_nc_noncommercial,,,Nucleic acid therapeutics,permitted,no,
TMSR212,TOLG014,human_clinical,PMID 28145801; PMCID PMC5467133; doi:10.1089/nat.2016.0650,summary_stat,B_cc_licensed,cc by-nc,cc_nc_noncommercial,,,Nucleic acid therapeutics,permitted,no,
TMSR213,TOLG014,human_clinical,PMID 28145801; PMCID PMC5467133; doi:10.1089/nat.2016.0650,summary_stat,B_cc_licensed,cc by-nc,cc_nc_noncommercial,,,Nucleic acid therapeutics,permitted,no,
TMSR214,TOLG014,human_clinical,PMID 28145801; PMCID PMC5467133; doi:10.1089/nat.2016.0650,summary_stat,B_cc_licensed,cc by-nc,cc_nc_noncommercial,,,Nucleic acid therapeutics,permitted,no,
TMSR215,TOLG014,human_clinical,PMID 28145801; PMCID PMC5467133; doi:10.1089/nat.2016.0650,summary_stat,B_cc_licensed,cc by-nc,cc_nc_noncommercial,,,Nucleic acid therapeutics,permitted,no,
TMSR216,TOLG014,human_clinical,PMID 28145801; PMCID PMC5467133; doi:10.1089/nat.2016.0650,summary_stat,B_cc_licensed,cc by-nc,cc_nc_noncommercial,,,Nucleic acid therapeutics,permitted,no,
TMSR217,TOLG014,human_clinical,PMID 28145801; PMCID PMC5467133; doi:10.1089/nat.2016.0650,summary_stat,B_cc_licensed,cc by-nc,cc_nc_noncommercial,,,Nucleic acid therapeutics,permitted,no,
TMSR218,TOLG014,human_clinical,PMID 28145801; PMCID PMC5467133; doi:10.1089/nat.2016.0650,summary_stat,B_cc_licensed,cc by-nc,cc_nc_noncommercial,,,Nucleic acid therapeutics,permitted,no,
TMSR219,TOLG014,human_clinical,PMID 28145801; PMCID PMC5467133; doi:10.1089/nat.2016.0650,summary_stat,B_cc_licensed,cc by-nc,cc_nc_noncommercial,,,Nucleic acid therapeutics,permitted,no,
TMSR220,TOLG014,human_clinical,PMID 28145801; PMCID PMC5467133; doi:10.1089/nat.2016.0650,summary_stat,B_cc_licensed,cc by-nc,cc_nc_noncommercial,,,Nucleic acid therapeutics,permitted,no,
TMSR221,TOLG014,human_clinical,PMID 28145801; PMCID PMC5467133; doi:10.1089/nat.2016.0650,summary_stat,B_cc_licensed,cc by-nc,cc_nc_noncommercial,,,Nucleic acid therapeutics,permitted,no,
TMSR222,TOLG014,human_clinical,PMID 28145801; PMCID PMC5467133; doi:10.1089/nat.2016.0650,summary_stat,B_cc_licensed,cc by-nc,cc_nc_noncommercial,,,Nucleic acid therapeutics,permitted,no,
TMSR223,TOLG014,human_clinical,PMID 28145801; PMCID PMC5467133; doi:10.1089/nat.2016.0650,summary_stat,B_cc_licensed,cc by-nc,cc_nc_noncommercial,,,Nucleic acid therapeutics,permitted,no,
TMSR224,TOLG014,human_clinical,PMID 28145801; PMCID PMC5467133; doi:10.1089/nat.2016.0650,summary_stat,B_cc_licensed,cc by-nc,cc_nc_noncommercial,,,Nucleic acid therapeutics,permitted,no,
TMSR225,TOLG014,human_clinical,PMID 28145801; PMCID PMC5467133; doi:10.1089/nat.2016.0650,summary_stat,B_cc_licensed,cc by-nc,cc_nc_noncommercial,,,Nucleic acid therapeutics,permitted,no,
TMSR226,TOLG014,human_clinical,PMID 28145801; PMCID PMC5467133; doi:10.1089/nat.2016.0650,summary_stat,B_cc_licensed,cc by-nc,cc_nc_noncommercial,,,Nucleic acid therapeutics,permitted,no,
TMSR227,TOLG014,human_clinical,PMID 28145801; PMCID PMC5467133; doi:10.1089/nat.2016.0650,summary_stat,B_cc_licensed,cc by-nc,cc_nc_noncommercial,,,Nucleic acid therapeutics,permitted,no,
TMSR228,TOLG014,human_clinical,PMID 28145801; PMCID PMC5467133; doi:10.1089/nat.2016.0650,summary_stat,B_cc_licensed,cc by-nc,cc_nc_noncommercial,,,Nucleic acid therapeutics,permitted,no,
TMSR229,TOLG014,human_clinical,PMID 28145801; PMCID PMC5467133; doi:10.1089/nat.2016.0650,summary_stat,B_cc_licensed,cc by-nc,cc_nc_noncommercial,,,Nucleic acid therapeutics,permitted,no,
TMSR230,TOLG014,human_clinical,PMID 28145801; PMCID PMC5467133; doi:10.1089/nat.2016.0650,summary_stat,B_cc_licensed,cc by-nc,cc_nc_noncommercial,,,Nucleic acid therapeutics,permitted,no,
TMSR231,TOLG014,human_clinical,PMID 28145801; PMCID PMC5467133; doi:10.1089/nat.2016.0650,summary_stat,B_cc_licensed,cc by-nc,cc_nc_noncommercial,,,Nucleic acid therapeutics,permitted,no,
TMSR232,TOLG014,human_clinical,PMID 28145801; PMCID PMC5467133; doi:10.1089/nat.2016.0650,summary_stat,B_cc_licensed,cc by-nc,cc_nc_noncommercial,,,Nucleic acid therapeutics,permitted,no,
TMSR233,TOLG014,human_clinical,PMID 28145801; PMCID PMC5467133; doi:10.1089/nat.2016.0650,summary_stat,B_cc_licensed,cc by-nc,cc_nc_noncommercial,,,Nucleic acid therapeutics,permitted,no,
TMSR234,TOLG014,human_clinical,PMID 28145801; PMCID PMC5467133; doi:10.1089/nat.2016.0650,summary_stat,B_cc_licensed,cc by-nc,cc_nc_noncommercial,,,Nucleic acid therapeutics,permitted,no,
TMSR235,TOLG014,human_clinical,PMID 28145801; PMCID PMC5467133; doi:10.1089/nat.2016.0650,summary_stat,B_cc_licensed,cc by-nc,cc_nc_noncommercial,,,Nucleic acid therapeutics,permitted,no,
TMSR236,TOLG014,human_clinical,PMID 28145801; PMCID PMC5467133; doi:10.1089/nat.2016.0650,summary_stat,B_cc_licensed,cc by-nc,cc_nc_noncommercial,,,Nucleic acid therapeutics,permitted,no,
TMSR237,TOLG014,human_clinical,PMID 28145801; PMCID PMC5467133; doi:10.1089/nat.2016.0650,summary_stat,B_cc_licensed,cc by-nc,cc_nc_noncommercial,,,Nucleic acid therapeutics,permitted,no,
TMSR238,TOLG014,human_clinical,PMID 28145801; PMCID PMC5467133; doi:10.1089/nat.2016.0650,summary_stat,B_cc_licensed,cc by-nc,cc_nc_noncommercial,,,Nucleic acid therapeutics,permitted,no,
TMSR239,TOLG014,human_clinical,PMID 28145801; PMCID PMC5467133; doi:10.1089/nat.2016.0650,summary_stat,B_cc_licensed,cc by-nc,cc_nc_noncommercial,,,Nucleic acid therapeutics,permitted,no,
TMSR240,TOLG014,human_clinical,PMID 28145801; PMCID PMC5467133; doi:10.1089/nat.2016.0650,summary_stat,B_cc_licensed,cc by-nc,cc_nc_noncommercial,,,Nucleic acid therapeutics,permitted,no,
TMSR241,TOLG014,human_clinical,PMID 28145801; PMCID PMC5467133; doi:10.1089/nat.2016.0650,summary_stat,B_cc_licensed,cc by-nc,cc_nc_noncommercial,,,Nucleic acid therapeutics,permitted,no,
TMSR242,TOLG014,human_clinical,PMID 28145801; PMCID PMC5467133; doi:10.1089/nat.2016.0650,summary_stat,B_cc_licensed,cc by-nc,cc_nc_noncommercial,,,Nucleic acid therapeutics,permitted,no,
TMSR243,TOLG014,human_clinical,PMID 28145801; PMCID PMC5467133; doi:10.1089/nat.2016.0650,summary_stat,B_cc_licensed,cc by-nc,cc_nc_noncommercial,,,Nucleic acid therapeutics,permitted,no,
TMSR244,TOLG014,human_clinical,PMID 28145801; PMCID PMC5467133; doi:10.1089/nat.2016.0650,summary_stat,B_cc_licensed,cc by-nc,cc_nc_noncommercial,,,Nucleic acid therapeutics,permitted,no,
TMSR245,TOLG014,human_clinical,PMID 28145801; PMCID PMC5467133; doi:10.1089/nat.2016.0650,summary_stat,B_cc_licensed,cc by-nc,cc_nc_noncommercial,,,Nucleic acid therapeutics,permitted,no,
TMSR246,TOLG014,human_clinical,PMID 28145801; PMCID PMC5467133; doi:10.1089/nat.2016.0650,summary_stat,B_cc_licensed,cc by-nc,cc_nc_noncommercial,,,Nucleic acid therapeutics,permitted,no,
TMSR247,TOLG014,human_clinical,PMID 28145801; PMCID PMC5467133; doi:10.1089/nat.2016.0650,summary_stat,B_cc_licensed,cc by-nc,cc_nc_noncommercial,,,Nucleic acid therapeutics,permitted,no,
TMSR248,TOLG014,human_clinical,PMID 28145801; PMCID PMC5467133; doi:10.1089/nat.2016.0650,summary_stat,B_cc_licensed,cc by-nc,cc_nc_noncommercial,,,Nucleic acid therapeutics,permitted,no,
TMSR249,TOLG014,human_clinical,PMID 28145801; PMCID PMC5467133; doi:10.1089/nat.2016.0650,summary_stat,B_cc_licensed,cc by-nc,cc_nc_noncommercial,,,Nucleic acid therapeutics,permitted,no,
TMSR250,TOLG014,human_clinical,PMID 28145801; PMCID PMC5467133; doi:10.1089/nat.2016.0650,summary_stat,B_cc_licensed,cc by-nc,cc_nc_noncommercial,,,Nucleic acid therapeutics,permitted,no,
TMSR251,TOLG014,human_clinical,PMID 28145801; PMCID PMC5467133; doi:10.1089/nat.2016.0650,summary_stat,B_cc_licensed,cc by-nc,cc_nc_noncommercial,,,Nucleic acid therapeutics,permitted,no,
TMSR252,TOLG014,human_clinical,PMID 28145801; PMCID PMC5467133; doi:10.1089/nat.2016.0650,summary_stat,B_cc_licensed,cc by-nc,cc_nc_noncommercial,,,Nucleic acid therapeutics,permitted,no,
TMSR253,TOLG014,human_clinical,PMID 28145801; PMCID PMC5467133; doi:10.1089/nat.2016.0650,summary_stat,B_cc_licensed,cc by-nc,cc_nc_noncommercial,,,Nucleic acid therapeutics,permitted,no,
TMSR254,TOLG014,human_clinical,PMID 28145801; PMCID PMC5467133; doi:10.1089/nat.2016.0650,summary_stat,B_cc_licensed,cc by-nc,cc_nc_noncommercial,,,Nucleic acid therapeutics,permitted,no,
TMSR255,TOLG014,human_clinical,PMID 28145801; PMCID PMC5467133; doi:10.1089/nat.2016.0650,summary_stat,B_cc_licensed,cc by-nc,cc_nc_noncommercial,,,Nucleic acid therapeutics,permitted,no,
TMSR256,TOLG014,human_clinical,PMID 28145801; PMCID PMC5467133; doi:10.1089/nat.2016.0650,summary_stat,B_cc_licensed,cc by-nc,cc_nc_noncommercial,,,Nucleic acid therapeutics,permitted,no,
TMSR257,TOLG014,human_clinical,PMID 28145801; PMCID PMC5467133; doi:10.1089/nat.2016.0650,summary_stat,B_cc_licensed,cc by-nc,cc_nc_noncommercial,,,Nucleic acid therapeutics,permitted,no,
TMSR258,TOLG014,human_clinical,PMID 28145801; PMCID PMC5467133; doi:10.1089/nat.2016.0650,summary_stat,B_cc_licensed,cc by-nc,cc_nc_noncommercial,,,Nucleic acid therapeutics,permitted,no,
TMSR259,TOLG014,human_clinical,PMID 28145801; PMCID PMC5467133; doi:10.1089/nat.2016.0650,summary_stat,B_cc_licensed,cc by-nc,cc_nc_noncommercial,,,Nucleic acid therapeutics,permitted,no,
TMSR260,TOLG014,human_clinical,PMID 28145801; PMCID PMC5467133; doi:10.1089/nat.2016.0650,summary_stat,B_cc_licensed,cc by-nc,cc_nc_noncommercial,,,Nucleic acid therapeutics,permitted,no,
TMSR261,TOLG014,human_clinical,PMID 28145801; PMCID PMC5467133; doi:10.1089/nat.2016.0650,summary_stat,B_cc_licensed,cc by-nc,cc_nc_noncommercial,,,Nucleic acid therapeutics,permitted,no,
TMSR262,TOLG014,human_clinical,PMID 28145801; PMCID PMC5467133; doi:10.1089/nat.2016.0650,summary_stat,B_cc_licensed,cc by-nc,cc_nc_noncommercial,,,Nucleic acid therapeutics,permitted,no,
TMSR263,TOLG014,human_clinical,PMID 28145801; PMCID PMC5467133; doi:10.1089/nat.2016.0650,summary_stat,B_cc_licensed,cc by-nc,cc_nc_noncommercial,,,Nucleic acid therapeutics,permitted,no,
TMSR264,TOLG014,human_clinical,PMID 28145801; PMCID PMC5467133; doi:10.1089/nat.2016.0650,summary_stat,B_cc_licensed,cc by-nc,cc_nc_noncommercial,,,Nucleic acid therapeutics,permitted,no,
TMSR265,TOLG014,human_clinical,PMID 28145801; PMCID PMC5467133; doi:10.1089/nat.2016.0650,summary_stat,B_cc_licensed,cc by-nc,cc_nc_noncommercial,,,Nucleic acid therapeutics,permitted,no,
TMSR266,TOLG014,human_clinical,PMID 28145801; PMCID PMC5467133; doi:10.1089/nat.2016.0650,summary_stat,B_cc_licensed,cc by-nc,cc_nc_noncommercial,,,Nucleic acid therapeutics,permitted,no,
TMSR267,TOLG014,human_clinical,PMID 28145801; PMCID PMC5467133; doi:10.1089/nat.2016.0650,summary_stat,B_cc_licensed,cc by-nc,cc_nc_noncommercial,,,Nucleic acid therapeutics,permitted,no,
TMSR268,TOLG014,human_clinical,PMID 28145801; PMCID PMC5467133; doi:10.1089/nat.2016.0650,summary_stat,B_cc_licensed,cc by-nc,cc_nc_noncommercial,,,Nucleic acid therapeutics,permitted,no,
TMSR269,TOLG014,human_clinical,PMID 28145801; PMCID PMC5467133; doi:10.1089/nat.2016.0650,summary_stat,B_cc_licensed,cc by-nc,cc_nc_noncommercial,,,Nucleic acid therapeutics,permitted,no,
TMSR270,TOLG014,human_clinical,PMID 28145801; PMCID PMC5467133; doi:10.1089/nat.2016.0650,summary_stat,B_cc_licensed,cc by-nc,cc_nc_noncommercial,,,Nucleic acid therapeutics,permitted,no,
TMSR271,TOLG014,human_clinical,PMID 28145801; PMCID PMC5467133; doi:10.1089/nat.2016.0650,summary_stat,B_cc_licensed,cc by-nc,cc_nc_noncommercial,,,Nucleic acid therapeutics,permitted,no,
TMSR272,TOLG014,human_clinical,PMID 28145801; PMCID PMC5467133; doi:10.1089/nat.2016.0650,summary_stat,B_cc_licensed,cc by-nc,cc_nc_noncommercial,,,Nucleic acid therapeutics,permitted,no,
TMSR273,TOLG014,human_clinical,PMID 28145801; PMCID PMC5467133; doi:10.1089/nat.2016.0650,summary_stat,B_cc_licensed,cc by-nc,cc_nc_noncommercial,,,Nucleic acid therapeutics,permitted,no,
TMSR274,TOLG014,human_clinical,PMID 28145801; PMCID PMC5467133; doi:10.1089/nat.2016.0650,summary_stat,B_cc_licensed,cc by-nc,cc_nc_noncommercial,,,Nucleic acid therapeutics,permitted,no,
TMSR275,TOLG014,human_clinical,PMID 28145801; PMCID PMC5467133; doi:10.1089/nat.2016.0650,summary_stat,B_cc_licensed,cc by-nc,cc_nc_noncommercial,,,Nucleic acid therapeutics,permitted,no,
TMSR276,TOLG014,human_clinical,PMID 28145801; PMCID PMC5467133; doi:10.1089/nat.2016.0650,summary_stat,B_cc_licensed,cc by-nc,cc_nc_noncommercial,,,Nucleic acid therapeutics,permitted,no,
TMSR277,TOLG014,human_clinical,PMID 28145801; PMCID PMC5467133; doi:10.1089/nat.2016.0650,summary_stat,B_cc_licensed,cc by-nc,cc_nc_noncommercial,,,Nucleic acid therapeutics,permitted,no,
TMSR278,TOLG014,human_clinical,PMID 28145801; PMCID PMC5467133; doi:10.1089/nat.2016.0650,summary_stat,B_cc_licensed,cc by-nc,cc_nc_noncommercial,,,Nucleic acid therapeutics,permitted,no,
TMSR279,TOLG014,human_clinical,PMID 28145801; PMCID PMC5467133; doi:10.1089/nat.2016.0650,summary_stat,B_cc_licensed,cc by-nc,cc_nc_noncommercial,,,Nucleic acid therapeutics,permitted,no,
TMSR280,TOLG014,human_clinical,PMID 28145801; PMCID PMC5467133; doi:10.1089/nat.2016.0650,summary_stat,B_cc_licensed,cc by-nc,cc_nc_noncommercial,,,Nucleic acid therapeutics,permitted,no,
TMSR281,TOLG014,human_clinical,PMID 28145801; PMCID PMC5467133; doi:10.1089/nat.2016.0650,summary_stat,B_cc_licensed,cc by-nc,cc_nc_noncommercial,,,Nucleic acid therapeutics,permitted,no,
TMSR282,TOLG014,human_clinical,PMID 28145801; PMCID PMC5467133; doi:10.1089/nat.2016.0650,summary_stat,B_cc_licensed,cc by-nc,cc_nc_noncommercial,,,Nucleic acid therapeutics,permitted,no,
TMSR283,TOLG014,human_clinical,PMID 28145801; PMCID PMC5467133; doi:10.1089/nat.2016.0650,summary_stat,B_cc_licensed,cc by-nc,cc_nc_noncommercial,,,Nucleic acid therapeutics,permitted,no,
TMSR284,TOLG014,human_clinical,PMID 28145801; PMCID PMC5467133; doi:10.1089/nat.2016.0650,summary_stat,B_cc_licensed,cc by-nc,cc_nc_noncommercial,,,Nucleic acid therapeutics,permitted,no,
TMSR285,TOLG014,human_clinical,PMID 28145801; PMCID PMC5467133; doi:10.1089/nat.2016.0650,summary_stat,B_cc_licensed,cc by-nc,cc_nc_noncommercial,,,Nucleic acid therapeutics,permitted,no,
TMSR286,TOLG014,human_clinical,PMID 28145801; PMCID PMC5467133; doi:10.1089/nat.2016.0650,summary_stat,B_cc_licensed,cc by-nc,cc_nc_noncommercial,,,Nucleic acid therapeutics,permitted,no,
TMSR287,TOLG014,human_clinical,PMID 28145801; PMCID PMC5467133; doi:10.1089/nat.2016.0650,summary_stat,B_cc_licensed,cc by-nc,cc_nc_noncommercial,,,Nucleic acid therapeutics,permitted,no,
TMSR288,TOLG014,human_clinical,PMID 28145801; PMCID PMC5467133; doi:10.1089/nat.2016.0650,summary_stat,B_cc_licensed,cc by-nc,cc_nc_noncommercial,,,Nucleic acid therapeutics,permitted,no,
TMSR289,TOLG014,human_clinical,PMID 28145801; PMCID PMC5467133; doi:10.1089/nat.2016.0650,summary_stat,B_cc_licensed,cc by-nc,cc_nc_noncommercial,,,Nucleic acid therapeutics,permitted,no,
TMSR290,TOLG014,human_clinical,PMID 28145801; PMCID PMC5467133; doi:10.1089/nat.2016.0650,summary_stat,B_cc_licensed,cc by-nc,cc_nc_noncommercial,,,Nucleic acid therapeutics,permitted,no,
TMSR291,TOLG014,human_clinical,PMID 28145801; PMCID PMC5467133; doi:10.1089/nat.2016.0650,summary_stat,B_cc_licensed,cc by-nc,cc_nc_noncommercial,,,Nucleic acid therapeutics,permitted,no,
TMSR292,TOLG014,human_clinical,PMID 28145801; PMCID PMC5467133; doi:10.1089/nat.2016.0650,summary_stat,B_cc_licensed,cc by-nc,cc_nc_noncommercial,,,Nucleic acid therapeutics,permitted,no,
TMSR293,TOLG014,human_clinical,PMID 28145801; PMCID PMC5467133; doi:10.1089/nat.2016.0650,summary_stat,B_cc_licensed,cc by-nc,cc_nc_noncommercial,,,Nucleic acid therapeutics,permitted,no,
TMSR294,TOLG014,human_clinical,PMID 28145801; PMCID PMC5467133; doi:10.1089/nat.2016.0650,summary_stat,B_cc_licensed,cc by-nc,cc_nc_noncommercial,,,Nucleic acid therapeutics,permitted,no,
TMSR295,TOLG014,human_clinical,PMID 28145801; PMCID PMC5467133; doi:10.1089/nat.2016.0650,summary_stat,B_cc_licensed,cc by-nc,cc_nc_noncommercial,,,Nucleic acid therapeutics,permitted,no,
TMSR296,TOLG014,human_clinical,PMID 28145801; PMCID PMC5467133; doi:10.1089/nat.2016.0650,summary_stat,B_cc_licensed,cc by-nc,cc_nc_noncommercial,,,Nucleic acid therapeutics,permitted,no,
TMSR297,TOLG014,human_clinical,PMID 28145801; PMCID PMC5467133; doi:10.1089/nat.2016.0650,summary_stat,B_cc_licensed,cc by-nc,cc_nc_noncommercial,,,Nucleic acid therapeutics,permitted,no,
TMSR298,TOLG014,human_clinical,PMID 28145801; PMCID PMC5467133; doi:10.1089/nat.2016.0650,summary_stat,B_cc_licensed,cc by-nc,cc_nc_noncommercial,,,Nucleic acid therapeutics,permitted,no,
TMSR299,TOLG014,human_clinical,PMID 28145801; PMCID PMC5467133; doi:10.1089/nat.2016.0650,summary_stat,B_cc_licensed,cc by-nc,cc_nc_noncommercial,,,Nucleic acid therapeutics,permitted,no,
TMSR300,TOLG014,human_clinical,PMID 28145801; PMCID PMC5467133; doi:10.1089/nat.2016.0650,summary_stat,B_cc_licensed,cc by-nc,cc_nc_noncommercial,,,Nucleic acid therapeutics,permitted,no,
TMSR301,TOLG014,human_clinical,PMID 28145801; PMCID PMC5467133; doi:10.1089/nat.2016.0650,summary_stat,B_cc_licensed,cc by-nc,cc_nc_noncommercial,,,Nucleic acid therapeutics,permitted,no,
TMSR302,TOLG014,human_clinical,PMID 28145801; PMCID PMC5467133; doi:10.1089/nat.2016.0650,summary_stat,B_cc_licensed,cc by-nc,cc_nc_noncommercial,,,Nucleic acid therapeutics,permitted,no,
TMSR303,TOLG014,human_clinical,PMID 28145801; PMCID PMC5467133; doi:10.1089/nat.2016.0650,summary_stat,B_cc_licensed,cc by-nc,cc_nc_noncommercial,,,Nucleic acid therapeutics,permitted,no,
TMSR304,TOLG014,human_clinical,PMID 28145801; PMCID PMC5467133; doi:10.1089/nat.2016.0650,summary_stat,B_cc_licensed,cc by-nc,cc_nc_noncommercial,,,Nucleic acid therapeutics,permitted,no,
TMSR305,TOLG014,human_clinical,PMID 28145801; PMCID PMC5467133; doi:10.1089/nat.2016.0650,summary_stat,B_cc_licensed,cc by-nc,cc_nc_noncommercial,,,Nucleic acid therapeutics,permitted,no,
TMSR306,TOLG014,human_clinical,PMID 28145801; PMCID PMC5467133; doi:10.1089/nat.2016.0650,summary_stat,B_cc_licensed,cc by-nc,cc_nc_noncommercial,,,Nucleic acid therapeutics,permitted,no,
TMSR307,TOLG014,human_clinical,PMID 28145801; PMCID PMC5467133; doi:10.1089/nat.2016.0650,summary_stat,B_cc_licensed,cc by-nc,cc_nc_noncommercial,,,Nucleic acid therapeutics,permitted,no,
TMSR308,TOLG014,human_clinical,PMID 28145801; PMCID PMC5467133; doi:10.1089/nat.2016.0650,summary_stat,B_cc_licensed,cc by-nc,cc_nc_noncommercial,,,Nucleic acid therapeutics,permitted,no,
TMSR309,TOLG014,human_clinical,PMID 28145801; PMCID PMC5467133; doi:10.1089/nat.2016.0650,summary_stat,B_cc_licensed,cc by-nc,cc_nc_noncommercial,,,Nucleic acid therapeutics,permitted,no,
TMSR310,TOLG014,human_clinical,PMID 28145801; PMCID PMC5467133; doi:10.1089/nat.2016.0650,summary_stat,B_cc_licensed,cc by-nc,cc_nc_noncommercial,,,Nucleic acid therapeutics,permitted,no,
TMSR311,TOLG014,human_clinical,PMID 28145801; PMCID PMC5467133; doi:10.1089/nat.2016.0650,summary_stat,B_cc_licensed,cc by-nc,cc_nc_noncommercial,,,Nucleic acid therapeutics,permitted,no,
TMSR312,TOLG014,human_clinical,PMID 28145801; PMCID PMC5467133; doi:10.1089/nat.2016.0650,summary_stat,B_cc_licensed,cc by-nc,cc_nc_noncommercial,,,Nucleic acid therapeutics,permitted,no,
TMSR313,TOLG014,human_clinical,PMID 28145801; PMCID PMC5467133; doi:10.1089/nat.2016.0650,summary_stat,B_cc_licensed,cc by-nc,cc_nc_noncommercial,,,Nucleic acid therapeutics,permitted,no,
TMSR314,TOLG014,human_clinical,PMID 28145801; PMCID PMC5467133; doi:10.1089/nat.2016.0650,summary_stat,B_cc_licensed,cc by-nc,cc_nc_noncommercial,,,Nucleic acid therapeutics,permitted,no,
TMSR315,TOLG014,human_clinical,PMID 28145801; PMCID PMC5467133; doi:10.1089/nat.2016.0650,summary_stat,B_cc_licensed,cc by-nc,cc_nc_noncommercial,,,Nucleic acid therapeutics,permitted,no,
TMSR316,TOLG014,human_clinical,PMID 28145801; PMCID PMC5467133; doi:10.1089/nat.2016.0650,summary_stat,B_cc_licensed,cc by-nc,cc_nc_noncommercial,,,Nucleic acid therapeutics,permitted,no,
TMSR317,TOLG014,human_clinical,PMID 28145801; PMCID PMC5467133; doi:10.1089/nat.2016.0650,summary_stat,B_cc_licensed,cc by-nc,cc_nc_noncommercial,,,Nucleic acid therapeutics,permitted,no,
TMSR318,TOLG014,human_clinical,PMID 28145801; PMCID PMC5467133; doi:10.1089/nat.2016.0650,summary_stat,B_cc_licensed,cc by-nc,cc_nc_noncommercial,,,Nucleic acid therapeutics,permitted,no,
TMSR319,TOLG014,human_clinical,PMID 28145801; PMCID PMC5467133; doi:10.1089/nat.2016.0650,summary_stat,B_cc_licensed,cc by-nc,cc_nc_noncommercial,,,Nucleic acid therapeutics,permitted,no,
TMSR320,TOLG014,human_clinical,PMID 28145801; PMCID PMC5467133; doi:10.1089/nat.2016.0650,summary_stat,B_cc_licensed,cc by-nc,cc_nc_noncommercial,,,Nucleic acid therapeutics,permitted,no,
TMSR321,TOLG014,human_clinical,PMID 28145801; PMCID PMC5467133; doi:10.1089/nat.2016.0650,summary_stat,B_cc_licensed,cc by-nc,cc_nc_noncommercial,,,Nucleic acid therapeutics,permitted,no,
TMSR322,TOLG014,human_clinical,PMID 28145801; PMCID PMC5467133; doi:10.1089/nat.2016.0650,summary_stat,B_cc_licensed,cc by-nc,cc_nc_noncommercial,,,Nucleic acid therapeutics,permitted,no,
TMSR323,TOLG014,human_clinical,PMID 28145801; PMCID PMC5467133; doi:10.1089/nat.2016.0650,summary_stat,B_cc_licensed,cc by-nc,cc_nc_noncommercial,,,Nucleic acid therapeutics,permitted,no,
TMSR324,TOLG014,human_clinical,PMID 28145801; PMCID PMC5467133; doi:10.1089/nat.2016.0650,summary_stat,B_cc_licensed,cc by-nc,cc_nc_noncommercial,,,Nucleic acid therapeutics,permitted,no,
TMSR325,TOLG014,human_clinical,PMID 28145801; PMCID PMC5467133; doi:10.1089/nat.2016.0650,summary_stat,B_cc_licensed,cc by-nc,cc_nc_noncommercial,,,Nucleic acid therapeutics,permitted,no,
TMSR326,TOLG014,human_clinical,PMID 28145801; PMCID PMC5467133; doi:10.1089/nat.2016.0650,summary_stat,B_cc_licensed,cc by-nc,cc_nc_noncommercial,,,Nucleic acid therapeutics,permitted,no,
TMSR327,TOLG014,human_clinical,PMID 28145801; PMCID PMC5467133; doi:10.1089/nat.2016.0650,summary_stat,B_cc_licensed,cc by-nc,cc_nc_noncommercial,,,Nucleic acid therapeutics,permitted,no,
TMSR328,TOLG014,human_clinical,PMID 28145801; PMCID PMC5467133; doi:10.1089/nat.2016.0650,summary_stat,B_cc_licensed,cc by-nc,cc_nc_noncommercial,,,Nucleic acid therapeutics,permitted,no,
TMSR329,TOLG014,human_clinical,PMID 28145801; PMCID PMC5467133; doi:10.1089/nat.2016.0650,summary_stat,B_cc_licensed,cc by-nc,cc_nc_noncommercial,,,Nucleic acid therapeutics,permitted,no,
TMSR330,TOLG014,human_clinical,PMID 28145801; PMCID PMC5467133; doi:10.1089/nat.2016.0650,summary_stat,B_cc_licensed,cc by-nc,cc_nc_noncommercial,,,Nucleic acid therapeutics,permitted,no,
TMSR331,TOLG014,human_clinical,PMID 28145801; PMCID PMC5467133; doi:10.1089/nat.2016.0650,summary_stat,B_cc_licensed,cc by-nc,cc_nc_noncommercial,,,Nucleic acid therapeutics,permitted,no,
TMSR332,TOLG014,human_clinical,PMID 28145801; PMCID PMC5467133; doi:10.1089/nat.2016.0650,summary_stat,B_cc_licensed,cc by-nc,cc_nc_noncommercial,,,Nucleic acid therapeutics,permitted,no,
TMSR333,TOLG014,human_clinical,PMID 28145801; PMCID PMC5467133; doi:10.1089/nat.2016.0650,summary_stat,B_cc_licensed,cc by-nc,cc_nc_noncommercial,,,Nucleic acid therapeutics,permitted,no,
TMSR334,TOLG014,human_clinical,PMID 28145801; PMCID PMC5467133; doi:10.1089/nat.2016.0650,summary_stat,B_cc_licensed,cc by-nc,cc_nc_noncommercial,,,Nucleic acid therapeutics,permitted,no,
TMSR335,TOLG014,human_clinical,PMID 28145801; PMCID PMC5467133; doi:10.1089/nat.2016.0650,summary_stat,B_cc_licensed,cc by-nc,cc_nc_noncommercial,,,Nucleic acid therapeutics,permitted,no,
TMSR336,TOLG014,human_clinical,PMID 28145801; PMCID PMC5467133; doi:10.1089/nat.2016.0650,summary_stat,B_cc_licensed,cc by-nc,cc_nc_noncommercial,,,Nucleic acid therapeutics,permitted,no,
TMSR337,TOLG014,human_clinical,PMID 28145801; PMCID PMC5467133; doi:10.1089/nat.2016.0650,summary_stat,B_cc_licensed,cc by-nc,cc_nc_noncommercial,,,Nucleic acid therapeutics,permitted,no,
TMSR338,TOLG014,human_clinical,PMID 28145801; PMCID PMC5467133; doi:10.1089/nat.2016.0650,summary_stat,B_cc_licensed,cc by-nc,cc_nc_noncommercial,,,Nucleic acid therapeutics,permitted,no,
TMSR339,TOLG014,human_clinical,PMID 28145801; PMCID PMC5467133; doi:10.1089/nat.2016.0650,summary_stat,B_cc_licensed,cc by-nc,cc_nc_noncommercial,,,Nucleic acid therapeutics,permitted,no,
TMSR340,TOLG014,human_clinical,PMID 28145801; PMCID PMC5467133; doi:10.1089/nat.2016.0650,summary_stat,B_cc_licensed,cc by-nc,cc_nc_noncommercial,,,Nucleic acid therapeutics,permitted,no,
TMSR341,TOLG014,human_clinical,PMID 28145801; PMCID PMC5467133; doi:10.1089/nat.2016.0650,summary_stat,B_cc_licensed,cc by-nc,cc_nc_noncommercial,,,Nucleic acid therapeutics,permitted,no,
TMSR342,TOLG014,human_clinical,PMID 28145801; PMCID PMC5467133; doi:10.1089/nat.2016.0650,summary_stat,B_cc_licensed,cc by-nc,cc_nc_noncommercial,,,Nucleic acid therapeutics,permitted,no,
TMSR343,TOLG014,human_clinical,PMID 28145801; PMCID PMC5467133; doi:10.1089/nat.2016.0650,summary_stat,B_cc_licensed,cc by-nc,cc_nc_noncommercial,,,Nucleic acid therapeutics,permitted,no,
TMSR344,TOLG014,human_clinical,PMID 28145801; PMCID PMC5467133; doi:10.1089/nat.2016.0650,summary_stat,B_cc_licensed,cc by-nc,cc_nc_noncommercial,,,Nucleic acid therapeutics,permitted,no,
TMSR345,TOLG014,human_clinical,PMID 28145801; PMCID PMC5467133; doi:10.1089/nat.2016.0650,summary_stat,B_cc_licensed,cc by-nc,cc_nc_noncommercial,,,Nucleic acid therapeutics,permitted,no,
TMSR346,TOLG014,human_clinical,PMID 28145801; PMCID PMC5467133; doi:10.1089/nat.2016.0650,summary_stat,B_cc_licensed,cc by-nc,cc_nc_noncommercial,,,Nucleic acid therapeutics,permitted,no,
TMSR347,TOLG014,human_clinical,PMID 28145801; PMCID PMC5467133; doi:10.1089/nat.2016.0650,summary_stat,B_cc_licensed,cc by-nc,cc_nc_noncommercial,,,Nucleic acid therapeutics,permitted,no,
TMSR348,TOLG014,human_clinical,PMID 28145801; PMCID PMC5467133; doi:10.1089/nat.2016.0650,summary_stat,B_cc_licensed,cc by-nc,cc_nc_noncommercial,,,Nucleic acid therapeutics,permitted,no,
TMSR349,TOLG014,human_clinical,PMID 28145801; PMCID PMC5467133; doi:10.1089/nat.2016.0650,summary_stat,B_cc_licensed,cc by-nc,cc_nc_noncommercial,,,Nucleic acid therapeutics,permitted,no,
TMSR350,TOLG014,human_clinical,PMID 28145801; PMCID PMC5467133; doi:10.1089/nat.2016.0650,summary_stat,B_cc_licensed,cc by-nc,cc_nc_noncommercial,,,Nucleic acid therapeutics,permitted,no,
TMSR351,TOLG014,human_clinical,PMID 28145801; PMCID PMC5467133; doi:10.1089/nat.2016.0650,summary_stat,B_cc_licensed,cc by-nc,cc_nc_noncommercial,,,Nucleic acid therapeutics,permitted,no,
TMSR352,TOLG014,human_clinical,PMID 28145801; PMCID PMC5467133; doi:10.1089/nat.2016.0650,summary_stat,B_cc_licensed,cc by-nc,cc_nc_noncommercial,,,Nucleic acid therapeutics,permitted,no,
TMSR353,TOLG014,human_clinical,PMID 28145801; PMCID PMC5467133; doi:10.1089/nat.2016.0650,summary_stat,B_cc_licensed,cc by-nc,cc_nc_noncommercial,,,Nucleic acid therapeutics,permitted,no,
TMSR354,TOLG014,human_clinical,PMID 28145801; PMCID PMC5467133; doi:10.1089/nat.2016.0650,summary_stat,B_cc_licensed,cc by-nc,cc_nc_noncommercial,,,Nucleic acid therapeutics,permitted,no,
TMSR355,TOLG014,human_clinical,PMID 28145801; PMCID PMC5467133; doi:10.1089/nat.2016.0650,summary_stat,B_cc_licensed,cc by-nc,cc_nc_noncommercial,,,Nucleic acid therapeutics,permitted,no,
TMSR356,TOLG014,human_clinical,PMID 28145801; PMCID PMC5467133; doi:10.1089/nat.2016.0650,summary_stat,B_cc_licensed,cc by-nc,cc_nc_noncommercial,,,Nucleic acid therapeutics,permitted,no,
TMSR357,TOLG014,human_clinical,PMID 28145801; PMCID PMC5467133; doi:10.1089/nat.2016.0650,summary_stat,B_cc_licensed,cc by-nc,cc_nc_noncommercial,,,Nucleic acid therapeutics,permitted,no,
TMSR358,TOLG014,human_clinical,PMID 28145801; PMCID PMC5467133; doi:10.1089/nat.2016.0650,summary_stat,B_cc_licensed,cc by-nc,cc_nc_noncommercial,,,Nucleic acid therapeutics,permitted,no,
TMSR359,TOLG014,human_clinical,PMID 28145801; PMCID PMC5467133; doi:10.1089/nat.2016.0650,summary_stat,B_cc_licensed,cc by-nc,cc_nc_noncommercial,,,Nucleic acid therapeutics,permitted,no,
TMSR360,TOLG014,human_clinical,PMID 28145801; PMCID PMC5467133; doi:10.1089/nat.2016.0650,summary_stat,B_cc_licensed,cc by-nc,cc_nc_noncommercial,,,Nucleic acid therapeutics,permitted,no,
TMSR361,TOLG014,human_clinical,PMID 28145801; PMCID PMC5467133; doi:10.1089/nat.2016.0650,summary_stat,B_cc_licensed,cc by-nc,cc_nc_noncommercial,,,Nucleic acid therapeutics,permitted,no,
TMSR362,TOLG014,human_clinical,PMID 28145801; PMCID PMC5467133; doi:10.1089/nat.2016.0650,summary_stat,B_cc_licensed,cc by-nc,cc_nc_noncommercial,,,Nucleic acid therapeutics,permitted,no,
TMSR363,TOLG014,human_clinical,PMID 28145801; PMCID PMC5467133; doi:10.1089/nat.2016.0650,summary_stat,B_cc_licensed,cc by-nc,cc_nc_noncommercial,,,Nucleic acid therapeutics,permitted,no,
TMSR364,TOLG014,human_clinical,PMID 28145801; PMCID PMC5467133; doi:10.1089/nat.2016.0650,summary_stat,B_cc_licensed,cc by-nc,cc_nc_noncommercial,,,Nucleic acid therapeutics,permitted,no,
TMSR365,TOLG014,human_clinical,PMID 28145801; PMCID PMC5467133; doi:10.1089/nat.2016.0650,summary_stat,B_cc_licensed,cc by-nc,cc_nc_noncommercial,,,Nucleic acid therapeutics,permitted,no,
TMSR366,TOLG014,human_clinical,PMID 28145801; PMCID PMC5467133; doi:10.1089/nat.2016.0650,summary_stat,B_cc_licensed,cc by-nc,cc_nc_noncommercial,,,Nucleic acid therapeutics,permitted,no,
TMSR367,TOLG014,human_clinical,PMID 28145801; PMCID PMC5467133; doi:10.1089/nat.2016.0650,summary_stat,B_cc_licensed,cc by-nc,cc_nc_noncommercial,,,Nucleic acid therapeutics,permitted,no,
TMSR368,TOLG014,human_clinical,PMID 28145801; PMCID PMC5467133; doi:10.1089/nat.2016.0650,summary_stat,B_cc_licensed,cc by-nc,cc_nc_noncommercial,,,Nucleic acid therapeutics,permitted,no,
TMSR369,TOLG014,human_clinical,PMID 28145801; PMCID PMC5467133; doi:10.1089/nat.2016.0650,summary_stat,B_cc_licensed,cc by-nc,cc_nc_noncommercial,,,Nucleic acid therapeutics,permitted,no,
TMSR370,TOLG014,human_clinical,PMID 28145801; PMCID PMC5467133; doi:10.1089/nat.2016.0650,summary_stat,B_cc_licensed,cc by-nc,cc_nc_noncommercial,,,Nucleic acid therapeutics,permitted,no,
TMSR371,TOLG014,human_clinical,PMID 28145801; PMCID PMC5467133; doi:10.1089/nat.2016.0650,summary_stat,B_cc_licensed,cc by-nc,cc_nc_noncommercial,,,Nucleic acid therapeutics,permitted,no,
TMSR372,TOLG014,human_clinical,PMID 28145801; PMCID PMC5467133; doi:10.1089/nat.2016.0650,summary_stat,B_cc_licensed,cc by-nc,cc_nc_noncommercial,,,Nucleic acid therapeutics,permitted,no,
TMSR373,TOLG014,human_clinical,PMID 28145801; PMCID PMC5467133; doi:10.1089/nat.2016.0650,summary_stat,B_cc_licensed,cc by-nc,cc_nc_noncommercial,,,Nucleic acid therapeutics,permitted,no,
TMSR374,TOLG015,multi_species,"doi:10.1177/0192623314551840 — Frazier KS (2015) ""Antisense oligonucleotide therapies: the promise and the cha",summary_stat,C_closed_access,,closed_no_open_licence,,,Toxicologic pathology,DECISION_REQUIRED,PROPOSED_HOLD,"no open licence declared by the publisher; extracted values are facts rather than expression, but the release of facts from a closed-access source is Oscar's call, not this pipeline's"
TMSR375,TOLG015,animal_in_vivo,"doi:10.1177/0192623314551840 — Frazier KS (2015) ""Antisense oligonucleotide therapies: the promise and the cha",summary_stat,C_closed_access,,closed_no_open_licence,,,Toxicologic pathology,DECISION_REQUIRED,PROPOSED_HOLD,"no open licence declared by the publisher; extracted values are facts rather than expression, but the release of facts from a closed-access source is Oscar's call, not this pipeline's"
TMSR376,TOLG015,animal_in_vivo,"doi:10.1177/0192623314551840 — Frazier KS (2015) ""Antisense oligonucleotide therapies: the promise and the cha",summary_stat,C_closed_access,,closed_no_open_licence,,,Toxicologic pathology,DECISION_REQUIRED,PROPOSED_HOLD,"no open licence declared by the publisher; extracted values are facts rather than expression, but the release of facts from a closed-access source is Oscar's call, not this pipeline's"
TMSR377,TOLG016,human_clinical,"PMID 42381708 / PMCID PMC13315839 / doi:10.1016/j.omtn.2026.102976 — ""Meta-analysis of adverse events in clini",cc_by,B_cc_licensed,cc by,cc_permissive,,,Molecular therapy. Nucleic acids,permitted,no,
TMSR378,TOLG017,human_clinical,"PMID 42381708 / PMCID PMC13315839 / doi:10.1016/j.omtn.2026.102976 — ""Meta-analysis of adverse events in clini",cc_by,B_cc_licensed,cc by,cc_permissive,,,Molecular therapy. Nucleic acids,permitted,no,
TMSR379,TOLG018,animal_in_vivo,10.1038/mt.2016.136 (PMC5112040; PMID 27357629),summary_stat,B_cc_licensed,cc by-nc-sa,cc_nc_noncommercial,,,Molecular therapy : the journal of the American Society of Gene Therapy,permitted,no,
TMSR380,TOLG019,animal_in_vivo,10.1038/mt.2016.136 (PMC5112040; PMID 27357629),summary_stat,B_cc_licensed,cc by-nc-sa,cc_nc_noncommercial,,,Molecular therapy : the journal of the American Society of Gene Therapy,permitted,no,
TMSR381,TOLG020,animal_in_vivo,10.1038/mt.2016.136 (PMC5112040; PMID 27357629),summary_stat,B_cc_licensed,cc by-nc-sa,cc_nc_noncommercial,,,Molecular therapy : the journal of the American Society of Gene Therapy,permitted,no,
TMSR382,TOLG020,animal_in_vivo,10.1038/mt.2016.136 (PMC5112040; PMID 27357629),summary_stat,B_cc_licensed,cc by-nc-sa,cc_nc_noncommercial,,,Molecular therapy : the journal of the American Society of Gene Therapy,permitted,no,
TMSR383,TOLG020,animal_in_vivo,10.1038/mt.2016.136 (PMC5112040; PMID 27357629),summary_stat,B_cc_licensed,cc by-nc-sa,cc_nc_noncommercial,,,Molecular therapy : the journal of the American Society of Gene Therapy,permitted,no,
TMSR384,TOLG020,animal_in_vivo,10.1038/mt.2016.136 (PMC5112040; PMID 27357629),summary_stat,B_cc_licensed,cc by-nc-sa,cc_nc_noncommercial,,,Molecular therapy : the journal of the American Society of Gene Therapy,permitted,no,
TMSR385,TOLG020,animal_in_vivo,10.1038/mt.2016.136 (PMC5112040; PMID 27357629),summary_stat,B_cc_licensed,cc by-nc-sa,cc_nc_noncommercial,,,Molecular therapy : the journal of the American Society of Gene Therapy,permitted,no,
TMSR386,TOLG020,animal_in_vivo,10.1038/mt.2016.136 (PMC5112040; PMID 27357629),summary_stat,B_cc_licensed,cc by-nc-sa,cc_nc_noncommercial,,,Molecular therapy : the journal of the American Society of Gene Therapy,permitted,no,
TMSR387,TOLG020,animal_in_vivo,10.1038/mt.2016.136 (PMC5112040; PMID 27357629),summary_stat,B_cc_licensed,cc by-nc-sa,cc_nc_noncommercial,,,Molecular therapy : the journal of the American Society of Gene Therapy,permitted,no,
TMSR388,TOLG020,human_clinical,10.1038/mt.2016.136 (PMC5112040; PMID 27357629),summary_stat,B_cc_licensed,cc by-nc-sa,cc_nc_noncommercial,,,Molecular therapy : the journal of the American Society of Gene Therapy,permitted,no,
TMSR389,TOLG020,human_clinical,10.1038/mt.2016.136 (PMC5112040; PMID 27357629),summary_stat,B_cc_licensed,cc by-nc-sa,cc_nc_noncommercial,,,Molecular therapy : the journal of the American Society of Gene Therapy,permitted,no,
TMSR390,TOLG020,human_clinical,10.1038/mt.2016.136 (PMC5112040; PMID 27357629),summary_stat,B_cc_licensed,cc by-nc-sa,cc_nc_noncommercial,,,Molecular therapy : the journal of the American Society of Gene Therapy,permitted,no,
TMSR391,TOLG020,human_clinical,10.1038/mt.2016.136 (PMC5112040; PMID 27357629),summary_stat,B_cc_licensed,cc by-nc-sa,cc_nc_noncommercial,,,Molecular therapy : the journal of the American Society of Gene Therapy,permitted,no,
TMSR392,TOLG020,human_clinical,10.1038/mt.2016.136 (PMC5112040; PMID 27357629),summary_stat,B_cc_licensed,cc by-nc-sa,cc_nc_noncommercial,,,Molecular therapy : the journal of the American Society of Gene Therapy,permitted,no,
TMSR393,TOLG020,animal_in_vivo,10.1038/mt.2016.136 (PMC5112040; PMID 27357629),summary_stat,B_cc_licensed,cc by-nc-sa,cc_nc_noncommercial,,,Molecular therapy : the journal of the American Society of Gene Therapy,permitted,no,
TMSR394,TOLG020,animal_in_vivo,10.1038/mt.2016.136 (PMC5112040; PMID 27357629),summary_stat,B_cc_licensed,cc by-nc-sa,cc_nc_noncommercial,,,Molecular therapy : the journal of the American Society of Gene Therapy,permitted,no,
TMSR395,TOLG020,animal_in_vivo,10.1038/mt.2016.136 (PMC5112040; PMID 27357629),summary_stat,B_cc_licensed,cc by-nc-sa,cc_nc_noncommercial,,,Molecular therapy : the journal of the American Society of Gene Therapy,permitted,no,
TMSR396,TOLG020,animal_in_vivo,10.1038/mt.2016.136 (PMC5112040; PMID 27357629),summary_stat,B_cc_licensed,cc by-nc-sa,cc_nc_noncommercial,,,Molecular therapy : the journal of the American Society of Gene Therapy,permitted,no,
TMSR397,TOLG020,animal_in_vivo,10.1038/mt.2016.136 (PMC5112040; PMID 27357629),summary_stat,B_cc_licensed,cc by-nc-sa,cc_nc_noncommercial,,,Molecular therapy : the journal of the American Society of Gene Therapy,permitted,no,
TMSR398,TOLG020,animal_in_vivo,10.1038/mt.2016.136 (PMC5112040; PMID 27357629),summary_stat,B_cc_licensed,cc by-nc-sa,cc_nc_noncommercial,,,Molecular therapy : the journal of the American Society of Gene Therapy,permitted,no,
TMSR399,TOLG020,animal_in_vivo,10.1038/mt.2016.136 (PMC5112040; PMID 27357629),summary_stat,B_cc_licensed,cc by-nc-sa,cc_nc_noncommercial,,,Molecular therapy : the journal of the American Society of Gene Therapy,permitted,no,
TMSR400,TOLG020,animal_in_vivo,10.1038/mt.2016.136 (PMC5112040; PMID 27357629),summary_stat,B_cc_licensed,cc by-nc-sa,cc_nc_noncommercial,,,Molecular therapy : the journal of the American Society of Gene Therapy,permitted,no,
TMSR401,TOLG020,animal_in_vivo,10.1038/mt.2016.136 (PMC5112040; PMID 27357629),summary_stat,B_cc_licensed,cc by-nc-sa,cc_nc_noncommercial,,,Molecular therapy : the journal of the American Society of Gene Therapy,permitted,no,
TMSR402,TOLG020,animal_in_vivo,10.1038/mt.2016.136 (PMC5112040; PMID 27357629),summary_stat,B_cc_licensed,cc by-nc-sa,cc_nc_noncommercial,,,Molecular therapy : the journal of the American Society of Gene Therapy,permitted,no,
TMSR403,TOLG020,animal_in_vivo,10.1038/mt.2016.136 (PMC5112040; PMID 27357629),summary_stat,B_cc_licensed,cc by-nc-sa,cc_nc_noncommercial,,,Molecular therapy : the journal of the American Society of Gene Therapy,permitted,no,
TMSR404,TOLG020,animal_in_vivo,10.1038/mt.2016.136 (PMC5112040; PMID 27357629),summary_stat,B_cc_licensed,cc by-nc-sa,cc_nc_noncommercial,,,Molecular therapy : the journal of the American Society of Gene Therapy,permitted,no,
TMSR405,TOLG020,animal_in_vivo,10.1038/mt.2016.136 (PMC5112040; PMID 27357629),summary_stat,B_cc_licensed,cc by-nc-sa,cc_nc_noncommercial,,,Molecular therapy : the journal of the American Society of Gene Therapy,permitted,no,
TMSR406,TOLG020,animal_in_vivo,10.1038/mt.2016.136 (PMC5112040; PMID 27357629),summary_stat,B_cc_licensed,cc by-nc-sa,cc_nc_noncommercial,,,Molecular therapy : the journal of the American Society of Gene Therapy,permitted,no,
TMSR407,TOLG020,animal_in_vivo,10.1038/mt.2016.136 (PMC5112040; PMID 27357629),summary_stat,B_cc_licensed,cc by-nc-sa,cc_nc_noncommercial,,,Molecular therapy : the journal of the American Society of Gene Therapy,permitted,no,
TMSR408,TOLG020,animal_in_vivo,10.1038/mt.2016.136 (PMC5112040; PMID 27357629),summary_stat,B_cc_licensed,cc by-nc-sa,cc_nc_noncommercial,,,Molecular therapy : the journal of the American Society of Gene Therapy,permitted,no,
TMSR409,TOLG020,animal_in_vivo,10.1038/mt.2016.136 (PMC5112040; PMID 27357629),summary_stat,B_cc_licensed,cc by-nc-sa,cc_nc_noncommercial,,,Molecular therapy : the journal of the American Society of Gene Therapy,permitted,no,
TMSR410,TOLG020,animal_in_vivo,10.1038/mt.2016.136 (PMC5112040; PMID 27357629),summary_stat,B_cc_licensed,cc by-nc-sa,cc_nc_noncommercial,,,Molecular therapy : the journal of the American Society of Gene Therapy,permitted,no,
TMSR411,TOLG020,human_clinical,10.1038/mt.2016.136 (PMC5112040; PMID 27357629),summary_stat,B_cc_licensed,cc by-nc-sa,cc_nc_noncommercial,,,Molecular therapy : the journal of the American Society of Gene Therapy,permitted,no,
TMSR412,TOLG020,human_clinical,10.1038/mt.2016.136 (PMC5112040; PMID 27357629),summary_stat,B_cc_licensed,cc by-nc-sa,cc_nc_noncommercial,,,Molecular therapy : the journal of the American Society of Gene Therapy,permitted,no,
TMSR413,TOLG020,human_clinical,10.1038/mt.2016.136 (PMC5112040; PMID 27357629),summary_stat,B_cc_licensed,cc by-nc-sa,cc_nc_noncommercial,,,Molecular therapy : the journal of the American Society of Gene Therapy,permitted,no,
TMSR414,TOLG020,human_clinical,10.1038/mt.2016.136 (PMC5112040; PMID 27357629),summary_stat,B_cc_licensed,cc by-nc-sa,cc_nc_noncommercial,,,Molecular therapy : the journal of the American Society of Gene Therapy,permitted,no,
TMSR415,TOLG020,human_clinical,10.1038/mt.2016.136 (PMC5112040; PMID 27357629),summary_stat,B_cc_licensed,cc by-nc-sa,cc_nc_noncommercial,,,Molecular therapy : the journal of the American Society of Gene Therapy,permitted,no,
TMSR416,TOLG020,human_clinical,10.1038/mt.2016.136 (PMC5112040; PMID 27357629),summary_stat,B_cc_licensed,cc by-nc-sa,cc_nc_noncommercial,,,Molecular therapy : the journal of the American Society of Gene Therapy,permitted,no,
TMSR417,TOLG020,human_clinical,10.1038/mt.2016.136 (PMC5112040; PMID 27357629),summary_stat,B_cc_licensed,cc by-nc-sa,cc_nc_noncommercial,,,Molecular therapy : the journal of the American Society of Gene Therapy,permitted,no,
TMSR418,TOLG020,human_clinical,10.1038/mt.2016.136 (PMC5112040; PMID 27357629),summary_stat,B_cc_licensed,cc by-nc-sa,cc_nc_noncommercial,,,Molecular therapy : the journal of the American Society of Gene Therapy,permitted,no,
TMSR419,TOLG020,human_clinical,10.1038/mt.2016.136 (PMC5112040; PMID 27357629),summary_stat,B_cc_licensed,cc by-nc-sa,cc_nc_noncommercial,,,Molecular therapy : the journal of the American Society of Gene Therapy,permitted,no,
TMSR420,TOLG020,human_clinical,10.1038/mt.2016.136 (PMC5112040; PMID 27357629),summary_stat,B_cc_licensed,cc by-nc-sa,cc_nc_noncommercial,,,Molecular therapy : the journal of the American Society of Gene Therapy,permitted,no,
TMSR421,TOLG020,human_clinical,10.1038/mt.2016.136 (PMC5112040; PMID 27357629),summary_stat,B_cc_licensed,cc by-nc-sa,cc_nc_noncommercial,,,Molecular therapy : the journal of the American Society of Gene Therapy,permitted,no,
TMSR422,TOLG020,human_clinical,10.1038/mt.2016.136 (PMC5112040; PMID 27357629),summary_stat,B_cc_licensed,cc by-nc-sa,cc_nc_noncommercial,,,Molecular therapy : the journal of the American Society of Gene Therapy,permitted,no,
TMSR423,TOLG020,human_clinical,10.1038/mt.2016.136 (PMC5112040; PMID 27357629),summary_stat,B_cc_licensed,cc by-nc-sa,cc_nc_noncommercial,,,Molecular therapy : the journal of the American Society of Gene Therapy,permitted,no,
TMSR424,TOLG020,human_clinical,10.1038/mt.2016.136 (PMC5112040; PMID 27357629),summary_stat,B_cc_licensed,cc by-nc-sa,cc_nc_noncommercial,,,Molecular therapy : the journal of the American Society of Gene Therapy,permitted,no,
TMSR425,TOLG021,human_in_vitro,doi:10.1182/blood-2013-01-478966 (PMC3709655 / PMID 23673861),summary_stat,C_closed_access,,closed_no_open_licence,,,Blood,DECISION_REQUIRED,PROPOSED_HOLD,"no open licence declared by the publisher; extracted values are facts rather than expression, but the release of facts from a closed-access source is Oscar's call, not this pipeline's"
TMSR426,TOLG021,human_in_vitro,doi:10.1182/blood-2013-01-478966 (PMC3709655 / PMID 23673861),summary_stat,C_closed_access,,closed_no_open_licence,,,Blood,DECISION_REQUIRED,PROPOSED_HOLD,"no open licence declared by the publisher; extracted values are facts rather than expression, but the release of facts from a closed-access source is Oscar's call, not this pipeline's"
TMSR427,TOLG022,human_in_vitro,doi:10.1182/blood-2013-01-478966 (PMC3709655 / PMID 23673861),summary_stat,C_closed_access,,closed_no_open_licence,,,Blood,DECISION_REQUIRED,PROPOSED_HOLD,"no open licence declared by the publisher; extracted values are facts rather than expression, but the release of facts from a closed-access source is Oscar's call, not this pipeline's"
TMSR428,TOLG022,human_in_vitro,doi:10.1182/blood-2013-01-478966 (PMC3709655 / PMID 23673861),summary_stat,C_closed_access,,closed_no_open_licence,,,Blood,DECISION_REQUIRED,PROPOSED_HOLD,"no open licence declared by the publisher; extracted values are facts rather than expression, but the release of facts from a closed-access source is Oscar's call, not this pipeline's"
TMSR429,TOLG023,human_in_vitro,doi:10.1182/blood-2013-01-478966 (PMC3709655 / PMID 23673861),summary_stat,C_closed_access,,closed_no_open_licence,,,Blood,DECISION_REQUIRED,PROPOSED_HOLD,"no open licence declared by the publisher; extracted values are facts rather than expression, but the release of facts from a closed-access source is Oscar's call, not this pipeline's"
TMSR430,TOLG024,human_in_vitro,doi:10.1182/blood-2013-01-478966 (PMC3709655 / PMID 23673861),summary_stat,C_closed_access,,closed_no_open_licence,,,Blood,DECISION_REQUIRED,PROPOSED_HOLD,"no open licence declared by the publisher; extracted values are facts rather than expression, but the release of facts from a closed-access source is Oscar's call, not this pipeline's"
TMSR431,TOLG025,human_in_vitro,doi:10.1182/blood-2013-01-478966 (PMC3709655 / PMID 23673861),summary_stat,C_closed_access,,closed_no_open_licence,,,Blood,DECISION_REQUIRED,PROPOSED_HOLD,"no open licence declared by the publisher; extracted values are facts rather than expression, but the release of facts from a closed-access source is Oscar's call, not this pipeline's"
TMSR432,TOLG025,unspecified,doi:10.1182/blood-2013-01-478966 (PMC3709655 / PMID 23673861),summary_stat,C_closed_access,,closed_no_open_licence,,,Blood,DECISION_REQUIRED,PROPOSED_HOLD,"no open licence declared by the publisher; extracted values are facts rather than expression, but the release of facts from a closed-access source is Oscar's call, not this pipeline's"
TMSR433,TOLG025,human_in_vitro,doi:10.1182/blood-2013-01-478966 (PMC3709655 / PMID 23673861),summary_stat,C_closed_access,,closed_no_open_licence,,,Blood,DECISION_REQUIRED,PROPOSED_HOLD,"no open licence declared by the publisher; extracted values are facts rather than expression, but the release of facts from a closed-access source is Oscar's call, not this pipeline's"
TMSR434,TOLG025,human_in_vitro,doi:10.1182/blood-2013-01-478966 (PMC3709655 / PMID 23673861),summary_stat,C_closed_access,,closed_no_open_licence,,,Blood,DECISION_REQUIRED,PROPOSED_HOLD,"no open licence declared by the publisher; extracted values are facts rather than expression, but the release of facts from a closed-access source is Oscar's call, not this pipeline's"
TMSR435,TOLG025,human_in_vitro,doi:10.1182/blood-2013-01-478966 (PMC3709655 / PMID 23673861),summary_stat,C_closed_access,,closed_no_open_licence,,,Blood,DECISION_REQUIRED,PROPOSED_HOLD,"no open licence declared by the publisher; extracted values are facts rather than expression, but the release of facts from a closed-access source is Oscar's call, not this pipeline's"
TMSR436,TOLG025,animal_in_vivo,doi:10.1182/blood-2013-01-478966 (PMC3709655 / PMID 23673861),summary_stat,C_closed_access,,closed_no_open_licence,,,Blood,DECISION_REQUIRED,PROPOSED_HOLD,"no open licence declared by the publisher; extracted values are facts rather than expression, but the release of facts from a closed-access source is Oscar's call, not this pipeline's"
TMSR437,TOLG025,animal_in_vivo,doi:10.1182/blood-2013-01-478966 (PMC3709655 / PMID 23673861),summary_stat,C_closed_access,,closed_no_open_licence,,,Blood,DECISION_REQUIRED,PROPOSED_HOLD,"no open licence declared by the publisher; extracted values are facts rather than expression, but the release of facts from a closed-access source is Oscar's call, not this pipeline's"
TMSR438,TOLG025,animal_in_vivo,doi:10.1182/blood-2013-01-478966 (PMC3709655 / PMID 23673861),summary_stat,C_closed_access,,closed_no_open_licence,,,Blood,DECISION_REQUIRED,PROPOSED_HOLD,"no open licence declared by the publisher; extracted values are facts rather than expression, but the release of facts from a closed-access source is Oscar's call, not this pipeline's"
TMSR439,TOLG026,human_in_vitro,doi:10.1182/blood-2013-01-478966 (PMC3709655 / PMID 23673861),summary_stat,C_closed_access,,closed_no_open_licence,,,Blood,DECISION_REQUIRED,PROPOSED_HOLD,"no open licence declared by the publisher; extracted values are facts rather than expression, but the release of facts from a closed-access source is Oscar's call, not this pipeline's"
TMSR440,TOLG027,human_in_vitro,doi:10.1182/blood-2013-01-478966 (PMC3709655 / PMID 23673861),summary_stat,C_closed_access,,closed_no_open_licence,,,Blood,DECISION_REQUIRED,PROPOSED_HOLD,"no open licence declared by the publisher; extracted values are facts rather than expression, but the release of facts from a closed-access source is Oscar's call, not this pipeline's"
TMSR441,TOLG028,human_in_vitro,doi:10.1182/blood-2013-01-478966 (PMC3709655 / PMID 23673861),summary_stat,C_closed_access,,closed_no_open_licence,,,Blood,DECISION_REQUIRED,PROPOSED_HOLD,"no open licence declared by the publisher; extracted values are facts rather than expression, but the release of facts from a closed-access source is Oscar's call, not this pipeline's"
TMSR442,TOLG029,human_in_vitro,doi:10.1182/blood-2013-01-478966 (PMC3709655 / PMID 23673861),summary_stat,C_closed_access,,closed_no_open_licence,,,Blood,DECISION_REQUIRED,PROPOSED_HOLD,"no open licence declared by the publisher; extracted values are facts rather than expression, but the release of facts from a closed-access source is Oscar's call, not this pipeline's"
TMSR443,TOLG030,human_in_vitro,doi:10.1182/blood-2013-01-478966 (PMC3709655 / PMID 23673861),summary_stat,C_closed_access,,closed_no_open_licence,,,Blood,DECISION_REQUIRED,PROPOSED_HOLD,"no open licence declared by the publisher; extracted values are facts rather than expression, but the release of facts from a closed-access source is Oscar's call, not this pipeline's"
TMSR444,TOLG031,human_in_vitro,doi:10.1182/blood-2013-01-478966 (PMC3709655 / PMID 23673861),summary_stat,C_closed_access,,closed_no_open_licence,,,Blood,DECISION_REQUIRED,PROPOSED_HOLD,"no open licence declared by the publisher; extracted values are facts rather than expression, but the release of facts from a closed-access source is Oscar's call, not this pipeline's"
TMSR445,TOLG031,human_in_vitro,doi:10.1182/blood-2013-01-478966 (PMC3709655 / PMID 23673861),summary_stat,C_closed_access,,closed_no_open_licence,,,Blood,DECISION_REQUIRED,PROPOSED_HOLD,"no open licence declared by the publisher; extracted values are facts rather than expression, but the release of facts from a closed-access source is Oscar's call, not this pipeline's"
TMSR446,TOLG031,human_in_vitro,doi:10.1182/blood-2013-01-478966 (PMC3709655 / PMID 23673861),summary_stat,C_closed_access,,closed_no_open_licence,,,Blood,DECISION_REQUIRED,PROPOSED_HOLD,"no open licence declared by the publisher; extracted values are facts rather than expression, but the release of facts from a closed-access source is Oscar's call, not this pipeline's"
TMSR447,TOLG032,human_in_vitro,doi:10.1182/blood-2013-01-478966 (PMC3709655 / PMID 23673861),summary_stat,C_closed_access,,closed_no_open_licence,,,Blood,DECISION_REQUIRED,PROPOSED_HOLD,"no open licence declared by the publisher; extracted values are facts rather than expression, but the release of facts from a closed-access source is Oscar's call, not this pipeline's"
TMSR448,TOLG032,human_in_vitro,doi:10.1182/blood-2013-01-478966 (PMC3709655 / PMID 23673861),summary_stat,C_closed_access,,closed_no_open_licence,,,Blood,DECISION_REQUIRED,PROPOSED_HOLD,"no open licence declared by the publisher; extracted values are facts rather than expression, but the release of facts from a closed-access source is Oscar's call, not this pipeline's"
TMSR449,TOLG032,human_in_vitro,doi:10.1182/blood-2013-01-478966 (PMC3709655 / PMID 23673861),summary_stat,C_closed_access,,closed_no_open_licence,,,Blood,DECISION_REQUIRED,PROPOSED_HOLD,"no open licence declared by the publisher; extracted values are facts rather than expression, but the release of facts from a closed-access source is Oscar's call, not this pipeline's"
TMSR450,TOLG033,human_in_vitro,PMC8264460; PMID 33540294; doi:10.1016/j.thromres.2021.01.006,summary_stat,C_closed_access,,closed_no_open_licence,,,Thrombosis research,DECISION_REQUIRED,PROPOSED_HOLD,"no open licence declared by the publisher; extracted values are facts rather than expression, but the release of facts from a closed-access source is Oscar's call, not this pipeline's"
TMSR451,TOLG034,animal_in_vivo,FDA NDA 210922 Orig1s000 Multi-discipline Review (210922Orig1s000MultiR.pdf),public_domain,A_public_domain,,public_domain_us_federal,FDA_US,US federal agency work; no copyright attaches,,permitted,no,
TMSR452,TOLG035,human_clinical,"PMID 12269969 / doi:10.1046/j.1365-2036.2002.01341.x (Yacyshyn et al. 2002, Aliment Pharmacol Ther 16:1761-177",summary_stat,C_closed_access,,closed_no_open_licence,,,Alimentary pharmacology & therapeutics,DECISION_REQUIRED,PROPOSED_HOLD,"no open licence declared by the publisher; extracted values are facts rather than expression, but the release of facts from a closed-access source is Oscar's call, not this pipeline's"
TMSR453,TOLG035,human_clinical,"PMID 12269969 / doi:10.1046/j.1365-2036.2002.01341.x (Yacyshyn et al. 2002, Aliment Pharmacol Ther 16:1761-177",summary_stat,C_closed_access,,closed_no_open_licence,,,Alimentary pharmacology & therapeutics,DECISION_REQUIRED,PROPOSED_HOLD,"no open licence declared by the publisher; extracted values are facts rather than expression, but the release of facts from a closed-access source is Oscar's call, not this pipeline's"
TMSR454,TOLG035,human_clinical,"PMID 12269969 / doi:10.1046/j.1365-2036.2002.01341.x (Yacyshyn et al. 2002, Aliment Pharmacol Ther 16:1761-177",summary_stat,C_closed_access,,closed_no_open_licence,,,Alimentary pharmacology & therapeutics,DECISION_REQUIRED,PROPOSED_HOLD,"no open licence declared by the publisher; extracted values are facts rather than expression, but the release of facts from a closed-access source is Oscar's call, not this pipeline's"
TMSR455,TOLG035,animal_in_vivo,PMID 9152389 / doi:10.1016/s0022-3565(24)36667-4,summary_stat,C_closed_access,,closed_no_open_licence,,,The Journal of pharmacology and experimental therapeutics,DECISION_REQUIRED,PROPOSED_HOLD,"no open licence declared by the publisher; extracted values are facts rather than expression, but the release of facts from a closed-access source is Oscar's call, not this pipeline's"
TMSR456,TOLG035,animal_in_vivo,PMID 9152389 / doi:10.1016/s0022-3565(24)36667-4,summary_stat,C_closed_access,,closed_no_open_licence,,,The Journal of pharmacology and experimental therapeutics,DECISION_REQUIRED,PROPOSED_HOLD,"no open licence declared by the publisher; extracted values are facts rather than expression, but the release of facts from a closed-access source is Oscar's call, not this pipeline's"
TMSR457,TOLG035,animal_in_vivo,PMID 9152389 / doi:10.1016/s0022-3565(24)36667-4,summary_stat,C_closed_access,,closed_no_open_licence,,,The Journal of pharmacology and experimental therapeutics,DECISION_REQUIRED,PROPOSED_HOLD,"no open licence declared by the publisher; extracted values are facts rather than expression, but the release of facts from a closed-access source is Oscar's call, not this pipeline's"
TMSR458,TOLG035,animal_in_vivo,PMID 9152389 / doi:10.1016/s0022-3565(24)36667-4,summary_stat,C_closed_access,,closed_no_open_licence,,,The Journal of pharmacology and experimental therapeutics,DECISION_REQUIRED,PROPOSED_HOLD,"no open licence declared by the publisher; extracted values are facts rather than expression, but the release of facts from a closed-access source is Oscar's call, not this pipeline's"
TMSR459,TOLG035,animal_in_vivo,PMID 9152389 / doi:10.1016/s0022-3565(24)36667-4,summary_stat,C_closed_access,,closed_no_open_licence,,,The Journal of pharmacology and experimental therapeutics,DECISION_REQUIRED,PROPOSED_HOLD,"no open licence declared by the publisher; extracted values are facts rather than expression, but the release of facts from a closed-access source is Oscar's call, not this pipeline's"
TMSR460,TOLG035,unspecified,PMID 9152389 / doi:10.1016/s0022-3565(24)36667-4,summary_stat,C_closed_access,,closed_no_open_licence,,,The Journal of pharmacology and experimental therapeutics,DECISION_REQUIRED,PROPOSED_HOLD,"no open licence declared by the publisher; extracted values are facts rather than expression, but the release of facts from a closed-access source is Oscar's call, not this pipeline's"
TMSR461,TOLG035,animal_in_vivo,PMID:9184201; doi:10.1016/s0300-483x(97)03661-5,summary_stat,C_closed_access,,closed_no_open_licence,,,Toxicology,DECISION_REQUIRED,PROPOSED_HOLD,"no open licence declared by the publisher; extracted values are facts rather than expression, but the release of facts from a closed-access source is Oscar's call, not this pipeline's"
TMSR462,TOLG035,animal_in_vivo,PMID:9184201; doi:10.1016/s0300-483x(97)03661-5,summary_stat,C_closed_access,,closed_no_open_licence,,,Toxicology,DECISION_REQUIRED,PROPOSED_HOLD,"no open licence declared by the publisher; extracted values are facts rather than expression, but the release of facts from a closed-access source is Oscar's call, not this pipeline's"
TMSR463,TOLG035,animal_in_vivo,PMID:9184201; doi:10.1016/s0300-483x(97)03661-5,summary_stat,C_closed_access,,closed_no_open_licence,,,Toxicology,DECISION_REQUIRED,PROPOSED_HOLD,"no open licence declared by the publisher; extracted values are facts rather than expression, but the release of facts from a closed-access source is Oscar's call, not this pipeline's"
TMSR464,TOLG035,animal_in_vivo,PMID:9184201; doi:10.1016/s0300-483x(97)03661-5,summary_stat,C_closed_access,,closed_no_open_licence,,,Toxicology,DECISION_REQUIRED,PROPOSED_HOLD,"no open licence declared by the publisher; extracted values are facts rather than expression, but the release of facts from a closed-access source is Oscar's call, not this pipeline's"
TMSR465,TOLG035,animal_in_vivo,PMID:9184201; doi:10.1016/s0300-483x(97)03661-5,summary_stat,C_closed_access,,closed_no_open_licence,,,Toxicology,DECISION_REQUIRED,PROPOSED_HOLD,"no open licence declared by the publisher; extracted values are facts rather than expression, but the release of facts from a closed-access source is Oscar's call, not this pipeline's"
TMSR466,TOLG037,human_clinical,PMID:18025536; doi:10.1161/CIRCULATIONAHA.107.724864,summary_stat,C_closed_access,,closed_no_open_licence,,,Circulation,DECISION_REQUIRED,PROPOSED_HOLD,"no open licence declared by the publisher; extracted values are facts rather than expression, but the release of facts from a closed-access source is Oscar's call, not this pipeline's"
TMSR467,TOLG037,human_clinical,PMID:22740102; DOI:10.1160/TH11-12-0889,summary_stat,C_closed_access,,closed_no_open_licence,,,Thrombosis and haemostasis,DECISION_REQUIRED,PROPOSED_HOLD,"no open licence declared by the publisher; extracted values are facts rather than expression, but the release of facts from a closed-access source is Oscar's call, not this pipeline's"
TMSR468,TOLG037,human_clinical,PMID:22740102; DOI:10.1160/TH11-12-0889,summary_stat,C_closed_access,,closed_no_open_licence,,,Thrombosis and haemostasis,DECISION_REQUIRED,PROPOSED_HOLD,"no open licence declared by the publisher; extracted values are facts rather than expression, but the release of facts from a closed-access source is Oscar's call, not this pipeline's"
TMSR469,TOLG037,human_clinical,PMID:22740102; DOI:10.1160/TH11-12-0889,summary_stat,C_closed_access,,closed_no_open_licence,,,Thrombosis and haemostasis,DECISION_REQUIRED,PROPOSED_HOLD,"no open licence declared by the publisher; extracted values are facts rather than expression, but the release of facts from a closed-access source is Oscar's call, not this pipeline's"
TMSR470,TOLG049,human_clinical,"PMID 42381708 / PMCID PMC13315839 / doi:10.1016/j.omtn.2026.102976 — ""Meta-analysis of adverse events in clini",cc_by,B_cc_licensed,cc by,cc_permissive,,,Molecular therapy. Nucleic acids,permitted,no,
TMSR471,TOLG049,human_clinical,"PMID 42381708 / PMCID PMC13315839 / doi:10.1016/j.omtn.2026.102976 — ""Meta-analysis of adverse events in clini",cc_by,B_cc_licensed,cc by,cc_permissive,,,Molecular therapy. Nucleic acids,permitted,no,
TMSR472,TOLG049,human_clinical,"PMID 42381708 / PMCID PMC13315839 / doi:10.1016/j.omtn.2026.102976 — ""Meta-analysis of adverse events in clini",cc_by,B_cc_licensed,cc by,cc_permissive,,,Molecular therapy. Nucleic acids,permitted,no,
TMSR473,TOLG049,human_clinical,"PMID 42381708 / PMCID PMC13315839 / doi:10.1016/j.omtn.2026.102976 — ""Meta-analysis of adverse events in clini",cc_by,B_cc_licensed,cc by,cc_permissive,,,Molecular therapy. Nucleic acids,permitted,no,
TMSR474,TOLG049,human_clinical,"PMID 42381708 / PMCID PMC13315839 / doi:10.1016/j.omtn.2026.102976 — ""Meta-analysis of adverse events in clini",cc_by,B_cc_licensed,cc by,cc_permissive,,,Molecular therapy. Nucleic acids,permitted,no,
TMSR475,TOLG049,human_clinical,"PMID 42381708 / PMCID PMC13315839 / doi:10.1016/j.omtn.2026.102976 — ""Meta-analysis of adverse events in clini",cc_by,B_cc_licensed,cc by,cc_permissive,,,Molecular therapy. Nucleic acids,permitted,no,
TMSR476,TOLG049,human_clinical,"PMID 42381708 / PMCID PMC13315839 / doi:10.1016/j.omtn.2026.102976 — ""Meta-analysis of adverse events in clini",cc_by,B_cc_licensed,cc by,cc_permissive,,,Molecular therapy. Nucleic acids,permitted,no,
TMSR477,TOLG050,animal_in_vivo,"FDA NDA 217225 (IZERVAY / avacincaptad pegol) Pharmacology/Toxicology review, reviewer Maria I. Rivera PhD, Re",public_domain,A_public_domain,,public_domain_us_federal,FDA_US,US federal agency work; no copyright attaches,,permitted,no,
TMSR478,TOLG050,animal_in_vivo,"FDA NDA 217225 (IZERVAY / avacincaptad pegol) Pharmacology/Toxicology review, reviewer Maria I. Rivera PhD, Re",public_domain,A_public_domain,,public_domain_us_federal,FDA_US,US federal agency work; no copyright attaches,,permitted,no,
TMSR479,TOLG050,animal_in_vivo,"FDA NDA 217225 (IZERVAY / avacincaptad pegol) Pharmacology/Toxicology review, reviewer Maria I. Rivera PhD, Re",public_domain,A_public_domain,,public_domain_us_federal,FDA_US,US federal agency work; no copyright attaches,,permitted,no,
TMSR480,TOLG050,animal_in_vivo,"FDA NDA 217225 (IZERVAY / avacincaptad pegol) Pharmacology/Toxicology review, reviewer Maria I. Rivera PhD, Re",public_domain,A_public_domain,,public_domain_us_federal,FDA_US,US federal agency work; no copyright attaches,,permitted,no,
TMSR481,TOLG050,animal_in_vivo,"FDA NDA 217225 (IZERVAY / avacincaptad pegol) Pharmacology/Toxicology review, reviewer Maria I. Rivera PhD, Re",public_domain,A_public_domain,,public_domain_us_federal,FDA_US,US federal agency work; no copyright attaches,,permitted,no,
TMSR482,TOLG050,animal_in_vivo,"FDA NDA 217225 (IZERVAY / avacincaptad pegol) Pharmacology/Toxicology review, reviewer Maria I. Rivera PhD, Re",public_domain,A_public_domain,,public_domain_us_federal,FDA_US,US federal agency work; no copyright attaches,,permitted,no,
TMSR483,TOLG050,unspecified,"FDA NDA 217225 (IZERVAY / avacincaptad pegol) Pharmacology/Toxicology review, reviewer Maria I. Rivera PhD, Re",public_domain,A_public_domain,,public_domain_us_federal,FDA_US,US federal agency work; no copyright attaches,,permitted,no,
TMSR484,TOLG051,animal_in_vivo,"FDA NDA 206488 Orig1s000 Pharmacology/Toxicology Review (EXONDYS 51, reviewer D.B. Hawver), Reference ID 38767",public_domain,A_public_domain,,public_domain_us_federal,FDA_US,US federal agency work; no copyright attaches,,permitted,no,
TMSR485,TOLG051,animal_in_vivo,"FDA NDA 206488 Orig1s000 Pharmacology/Toxicology Review (EXONDYS 51, reviewer D.B. Hawver), Reference ID 38767",public_domain,A_public_domain,,public_domain_us_federal,FDA_US,US federal agency work; no copyright attaches,,permitted,no,
TMSR486,TOLG052,human_clinical,"PMC12856967 / PMID 41085094 / doi:10.1002/cpdd.1615 (Youssef A et al., Clin Pharmacol Drug Dev 2026;15:879-907",cc_by,B_cc_licensed,cc by,cc_permissive,,,Clinical pharmacology in drug development,permitted,no,
TMSR487,TOLG052,human_clinical,"PMC12856967 / PMID 41085094 / doi:10.1002/cpdd.1615 (Youssef A et al., Clin Pharmacol Drug Dev 2026;15:879-907",cc_by,B_cc_licensed,cc by,cc_permissive,,,Clinical pharmacology in drug development,permitted,no,
TMSR488,TOLG052,human_clinical,"PMC12856967 / PMID 41085094 / doi:10.1002/cpdd.1615 (Youssef A et al., Clin Pharmacol Drug Dev 2026;15:879-907",cc_by,B_cc_licensed,cc by,cc_permissive,,,Clinical pharmacology in drug development,permitted,no,
TMSR489,TOLG052,human_clinical,"PMC12856967 / PMID 41085094 / doi:10.1002/cpdd.1615 (Youssef A et al., Clin Pharmacol Drug Dev 2026;15:879-907",cc_by,B_cc_licensed,cc by,cc_permissive,,,Clinical pharmacology in drug development,permitted,no,
TMSR490,TOLG052,human_clinical,"PMC12856967 / PMID 41085094 / doi:10.1002/cpdd.1615 (Youssef A et al., Clin Pharmacol Drug Dev 2026;15:879-907",cc_by,B_cc_licensed,cc by,cc_permissive,,,Clinical pharmacology in drug development,permitted,no,
TMSR491,TOLG052,human_clinical,"PMC9804925 / PMID 35971951 / doi:10.1002/cpdd.1154 (Han K et al., Clin Pharmacol Drug Dev 2022;11:1191-)",cc_by,B_cc_licensed,cc by,cc_permissive,,,Clinical pharmacology in drug development,permitted,no,
TMSR492,TOLG052,human_clinical,"PMC9804925 / PMID 35971951 / doi:10.1002/cpdd.1154 (Han K et al., Clin Pharmacol Drug Dev 2022;11:1191-)",cc_by,B_cc_licensed,cc by,cc_permissive,,,Clinical pharmacology in drug development,permitted,no,
TMSR493,TOLG052,human_clinical,"PMC9804925 / PMID 35971951 / doi:10.1002/cpdd.1154 (Han K et al., Clin Pharmacol Drug Dev 2022;11:1191-)",cc_by,B_cc_licensed,cc by,cc_permissive,,,Clinical pharmacology in drug development,permitted,no,
TMSR494,TOLG052,human_clinical,"PMC9804925 / PMID 35971951 / doi:10.1002/cpdd.1154 (Han K et al., Clin Pharmacol Drug Dev 2022;11:1191-)",cc_by,B_cc_licensed,cc by,cc_permissive,,,Clinical pharmacology in drug development,permitted,no,
TMSR495,TOLG052,human_clinical,"PMID 42381708 / PMCID PMC13315839 / doi:10.1016/j.omtn.2026.102976 — ""Meta-analysis of adverse events in clini",cc_by,B_cc_licensed,cc by,cc_permissive,,,Molecular therapy. Nucleic acids,permitted,no,
TMSR496,TOLG053,animal_in_vivo,"FDA NDA 213026 Orig1s000 Pharmacology/Toxicology Review (AMONDYS 45, reviewer B.J. Wilcox), Reference ID 47356",public_domain,A_public_domain,,public_domain_us_federal,FDA_US,US federal agency work; no copyright attaches,,permitted,no,
TMSR497,TOLG053,animal_in_vivo,"FDA NDA 213026 Orig1s000 Pharmacology/Toxicology Review (AMONDYS 45, reviewer B.J. Wilcox), Reference ID 47356",public_domain,A_public_domain,,public_domain_us_federal,FDA_US,US federal agency work; no copyright attaches,,permitted,no,
TMSR498,TOLG054,animal_in_vitro,doi:10.1182/blood-2013-01-478966 (PMC3709655 / PMID 23673861),summary_stat,C_closed_access,,closed_no_open_licence,,,Blood,DECISION_REQUIRED,PROPOSED_HOLD,"no open licence declared by the publisher; extracted values are facts rather than expression, but the release of facts from a closed-access source is Oscar's call, not this pipeline's"
TMSR499,TOLG055,animal_in_vitro,doi:10.1182/blood-2013-01-478966 (PMC3709655 / PMID 23673861),summary_stat,C_closed_access,,closed_no_open_licence,,,Blood,DECISION_REQUIRED,PROPOSED_HOLD,"no open licence declared by the publisher; extracted values are facts rather than expression, but the release of facts from a closed-access source is Oscar's call, not this pipeline's"
TMSR500,TOLG055,human_in_vitro,doi:10.1182/blood-2013-01-478966 (PMC3709655 / PMID 23673861),summary_stat,C_closed_access,,closed_no_open_licence,,,Blood,DECISION_REQUIRED,PROPOSED_HOLD,"no open licence declared by the publisher; extracted values are facts rather than expression, but the release of facts from a closed-access source is Oscar's call, not this pipeline's"
TMSR501,TOLG055,human_in_vitro,doi:10.1182/blood-2013-01-478966 (PMC3709655 / PMID 23673861),summary_stat,C_closed_access,,closed_no_open_licence,,,Blood,DECISION_REQUIRED,PROPOSED_HOLD,"no open licence declared by the publisher; extracted values are facts rather than expression, but the release of facts from a closed-access source is Oscar's call, not this pipeline's"
TMSR502,TOLG055,human_in_vitro,doi:10.1182/blood-2013-01-478966 (PMC3709655 / PMID 23673861),summary_stat,C_closed_access,,closed_no_open_licence,,,Blood,DECISION_REQUIRED,PROPOSED_HOLD,"no open licence declared by the publisher; extracted values are facts rather than expression, but the release of facts from a closed-access source is Oscar's call, not this pipeline's"
TMSR503,TOLG056,human_clinical,ClinicalTrials.gov NCT00138658 (posted results); primary publication PMID 22198426 / doi:10.1097/JTO.0b013e318,public_domain,A_public_domain,,public_domain_us_federal,CTGOV_US,NIH/NLM posted results; US federal agency work,Journal of thoracic oncology : official publication of the International Association for the Study of Lung Cancer,permitted,no,
TMSR504,TOLG056,human_clinical,ClinicalTrials.gov NCT00138658 (posted results); primary publication PMID 22198426 / doi:10.1097/JTO.0b013e318,public_domain,A_public_domain,,public_domain_us_federal,CTGOV_US,NIH/NLM posted results; US federal agency work,Journal of thoracic oncology : official publication of the International Association for the Study of Lung Cancer,permitted,no,
TMSR505,TOLG056,human_clinical,ClinicalTrials.gov NCT00138658 (posted results); primary publication PMID 22198426 / doi:10.1097/JTO.0b013e318,public_domain,A_public_domain,,public_domain_us_federal,CTGOV_US,NIH/NLM posted results; US federal agency work,Journal of thoracic oncology : official publication of the International Association for the Study of Lung Cancer,permitted,no,
TMSR506,TOLG056,human_clinical,ClinicalTrials.gov NCT00138658 (posted results); primary publication PMID 22198426 / doi:10.1097/JTO.0b013e318,public_domain,A_public_domain,,public_domain_us_federal,CTGOV_US,NIH/NLM posted results; US federal agency work,Journal of thoracic oncology : official publication of the International Association for the Study of Lung Cancer,permitted,no,
TMSR507,TOLG056,human_clinical,ClinicalTrials.gov NCT00327340 (posted results); related publication PMID 21788353 / doi:10.1158/1078-0432.CCR,public_domain,A_public_domain,,public_domain_us_federal,CTGOV_US,NIH/NLM posted results; US federal agency work,Clinical cancer research : an official journal of the American Association for Cancer Research,permitted,no,
TMSR508,TOLG056,human_clinical,ClinicalTrials.gov NCT00327340 (posted results); related publication PMID 21788353 / doi:10.1158/1078-0432.CCR,public_domain,A_public_domain,,public_domain_us_federal,CTGOV_US,NIH/NLM posted results; US federal agency work,Clinical cancer research : an official journal of the American Association for Cancer Research,permitted,no,
TMSR509,TOLG056,human_clinical,PMID 23836992 / PMC3699352 / doi:10.2147/OTT.S33077 (Higano CS. OncoTargets Ther. 2013;6:785-797),summary_stat,B_cc_licensed,cc by-nc,cc_nc_noncommercial,,,OncoTargets and therapy,permitted,no,
TMSR510,TOLG056,human_clinical,"PMID 25782535 / PMC4574829 / doi:10.1111/bcp.12633 (Rabinovich-Guilatt L et al., Br J Clin Pharmacol 2015;80:4",summary_stat,C_closed_access,,closed_no_open_licence,,,British journal of clinical pharmacology,DECISION_REQUIRED,PROPOSED_HOLD,"no open licence declared by the publisher; extracted values are facts rather than expression, but the release of facts from a closed-access source is Oscar's call, not this pipeline's"
TMSR511,TOLG056,human_clinical,"PMID 30732140 / PMC6380863 / doi:10.1097/MD.0000000000014254 (Liu C, Li K. Medicine (Baltimore). 2019;98(6):e1",summary_stat,B_cc_licensed,cc by-nc-nd,cc_nd_derivatives_restricted,,,Medicine,permitted,no,
TMSR512,TOLG057,human_clinical,"PMC10472096 / PMID 37364001 / doi:10.1158/1078-0432.CCR-22-2483 (Roschewski M et al., Clin Cancer Res 2023;29:",summary_stat,B_cc_licensed,cc by-nc-nd,cc_nd_derivatives_restricted,,,Clinical cancer research : an official journal of the American Association for Cancer Research,permitted,no,
TMSR513,TOLG057,human_clinical,"PMC10472096 / PMID 37364001 / doi:10.1158/1078-0432.CCR-22-2483 (Roschewski M et al., Clin Cancer Res 2023;29:",summary_stat,B_cc_licensed,cc by-nc-nd,cc_nd_derivatives_restricted,,,Clinical cancer research : an official journal of the American Association for Cancer Research,permitted,no,
TMSR514,TOLG057,human_clinical,"PMC10472096 / PMID 37364001 / doi:10.1158/1078-0432.CCR-22-2483 (Roschewski M et al., Clin Cancer Res 2023;29:",summary_stat,B_cc_licensed,cc by-nc-nd,cc_nd_derivatives_restricted,,,Clinical cancer research : an official journal of the American Association for Cancer Research,permitted,no,
TMSR515,TOLG057,human_clinical,"PMC10472096 / PMID 37364001 / doi:10.1158/1078-0432.CCR-22-2483 (Roschewski M et al., Clin Cancer Res 2023;29:",summary_stat,B_cc_licensed,cc by-nc-nd,cc_nd_derivatives_restricted,,,Clinical cancer research : an official journal of the American Association for Cancer Research,permitted,no,
TMSR516,TOLG057,human_clinical,"PMC10472096 / PMID 37364001 / doi:10.1158/1078-0432.CCR-22-2483 (Roschewski M et al., Clin Cancer Res 2023;29:",summary_stat,B_cc_licensed,cc by-nc-nd,cc_nd_derivatives_restricted,,,Clinical cancer research : an official journal of the American Association for Cancer Research,permitted,no,
TMSR517,TOLG057,human_clinical,"PMC10472096 / PMID 37364001 / doi:10.1158/1078-0432.CCR-22-2483 (Roschewski M et al., Clin Cancer Res 2023;29:",summary_stat,B_cc_licensed,cc by-nc-nd,cc_nd_derivatives_restricted,,,Clinical cancer research : an official journal of the American Association for Cancer Research,permitted,no,
TMSR518,TOLG057,human_clinical,"PMC9594513 / PMID 36270753 / doi:10.1136/bmjopen-2021-055718 (Nishina T et al., BMJ Open 2022;12:e055718)",summary_stat,B_cc_licensed,cc by-nc,cc_nc_noncommercial,,,BMJ open,permitted,no,
TMSR519,TOLG057,human_clinical,"PMC9594513 / PMID 36270753 / doi:10.1136/bmjopen-2021-055718 (Nishina T et al., BMJ Open 2022;12:e055718)",summary_stat,B_cc_licensed,cc by-nc,cc_nc_noncommercial,,,BMJ open,permitted,no,
TMSR520,TOLG057,human_clinical,"PMC9594513 / PMID 36270753 / doi:10.1136/bmjopen-2021-055718 (Nishina T et al., BMJ Open 2022;12:e055718)",summary_stat,B_cc_licensed,cc by-nc,cc_nc_noncommercial,,,BMJ open,permitted,no,
TMSR521,TOLG057,human_clinical,"PMC9594513 / PMID 36270753 / doi:10.1136/bmjopen-2021-055718 (Nishina T et al., BMJ Open 2022;12:e055718)",summary_stat,B_cc_licensed,cc by-nc,cc_nc_noncommercial,,,BMJ open,permitted,no,
TMSR522,TOLG057,human_clinical,"PMC9594513 / PMID 36270753 / doi:10.1136/bmjopen-2021-055718 (Nishina T et al., BMJ Open 2022;12:e055718)",summary_stat,B_cc_licensed,cc by-nc,cc_nc_noncommercial,,,BMJ open,permitted,no,
TMSR523,TOLG058,human_in_vitro,doi:10.1182/blood-2013-01-478966 (PMC3709655 / PMID 23673861),summary_stat,C_closed_access,,closed_no_open_licence,,,Blood,DECISION_REQUIRED,PROPOSED_HOLD,"no open licence declared by the publisher; extracted values are facts rather than expression, but the release of facts from a closed-access source is Oscar's call, not this pipeline's"
TMSR524,TOLG058,human_in_vitro,doi:10.1182/blood-2013-01-478966 (PMC3709655 / PMID 23673861),summary_stat,C_closed_access,,closed_no_open_licence,,,Blood,DECISION_REQUIRED,PROPOSED_HOLD,"no open licence declared by the publisher; extracted values are facts rather than expression, but the release of facts from a closed-access source is Oscar's call, not this pipeline's"
TMSR525,TOLG059,animal_in_vivo,PMC12846741 / PMID 41592789 / DOI 10.1093/nar/gkag007,cc_by,B_cc_licensed,cc by,cc_permissive,,,Nucleic acids research,permitted,no,
TMSR526,TOLG060,human_clinical,EMA/411876/2018 (EMEA/H/C/004782) Tegsedi EPAR public assessment report,public_domain,A_public_domain,,ema_reuse_with_attribution,EMA,"EMA permits reuse INCLUDING commercial use, conditional on attribution. NOT public domain -- attribution is a condition, so it is a licence",,permitted,no,
TMSR527,TOLG061,human_clinical,"PMC7835591 / PMID 33283485 / doi:10.1002/ehf2.13154 (Viney NJ et al., ESC Heart Fail 2021;8:652-661)",summary_stat,B_cc_licensed,cc by-nc,cc_nc_noncommercial,,,ESC heart failure,permitted,no,
TMSR528,TOLG061,human_clinical,"PMC7835591 / PMID 33283485 / doi:10.1002/ehf2.13154 (Viney NJ et al., ESC Heart Fail 2021;8:652-661)",summary_stat,B_cc_licensed,cc by-nc,cc_nc_noncommercial,,,ESC heart failure,permitted,no,
TMSR529,TOLG061,human_clinical,"PMC7835591 / PMID 33283485 / doi:10.1002/ehf2.13154 (Viney NJ et al., ESC Heart Fail 2021;8:652-661)",summary_stat,B_cc_licensed,cc by-nc,cc_nc_noncommercial,,,ESC heart failure,permitted,no,
TMSR530,TOLG061,human_clinical,"PMC7835591 / PMID 33283485 / doi:10.1002/ehf2.13154 (Viney NJ et al., ESC Heart Fail 2021;8:652-661)",summary_stat,B_cc_licensed,cc by-nc,cc_nc_noncommercial,,,ESC heart failure,permitted,no,
TMSR531,TOLG061,human_clinical,"PMC7835591 / PMID 33283485 / doi:10.1002/ehf2.13154 (Viney NJ et al., ESC Heart Fail 2021;8:652-661)",summary_stat,B_cc_licensed,cc by-nc,cc_nc_noncommercial,,,ESC heart failure,permitted,no,
TMSR532,TOLG061,human_clinical,"PMC7835591 / PMID 33283485 / doi:10.1002/ehf2.13154 (Viney NJ et al., ESC Heart Fail 2021;8:652-661)",summary_stat,B_cc_licensed,cc by-nc,cc_nc_noncommercial,,,ESC heart failure,permitted,no,
TMSR533,TOLG061,human_clinical,"PMC7835591 / PMID 33283485 / doi:10.1002/ehf2.13154 (Viney NJ et al., ESC Heart Fail 2021;8:652-661)",summary_stat,B_cc_licensed,cc by-nc,cc_nc_noncommercial,,,ESC heart failure,permitted,no,
TMSR534,TOLG061,human_clinical,"PMC7835591 / PMID 33283485 / doi:10.1002/ehf2.13154 (Viney NJ et al., ESC Heart Fail 2021;8:652-661)",summary_stat,B_cc_licensed,cc by-nc,cc_nc_noncommercial,,,ESC heart failure,permitted,no,
TMSR535,TOLG061,human_clinical,"PMC7835591 / PMID 33283485 / doi:10.1002/ehf2.13154 (Viney NJ et al., ESC Heart Fail 2021;8:652-661)",summary_stat,B_cc_licensed,cc by-nc,cc_nc_noncommercial,,,ESC heart failure,permitted,no,
TMSR536,TOLG061,human_clinical,"PMC7835591 / PMID 33283485 / doi:10.1002/ehf2.13154 (Viney NJ et al., ESC Heart Fail 2021;8:652-661)",summary_stat,B_cc_licensed,cc by-nc,cc_nc_noncommercial,,,ESC heart failure,permitted,no,
TMSR537,TOLG062,animal_in_vivo,"FDA NDA 206488 Orig1s000 Pharmacology/Toxicology Review (EXONDYS 51, reviewer D.B. Hawver), Reference ID 38767",public_domain,A_public_domain,,public_domain_us_federal,FDA_US,US federal agency work; no copyright attaches,,permitted,no,
TMSR538,TOLG062,animal_in_vivo,"FDA NDA 206488 Orig1s000 Pharmacology/Toxicology Review (EXONDYS 51, reviewer D.B. Hawver), Reference ID 38767",public_domain,A_public_domain,,public_domain_us_federal,FDA_US,US federal agency work; no copyright attaches,,permitted,no,
TMSR539,TOLG063,human_clinical,US 2021/0355497 A1,public_domain,A_public_domain,,public_domain_uspto_patent,USPTO,published US patent text is a US government publication; the applicant's disclosure is public by design,,permitted,no,
TMSR540,TOLG063,human_clinical,US 2021/0355497 A1,public_domain,A_public_domain,,public_domain_uspto_patent,USPTO,published US patent text is a US government publication; the applicant's disclosure is public by design,,permitted,no,
TMSR541,TOLG063,animal_in_vivo,US 2021/0355497 A1,public_domain,A_public_domain,,public_domain_uspto_patent,USPTO,published US patent text is a US government publication; the applicant's disclosure is public by design,,permitted,no,
TMSR542,TOLG063,animal_in_vivo,US 2021/0355497 A1,public_domain,A_public_domain,,public_domain_uspto_patent,USPTO,published US patent text is a US government publication; the applicant's disclosure is public by design,,permitted,no,
TMSR543,TOLG063,animal_in_vivo,US 2021/0355497 A1,public_domain,A_public_domain,,public_domain_uspto_patent,USPTO,published US patent text is a US government publication; the applicant's disclosure is public by design,,permitted,no,
TMSR544,TOLG063,animal_in_vivo,US 2021/0355497 A1,public_domain,A_public_domain,,public_domain_uspto_patent,USPTO,published US patent text is a US government publication; the applicant's disclosure is public by design,,permitted,no,
TMSR545,TOLG064,human_in_vitro,PMC4322051; PMID 25646267; doi:10.1084/jem.20140391,summary_stat,B_cc_licensed,cc by-nc-sa,cc_nc_noncommercial,,,The Journal of experimental medicine,permitted,no,
TMSR546,TOLG064,human_in_vitro,PMC4322051; PMID 25646267; doi:10.1084/jem.20140391,summary_stat,B_cc_licensed,cc by-nc-sa,cc_nc_noncommercial,,,The Journal of experimental medicine,permitted,no,
TMSR547,TOLG065,human_clinical,PMC6386089 / PMID 30570431 / doi:10.1089/nat.2018.0753,summary_stat,B_cc_licensed,cc by-nc,cc_nc_noncommercial,,,Nucleic acid therapeutics,permitted,no,
TMSR548,TOLG065,human_clinical,PMC6386089 / PMID 30570431 / doi:10.1089/nat.2018.0753,summary_stat,B_cc_licensed,cc by-nc,cc_nc_noncommercial,,,Nucleic acid therapeutics,permitted,no,
TMSR549,TOLG065,human_clinical,PMC6386089 / PMID 30570431 / doi:10.1089/nat.2018.0753,summary_stat,B_cc_licensed,cc by-nc,cc_nc_noncommercial,,,Nucleic acid therapeutics,permitted,no,
TMSR550,TOLG065,human_clinical,PMC6386089 / PMID 30570431 / doi:10.1089/nat.2018.0753,summary_stat,B_cc_licensed,cc by-nc,cc_nc_noncommercial,,,Nucleic acid therapeutics,permitted,no,
TMSR551,TOLG065,human_clinical,PMC6386089 / PMID 30570431 / doi:10.1089/nat.2018.0753,summary_stat,B_cc_licensed,cc by-nc,cc_nc_noncommercial,,,Nucleic acid therapeutics,permitted,no,
TMSR552,TOLG065,human_clinical,PMC6386089 / PMID 30570431 / doi:10.1089/nat.2018.0753,summary_stat,B_cc_licensed,cc by-nc,cc_nc_noncommercial,,,Nucleic acid therapeutics,permitted,no,
TMSR553,TOLG065,human_clinical,PMC6386089 / PMID 30570431 / doi:10.1089/nat.2018.0753,summary_stat,B_cc_licensed,cc by-nc,cc_nc_noncommercial,,,Nucleic acid therapeutics,permitted,no,
TMSR554,TOLG065,human_clinical,PMC6386089 / PMID 30570431 / doi:10.1089/nat.2018.0753,summary_stat,B_cc_licensed,cc by-nc,cc_nc_noncommercial,,,Nucleic acid therapeutics,permitted,no,
TMSR555,TOLG065,human_clinical,PMC6386089 / PMID 30570431 / doi:10.1089/nat.2018.0753,summary_stat,B_cc_licensed,cc by-nc,cc_nc_noncommercial,,,Nucleic acid therapeutics,permitted,no,
TMSR556,TOLG065,human_clinical,PMC6386089 / PMID 30570431 / doi:10.1089/nat.2018.0753,summary_stat,B_cc_licensed,cc by-nc,cc_nc_noncommercial,,,Nucleic acid therapeutics,permitted,no,
TMSR557,TOLG065,human_clinical,PMC6386089 / PMID 30570431 / doi:10.1089/nat.2018.0753,summary_stat,B_cc_licensed,cc by-nc,cc_nc_noncommercial,,,Nucleic acid therapeutics,permitted,no,
TMSR558,TOLG065,human_clinical,PMC6386089 / PMID 30570431 / doi:10.1089/nat.2018.0753,summary_stat,B_cc_licensed,cc by-nc,cc_nc_noncommercial,,,Nucleic acid therapeutics,permitted,no,
TMSR559,TOLG065,human_clinical,PMC6386089 / PMID 30570431 / doi:10.1089/nat.2018.0753,summary_stat,B_cc_licensed,cc by-nc,cc_nc_noncommercial,,,Nucleic acid therapeutics,permitted,no,
TMSR560,TOLG065,human_clinical,PMC6386089 / PMID 30570431 / doi:10.1089/nat.2018.0753,summary_stat,B_cc_licensed,cc by-nc,cc_nc_noncommercial,,,Nucleic acid therapeutics,permitted,no,
TMSR561,TOLG065,human_clinical,PMC6386089 / PMID 30570431 / doi:10.1089/nat.2018.0753,summary_stat,B_cc_licensed,cc by-nc,cc_nc_noncommercial,,,Nucleic acid therapeutics,permitted,no,
TMSR562,TOLG065,human_clinical,PMC6386089 / PMID 30570431 / doi:10.1089/nat.2018.0753,summary_stat,B_cc_licensed,cc by-nc,cc_nc_noncommercial,,,Nucleic acid therapeutics,permitted,no,
TMSR563,TOLG065,human_clinical,PMC6386089 / PMID 30570431 / doi:10.1089/nat.2018.0753,summary_stat,B_cc_licensed,cc by-nc,cc_nc_noncommercial,,,Nucleic acid therapeutics,permitted,no,
TMSR564,TOLG065,human_clinical,PMC6386089 / PMID 30570431 / doi:10.1089/nat.2018.0753,summary_stat,B_cc_licensed,cc by-nc,cc_nc_noncommercial,,,Nucleic acid therapeutics,permitted,no,
TMSR565,TOLG065,human_clinical,PMC6386089 / PMID 30570431 / doi:10.1089/nat.2018.0753,summary_stat,B_cc_licensed,cc by-nc,cc_nc_noncommercial,,,Nucleic acid therapeutics,permitted,no,
TMSR566,TOLG065,human_clinical,PMC6386089 / PMID 30570431 / doi:10.1089/nat.2018.0753,summary_stat,B_cc_licensed,cc by-nc,cc_nc_noncommercial,,,Nucleic acid therapeutics,permitted,no,
TMSR567,TOLG065,human_clinical,PMC6386089 / PMID 30570431 / doi:10.1089/nat.2018.0753,summary_stat,B_cc_licensed,cc by-nc,cc_nc_noncommercial,,,Nucleic acid therapeutics,permitted,no,
TMSR568,TOLG065,human_clinical,PMC6386089 / PMID 30570431 / doi:10.1089/nat.2018.0753,summary_stat,B_cc_licensed,cc by-nc,cc_nc_noncommercial,,,Nucleic acid therapeutics,permitted,no,
TMSR569,TOLG065,human_clinical,PMC6386089 / PMID 30570431 / doi:10.1089/nat.2018.0753,summary_stat,B_cc_licensed,cc by-nc,cc_nc_noncommercial,,,Nucleic acid therapeutics,permitted,no,
TMSR570,TOLG065,human_clinical,PMC6386089 / PMID 30570431 / doi:10.1089/nat.2018.0753,summary_stat,B_cc_licensed,cc by-nc,cc_nc_noncommercial,,,Nucleic acid therapeutics,permitted,no,
TMSR571,TOLG065,human_clinical,PMC6386089 / PMID 30570431 / doi:10.1089/nat.2018.0753,summary_stat,B_cc_licensed,cc by-nc,cc_nc_noncommercial,,,Nucleic acid therapeutics,permitted,no,
TMSR572,TOLG065,human_clinical,PMC6386089 / PMID 30570431 / doi:10.1089/nat.2018.0753,summary_stat,B_cc_licensed,cc by-nc,cc_nc_noncommercial,,,Nucleic acid therapeutics,permitted,no,
TMSR573,TOLG065,human_clinical,PMC6386089 / PMID 30570431 / doi:10.1089/nat.2018.0753,summary_stat,B_cc_licensed,cc by-nc,cc_nc_noncommercial,,,Nucleic acid therapeutics,permitted,no,
TMSR574,TOLG065,human_clinical,PMC6386089 / PMID 30570431 / doi:10.1089/nat.2018.0753,summary_stat,B_cc_licensed,cc by-nc,cc_nc_noncommercial,,,Nucleic acid therapeutics,permitted,no,
TMSR575,TOLG065,human_clinical,PMC6386089 / PMID 30570431 / doi:10.1089/nat.2018.0753,summary_stat,B_cc_licensed,cc by-nc,cc_nc_noncommercial,,,Nucleic acid therapeutics,permitted,no,
TMSR576,TOLG065,human_clinical,PMC6386089 / PMID 30570431 / doi:10.1089/nat.2018.0753,summary_stat,B_cc_licensed,cc by-nc,cc_nc_noncommercial,,,Nucleic acid therapeutics,permitted,no,
TMSR577,TOLG065,human_clinical,PMC6386089 / PMID 30570431 / doi:10.1089/nat.2018.0753,summary_stat,B_cc_licensed,cc by-nc,cc_nc_noncommercial,,,Nucleic acid therapeutics,permitted,no,
TMSR578,TOLG065,human_clinical,PMC6386089 / PMID 30570431 / doi:10.1089/nat.2018.0753,summary_stat,B_cc_licensed,cc by-nc,cc_nc_noncommercial,,,Nucleic acid therapeutics,permitted,no,
TMSR579,TOLG065,human_clinical,PMC6386089 / PMID 30570431 / doi:10.1089/nat.2018.0753,summary_stat,B_cc_licensed,cc by-nc,cc_nc_noncommercial,,,Nucleic acid therapeutics,permitted,no,
TMSR580,TOLG065,human_clinical,PMC6386089 / PMID 30570431 / doi:10.1089/nat.2018.0753,summary_stat,B_cc_licensed,cc by-nc,cc_nc_noncommercial,,,Nucleic acid therapeutics,permitted,no,
TMSR581,TOLG065,human_clinical,PMC6386089 / PMID 30570431 / doi:10.1089/nat.2018.0753,summary_stat,B_cc_licensed,cc by-nc,cc_nc_noncommercial,,,Nucleic acid therapeutics,permitted,no,
TMSR582,TOLG065,human_clinical,PMC6386089 / PMID 30570431 / doi:10.1089/nat.2018.0753,summary_stat,B_cc_licensed,cc by-nc,cc_nc_noncommercial,,,Nucleic acid therapeutics,permitted,no,
TMSR583,TOLG065,human_clinical,PMC6386089 / PMID 30570431 / doi:10.1089/nat.2018.0753,summary_stat,B_cc_licensed,cc by-nc,cc_nc_noncommercial,,,Nucleic acid therapeutics,permitted,no,
TMSR584,TOLG065,human_clinical,PMC6386089 / PMID 30570431 / doi:10.1089/nat.2018.0753,summary_stat,B_cc_licensed,cc by-nc,cc_nc_noncommercial,,,Nucleic acid therapeutics,permitted,no,
TMSR585,TOLG065,human_clinical,PMC6386089 / PMID 30570431 / doi:10.1089/nat.2018.0753,summary_stat,B_cc_licensed,cc by-nc,cc_nc_noncommercial,,,Nucleic acid therapeutics,permitted,no,
TMSR586,TOLG065,human_clinical,PMC6386089 / PMID 30570431 / doi:10.1089/nat.2018.0753,summary_stat,B_cc_licensed,cc by-nc,cc_nc_noncommercial,,,Nucleic acid therapeutics,permitted,no,
TMSR587,TOLG065,human_clinical,PMC6386089 / PMID 30570431 / doi:10.1089/nat.2018.0753,summary_stat,B_cc_licensed,cc by-nc,cc_nc_noncommercial,,,Nucleic acid therapeutics,permitted,no,
TMSR588,TOLG065,human_clinical,PMC6386089 / PMID 30570431 / doi:10.1089/nat.2018.0753,summary_stat,B_cc_licensed,cc by-nc,cc_nc_noncommercial,,,Nucleic acid therapeutics,permitted,no,
TMSR589,TOLG065,human_clinical,PMC6386089 / PMID 30570431 / doi:10.1089/nat.2018.0753,summary_stat,B_cc_licensed,cc by-nc,cc_nc_noncommercial,,,Nucleic acid therapeutics,permitted,no,
TMSR590,TOLG066,animal_in_vivo,"FDA NDA 212194 Orig1s000 Multi-discipline Review and Evaluation (GIVLAARI), Reference ID 4522419",public_domain,A_public_domain,,public_domain_us_federal,FDA_US,US federal agency work; no copyright attaches,,permitted,no,
TMSR591,TOLG066,animal_in_vivo,"FDA NDA 212194 Orig1s000 Multi-discipline Review and Evaluation (GIVLAARI), Reference ID 4522419",public_domain,A_public_domain,,public_domain_us_federal,FDA_US,US federal agency work; no copyright attaches,,permitted,no,
TMSR592,TOLG066,animal_in_vivo,"FDA NDA 212194 Orig1s000 Multi-discipline Review and Evaluation (GIVLAARI), Reference ID 4522419",public_domain,A_public_domain,,public_domain_us_federal,FDA_US,US federal agency work; no copyright attaches,,permitted,no,
TMSR593,TOLG067,animal_in_vivo,"FDA NDA 211970 Orig1s000 Pharmacology/Toxicology Review (VYONDYS 53, reviewer B.J. Wilcox), Reference ID 44570",public_domain,A_public_domain,,public_domain_us_federal,FDA_US,US federal agency work; no copyright attaches,,permitted,no,
TMSR594,TOLG067,animal_in_vivo,"FDA NDA 211970 Orig1s000 Pharmacology/Toxicology Review (VYONDYS 53, reviewer B.J. Wilcox), Reference ID 44570",public_domain,A_public_domain,,public_domain_us_federal,FDA_US,US federal agency work; no copyright attaches,,permitted,no,
TMSR595,TOLG068,human_in_vitro,PMC7063478 / PMID 31881528 / DOI 10.1016/j.omtn.2019.11.020,cc_by,B_cc_licensed,cc by,cc_permissive,,,Molecular therapy. Nucleic acids,permitted,no,
TMSR596,TOLG068,human_in_vitro,PMC7063478 / PMID 31881528 / DOI 10.1016/j.omtn.2019.11.020,cc_by,B_cc_licensed,cc by,cc_permissive,,,Molecular therapy. Nucleic acids,permitted,no,
TMSR597,TOLG069,human_in_vitro,PMC7063478 / PMID 31881528 / DOI 10.1016/j.omtn.2019.11.020,cc_by,B_cc_licensed,cc by,cc_permissive,,,Molecular therapy. Nucleic acids,permitted,no,
TMSR598,TOLG069,human_in_vitro,PMC7063478 / PMID 31881528 / DOI 10.1016/j.omtn.2019.11.020,cc_by,B_cc_licensed,cc by,cc_permissive,,,Molecular therapy. Nucleic acids,permitted,no,
TMSR599,TOLG070,human_ex_vivo,FDA NDA 217779 Orig1s000 Multi-discipline Review (imetelstat/Rytelo),public_domain,A_public_domain,,public_domain_us_federal,FDA_US,US federal agency work; no copyright attaches,,permitted,no,
TMSR600,TOLG070,human_clinical,FDA NDA 217779 Orig1s000 Multi-discipline Review (imetelstat/Rytelo),public_domain,A_public_domain,,public_domain_us_federal,FDA_US,US federal agency work; no copyright attaches,,permitted,no,
TMSR601,TOLG070,human_clinical,FDA NDA 217779 Orig1s000 Multi-discipline Review (imetelstat/Rytelo),public_domain,A_public_domain,,public_domain_us_federal,FDA_US,US federal agency work; no copyright attaches,,permitted,no,
TMSR602,TOLG070,human_clinical,FDA NDA 217779 Orig1s000 Multi-discipline Review (imetelstat/Rytelo),public_domain,A_public_domain,,public_domain_us_federal,FDA_US,US federal agency work; no copyright attaches,,permitted,no,
TMSR603,TOLG070,human_clinical,FDA NDA 217779 Orig1s000 Multi-discipline Review (imetelstat/Rytelo),public_domain,A_public_domain,,public_domain_us_federal,FDA_US,US federal agency work; no copyright attaches,,permitted,no,
TMSR604,TOLG070,animal_in_vivo,FDA NDA 217779 Orig1s000 Multi-discipline Review (imetelstat/Rytelo),public_domain,A_public_domain,,public_domain_us_federal,FDA_US,US federal agency work; no copyright attaches,,permitted,no,
TMSR605,TOLG070,animal_in_vivo,FDA NDA 217779 Orig1s000 Multi-discipline Review (imetelstat/Rytelo),public_domain,A_public_domain,,public_domain_us_federal,FDA_US,US federal agency work; no copyright attaches,,permitted,no,
TMSR606,TOLG070,animal_in_vivo,FDA NDA 217779 Orig1s000 Multi-discipline Review (imetelstat/Rytelo),public_domain,A_public_domain,,public_domain_us_federal,FDA_US,US federal agency work; no copyright attaches,,permitted,no,
TMSR607,TOLG070,animal_in_vivo,FDA NDA 217779 Orig1s000 Multi-discipline Review (imetelstat/Rytelo),public_domain,A_public_domain,,public_domain_us_federal,FDA_US,US federal agency work; no copyright attaches,,permitted,no,
TMSR608,TOLG070,animal_in_vivo,FDA NDA 217779 Orig1s000 Multi-discipline Review (imetelstat/Rytelo),public_domain,A_public_domain,,public_domain_us_federal,FDA_US,US federal agency work; no copyright attaches,,permitted,no,
TMSR609,TOLG070,animal_in_vivo,FDA NDA 217779 Orig1s000 Multi-discipline Review (imetelstat/Rytelo),public_domain,A_public_domain,,public_domain_us_federal,FDA_US,US federal agency work; no copyright attaches,,permitted,no,
TMSR610,TOLG070,animal_in_vivo,FDA NDA 217779 Orig1s000 Multi-discipline Review (imetelstat/Rytelo),public_domain,A_public_domain,,public_domain_us_federal,FDA_US,US federal agency work; no copyright attaches,,permitted,no,
TMSR611,TOLG070,human_clinical,FDA NDA 217779 Orig1s000 Multi-discipline Review (imetelstat/Rytelo),public_domain,A_public_domain,,public_domain_us_federal,FDA_US,US federal agency work; no copyright attaches,,permitted,no,
TMSR612,TOLG070,human_clinical,FDA NDA 217779 Orig1s000 Multi-discipline Review (imetelstat/Rytelo),public_domain,A_public_domain,,public_domain_us_federal,FDA_US,US federal agency work; no copyright attaches,,permitted,no,
TMSR613,TOLG070,human_clinical,FDA NDA 217779 Orig1s000 Multi-discipline Review (imetelstat/Rytelo),public_domain,A_public_domain,,public_domain_us_federal,FDA_US,US federal agency work; no copyright attaches,,permitted,no,
TMSR614,TOLG070,human_clinical,FDA NDA 217779 Orig1s000 Multi-discipline Review (imetelstat/Rytelo),public_domain,A_public_domain,,public_domain_us_federal,FDA_US,US federal agency work; no copyright attaches,,permitted,no,
TMSR615,TOLG070,human_clinical,FDA NDA 217779 Orig1s000 Multi-discipline Review (imetelstat/Rytelo),public_domain,A_public_domain,,public_domain_us_federal,FDA_US,US federal agency work; no copyright attaches,,permitted,no,
TMSR616,TOLG070,human_clinical,FDA NDA 217779 Orig1s000 Multi-discipline Review (imetelstat/Rytelo),public_domain,A_public_domain,,public_domain_us_federal,FDA_US,US federal agency work; no copyright attaches,,permitted,no,
TMSR617,TOLG070,human_clinical,FDA NDA 217779 Orig1s000 Multi-discipline Review (imetelstat/Rytelo),public_domain,A_public_domain,,public_domain_us_federal,FDA_US,US federal agency work; no copyright attaches,,permitted,no,
TMSR618,TOLG070,human_clinical,FDA NDA 217779 Orig1s000 Multi-discipline Review (imetelstat/Rytelo),public_domain,A_public_domain,,public_domain_us_federal,FDA_US,US federal agency work; no copyright attaches,,permitted,no,
TMSR619,TOLG070,human_clinical,FDA NDA 217779 Orig1s000 Multi-discipline Review (imetelstat/Rytelo),public_domain,A_public_domain,,public_domain_us_federal,FDA_US,US federal agency work; no copyright attaches,,permitted,no,
TMSR620,TOLG070,human_clinical,FDA NDA 217779 Orig1s000 Multi-discipline Review (imetelstat/Rytelo),public_domain,A_public_domain,,public_domain_us_federal,FDA_US,US federal agency work; no copyright attaches,,permitted,no,
TMSR621,TOLG070,human_clinical,FDA NDA 217779 Orig1s000 Multi-discipline Review (imetelstat/Rytelo),public_domain,A_public_domain,,public_domain_us_federal,FDA_US,US federal agency work; no copyright attaches,,permitted,no,
TMSR622,TOLG070,human_clinical,FDA NDA 217779 Orig1s000 Multi-discipline Review (imetelstat/Rytelo),public_domain,A_public_domain,,public_domain_us_federal,FDA_US,US federal agency work; no copyright attaches,,permitted,no,
TMSR623,TOLG070,human_clinical,FDA NDA 217779 Orig1s000 Multi-discipline Review (imetelstat/Rytelo),public_domain,A_public_domain,,public_domain_us_federal,FDA_US,US federal agency work; no copyright attaches,,permitted,no,
TMSR624,TOLG070,human_clinical,FDA NDA 217779 Orig1s000 Multi-discipline Review (imetelstat/Rytelo),public_domain,A_public_domain,,public_domain_us_federal,FDA_US,US federal agency work; no copyright attaches,,permitted,no,
TMSR625,TOLG070,human_clinical,FDA NDA 217779 Orig1s000 Multi-discipline Review (imetelstat/Rytelo),public_domain,A_public_domain,,public_domain_us_federal,FDA_US,US federal agency work; no copyright attaches,,permitted,no,
TMSR626,TOLG070,human_clinical,FDA NDA 217779 Orig1s000 Multi-discipline Review (imetelstat/Rytelo),public_domain,A_public_domain,,public_domain_us_federal,FDA_US,US federal agency work; no copyright attaches,,permitted,no,
TMSR627,TOLG070,human_clinical,FDA NDA 217779 Orig1s000 Multi-discipline Review (imetelstat/Rytelo),public_domain,A_public_domain,,public_domain_us_federal,FDA_US,US federal agency work; no copyright attaches,,permitted,no,
TMSR628,TOLG070,human_clinical,FDA NDA 217779 Orig1s000 Multi-discipline Review (imetelstat/Rytelo),public_domain,A_public_domain,,public_domain_us_federal,FDA_US,US federal agency work; no copyright attaches,,permitted,no,
TMSR629,TOLG070,human_clinical,FDA NDA 217779 Orig1s000 Multi-discipline Review (imetelstat/Rytelo),public_domain,A_public_domain,,public_domain_us_federal,FDA_US,US federal agency work; no copyright attaches,,permitted,no,
TMSR630,TOLG070,human_clinical,FDA NDA 217779 Orig1s000 Multi-discipline Review (imetelstat/Rytelo),public_domain,A_public_domain,,public_domain_us_federal,FDA_US,US federal agency work; no copyright attaches,,permitted,no,
TMSR631,TOLG070,human_clinical,FDA NDA 217779 Orig1s000 Multi-discipline Review (imetelstat/Rytelo),public_domain,A_public_domain,,public_domain_us_federal,FDA_US,US federal agency work; no copyright attaches,,permitted,no,
TMSR632,TOLG070,human_clinical,FDA NDA 217779 Orig1s000 Multi-discipline Review (imetelstat/Rytelo),public_domain,A_public_domain,,public_domain_us_federal,FDA_US,US federal agency work; no copyright attaches,,permitted,no,
TMSR633,TOLG070,human_clinical,FDA NDA 217779 Orig1s000 Multi-discipline Review (imetelstat/Rytelo),public_domain,A_public_domain,,public_domain_us_federal,FDA_US,US federal agency work; no copyright attaches,,permitted,no,
TMSR634,TOLG070,human_clinical,FDA NDA 217779 Orig1s000 Multi-discipline Review (imetelstat/Rytelo),public_domain,A_public_domain,,public_domain_us_federal,FDA_US,US federal agency work; no copyright attaches,,permitted,no,
TMSR635,TOLG070,human_clinical,FDA NDA 217779 Orig1s000 Multi-discipline Review (imetelstat/Rytelo),public_domain,A_public_domain,,public_domain_us_federal,FDA_US,US federal agency work; no copyright attaches,,permitted,no,
TMSR636,TOLG070,human_clinical,FDA NDA 217779 Orig1s000 Multi-discipline Review (imetelstat/Rytelo),public_domain,A_public_domain,,public_domain_us_federal,FDA_US,US federal agency work; no copyright attaches,,permitted,no,
TMSR637,TOLG070,human_clinical,FDA NDA 217779 Orig1s000 Multi-discipline Review (imetelstat/Rytelo),public_domain,A_public_domain,,public_domain_us_federal,FDA_US,US federal agency work; no copyright attaches,,permitted,no,
TMSR638,TOLG070,human_clinical,FDA NDA 217779 Orig1s000 Multi-discipline Review (imetelstat/Rytelo),public_domain,A_public_domain,,public_domain_us_federal,FDA_US,US federal agency work; no copyright attaches,,permitted,no,
TMSR639,TOLG070,human_clinical,FDA NDA 217779 Orig1s000 Multi-discipline Review (imetelstat/Rytelo),public_domain,A_public_domain,,public_domain_us_federal,FDA_US,US federal agency work; no copyright attaches,,permitted,no,
TMSR640,TOLG070,animal_in_vivo,FDA NDA 217779 Orig1s000 Multi-discipline Review (imetelstat/Rytelo),public_domain,A_public_domain,,public_domain_us_federal,FDA_US,US federal agency work; no copyright attaches,,permitted,no,
TMSR641,TOLG070,human_clinical,FDA NDA 217779 Orig1s000 Multi-discipline Review (imetelstat/Rytelo),public_domain,A_public_domain,,public_domain_us_federal,FDA_US,US federal agency work; no copyright attaches,,permitted,no,
TMSR642,TOLG070,human_clinical,FDA NDA 217779 Orig1s000 Multi-discipline Review (imetelstat/Rytelo),public_domain,A_public_domain,,public_domain_us_federal,FDA_US,US federal agency work; no copyright attaches,,permitted,no,
TMSR643,TOLG070,human_ex_vivo,FDA NDA 217779 Orig1s000 Multi-discipline Review (imetelstat/Rytelo),public_domain,A_public_domain,,public_domain_us_federal,FDA_US,US federal agency work; no copyright attaches,,permitted,no,
TMSR644,TOLG070,human_in_vitro,FDA NDA 217779 Orig1s000 Multi-discipline Review (imetelstat/Rytelo),public_domain,A_public_domain,,public_domain_us_federal,FDA_US,US federal agency work; no copyright attaches,,permitted,no,
TMSR645,TOLG070,human_in_vitro,FDA NDA 217779 Orig1s000 Multi-discipline Review (imetelstat/Rytelo),public_domain,A_public_domain,,public_domain_us_federal,FDA_US,US federal agency work; no copyright attaches,,permitted,no,
TMSR646,TOLG070,human_in_vitro,FDA NDA 217779 Orig1s000 Multi-discipline Review (imetelstat/Rytelo),public_domain,A_public_domain,,public_domain_us_federal,FDA_US,US federal agency work; no copyright attaches,,permitted,no,
TMSR647,TOLG070,human_in_vitro,FDA NDA 217779 Orig1s000 Multi-discipline Review (imetelstat/Rytelo),public_domain,A_public_domain,,public_domain_us_federal,FDA_US,US federal agency work; no copyright attaches,,permitted,no,
TMSR648,TOLG070,human_clinical,FDA NDA 217779 Orig1s000 Multi-discipline Review (imetelstat/Rytelo),public_domain,A_public_domain,,public_domain_us_federal,FDA_US,US federal agency work; no copyright attaches,,permitted,no,
TMSR649,TOLG070,human_clinical,FDA NDA 217779 Orig1s000 Multi-discipline Review (imetelstat/Rytelo),public_domain,A_public_domain,,public_domain_us_federal,FDA_US,US federal agency work; no copyright attaches,,permitted,no,
TMSR650,TOLG070,human_clinical,FDA NDA 217779 Orig1s000 Multi-discipline Review (imetelstat/Rytelo),public_domain,A_public_domain,,public_domain_us_federal,FDA_US,US federal agency work; no copyright attaches,,permitted,no,
TMSR651,TOLG070,human_clinical,FDA NDA 217779 Orig1s000 Multi-discipline Review (imetelstat/Rytelo),public_domain,A_public_domain,,public_domain_us_federal,FDA_US,US federal agency work; no copyright attaches,,permitted,no,
TMSR652,TOLG070,human_clinical,FDA NDA 217779 Orig1s000 Multi-discipline Review (imetelstat/Rytelo),public_domain,A_public_domain,,public_domain_us_federal,FDA_US,US federal agency work; no copyright attaches,,permitted,no,
TMSR653,TOLG070,human_clinical,FDA NDA 217779 Orig1s000 Multi-discipline Review (imetelstat/Rytelo),public_domain,A_public_domain,,public_domain_us_federal,FDA_US,US federal agency work; no copyright attaches,,permitted,no,
TMSR654,TOLG070,human_clinical,FDA NDA 217779 Orig1s000 Multi-discipline Review (imetelstat/Rytelo),public_domain,A_public_domain,,public_domain_us_federal,FDA_US,US federal agency work; no copyright attaches,,permitted,no,
TMSR655,TOLG070,human_clinical,FDA NDA 217779 Orig1s000 Multi-discipline Review (imetelstat/Rytelo),public_domain,A_public_domain,,public_domain_us_federal,FDA_US,US federal agency work; no copyright attaches,,permitted,no,
TMSR656,TOLG070,human_clinical,FDA NDA 217779 Orig1s000 Multi-discipline Review (imetelstat/Rytelo),public_domain,A_public_domain,,public_domain_us_federal,FDA_US,US federal agency work; no copyright attaches,,permitted,no,
TMSR657,TOLG070,human_clinical,FDA NDA 217779 Orig1s000 Multi-discipline Review (imetelstat/Rytelo),public_domain,A_public_domain,,public_domain_us_federal,FDA_US,US federal agency work; no copyright attaches,,permitted,no,
TMSR658,TOLG070,human_clinical,FDA NDA 217779 Orig1s000 Multi-discipline Review (imetelstat/Rytelo),public_domain,A_public_domain,,public_domain_us_federal,FDA_US,US federal agency work; no copyright attaches,,permitted,no,
TMSR659,TOLG070,human_clinical,FDA NDA 217779 Orig1s000 Multi-discipline Review (imetelstat/Rytelo),public_domain,A_public_domain,,public_domain_us_federal,FDA_US,US federal agency work; no copyright attaches,,permitted,no,
TMSR660,TOLG070,human_clinical,FDA NDA 217779 Orig1s000 Multi-discipline Review (imetelstat/Rytelo),public_domain,A_public_domain,,public_domain_us_federal,FDA_US,US federal agency work; no copyright attaches,,permitted,no,
TMSR661,TOLG070,human_clinical,FDA NDA 217779 Orig1s000 Multi-discipline Review (imetelstat/Rytelo),public_domain,A_public_domain,,public_domain_us_federal,FDA_US,US federal agency work; no copyright attaches,,permitted,no,
TMSR662,TOLG070,human_clinical,FDA NDA 217779 Orig1s000 Multi-discipline Review (imetelstat/Rytelo),public_domain,A_public_domain,,public_domain_us_federal,FDA_US,US federal agency work; no copyright attaches,,permitted,no,
TMSR663,TOLG070,human_clinical,FDA NDA 217779 Orig1s000 Multi-discipline Review (imetelstat/Rytelo),public_domain,A_public_domain,,public_domain_us_federal,FDA_US,US federal agency work; no copyright attaches,,permitted,no,
TMSR664,TOLG070,human_clinical,FDA NDA 217779 Orig1s000 Multi-discipline Review (imetelstat/Rytelo),public_domain,A_public_domain,,public_domain_us_federal,FDA_US,US federal agency work; no copyright attaches,,permitted,no,
TMSR665,TOLG070,human_clinical,FDA NDA 217779 Orig1s000 Multi-discipline Review (imetelstat/Rytelo),public_domain,A_public_domain,,public_domain_us_federal,FDA_US,US federal agency work; no copyright attaches,,permitted,no,
TMSR666,TOLG070,human_clinical,FDA NDA 217779 Orig1s000 Multi-discipline Review (imetelstat/Rytelo),public_domain,A_public_domain,,public_domain_us_federal,FDA_US,US federal agency work; no copyright attaches,,permitted,no,
TMSR667,TOLG070,human_clinical,FDA NDA 217779 Orig1s000 Multi-discipline Review (imetelstat/Rytelo),public_domain,A_public_domain,,public_domain_us_federal,FDA_US,US federal agency work; no copyright attaches,,permitted,no,
TMSR668,TOLG070,human_clinical,FDA NDA 217779 Orig1s000 Multi-discipline Review (imetelstat/Rytelo),public_domain,A_public_domain,,public_domain_us_federal,FDA_US,US federal agency work; no copyright attaches,,permitted,no,
TMSR669,TOLG070,human_clinical,FDA NDA 217779 Orig1s000 Multi-discipline Review (imetelstat/Rytelo),public_domain,A_public_domain,,public_domain_us_federal,FDA_US,US federal agency work; no copyright attaches,,permitted,no,
TMSR670,TOLG070,human_clinical,FDA NDA 217779 Orig1s000 Multi-discipline Review (imetelstat/Rytelo),public_domain,A_public_domain,,public_domain_us_federal,FDA_US,US federal agency work; no copyright attaches,,permitted,no,
TMSR671,TOLG070,human_clinical,FDA NDA 217779 Orig1s000 Multi-discipline Review (imetelstat/Rytelo),public_domain,A_public_domain,,public_domain_us_federal,FDA_US,US federal agency work; no copyright attaches,,permitted,no,
TMSR672,TOLG070,human_clinical,FDA NDA 217779 Orig1s000 Multi-discipline Review (imetelstat/Rytelo),public_domain,A_public_domain,,public_domain_us_federal,FDA_US,US federal agency work; no copyright attaches,,permitted,no,
TMSR673,TOLG070,human_clinical,FDA NDA 217779 Orig1s000 Multi-discipline Review (imetelstat/Rytelo),public_domain,A_public_domain,,public_domain_us_federal,FDA_US,US federal agency work; no copyright attaches,,permitted,no,
TMSR674,TOLG070,human_clinical,FDA NDA 217779 Orig1s000 Multi-discipline Review (imetelstat/Rytelo),public_domain,A_public_domain,,public_domain_us_federal,FDA_US,US federal agency work; no copyright attaches,,permitted,no,
TMSR675,TOLG070,human_clinical,FDA NDA 217779 Orig1s000 Multi-discipline Review (imetelstat/Rytelo),public_domain,A_public_domain,,public_domain_us_federal,FDA_US,US federal agency work; no copyright attaches,,permitted,no,
TMSR676,TOLG070,human_clinical,FDA NDA 217779 Orig1s000 Multi-discipline Review (imetelstat/Rytelo),public_domain,A_public_domain,,public_domain_us_federal,FDA_US,US federal agency work; no copyright attaches,,permitted,no,
TMSR677,TOLG070,human_clinical,FDA NDA 217779 Orig1s000 Multi-discipline Review (imetelstat/Rytelo),public_domain,A_public_domain,,public_domain_us_federal,FDA_US,US federal agency work; no copyright attaches,,permitted,no,
TMSR678,TOLG070,human_clinical,FDA NDA 217779 Orig1s000 Multi-discipline Review (imetelstat/Rytelo),public_domain,A_public_domain,,public_domain_us_federal,FDA_US,US federal agency work; no copyright attaches,,permitted,no,
TMSR679,TOLG070,human_clinical,FDA NDA 217779 Orig1s000 Multi-discipline Review (imetelstat/Rytelo),public_domain,A_public_domain,,public_domain_us_federal,FDA_US,US federal agency work; no copyright attaches,,permitted,no,
TMSR680,TOLG070,human_clinical,FDA NDA 217779 Orig1s000 Multi-discipline Review (imetelstat/Rytelo),public_domain,A_public_domain,,public_domain_us_federal,FDA_US,US federal agency work; no copyright attaches,,permitted,no,
TMSR681,TOLG070,human_clinical,FDA NDA 217779 Orig1s000 Multi-discipline Review (imetelstat/Rytelo),public_domain,A_public_domain,,public_domain_us_federal,FDA_US,US federal agency work; no copyright attaches,,permitted,no,
TMSR682,TOLG070,human_clinical,FDA NDA 217779 Orig1s000 Multi-discipline Review (imetelstat/Rytelo),public_domain,A_public_domain,,public_domain_us_federal,FDA_US,US federal agency work; no copyright attaches,,permitted,no,
TMSR683,TOLG070,human_clinical,FDA NDA 217779 Orig1s000 Multi-discipline Review (imetelstat/Rytelo),public_domain,A_public_domain,,public_domain_us_federal,FDA_US,US federal agency work; no copyright attaches,,permitted,no,
TMSR684,TOLG070,human_clinical,FDA NDA 217779 Orig1s000 Multi-discipline Review (imetelstat/Rytelo),public_domain,A_public_domain,,public_domain_us_federal,FDA_US,US federal agency work; no copyright attaches,,permitted,no,
TMSR685,TOLG070,human_clinical,FDA NDA 217779 Orig1s000 Multi-discipline Review (imetelstat/Rytelo),public_domain,A_public_domain,,public_domain_us_federal,FDA_US,US federal agency work; no copyright attaches,,permitted,no,
TMSR686,TOLG070,human_clinical,FDA NDA 217779 Orig1s000 Multi-discipline Review (imetelstat/Rytelo),public_domain,A_public_domain,,public_domain_us_federal,FDA_US,US federal agency work; no copyright attaches,,permitted,no,
TMSR687,TOLG070,human_clinical,FDA NDA 217779 Orig1s000 Multi-discipline Review (imetelstat/Rytelo),public_domain,A_public_domain,,public_domain_us_federal,FDA_US,US federal agency work; no copyright attaches,,permitted,no,
TMSR688,TOLG070,human_clinical,FDA NDA 217779 Orig1s000 Multi-discipline Review (imetelstat/Rytelo),public_domain,A_public_domain,,public_domain_us_federal,FDA_US,US federal agency work; no copyright attaches,,permitted,no,
TMSR689,TOLG070,human_clinical,FDA NDA 217779 Orig1s000 Multi-discipline Review (imetelstat/Rytelo),public_domain,A_public_domain,,public_domain_us_federal,FDA_US,US federal agency work; no copyright attaches,,permitted,no,
TMSR690,TOLG070,human_clinical,FDA_label_RYTELO_SPL_imetelstat,public_domain,A_public_domain,,public_domain_us_federal,FDA_US,US federal agency work; no copyright attaches,,permitted,no,
TMSR691,TOLG070,human_clinical,FDA_label_RYTELO_SPL_imetelstat,public_domain,A_public_domain,,public_domain_us_federal,FDA_US,US federal agency work; no copyright attaches,,permitted,no,
TMSR692,TOLG071,human_clinical,"FDA NDA 214012 Orig1s000 Clinical Review (LEQVIO, reviewers E. Craig and I. Chowdhury), Reference ID 4697450",public_domain,A_public_domain,,public_domain_us_federal,FDA_US,US federal agency work; no copyright attaches,,permitted,no,
TMSR693,TOLG071,human_clinical,"FDA NDA 214012 Orig1s000 Clinical Review (LEQVIO, reviewers E. Craig and I. Chowdhury), Reference ID 4697450",public_domain,A_public_domain,,public_domain_us_federal,FDA_US,US federal agency work; no copyright attaches,,permitted,no,
TMSR694,TOLG071,human_clinical,"FDA NDA 214012 Orig1s000 Clinical Review (LEQVIO, reviewers E. Craig and I. Chowdhury), Reference ID 4697450",public_domain,A_public_domain,,public_domain_us_federal,FDA_US,US federal agency work; no copyright attaches,,permitted,no,
TMSR695,TOLG071,human_clinical,PMID:32243492; DOI:10.1093/cvr/cvaa077,summary_stat,C_closed_access,,closed_no_open_licence,,,Cardiovascular research,DECISION_REQUIRED,PROPOSED_HOLD,"no open licence declared by the publisher; extracted values are facts rather than expression, but the release of facts from a closed-access source is Oscar's call, not this pipeline's"
TMSR696,TOLG071,human_clinical,PMID:32243492; DOI:10.1093/cvr/cvaa077,summary_stat,C_closed_access,,closed_no_open_licence,,,Cardiovascular research,DECISION_REQUIRED,PROPOSED_HOLD,"no open licence declared by the publisher; extracted values are facts rather than expression, but the release of facts from a closed-access source is Oscar's call, not this pipeline's"
TMSR697,TOLG071,human_clinical,PMID:32243492; DOI:10.1093/cvr/cvaa077,summary_stat,C_closed_access,,closed_no_open_licence,,,Cardiovascular research,DECISION_REQUIRED,PROPOSED_HOLD,"no open licence declared by the publisher; extracted values are facts rather than expression, but the release of facts from a closed-access source is Oscar's call, not this pipeline's"
TMSR698,TOLG071,human_clinical,PMID:32243492; DOI:10.1093/cvr/cvaa077,summary_stat,C_closed_access,,closed_no_open_licence,,,Cardiovascular research,DECISION_REQUIRED,PROPOSED_HOLD,"no open licence declared by the publisher; extracted values are facts rather than expression, but the release of facts from a closed-access source is Oscar's call, not this pipeline's"
TMSR699,TOLG071,human_clinical,PMID:32243492; DOI:10.1093/cvr/cvaa077,summary_stat,C_closed_access,,closed_no_open_licence,,,Cardiovascular research,DECISION_REQUIRED,PROPOSED_HOLD,"no open licence declared by the publisher; extracted values are facts rather than expression, but the release of facts from a closed-access source is Oscar's call, not this pipeline's"
TMSR700,TOLG071,human_clinical,PMID:32243492; DOI:10.1093/cvr/cvaa077,summary_stat,C_closed_access,,closed_no_open_licence,,,Cardiovascular research,DECISION_REQUIRED,PROPOSED_HOLD,"no open licence declared by the publisher; extracted values are facts rather than expression, but the release of facts from a closed-access source is Oscar's call, not this pipeline's"
TMSR701,TOLG071,human_clinical,PMID:32243492; DOI:10.1093/cvr/cvaa077,summary_stat,C_closed_access,,closed_no_open_licence,,,Cardiovascular research,DECISION_REQUIRED,PROPOSED_HOLD,"no open licence declared by the publisher; extracted values are facts rather than expression, but the release of facts from a closed-access source is Oscar's call, not this pipeline's"
TMSR702,TOLG071,human_clinical,PMID:32243492; DOI:10.1093/cvr/cvaa077,summary_stat,C_closed_access,,closed_no_open_licence,,,Cardiovascular research,DECISION_REQUIRED,PROPOSED_HOLD,"no open licence declared by the publisher; extracted values are facts rather than expression, but the release of facts from a closed-access source is Oscar's call, not this pipeline's"
TMSR703,TOLG071,human_clinical,PMID:32243492; DOI:10.1093/cvr/cvaa077,summary_stat,C_closed_access,,closed_no_open_licence,,,Cardiovascular research,DECISION_REQUIRED,PROPOSED_HOLD,"no open licence declared by the publisher; extracted values are facts rather than expression, but the release of facts from a closed-access source is Oscar's call, not this pipeline's"
TMSR704,TOLG071,human_clinical,PMID:32243492; DOI:10.1093/cvr/cvaa077,summary_stat,C_closed_access,,closed_no_open_licence,,,Cardiovascular research,DECISION_REQUIRED,PROPOSED_HOLD,"no open licence declared by the publisher; extracted values are facts rather than expression, but the release of facts from a closed-access source is Oscar's call, not this pipeline's"
TMSR705,TOLG071,human_clinical,PMID:32243492; DOI:10.1093/cvr/cvaa077,summary_stat,C_closed_access,,closed_no_open_licence,,,Cardiovascular research,DECISION_REQUIRED,PROPOSED_HOLD,"no open licence declared by the publisher; extracted values are facts rather than expression, but the release of facts from a closed-access source is Oscar's call, not this pipeline's"
TMSR706,TOLG071,human_clinical,PMID:32243492; DOI:10.1093/cvr/cvaa077,summary_stat,C_closed_access,,closed_no_open_licence,,,Cardiovascular research,DECISION_REQUIRED,PROPOSED_HOLD,"no open licence declared by the publisher; extracted values are facts rather than expression, but the release of facts from a closed-access source is Oscar's call, not this pipeline's"
TMSR707,TOLG071,human_clinical,PMID:32243492; DOI:10.1093/cvr/cvaa077,summary_stat,C_closed_access,,closed_no_open_licence,,,Cardiovascular research,DECISION_REQUIRED,PROPOSED_HOLD,"no open licence declared by the publisher; extracted values are facts rather than expression, but the release of facts from a closed-access source is Oscar's call, not this pipeline's"
TMSR708,TOLG071,human_clinical,PMID:32243492; DOI:10.1093/cvr/cvaa077,summary_stat,C_closed_access,,closed_no_open_licence,,,Cardiovascular research,DECISION_REQUIRED,PROPOSED_HOLD,"no open licence declared by the publisher; extracted values are facts rather than expression, but the release of facts from a closed-access source is Oscar's call, not this pipeline's"
TMSR709,TOLG071,human_clinical,PMID:32243492; DOI:10.1093/cvr/cvaa077,summary_stat,C_closed_access,,closed_no_open_licence,,,Cardiovascular research,DECISION_REQUIRED,PROPOSED_HOLD,"no open licence declared by the publisher; extracted values are facts rather than expression, but the release of facts from a closed-access source is Oscar's call, not this pipeline's"
TMSR710,TOLG071,human_clinical,PMID:32243492; DOI:10.1093/cvr/cvaa077,summary_stat,C_closed_access,,closed_no_open_licence,,,Cardiovascular research,DECISION_REQUIRED,PROPOSED_HOLD,"no open licence declared by the publisher; extracted values are facts rather than expression, but the release of facts from a closed-access source is Oscar's call, not this pipeline's"
TMSR711,TOLG071,human_clinical,PMID:32243492; DOI:10.1093/cvr/cvaa077,summary_stat,C_closed_access,,closed_no_open_licence,,,Cardiovascular research,DECISION_REQUIRED,PROPOSED_HOLD,"no open licence declared by the publisher; extracted values are facts rather than expression, but the release of facts from a closed-access source is Oscar's call, not this pipeline's"
TMSR712,TOLG071,human_clinical,PMID:32243492; DOI:10.1093/cvr/cvaa077,summary_stat,C_closed_access,,closed_no_open_licence,,,Cardiovascular research,DECISION_REQUIRED,PROPOSED_HOLD,"no open licence declared by the publisher; extracted values are facts rather than expression, but the release of facts from a closed-access source is Oscar's call, not this pipeline's"
TMSR713,TOLG072,human_clinical,EMA/411876/2018 (EMEA/H/C/004782) Tegsedi EPAR public assessment report,public_domain,A_public_domain,,ema_reuse_with_attribution,EMA,"EMA permits reuse INCLUDING commercial use, conditional on attribution. NOT public domain -- attribution is a condition, so it is a licence",,permitted,no,
TMSR714,TOLG072,human_clinical,EMA/411876/2018 (EMEA/H/C/004782) Tegsedi EPAR public assessment report,public_domain,A_public_domain,,ema_reuse_with_attribution,EMA,"EMA permits reuse INCLUDING commercial use, conditional on attribution. NOT public domain -- attribution is a condition, so it is a licence",,permitted,no,
TMSR715,TOLG072,human_clinical,EMA/411876/2018 (EMEA/H/C/004782) Tegsedi EPAR public assessment report,public_domain,A_public_domain,,ema_reuse_with_attribution,EMA,"EMA permits reuse INCLUDING commercial use, conditional on attribution. NOT public domain -- attribution is a condition, so it is a licence",,permitted,no,
TMSR716,TOLG072,human_clinical,EMA/411876/2018 (EMEA/H/C/004782) Tegsedi EPAR public assessment report,public_domain,A_public_domain,,ema_reuse_with_attribution,EMA,"EMA permits reuse INCLUDING commercial use, conditional on attribution. NOT public domain -- attribution is a condition, so it is a licence",,permitted,no,
TMSR717,TOLG072,human_clinical,EMA/411876/2018 (EMEA/H/C/004782) Tegsedi EPAR public assessment report,public_domain,A_public_domain,,ema_reuse_with_attribution,EMA,"EMA permits reuse INCLUDING commercial use, conditional on attribution. NOT public domain -- attribution is a condition, so it is a licence",,permitted,no,
TMSR718,TOLG072,human_clinical,EMA/411876/2018 (EMEA/H/C/004782) Tegsedi EPAR public assessment report,public_domain,A_public_domain,,ema_reuse_with_attribution,EMA,"EMA permits reuse INCLUDING commercial use, conditional on attribution. NOT public domain -- attribution is a condition, so it is a licence",,permitted,no,
TMSR719,TOLG072,human_clinical,EMA/411876/2018 (EMEA/H/C/004782) Tegsedi EPAR public assessment report,public_domain,A_public_domain,,ema_reuse_with_attribution,EMA,"EMA permits reuse INCLUDING commercial use, conditional on attribution. NOT public domain -- attribution is a condition, so it is a licence",,permitted,no,
TMSR720,TOLG072,human_clinical,EMA/411876/2018 (EMEA/H/C/004782) Tegsedi EPAR public assessment report,public_domain,A_public_domain,,ema_reuse_with_attribution,EMA,"EMA permits reuse INCLUDING commercial use, conditional on attribution. NOT public domain -- attribution is a condition, so it is a licence",,permitted,no,
TMSR721,TOLG072,human_clinical,EMA/411876/2018 (EMEA/H/C/004782) Tegsedi EPAR public assessment report,public_domain,A_public_domain,,ema_reuse_with_attribution,EMA,"EMA permits reuse INCLUDING commercial use, conditional on attribution. NOT public domain -- attribution is a condition, so it is a licence",,permitted,no,
TMSR722,TOLG072,human_clinical,EMA/411876/2018 (EMEA/H/C/004782) Tegsedi EPAR public assessment report,public_domain,A_public_domain,,ema_reuse_with_attribution,EMA,"EMA permits reuse INCLUDING commercial use, conditional on attribution. NOT public domain -- attribution is a condition, so it is a licence",,permitted,no,
TMSR723,TOLG072,human_clinical,EMA/411876/2018 (EMEA/H/C/004782) Tegsedi EPAR public assessment report,public_domain,A_public_domain,,ema_reuse_with_attribution,EMA,"EMA permits reuse INCLUDING commercial use, conditional on attribution. NOT public domain -- attribution is a condition, so it is a licence",,permitted,no,
TMSR724,TOLG072,human_clinical,EMA/411876/2018 (EMEA/H/C/004782) Tegsedi EPAR public assessment report,public_domain,A_public_domain,,ema_reuse_with_attribution,EMA,"EMA permits reuse INCLUDING commercial use, conditional on attribution. NOT public domain -- attribution is a condition, so it is a licence",,permitted,no,
TMSR725,TOLG072,human_clinical,EMA/411876/2018 (EMEA/H/C/004782) Tegsedi EPAR public assessment report,public_domain,A_public_domain,,ema_reuse_with_attribution,EMA,"EMA permits reuse INCLUDING commercial use, conditional on attribution. NOT public domain -- attribution is a condition, so it is a licence",,permitted,no,
TMSR726,TOLG072,human_clinical,EMA/411876/2018 (EMEA/H/C/004782) Tegsedi EPAR public assessment report,public_domain,A_public_domain,,ema_reuse_with_attribution,EMA,"EMA permits reuse INCLUDING commercial use, conditional on attribution. NOT public domain -- attribution is a condition, so it is a licence",,permitted,no,
TMSR727,TOLG072,human_clinical,EMA/411876/2018 (EMEA/H/C/004782) Tegsedi EPAR public assessment report,public_domain,A_public_domain,,ema_reuse_with_attribution,EMA,"EMA permits reuse INCLUDING commercial use, conditional on attribution. NOT public domain -- attribution is a condition, so it is a licence",,permitted,no,
TMSR728,TOLG072,human_clinical,EMA/411876/2018 (EMEA/H/C/004782) Tegsedi EPAR public assessment report,public_domain,A_public_domain,,ema_reuse_with_attribution,EMA,"EMA permits reuse INCLUDING commercial use, conditional on attribution. NOT public domain -- attribution is a condition, so it is a licence",,permitted,no,
TMSR729,TOLG072,human_clinical,EMA/411876/2018 (EMEA/H/C/004782) Tegsedi EPAR public assessment report,public_domain,A_public_domain,,ema_reuse_with_attribution,EMA,"EMA permits reuse INCLUDING commercial use, conditional on attribution. NOT public domain -- attribution is a condition, so it is a licence",,permitted,no,
TMSR730,TOLG072,human_clinical,EMA/411876/2018 (EMEA/H/C/004782) Tegsedi EPAR public assessment report,public_domain,A_public_domain,,ema_reuse_with_attribution,EMA,"EMA permits reuse INCLUDING commercial use, conditional on attribution. NOT public domain -- attribution is a condition, so it is a licence",,permitted,no,
TMSR731,TOLG072,human_clinical,EMA/411876/2018 (EMEA/H/C/004782) Tegsedi EPAR public assessment report,public_domain,A_public_domain,,ema_reuse_with_attribution,EMA,"EMA permits reuse INCLUDING commercial use, conditional on attribution. NOT public domain -- attribution is a condition, so it is a licence",,permitted,no,
TMSR732,TOLG072,human_clinical,EMA/411876/2018 (EMEA/H/C/004782) Tegsedi EPAR public assessment report,public_domain,A_public_domain,,ema_reuse_with_attribution,EMA,"EMA permits reuse INCLUDING commercial use, conditional on attribution. NOT public domain -- attribution is a condition, so it is a licence",,permitted,no,
TMSR733,TOLG072,human_clinical,EMA/411876/2018 (EMEA/H/C/004782) Tegsedi EPAR public assessment report,public_domain,A_public_domain,,ema_reuse_with_attribution,EMA,"EMA permits reuse INCLUDING commercial use, conditional on attribution. NOT public domain -- attribution is a condition, so it is a licence",,permitted,no,
TMSR734,TOLG072,human_clinical,EMA/411876/2018 (EMEA/H/C/004782) Tegsedi EPAR public assessment report,public_domain,A_public_domain,,ema_reuse_with_attribution,EMA,"EMA permits reuse INCLUDING commercial use, conditional on attribution. NOT public domain -- attribution is a condition, so it is a licence",,permitted,no,
TMSR735,TOLG072,human_clinical,EMA/411876/2018 (EMEA/H/C/004782) Tegsedi EPAR public assessment report,public_domain,A_public_domain,,ema_reuse_with_attribution,EMA,"EMA permits reuse INCLUDING commercial use, conditional on attribution. NOT public domain -- attribution is a condition, so it is a licence",,permitted,no,
TMSR736,TOLG072,human_clinical,EMA/411876/2018 (EMEA/H/C/004782) Tegsedi EPAR public assessment report,public_domain,A_public_domain,,ema_reuse_with_attribution,EMA,"EMA permits reuse INCLUDING commercial use, conditional on attribution. NOT public domain -- attribution is a condition, so it is a licence",,permitted,no,
TMSR737,TOLG072,unspecified,EMA/411876/2018 (EMEA/H/C/004782) Tegsedi EPAR public assessment report,public_domain,A_public_domain,,ema_reuse_with_attribution,EMA,"EMA permits reuse INCLUDING commercial use, conditional on attribution. NOT public domain -- attribution is a condition, so it is a licence",,permitted,no,
TMSR738,TOLG072,animal_in_vivo,EMA/411876/2018 (EMEA/H/C/004782) Tegsedi EPAR public assessment report,public_domain,A_public_domain,,ema_reuse_with_attribution,EMA,"EMA permits reuse INCLUDING commercial use, conditional on attribution. NOT public domain -- attribution is a condition, so it is a licence",,permitted,no,
TMSR739,TOLG072,animal_in_vivo,EMA/411876/2018 (EMEA/H/C/004782) Tegsedi EPAR public assessment report,public_domain,A_public_domain,,ema_reuse_with_attribution,EMA,"EMA permits reuse INCLUDING commercial use, conditional on attribution. NOT public domain -- attribution is a condition, so it is a licence",,permitted,no,
TMSR740,TOLG072,animal_in_vivo,EMA/411876/2018 (EMEA/H/C/004782) Tegsedi EPAR public assessment report,public_domain,A_public_domain,,ema_reuse_with_attribution,EMA,"EMA permits reuse INCLUDING commercial use, conditional on attribution. NOT public domain -- attribution is a condition, so it is a licence",,permitted,no,
TMSR741,TOLG072,animal_in_vivo,EMA/411876/2018 (EMEA/H/C/004782) Tegsedi EPAR public assessment report,public_domain,A_public_domain,,ema_reuse_with_attribution,EMA,"EMA permits reuse INCLUDING commercial use, conditional on attribution. NOT public domain -- attribution is a condition, so it is a licence",,permitted,no,
TMSR742,TOLG072,animal_in_vivo,EMA/411876/2018 (EMEA/H/C/004782) Tegsedi EPAR public assessment report,public_domain,A_public_domain,,ema_reuse_with_attribution,EMA,"EMA permits reuse INCLUDING commercial use, conditional on attribution. NOT public domain -- attribution is a condition, so it is a licence",,permitted,no,
TMSR743,TOLG072,animal_in_vivo,EMA/411876/2018 (EMEA/H/C/004782) Tegsedi EPAR public assessment report,public_domain,A_public_domain,,ema_reuse_with_attribution,EMA,"EMA permits reuse INCLUDING commercial use, conditional on attribution. NOT public domain -- attribution is a condition, so it is a licence",,permitted,no,
TMSR744,TOLG072,animal_in_vivo,EMA/411876/2018 (EMEA/H/C/004782) Tegsedi EPAR public assessment report,public_domain,A_public_domain,,ema_reuse_with_attribution,EMA,"EMA permits reuse INCLUDING commercial use, conditional on attribution. NOT public domain -- attribution is a condition, so it is a licence",,permitted,no,
TMSR745,TOLG072,animal_in_vivo,EMA/411876/2018 (EMEA/H/C/004782) Tegsedi EPAR public assessment report,public_domain,A_public_domain,,ema_reuse_with_attribution,EMA,"EMA permits reuse INCLUDING commercial use, conditional on attribution. NOT public domain -- attribution is a condition, so it is a licence",,permitted,no,
TMSR746,TOLG072,animal_in_vivo,EMA/411876/2018 (EMEA/H/C/004782) Tegsedi EPAR public assessment report,public_domain,A_public_domain,,ema_reuse_with_attribution,EMA,"EMA permits reuse INCLUDING commercial use, conditional on attribution. NOT public domain -- attribution is a condition, so it is a licence",,permitted,no,
TMSR747,TOLG072,multi_species,EMA/411876/2018 (EMEA/H/C/004782) Tegsedi EPAR public assessment report,public_domain,A_public_domain,,ema_reuse_with_attribution,EMA,"EMA permits reuse INCLUDING commercial use, conditional on attribution. NOT public domain -- attribution is a condition, so it is a licence",,permitted,no,
TMSR748,TOLG072,animal_in_vivo,EMA/411876/2018 (EMEA/H/C/004782) Tegsedi EPAR public assessment report,public_domain,A_public_domain,,ema_reuse_with_attribution,EMA,"EMA permits reuse INCLUDING commercial use, conditional on attribution. NOT public domain -- attribution is a condition, so it is a licence",,permitted,no,
TMSR749,TOLG072,animal_in_vivo,EMA/411876/2018 (EMEA/H/C/004782) Tegsedi EPAR public assessment report,public_domain,A_public_domain,,ema_reuse_with_attribution,EMA,"EMA permits reuse INCLUDING commercial use, conditional on attribution. NOT public domain -- attribution is a condition, so it is a licence",,permitted,no,
TMSR750,TOLG072,animal_in_vivo,EMA/411876/2018 (EMEA/H/C/004782) Tegsedi EPAR public assessment report,public_domain,A_public_domain,,ema_reuse_with_attribution,EMA,"EMA permits reuse INCLUDING commercial use, conditional on attribution. NOT public domain -- attribution is a condition, so it is a licence",,permitted,no,
TMSR751,TOLG072,animal_in_vivo,EMA/411876/2018 (EMEA/H/C/004782) Tegsedi EPAR public assessment report,public_domain,A_public_domain,,ema_reuse_with_attribution,EMA,"EMA permits reuse INCLUDING commercial use, conditional on attribution. NOT public domain -- attribution is a condition, so it is a licence",,permitted,no,
TMSR752,TOLG072,multi_species,EMA/411876/2018 (EMEA/H/C/004782) Tegsedi EPAR public assessment report,public_domain,A_public_domain,,ema_reuse_with_attribution,EMA,"EMA permits reuse INCLUDING commercial use, conditional on attribution. NOT public domain -- attribution is a condition, so it is a licence",,permitted,no,
TMSR753,TOLG072,animal_in_vivo,EMA/411876/2018 (EMEA/H/C/004782) Tegsedi EPAR public assessment report,public_domain,A_public_domain,,ema_reuse_with_attribution,EMA,"EMA permits reuse INCLUDING commercial use, conditional on attribution. NOT public domain -- attribution is a condition, so it is a licence",,permitted,no,
TMSR754,TOLG072,human_clinical,EMA/411876/2018 (EMEA/H/C/004782) Tegsedi EPAR public assessment report,public_domain,A_public_domain,,ema_reuse_with_attribution,EMA,"EMA permits reuse INCLUDING commercial use, conditional on attribution. NOT public domain -- attribution is a condition, so it is a licence",,permitted,no,
TMSR755,TOLG072,human_clinical,EMA/411876/2018 (EMEA/H/C/004782) Tegsedi EPAR public assessment report,public_domain,A_public_domain,,ema_reuse_with_attribution,EMA,"EMA permits reuse INCLUDING commercial use, conditional on attribution. NOT public domain -- attribution is a condition, so it is a licence",,permitted,no,
TMSR756,TOLG072,human_clinical,EMA/411876/2018 (EMEA/H/C/004782) Tegsedi EPAR public assessment report,public_domain,A_public_domain,,ema_reuse_with_attribution,EMA,"EMA permits reuse INCLUDING commercial use, conditional on attribution. NOT public domain -- attribution is a condition, so it is a licence",,permitted,no,
TMSR757,TOLG072,human_clinical,EMA/411876/2018 (EMEA/H/C/004782) Tegsedi EPAR public assessment report,public_domain,A_public_domain,,ema_reuse_with_attribution,EMA,"EMA permits reuse INCLUDING commercial use, conditional on attribution. NOT public domain -- attribution is a condition, so it is a licence",,permitted,no,
TMSR758,TOLG072,human_clinical,EMA/411876/2018 (EMEA/H/C/004782) Tegsedi EPAR public assessment report,public_domain,A_public_domain,,ema_reuse_with_attribution,EMA,"EMA permits reuse INCLUDING commercial use, conditional on attribution. NOT public domain -- attribution is a condition, so it is a licence",,permitted,no,
TMSR759,TOLG072,human_clinical,EMA/411876/2018 (EMEA/H/C/004782) Tegsedi EPAR public assessment report,public_domain,A_public_domain,,ema_reuse_with_attribution,EMA,"EMA permits reuse INCLUDING commercial use, conditional on attribution. NOT public domain -- attribution is a condition, so it is a licence",,permitted,no,
TMSR760,TOLG072,human_clinical,EMA/411876/2018 (EMEA/H/C/004782) Tegsedi EPAR public assessment report,public_domain,A_public_domain,,ema_reuse_with_attribution,EMA,"EMA permits reuse INCLUDING commercial use, conditional on attribution. NOT public domain -- attribution is a condition, so it is a licence",,permitted,no,
TMSR761,TOLG072,human_clinical,EMA/411876/2018 (EMEA/H/C/004782) Tegsedi EPAR public assessment report,public_domain,A_public_domain,,ema_reuse_with_attribution,EMA,"EMA permits reuse INCLUDING commercial use, conditional on attribution. NOT public domain -- attribution is a condition, so it is a licence",,permitted,no,
TMSR762,TOLG072,human_clinical,EMA/411876/2018 (EMEA/H/C/004782) Tegsedi EPAR public assessment report,public_domain,A_public_domain,,ema_reuse_with_attribution,EMA,"EMA permits reuse INCLUDING commercial use, conditional on attribution. NOT public domain -- attribution is a condition, so it is a licence",,permitted,no,
TMSR763,TOLG072,human_clinical,EMA/411876/2018 (EMEA/H/C/004782) Tegsedi EPAR public assessment report,public_domain,A_public_domain,,ema_reuse_with_attribution,EMA,"EMA permits reuse INCLUDING commercial use, conditional on attribution. NOT public domain -- attribution is a condition, so it is a licence",,permitted,no,
TMSR764,TOLG072,human_clinical,EMA/411876/2018 (EMEA/H/C/004782) Tegsedi EPAR public assessment report,public_domain,A_public_domain,,ema_reuse_with_attribution,EMA,"EMA permits reuse INCLUDING commercial use, conditional on attribution. NOT public domain -- attribution is a condition, so it is a licence",,permitted,no,
TMSR765,TOLG072,human_clinical,EMA/411876/2018 (EMEA/H/C/004782) Tegsedi EPAR public assessment report,public_domain,A_public_domain,,ema_reuse_with_attribution,EMA,"EMA permits reuse INCLUDING commercial use, conditional on attribution. NOT public domain -- attribution is a condition, so it is a licence",,permitted,no,
TMSR766,TOLG072,human_clinical,EMA/411876/2018 (EMEA/H/C/004782) Tegsedi EPAR public assessment report,public_domain,A_public_domain,,ema_reuse_with_attribution,EMA,"EMA permits reuse INCLUDING commercial use, conditional on attribution. NOT public domain -- attribution is a condition, so it is a licence",,permitted,no,
TMSR767,TOLG072,human_clinical,EMA/411876/2018 (EMEA/H/C/004782) Tegsedi EPAR public assessment report,public_domain,A_public_domain,,ema_reuse_with_attribution,EMA,"EMA permits reuse INCLUDING commercial use, conditional on attribution. NOT public domain -- attribution is a condition, so it is a licence",,permitted,no,
TMSR768,TOLG072,human_clinical,EMA/411876/2018 (EMEA/H/C/004782) Tegsedi EPAR public assessment report,public_domain,A_public_domain,,ema_reuse_with_attribution,EMA,"EMA permits reuse INCLUDING commercial use, conditional on attribution. NOT public domain -- attribution is a condition, so it is a licence",,permitted,no,
TMSR769,TOLG072,human_clinical,EMA/411876/2018 (EMEA/H/C/004782) Tegsedi EPAR public assessment report,public_domain,A_public_domain,,ema_reuse_with_attribution,EMA,"EMA permits reuse INCLUDING commercial use, conditional on attribution. NOT public domain -- attribution is a condition, so it is a licence",,permitted,no,
TMSR770,TOLG072,human_clinical,EMA/411876/2018 (EMEA/H/C/004782) Tegsedi EPAR public assessment report,public_domain,A_public_domain,,ema_reuse_with_attribution,EMA,"EMA permits reuse INCLUDING commercial use, conditional on attribution. NOT public domain -- attribution is a condition, so it is a licence",,permitted,no,
TMSR771,TOLG072,human_clinical,EMA/411876/2018 (EMEA/H/C/004782) Tegsedi EPAR public assessment report,public_domain,A_public_domain,,ema_reuse_with_attribution,EMA,"EMA permits reuse INCLUDING commercial use, conditional on attribution. NOT public domain -- attribution is a condition, so it is a licence",,permitted,no,
TMSR772,TOLG072,human_clinical,EMA/411876/2018 (EMEA/H/C/004782) Tegsedi EPAR public assessment report,public_domain,A_public_domain,,ema_reuse_with_attribution,EMA,"EMA permits reuse INCLUDING commercial use, conditional on attribution. NOT public domain -- attribution is a condition, so it is a licence",,permitted,no,
TMSR773,TOLG072,human_clinical,EMA/411876/2018 (EMEA/H/C/004782) Tegsedi EPAR public assessment report,public_domain,A_public_domain,,ema_reuse_with_attribution,EMA,"EMA permits reuse INCLUDING commercial use, conditional on attribution. NOT public domain -- attribution is a condition, so it is a licence",,permitted,no,
TMSR774,TOLG072,human_clinical,EMA/411876/2018 (EMEA/H/C/004782) Tegsedi EPAR public assessment report,public_domain,A_public_domain,,ema_reuse_with_attribution,EMA,"EMA permits reuse INCLUDING commercial use, conditional on attribution. NOT public domain -- attribution is a condition, so it is a licence",,permitted,no,
TMSR775,TOLG072,human_clinical,EMA/411876/2018 (EMEA/H/C/004782) Tegsedi EPAR public assessment report,public_domain,A_public_domain,,ema_reuse_with_attribution,EMA,"EMA permits reuse INCLUDING commercial use, conditional on attribution. NOT public domain -- attribution is a condition, so it is a licence",,permitted,no,
TMSR776,TOLG072,human_clinical,EMA/411876/2018 (EMEA/H/C/004782) Tegsedi EPAR public assessment report,public_domain,A_public_domain,,ema_reuse_with_attribution,EMA,"EMA permits reuse INCLUDING commercial use, conditional on attribution. NOT public domain -- attribution is a condition, so it is a licence",,permitted,no,
TMSR777,TOLG072,human_clinical,EMA/411876/2018 (EMEA/H/C/004782) Tegsedi EPAR public assessment report,public_domain,A_public_domain,,ema_reuse_with_attribution,EMA,"EMA permits reuse INCLUDING commercial use, conditional on attribution. NOT public domain -- attribution is a condition, so it is a licence",,permitted,no,
TMSR778,TOLG072,human_clinical,EMA/411876/2018 (EMEA/H/C/004782) Tegsedi EPAR public assessment report,public_domain,A_public_domain,,ema_reuse_with_attribution,EMA,"EMA permits reuse INCLUDING commercial use, conditional on attribution. NOT public domain -- attribution is a condition, so it is a licence",,permitted,no,
TMSR779,TOLG072,human_clinical,EMA/411876/2018 (EMEA/H/C/004782) Tegsedi EPAR public assessment report,public_domain,A_public_domain,,ema_reuse_with_attribution,EMA,"EMA permits reuse INCLUDING commercial use, conditional on attribution. NOT public domain -- attribution is a condition, so it is a licence",,permitted,no,
TMSR780,TOLG072,human_clinical,EMA/411876/2018 (EMEA/H/C/004782) Tegsedi EPAR public assessment report,public_domain,A_public_domain,,ema_reuse_with_attribution,EMA,"EMA permits reuse INCLUDING commercial use, conditional on attribution. NOT public domain -- attribution is a condition, so it is a licence",,permitted,no,
TMSR781,TOLG072,human_clinical,EMA/411876/2018 (EMEA/H/C/004782) Tegsedi EPAR public assessment report,public_domain,A_public_domain,,ema_reuse_with_attribution,EMA,"EMA permits reuse INCLUDING commercial use, conditional on attribution. NOT public domain -- attribution is a condition, so it is a licence",,permitted,no,
TMSR782,TOLG072,human_clinical,EMA/411876/2018 (EMEA/H/C/004782) Tegsedi EPAR public assessment report,public_domain,A_public_domain,,ema_reuse_with_attribution,EMA,"EMA permits reuse INCLUDING commercial use, conditional on attribution. NOT public domain -- attribution is a condition, so it is a licence",,permitted,no,
TMSR783,TOLG072,human_clinical,EMA/411876/2018 (EMEA/H/C/004782) Tegsedi EPAR public assessment report,public_domain,A_public_domain,,ema_reuse_with_attribution,EMA,"EMA permits reuse INCLUDING commercial use, conditional on attribution. NOT public domain -- attribution is a condition, so it is a licence",,permitted,no,
TMSR784,TOLG072,human_clinical,EMA/411876/2018 (EMEA/H/C/004782) Tegsedi EPAR public assessment report,public_domain,A_public_domain,,ema_reuse_with_attribution,EMA,"EMA permits reuse INCLUDING commercial use, conditional on attribution. NOT public domain -- attribution is a condition, so it is a licence",,permitted,no,
TMSR785,TOLG072,human_clinical,EMA/411876/2018 (EMEA/H/C/004782) Tegsedi EPAR public assessment report,public_domain,A_public_domain,,ema_reuse_with_attribution,EMA,"EMA permits reuse INCLUDING commercial use, conditional on attribution. NOT public domain -- attribution is a condition, so it is a licence",,permitted,no,
TMSR786,TOLG072,human_clinical,EMA/411876/2018 (EMEA/H/C/004782) Tegsedi EPAR public assessment report,public_domain,A_public_domain,,ema_reuse_with_attribution,EMA,"EMA permits reuse INCLUDING commercial use, conditional on attribution. NOT public domain -- attribution is a condition, so it is a licence",,permitted,no,
TMSR787,TOLG072,human_clinical,EMA/411876/2018 (EMEA/H/C/004782) Tegsedi EPAR public assessment report,public_domain,A_public_domain,,ema_reuse_with_attribution,EMA,"EMA permits reuse INCLUDING commercial use, conditional on attribution. NOT public domain -- attribution is a condition, so it is a licence",,permitted,no,
TMSR788,TOLG072,human_clinical,EMA/411876/2018 (EMEA/H/C/004782) Tegsedi EPAR public assessment report,public_domain,A_public_domain,,ema_reuse_with_attribution,EMA,"EMA permits reuse INCLUDING commercial use, conditional on attribution. NOT public domain -- attribution is a condition, so it is a licence",,permitted,no,
TMSR789,TOLG072,human_clinical,EMA/411876/2018 (EMEA/H/C/004782) Tegsedi EPAR public assessment report,public_domain,A_public_domain,,ema_reuse_with_attribution,EMA,"EMA permits reuse INCLUDING commercial use, conditional on attribution. NOT public domain -- attribution is a condition, so it is a licence",,permitted,no,
TMSR790,TOLG072,human_clinical,EMA/411876/2018 (EMEA/H/C/004782) Tegsedi EPAR public assessment report,public_domain,A_public_domain,,ema_reuse_with_attribution,EMA,"EMA permits reuse INCLUDING commercial use, conditional on attribution. NOT public domain -- attribution is a condition, so it is a licence",,permitted,no,
TMSR791,TOLG072,human_clinical,FDA NDA 211172 211172Orig1s000MedR.pdf,public_domain,A_public_domain,,public_domain_us_federal,FDA_US,US federal agency work; no copyright attaches,,permitted,no,
TMSR792,TOLG072,human_clinical,FDA NDA 211172 211172Orig1s000MedR.pdf,public_domain,A_public_domain,,public_domain_us_federal,FDA_US,US federal agency work; no copyright attaches,,permitted,no,
TMSR793,TOLG072,human_clinical,FDA NDA 211172 211172Orig1s000MedR.pdf,public_domain,A_public_domain,,public_domain_us_federal,FDA_US,US federal agency work; no copyright attaches,,permitted,no,
TMSR794,TOLG072,human_clinical,FDA NDA 211172 211172Orig1s000MedR.pdf,public_domain,A_public_domain,,public_domain_us_federal,FDA_US,US federal agency work; no copyright attaches,,permitted,no,
TMSR795,TOLG072,human_clinical,FDA NDA 211172 211172Orig1s000MedR.pdf,public_domain,A_public_domain,,public_domain_us_federal,FDA_US,US federal agency work; no copyright attaches,,permitted,no,
TMSR796,TOLG072,human_clinical,FDA NDA 211172 211172Orig1s000MedR.pdf,public_domain,A_public_domain,,public_domain_us_federal,FDA_US,US federal agency work; no copyright attaches,,permitted,no,
TMSR797,TOLG072,human_clinical,FDA NDA 211172 211172Orig1s000MedR.pdf,public_domain,A_public_domain,,public_domain_us_federal,FDA_US,US federal agency work; no copyright attaches,,permitted,no,
TMSR798,TOLG072,human_clinical,FDA NDA 211172 211172Orig1s000MedR.pdf,public_domain,A_public_domain,,public_domain_us_federal,FDA_US,US federal agency work; no copyright attaches,,permitted,no,
TMSR799,TOLG072,human_clinical,FDA NDA 211172 211172Orig1s000MedR.pdf,public_domain,A_public_domain,,public_domain_us_federal,FDA_US,US federal agency work; no copyright attaches,,permitted,no,
TMSR800,TOLG072,human_clinical,FDA NDA 211172 211172Orig1s000MedR.pdf,public_domain,A_public_domain,,public_domain_us_federal,FDA_US,US federal agency work; no copyright attaches,,permitted,no,
TMSR801,TOLG072,human_clinical,FDA NDA 211172 211172Orig1s000MedR.pdf,public_domain,A_public_domain,,public_domain_us_federal,FDA_US,US federal agency work; no copyright attaches,,permitted,no,
TMSR802,TOLG072,human_clinical,FDA NDA 211172 211172Orig1s000MedR.pdf,public_domain,A_public_domain,,public_domain_us_federal,FDA_US,US federal agency work; no copyright attaches,,permitted,no,
TMSR803,TOLG072,human_clinical,FDA NDA 211172 211172Orig1s000MedR.pdf,public_domain,A_public_domain,,public_domain_us_federal,FDA_US,US federal agency work; no copyright attaches,,permitted,no,
TMSR804,TOLG072,human_clinical,FDA NDA 211172 211172Orig1s000MedR.pdf,public_domain,A_public_domain,,public_domain_us_federal,FDA_US,US federal agency work; no copyright attaches,,permitted,no,
TMSR805,TOLG072,human_clinical,FDA NDA 211172 211172Orig1s000MedR.pdf,public_domain,A_public_domain,,public_domain_us_federal,FDA_US,US federal agency work; no copyright attaches,,permitted,no,
TMSR806,TOLG072,human_clinical,FDA NDA 211172 211172Orig1s000MedR.pdf,public_domain,A_public_domain,,public_domain_us_federal,FDA_US,US federal agency work; no copyright attaches,,permitted,no,
TMSR807,TOLG072,human_clinical,FDA NDA 211172 211172Orig1s000MedR.pdf,public_domain,A_public_domain,,public_domain_us_federal,FDA_US,US federal agency work; no copyright attaches,,permitted,no,
TMSR808,TOLG072,human_clinical,FDA NDA 211172 211172Orig1s000MedR.pdf,public_domain,A_public_domain,,public_domain_us_federal,FDA_US,US federal agency work; no copyright attaches,,permitted,no,
TMSR809,TOLG072,human_clinical,FDA NDA 211172 211172Orig1s000MedR.pdf,public_domain,A_public_domain,,public_domain_us_federal,FDA_US,US federal agency work; no copyright attaches,,permitted,no,
TMSR810,TOLG072,human_clinical,FDA NDA 211172 211172Orig1s000MedR.pdf,public_domain,A_public_domain,,public_domain_us_federal,FDA_US,US federal agency work; no copyright attaches,,permitted,no,
TMSR811,TOLG072,human_clinical,FDA NDA 211172 211172Orig1s000MedR.pdf,public_domain,A_public_domain,,public_domain_us_federal,FDA_US,US federal agency work; no copyright attaches,,permitted,no,
TMSR812,TOLG072,human_clinical,FDA NDA 211172 211172Orig1s000MedR.pdf,public_domain,A_public_domain,,public_domain_us_federal,FDA_US,US federal agency work; no copyright attaches,,permitted,no,
TMSR813,TOLG072,human_clinical,FDA NDA 211172 211172Orig1s000MedR.pdf,public_domain,A_public_domain,,public_domain_us_federal,FDA_US,US federal agency work; no copyright attaches,,permitted,no,
TMSR814,TOLG072,human_clinical,FDA NDA 211172 211172Orig1s000MedR.pdf,public_domain,A_public_domain,,public_domain_us_federal,FDA_US,US federal agency work; no copyright attaches,,permitted,no,
TMSR815,TOLG072,human_clinical,FDA NDA 211172 211172Orig1s000MedR.pdf,public_domain,A_public_domain,,public_domain_us_federal,FDA_US,US federal agency work; no copyright attaches,,permitted,no,
TMSR816,TOLG072,human_clinical,FDA NDA 211172 211172Orig1s000MedR.pdf,public_domain,A_public_domain,,public_domain_us_federal,FDA_US,US federal agency work; no copyright attaches,,permitted,no,
TMSR817,TOLG072,human_clinical,FDA NDA 211172 211172Orig1s000MedR.pdf,public_domain,A_public_domain,,public_domain_us_federal,FDA_US,US federal agency work; no copyright attaches,,permitted,no,
TMSR818,TOLG072,human_clinical,FDA NDA 211172 211172Orig1s000MedR.pdf,public_domain,A_public_domain,,public_domain_us_federal,FDA_US,US federal agency work; no copyright attaches,,permitted,no,
TMSR819,TOLG072,human_clinical,FDA NDA 211172 211172Orig1s000MedR.pdf,public_domain,A_public_domain,,public_domain_us_federal,FDA_US,US federal agency work; no copyright attaches,,permitted,no,
TMSR820,TOLG072,human_clinical,FDA NDA 211172 211172Orig1s000MedR.pdf,public_domain,A_public_domain,,public_domain_us_federal,FDA_US,US federal agency work; no copyright attaches,,permitted,no,
TMSR821,TOLG072,human_clinical,FDA NDA 211172 211172Orig1s000MedR.pdf,public_domain,A_public_domain,,public_domain_us_federal,FDA_US,US federal agency work; no copyright attaches,,permitted,no,
TMSR822,TOLG072,human_clinical,FDA NDA 211172 211172Orig1s000MedR.pdf,public_domain,A_public_domain,,public_domain_us_federal,FDA_US,US federal agency work; no copyright attaches,,permitted,no,
TMSR823,TOLG072,human_clinical,FDA NDA 211172 211172Orig1s000MedR.pdf,public_domain,A_public_domain,,public_domain_us_federal,FDA_US,US federal agency work; no copyright attaches,,permitted,no,
TMSR824,TOLG072,human_clinical,FDA NDA 211172 211172Orig1s000MedR.pdf,public_domain,A_public_domain,,public_domain_us_federal,FDA_US,US federal agency work; no copyright attaches,,permitted,no,
TMSR825,TOLG072,human_clinical,FDA NDA 211172 211172Orig1s000MedR.pdf,public_domain,A_public_domain,,public_domain_us_federal,FDA_US,US federal agency work; no copyright attaches,,permitted,no,
TMSR826,TOLG072,human_clinical,FDA NDA 211172 211172Orig1s000MedR.pdf,public_domain,A_public_domain,,public_domain_us_federal,FDA_US,US federal agency work; no copyright attaches,,permitted,no,
TMSR827,TOLG072,human_clinical,FDA NDA 211172 211172Orig1s000MedR.pdf,public_domain,A_public_domain,,public_domain_us_federal,FDA_US,US federal agency work; no copyright attaches,,permitted,no,
TMSR828,TOLG072,human_clinical,FDA NDA 211172 211172Orig1s000MedR.pdf,public_domain,A_public_domain,,public_domain_us_federal,FDA_US,US federal agency work; no copyright attaches,,permitted,no,
TMSR829,TOLG072,human_clinical,FDA NDA 211172 211172Orig1s000MedR.pdf,public_domain,A_public_domain,,public_domain_us_federal,FDA_US,US federal agency work; no copyright attaches,,permitted,no,
TMSR830,TOLG072,human_clinical,FDA NDA 211172 211172Orig1s000MedR.pdf,public_domain,A_public_domain,,public_domain_us_federal,FDA_US,US federal agency work; no copyright attaches,,permitted,no,
TMSR831,TOLG072,human_clinical,FDA NDA 211172 211172Orig1s000MedR.pdf,public_domain,A_public_domain,,public_domain_us_federal,FDA_US,US federal agency work; no copyright attaches,,permitted,no,
TMSR832,TOLG072,human_clinical,FDA NDA 211172 211172Orig1s000MedR.pdf,public_domain,A_public_domain,,public_domain_us_federal,FDA_US,US federal agency work; no copyright attaches,,permitted,no,
TMSR833,TOLG072,human_clinical,FDA NDA 211172 211172Orig1s000MedR.pdf,public_domain,A_public_domain,,public_domain_us_federal,FDA_US,US federal agency work; no copyright attaches,,permitted,no,
TMSR834,TOLG072,human_clinical,FDA NDA 211172 211172Orig1s000MedR.pdf,public_domain,A_public_domain,,public_domain_us_federal,FDA_US,US federal agency work; no copyright attaches,,permitted,no,
TMSR835,TOLG072,human_clinical,FDA NDA 211172 211172Orig1s000MedR.pdf,public_domain,A_public_domain,,public_domain_us_federal,FDA_US,US federal agency work; no copyright attaches,,permitted,no,
TMSR836,TOLG072,human_clinical,FDA NDA 211172 211172Orig1s000MedR.pdf,public_domain,A_public_domain,,public_domain_us_federal,FDA_US,US federal agency work; no copyright attaches,,permitted,no,
TMSR837,TOLG072,human_clinical,FDA NDA 211172 211172Orig1s000MedR.pdf,public_domain,A_public_domain,,public_domain_us_federal,FDA_US,US federal agency work; no copyright attaches,,permitted,no,
TMSR838,TOLG072,human_clinical,FDA NDA 211172 211172Orig1s000MedR.pdf,public_domain,A_public_domain,,public_domain_us_federal,FDA_US,US federal agency work; no copyright attaches,,permitted,no,
TMSR839,TOLG072,human_clinical,FDA NDA 211172 211172Orig1s000MedR.pdf,public_domain,A_public_domain,,public_domain_us_federal,FDA_US,US federal agency work; no copyright attaches,,permitted,no,
TMSR840,TOLG072,human_clinical,FDA NDA 211172 211172Orig1s000MedR.pdf,public_domain,A_public_domain,,public_domain_us_federal,FDA_US,US federal agency work; no copyright attaches,,permitted,no,
TMSR841,TOLG072,human_clinical,FDA NDA 211172 211172Orig1s000MedR.pdf,public_domain,A_public_domain,,public_domain_us_federal,FDA_US,US federal agency work; no copyright attaches,,permitted,no,
TMSR842,TOLG072,human_clinical,FDA NDA 211172 211172Orig1s000MedR.pdf,public_domain,A_public_domain,,public_domain_us_federal,FDA_US,US federal agency work; no copyright attaches,,permitted,no,
TMSR843,TOLG072,human_clinical,FDA NDA 211172 211172Orig1s000MedR.pdf,public_domain,A_public_domain,,public_domain_us_federal,FDA_US,US federal agency work; no copyright attaches,,permitted,no,
TMSR844,TOLG072,human_clinical,FDA NDA 211172 211172Orig1s000MedR.pdf,public_domain,A_public_domain,,public_domain_us_federal,FDA_US,US federal agency work; no copyright attaches,,permitted,no,
TMSR845,TOLG072,human_clinical,FDA NDA 211172 211172Orig1s000MedR.pdf,public_domain,A_public_domain,,public_domain_us_federal,FDA_US,US federal agency work; no copyright attaches,,permitted,no,
TMSR846,TOLG072,human_clinical,FDA NDA 211172 211172Orig1s000MedR.pdf,public_domain,A_public_domain,,public_domain_us_federal,FDA_US,US federal agency work; no copyright attaches,,permitted,no,
TMSR847,TOLG072,human_clinical,FDA NDA 211172 211172Orig1s000MedR.pdf,public_domain,A_public_domain,,public_domain_us_federal,FDA_US,US federal agency work; no copyright attaches,,permitted,no,
TMSR848,TOLG072,human_clinical,FDA NDA 211172 211172Orig1s000MedR.pdf,public_domain,A_public_domain,,public_domain_us_federal,FDA_US,US federal agency work; no copyright attaches,,permitted,no,
TMSR849,TOLG072,human_clinical,FDA NDA 211172 211172Orig1s000MedR.pdf,public_domain,A_public_domain,,public_domain_us_federal,FDA_US,US federal agency work; no copyright attaches,,permitted,no,
TMSR850,TOLG072,human_clinical,FDA NDA 211172 211172Orig1s000MedR.pdf,public_domain,A_public_domain,,public_domain_us_federal,FDA_US,US federal agency work; no copyright attaches,,permitted,no,
TMSR851,TOLG072,human_clinical,FDA NDA 211172 211172Orig1s000MedR.pdf,public_domain,A_public_domain,,public_domain_us_federal,FDA_US,US federal agency work; no copyright attaches,,permitted,no,
TMSR852,TOLG072,human_clinical,FDA NDA 211172 211172Orig1s000MedR.pdf,public_domain,A_public_domain,,public_domain_us_federal,FDA_US,US federal agency work; no copyright attaches,,permitted,no,
TMSR853,TOLG072,human_clinical,FDA NDA 211172 211172Orig1s000MedR.pdf,public_domain,A_public_domain,,public_domain_us_federal,FDA_US,US federal agency work; no copyright attaches,,permitted,no,
TMSR854,TOLG072,human_clinical,FDA NDA 211172 211172Orig1s000MedR.pdf,public_domain,A_public_domain,,public_domain_us_federal,FDA_US,US federal agency work; no copyright attaches,,permitted,no,
TMSR855,TOLG072,human_clinical,FDA NDA 211172 211172Orig1s000MedR.pdf,public_domain,A_public_domain,,public_domain_us_federal,FDA_US,US federal agency work; no copyright attaches,,permitted,no,
TMSR856,TOLG072,human_clinical,FDA NDA 211172 211172Orig1s000MedR.pdf,public_domain,A_public_domain,,public_domain_us_federal,FDA_US,US federal agency work; no copyright attaches,,permitted,no,
TMSR857,TOLG072,human_clinical,FDA NDA 211172 211172Orig1s000MedR.pdf,public_domain,A_public_domain,,public_domain_us_federal,FDA_US,US federal agency work; no copyright attaches,,permitted,no,
TMSR858,TOLG072,human_clinical,FDA NDA 211172 211172Orig1s000MedR.pdf,public_domain,A_public_domain,,public_domain_us_federal,FDA_US,US federal agency work; no copyright attaches,,permitted,no,
TMSR859,TOLG072,human_clinical,FDA NDA 211172 211172Orig1s000MedR.pdf,public_domain,A_public_domain,,public_domain_us_federal,FDA_US,US federal agency work; no copyright attaches,,permitted,no,
TMSR860,TOLG072,human_clinical,FDA NDA 211172 211172Orig1s000MedR.pdf,public_domain,A_public_domain,,public_domain_us_federal,FDA_US,US federal agency work; no copyright attaches,,permitted,no,
TMSR861,TOLG072,human_clinical,FDA NDA 211172 211172Orig1s000MedR.pdf,public_domain,A_public_domain,,public_domain_us_federal,FDA_US,US federal agency work; no copyright attaches,,permitted,no,
TMSR862,TOLG072,human_clinical,FDA NDA 211172 211172Orig1s000MedR.pdf,public_domain,A_public_domain,,public_domain_us_federal,FDA_US,US federal agency work; no copyright attaches,,permitted,no,
TMSR863,TOLG072,human_clinical,FDA NDA 211172 211172Orig1s000MedR.pdf,public_domain,A_public_domain,,public_domain_us_federal,FDA_US,US federal agency work; no copyright attaches,,permitted,no,
TMSR864,TOLG072,human_clinical,FDA NDA 211172 211172Orig1s000MedR.pdf,public_domain,A_public_domain,,public_domain_us_federal,FDA_US,US federal agency work; no copyright attaches,,permitted,no,
TMSR865,TOLG072,human_clinical,FDA NDA 211172 211172Orig1s000MedR.pdf,public_domain,A_public_domain,,public_domain_us_federal,FDA_US,US federal agency work; no copyright attaches,,permitted,no,
TMSR866,TOLG072,human_clinical,FDA NDA 211172 211172Orig1s000MedR.pdf,public_domain,A_public_domain,,public_domain_us_federal,FDA_US,US federal agency work; no copyright attaches,,permitted,no,
TMSR867,TOLG072,human_clinical,FDA NDA 211172 211172Orig1s000MedR.pdf,public_domain,A_public_domain,,public_domain_us_federal,FDA_US,US federal agency work; no copyright attaches,,permitted,no,
TMSR868,TOLG072,human_clinical,FDA NDA 211172 211172Orig1s000MedR.pdf,public_domain,A_public_domain,,public_domain_us_federal,FDA_US,US federal agency work; no copyright attaches,,permitted,no,
TMSR869,TOLG072,human_clinical,FDA NDA 211172 211172Orig1s000MedR.pdf,public_domain,A_public_domain,,public_domain_us_federal,FDA_US,US federal agency work; no copyright attaches,,permitted,no,
TMSR870,TOLG072,human_clinical,FDA NDA 211172 211172Orig1s000MedR.pdf,public_domain,A_public_domain,,public_domain_us_federal,FDA_US,US federal agency work; no copyright attaches,,permitted,no,
TMSR871,TOLG072,human_clinical,FDA NDA 211172 211172Orig1s000MedR.pdf,public_domain,A_public_domain,,public_domain_us_federal,FDA_US,US federal agency work; no copyright attaches,,permitted,no,
TMSR872,TOLG072,human_clinical,FDA NDA 211172 211172Orig1s000MedR.pdf,public_domain,A_public_domain,,public_domain_us_federal,FDA_US,US federal agency work; no copyright attaches,,permitted,no,
TMSR873,TOLG072,human_clinical,FDA NDA 211172 211172Orig1s000MedR.pdf,public_domain,A_public_domain,,public_domain_us_federal,FDA_US,US federal agency work; no copyright attaches,,permitted,no,
TMSR874,TOLG072,human_clinical,FDA NDA 211172 211172Orig1s000MedR.pdf,public_domain,A_public_domain,,public_domain_us_federal,FDA_US,US federal agency work; no copyright attaches,,permitted,no,
TMSR875,TOLG072,human_clinical,FDA NDA 211172 211172Orig1s000MedR.pdf,public_domain,A_public_domain,,public_domain_us_federal,FDA_US,US federal agency work; no copyright attaches,,permitted,no,
TMSR876,TOLG072,human_clinical,FDA NDA 211172 211172Orig1s000MedR.pdf,public_domain,A_public_domain,,public_domain_us_federal,FDA_US,US federal agency work; no copyright attaches,,permitted,no,
TMSR877,TOLG072,human_clinical,FDA NDA 211172 211172Orig1s000MedR.pdf,public_domain,A_public_domain,,public_domain_us_federal,FDA_US,US federal agency work; no copyright attaches,,permitted,no,
TMSR878,TOLG072,human_clinical,FDA NDA 211172 211172Orig1s000MedR.pdf,public_domain,A_public_domain,,public_domain_us_federal,FDA_US,US federal agency work; no copyright attaches,,permitted,no,
TMSR879,TOLG072,human_clinical,FDA NDA 211172 211172Orig1s000MedR.pdf,public_domain,A_public_domain,,public_domain_us_federal,FDA_US,US federal agency work; no copyright attaches,,permitted,no,
TMSR880,TOLG072,human_clinical,FDA NDA 211172 211172Orig1s000MedR.pdf,public_domain,A_public_domain,,public_domain_us_federal,FDA_US,US federal agency work; no copyright attaches,,permitted,no,
TMSR881,TOLG072,human_clinical,FDA NDA 211172 211172Orig1s000MedR.pdf,public_domain,A_public_domain,,public_domain_us_federal,FDA_US,US federal agency work; no copyright attaches,,permitted,no,
TMSR882,TOLG072,human_clinical,FDA NDA 211172 211172Orig1s000MedR.pdf,public_domain,A_public_domain,,public_domain_us_federal,FDA_US,US federal agency work; no copyright attaches,,permitted,no,
TMSR883,TOLG072,human_clinical,FDA NDA 211172 211172Orig1s000MedR.pdf,public_domain,A_public_domain,,public_domain_us_federal,FDA_US,US federal agency work; no copyright attaches,,permitted,no,
TMSR884,TOLG072,human_clinical,FDA NDA 211172 211172Orig1s000MedR.pdf,public_domain,A_public_domain,,public_domain_us_federal,FDA_US,US federal agency work; no copyright attaches,,permitted,no,
TMSR885,TOLG072,human_clinical,FDA NDA 211172 211172Orig1s000MedR.pdf,public_domain,A_public_domain,,public_domain_us_federal,FDA_US,US federal agency work; no copyright attaches,,permitted,no,
TMSR886,TOLG072,human_clinical,FDA NDA 211172 211172Orig1s000MedR.pdf,public_domain,A_public_domain,,public_domain_us_federal,FDA_US,US federal agency work; no copyright attaches,,permitted,no,
TMSR887,TOLG072,human_clinical,FDA NDA 211172 211172Orig1s000MedR.pdf,public_domain,A_public_domain,,public_domain_us_federal,FDA_US,US federal agency work; no copyright attaches,,permitted,no,
TMSR888,TOLG072,human_clinical,FDA NDA 211172 211172Orig1s000MedR.pdf,public_domain,A_public_domain,,public_domain_us_federal,FDA_US,US federal agency work; no copyright attaches,,permitted,no,
TMSR889,TOLG072,human_clinical,FDA NDA 211172 211172Orig1s000MedR.pdf,public_domain,A_public_domain,,public_domain_us_federal,FDA_US,US federal agency work; no copyright attaches,,permitted,no,
TMSR890,TOLG072,human_clinical,FDA NDA 211172 211172Orig1s000MedR.pdf,public_domain,A_public_domain,,public_domain_us_federal,FDA_US,US federal agency work; no copyright attaches,,permitted,no,
TMSR891,TOLG072,human_clinical,FDA NDA 211172 211172Orig1s000MedR.pdf,public_domain,A_public_domain,,public_domain_us_federal,FDA_US,US federal agency work; no copyright attaches,,permitted,no,
TMSR892,TOLG072,human_clinical,FDA NDA 211172 211172Orig1s000MedR.pdf,public_domain,A_public_domain,,public_domain_us_federal,FDA_US,US federal agency work; no copyright attaches,,permitted,no,
TMSR893,TOLG072,human_clinical,FDA NDA 211172 211172Orig1s000MedR.pdf,public_domain,A_public_domain,,public_domain_us_federal,FDA_US,US federal agency work; no copyright attaches,,permitted,no,
TMSR894,TOLG072,human_clinical,FDA NDA 211172 211172Orig1s000MedR.pdf,public_domain,A_public_domain,,public_domain_us_federal,FDA_US,US federal agency work; no copyright attaches,,permitted,no,
TMSR895,TOLG072,human_clinical,FDA NDA 211172 211172Orig1s000MedR.pdf,public_domain,A_public_domain,,public_domain_us_federal,FDA_US,US federal agency work; no copyright attaches,,permitted,no,
TMSR896,TOLG072,human_clinical,FDA NDA 211172 211172Orig1s000MedR.pdf,public_domain,A_public_domain,,public_domain_us_federal,FDA_US,US federal agency work; no copyright attaches,,permitted,no,
TMSR897,TOLG072,human_clinical,FDA NDA 211172 211172Orig1s000MedR.pdf,public_domain,A_public_domain,,public_domain_us_federal,FDA_US,US federal agency work; no copyright attaches,,permitted,no,
TMSR898,TOLG072,human_clinical,FDA NDA 211172 211172Orig1s000MedR.pdf,public_domain,A_public_domain,,public_domain_us_federal,FDA_US,US federal agency work; no copyright attaches,,permitted,no,
TMSR899,TOLG072,human_clinical,FDA NDA 211172 211172Orig1s000MedR.pdf,public_domain,A_public_domain,,public_domain_us_federal,FDA_US,US federal agency work; no copyright attaches,,permitted,no,
TMSR900,TOLG072,human_clinical,FDA NDA 211172 211172Orig1s000MedR.pdf,public_domain,A_public_domain,,public_domain_us_federal,FDA_US,US federal agency work; no copyright attaches,,permitted,no,
TMSR901,TOLG072,human_clinical,FDA NDA 211172 211172Orig1s000MedR.pdf,public_domain,A_public_domain,,public_domain_us_federal,FDA_US,US federal agency work; no copyright attaches,,permitted,no,
TMSR902,TOLG072,animal_in_vivo,FDA NDA 211172 211172Orig1s000MedR.pdf,public_domain,A_public_domain,,public_domain_us_federal,FDA_US,US federal agency work; no copyright attaches,,permitted,no,
TMSR903,TOLG072,animal_in_vivo,FDA NDA 211172 211172Orig1s000MedR.pdf,public_domain,A_public_domain,,public_domain_us_federal,FDA_US,US federal agency work; no copyright attaches,,permitted,no,
TMSR904,TOLG072,animal_in_vivo,FDA NDA 211172 211172Orig1s000MedR.pdf,public_domain,A_public_domain,,public_domain_us_federal,FDA_US,US federal agency work; no copyright attaches,,permitted,no,
TMSR905,TOLG072,animal_in_vivo,FDA NDA 211172 211172Orig1s000MedR.pdf,public_domain,A_public_domain,,public_domain_us_federal,FDA_US,US federal agency work; no copyright attaches,,permitted,no,
TMSR906,TOLG072,human_clinical,FDA_label_TEGSEDI_SPL_8513207e-b55f-417b-9473-af785146a543_v10,public_domain,A_public_domain,,public_domain_us_federal,FDA_US,US federal agency work; no copyright attaches,,permitted,no,
TMSR907,TOLG072,human_clinical,FDA_label_TEGSEDI_SPL_8513207e-b55f-417b-9473-af785146a543_v10,public_domain,A_public_domain,,public_domain_us_federal,FDA_US,US federal agency work; no copyright attaches,,permitted,no,
TMSR908,TOLG072,human_clinical,FDA_label_TEGSEDI_SPL_8513207e-b55f-417b-9473-af785146a543_v10,public_domain,A_public_domain,,public_domain_us_federal,FDA_US,US federal agency work; no copyright attaches,,permitted,no,
TMSR909,TOLG072,human_clinical,FDA_label_TEGSEDI_SPL_8513207e-b55f-417b-9473-af785146a543_v10,public_domain,A_public_domain,,public_domain_us_federal,FDA_US,US federal agency work; no copyright attaches,,permitted,no,
TMSR910,TOLG072,human_clinical,FDA_label_TEGSEDI_SPL_8513207e-b55f-417b-9473-af785146a543_v10,public_domain,A_public_domain,,public_domain_us_federal,FDA_US,US federal agency work; no copyright attaches,,permitted,no,
TMSR911,TOLG072,human_clinical,FDA_label_TEGSEDI_SPL_8513207e-b55f-417b-9473-af785146a543_v10,public_domain,A_public_domain,,public_domain_us_federal,FDA_US,US federal agency work; no copyright attaches,,permitted,no,
TMSR912,TOLG072,human_clinical,PMID:29972757; DOI:10.1056/NEJMoa1716793; PMCID:PMC12611561,summary_stat,C_closed_access,,closed_no_open_licence,,,The New England journal of medicine,DECISION_REQUIRED,PROPOSED_HOLD,"no open licence declared by the publisher; extracted values are facts rather than expression, but the release of facts from a closed-access source is Oscar's call, not this pipeline's"
TMSR913,TOLG072,human_clinical,PMID:29972757; DOI:10.1056/NEJMoa1716793; PMCID:PMC12611561,summary_stat,C_closed_access,,closed_no_open_licence,,,The New England journal of medicine,DECISION_REQUIRED,PROPOSED_HOLD,"no open licence declared by the publisher; extracted values are facts rather than expression, but the release of facts from a closed-access source is Oscar's call, not this pipeline's"
TMSR914,TOLG072,human_clinical,PMID:29972757; DOI:10.1056/NEJMoa1716793; PMCID:PMC12611561,summary_stat,C_closed_access,,closed_no_open_licence,,,The New England journal of medicine,DECISION_REQUIRED,PROPOSED_HOLD,"no open licence declared by the publisher; extracted values are facts rather than expression, but the release of facts from a closed-access source is Oscar's call, not this pipeline's"
TMSR915,TOLG072,human_clinical,PMID:29972757; DOI:10.1056/NEJMoa1716793; PMCID:PMC12611561,summary_stat,C_closed_access,,closed_no_open_licence,,,The New England journal of medicine,DECISION_REQUIRED,PROPOSED_HOLD,"no open licence declared by the publisher; extracted values are facts rather than expression, but the release of facts from a closed-access source is Oscar's call, not this pipeline's"
TMSR916,TOLG072,human_clinical,PMID:29972757; DOI:10.1056/NEJMoa1716793; PMCID:PMC12611561,summary_stat,C_closed_access,,closed_no_open_licence,,,The New England journal of medicine,DECISION_REQUIRED,PROPOSED_HOLD,"no open licence declared by the publisher; extracted values are facts rather than expression, but the release of facts from a closed-access source is Oscar's call, not this pipeline's"
TMSR917,TOLG072,human_clinical,PMID:29972757; DOI:10.1056/NEJMoa1716793; PMCID:PMC12611561,summary_stat,C_closed_access,,closed_no_open_licence,,,The New England journal of medicine,DECISION_REQUIRED,PROPOSED_HOLD,"no open licence declared by the publisher; extracted values are facts rather than expression, but the release of facts from a closed-access source is Oscar's call, not this pipeline's"
TMSR918,TOLG072,human_clinical,PMID:29972757; DOI:10.1056/NEJMoa1716793; PMCID:PMC12611561,summary_stat,C_closed_access,,closed_no_open_licence,,,The New England journal of medicine,DECISION_REQUIRED,PROPOSED_HOLD,"no open licence declared by the publisher; extracted values are facts rather than expression, but the release of facts from a closed-access source is Oscar's call, not this pipeline's"
TMSR919,TOLG072,human_clinical,PMID:29972757; DOI:10.1056/NEJMoa1716793; PMCID:PMC12611561,summary_stat,C_closed_access,,closed_no_open_licence,,,The New England journal of medicine,DECISION_REQUIRED,PROPOSED_HOLD,"no open licence declared by the publisher; extracted values are facts rather than expression, but the release of facts from a closed-access source is Oscar's call, not this pipeline's"
TMSR920,TOLG072,human_clinical,PMID:29972757; DOI:10.1056/NEJMoa1716793; PMCID:PMC12611561,summary_stat,C_closed_access,,closed_no_open_licence,,,The New England journal of medicine,DECISION_REQUIRED,PROPOSED_HOLD,"no open licence declared by the publisher; extracted values are facts rather than expression, but the release of facts from a closed-access source is Oscar's call, not this pipeline's"
TMSR921,TOLG072,human_clinical,PMID:29972757; DOI:10.1056/NEJMoa1716793; PMCID:PMC12611561,summary_stat,C_closed_access,,closed_no_open_licence,,,The New England journal of medicine,DECISION_REQUIRED,PROPOSED_HOLD,"no open licence declared by the publisher; extracted values are facts rather than expression, but the release of facts from a closed-access source is Oscar's call, not this pipeline's"
TMSR922,TOLG072,human_clinical,PMID:29972757; DOI:10.1056/NEJMoa1716793; PMCID:PMC12611561,summary_stat,C_closed_access,,closed_no_open_licence,,,The New England journal of medicine,DECISION_REQUIRED,PROPOSED_HOLD,"no open licence declared by the publisher; extracted values are facts rather than expression, but the release of facts from a closed-access source is Oscar's call, not this pipeline's"
TMSR923,TOLG072,human_clinical,PMID:29972757; DOI:10.1056/NEJMoa1716793; PMCID:PMC12611561,summary_stat,C_closed_access,,closed_no_open_licence,,,The New England journal of medicine,DECISION_REQUIRED,PROPOSED_HOLD,"no open licence declared by the publisher; extracted values are facts rather than expression, but the release of facts from a closed-access source is Oscar's call, not this pipeline's"
TMSR924,TOLG072,human_clinical,PMID:29972757; DOI:10.1056/NEJMoa1716793; PMCID:PMC12611561,summary_stat,C_closed_access,,closed_no_open_licence,,,The New England journal of medicine,DECISION_REQUIRED,PROPOSED_HOLD,"no open licence declared by the publisher; extracted values are facts rather than expression, but the release of facts from a closed-access source is Oscar's call, not this pipeline's"
TMSR925,TOLG072,human_clinical,PMID:29972757; DOI:10.1056/NEJMoa1716793; PMCID:PMC12611561,summary_stat,C_closed_access,,closed_no_open_licence,,,The New England journal of medicine,DECISION_REQUIRED,PROPOSED_HOLD,"no open licence declared by the publisher; extracted values are facts rather than expression, but the release of facts from a closed-access source is Oscar's call, not this pipeline's"
TMSR926,TOLG072,human_clinical,PMID:29972757; DOI:10.1056/NEJMoa1716793; PMCID:PMC12611561,summary_stat,C_closed_access,,closed_no_open_licence,,,The New England journal of medicine,DECISION_REQUIRED,PROPOSED_HOLD,"no open licence declared by the publisher; extracted values are facts rather than expression, but the release of facts from a closed-access source is Oscar's call, not this pipeline's"
TMSR927,TOLG072,human_clinical,PMID:29972757; DOI:10.1056/NEJMoa1716793; PMCID:PMC12611561,summary_stat,C_closed_access,,closed_no_open_licence,,,The New England journal of medicine,DECISION_REQUIRED,PROPOSED_HOLD,"no open licence declared by the publisher; extracted values are facts rather than expression, but the release of facts from a closed-access source is Oscar's call, not this pipeline's"
TMSR928,TOLG072,human_clinical,PMID:29972757; DOI:10.1056/NEJMoa1716793; PMCID:PMC12611561,summary_stat,C_closed_access,,closed_no_open_licence,,,The New England journal of medicine,DECISION_REQUIRED,PROPOSED_HOLD,"no open licence declared by the publisher; extracted values are facts rather than expression, but the release of facts from a closed-access source is Oscar's call, not this pipeline's"
TMSR929,TOLG072,human_clinical,PMID:29972757; DOI:10.1056/NEJMoa1716793; PMCID:PMC12611561,summary_stat,C_closed_access,,closed_no_open_licence,,,The New England journal of medicine,DECISION_REQUIRED,PROPOSED_HOLD,"no open licence declared by the publisher; extracted values are facts rather than expression, but the release of facts from a closed-access source is Oscar's call, not this pipeline's"
TMSR930,TOLG072,human_clinical,PMID:29972757; DOI:10.1056/NEJMoa1716793; PMCID:PMC12611561,summary_stat,C_closed_access,,closed_no_open_licence,,,The New England journal of medicine,DECISION_REQUIRED,PROPOSED_HOLD,"no open licence declared by the publisher; extracted values are facts rather than expression, but the release of facts from a closed-access source is Oscar's call, not this pipeline's"
TMSR931,TOLG072,human_clinical,PMID:32243492; DOI:10.1093/cvr/cvaa077,summary_stat,C_closed_access,,closed_no_open_licence,,,Cardiovascular research,DECISION_REQUIRED,PROPOSED_HOLD,"no open licence declared by the publisher; extracted values are facts rather than expression, but the release of facts from a closed-access source is Oscar's call, not this pipeline's"
TMSR932,TOLG072,human_clinical,PMID:32243492; DOI:10.1093/cvr/cvaa077,summary_stat,C_closed_access,,closed_no_open_licence,,,Cardiovascular research,DECISION_REQUIRED,PROPOSED_HOLD,"no open licence declared by the publisher; extracted values are facts rather than expression, but the release of facts from a closed-access source is Oscar's call, not this pipeline's"
TMSR933,TOLG072,animal_in_vivo,"US 11,535,849 B2",public_domain,A_public_domain,,public_domain_uspto_patent,USPTO,published US patent text is a US government publication; the applicant's disclosure is public by design,,permitted,no,
TMSR934,TOLG072,animal_in_vivo,"US 11,535,849 B2",public_domain,A_public_domain,,public_domain_uspto_patent,USPTO,published US patent text is a US government publication; the applicant's disclosure is public by design,,permitted,no,
TMSR935,TOLG072,animal_in_vivo,"US 11,535,849 B2",public_domain,A_public_domain,,public_domain_uspto_patent,USPTO,published US patent text is a US government publication; the applicant's disclosure is public by design,,permitted,no,
TMSR936,TOLG072,animal_in_vivo,"US 11,535,849 B2",public_domain,A_public_domain,,public_domain_uspto_patent,USPTO,published US patent text is a US government publication; the applicant's disclosure is public by design,,permitted,no,
TMSR937,TOLG073,human_clinical,10.1038/mt.2016.136 (PMC5112040; PMID 27357629),summary_stat,B_cc_licensed,cc by-nc-sa,cc_nc_noncommercial,,,Molecular therapy : the journal of the American Society of Gene Therapy,permitted,no,
TMSR938,TOLG073,human_clinical,10.1038/mt.2016.136 (PMC5112040; PMID 27357629),summary_stat,B_cc_licensed,cc by-nc-sa,cc_nc_noncommercial,,,Molecular therapy : the journal of the American Society of Gene Therapy,permitted,no,
TMSR939,TOLG074,human_in_vitro,10.3324/haematol.2020.260059,summary_stat,B_cc_licensed,cc by-nc,cc_nc_noncommercial,,,Haematologica,permitted,no,
TMSR940,TOLG074,animal_in_vitro,10.3324/haematol.2020.260059,summary_stat,B_cc_licensed,cc by-nc,cc_nc_noncommercial,,,Haematologica,permitted,no,
TMSR941,TOLG074,human_in_vitro,10.3324/haematol.2020.260059,summary_stat,B_cc_licensed,cc by-nc,cc_nc_noncommercial,,,Haematologica,permitted,no,
TMSR942,TOLG074,human_in_vitro,10.3324/haematol.2020.260059,summary_stat,B_cc_licensed,cc by-nc,cc_nc_noncommercial,,,Haematologica,permitted,no,
TMSR943,TOLG074,human_in_vitro,10.3324/haematol.2020.260059,summary_stat,B_cc_licensed,cc by-nc,cc_nc_noncommercial,,,Haematologica,permitted,no,
TMSR944,TOLG074,human_in_vitro,10.3324/haematol.2020.260059,summary_stat,B_cc_licensed,cc by-nc,cc_nc_noncommercial,,,Haematologica,permitted,no,
TMSR945,TOLG074,human_in_vitro,10.3324/haematol.2020.260059,summary_stat,B_cc_licensed,cc by-nc,cc_nc_noncommercial,,,Haematologica,permitted,no,
TMSR946,TOLG074,human_in_vitro,10.3324/haematol.2020.260059,summary_stat,B_cc_licensed,cc by-nc,cc_nc_noncommercial,,,Haematologica,permitted,no,
TMSR947,TOLG074,human_in_vitro,10.3324/haematol.2020.260059,summary_stat,B_cc_licensed,cc by-nc,cc_nc_noncommercial,,,Haematologica,permitted,no,
TMSR948,TOLG074,human_in_vitro,10.3324/haematol.2020.260059,summary_stat,B_cc_licensed,cc by-nc,cc_nc_noncommercial,,,Haematologica,permitted,no,
TMSR949,TOLG074,human_in_vitro,10.3324/haematol.2020.260059,summary_stat,B_cc_licensed,cc by-nc,cc_nc_noncommercial,,,Haematologica,permitted,no,
TMSR950,TOLG074,human_in_vitro,10.3324/haematol.2020.260059,summary_stat,B_cc_licensed,cc by-nc,cc_nc_noncommercial,,,Haematologica,permitted,no,
TMSR951,TOLG074,human_in_vitro,10.3324/haematol.2020.260059,summary_stat,B_cc_licensed,cc by-nc,cc_nc_noncommercial,,,Haematologica,permitted,no,
TMSR952,TOLG074,human_in_vitro,10.3324/haematol.2020.260059,summary_stat,B_cc_licensed,cc by-nc,cc_nc_noncommercial,,,Haematologica,permitted,no,
TMSR953,TOLG074,human_in_vitro,10.3324/haematol.2020.260059,summary_stat,B_cc_licensed,cc by-nc,cc_nc_noncommercial,,,Haematologica,permitted,no,
TMSR954,TOLG074,human_in_vitro,10.3324/haematol.2020.260059,summary_stat,B_cc_licensed,cc by-nc,cc_nc_noncommercial,,,Haematologica,permitted,no,
TMSR955,TOLG074,human_in_vitro,10.3324/haematol.2020.260059,summary_stat,B_cc_licensed,cc by-nc,cc_nc_noncommercial,,,Haematologica,permitted,no,
TMSR956,TOLG074,human_in_vitro,10.3324/haematol.2020.260059,summary_stat,B_cc_licensed,cc by-nc,cc_nc_noncommercial,,,Haematologica,permitted,no,
TMSR957,TOLG074,human_in_vitro,10.3324/haematol.2020.260059,summary_stat,B_cc_licensed,cc by-nc,cc_nc_noncommercial,,,Haematologica,permitted,no,
TMSR958,TOLG074,human_in_vitro,10.3324/haematol.2020.260059,summary_stat,B_cc_licensed,cc by-nc,cc_nc_noncommercial,,,Haematologica,permitted,no,
TMSR959,TOLG074,human_in_vitro,10.3324/haematol.2020.260059,summary_stat,B_cc_licensed,cc by-nc,cc_nc_noncommercial,,,Haematologica,permitted,no,
TMSR960,TOLG074,human_in_vitro,10.3324/haematol.2020.260059,summary_stat,B_cc_licensed,cc by-nc,cc_nc_noncommercial,,,Haematologica,permitted,no,
TMSR961,TOLG074,human_in_vitro,10.3324/haematol.2020.260059,summary_stat,B_cc_licensed,cc by-nc,cc_nc_noncommercial,,,Haematologica,permitted,no,
TMSR962,TOLG074,human_in_vitro,10.3324/haematol.2020.260059,summary_stat,B_cc_licensed,cc by-nc,cc_nc_noncommercial,,,Haematologica,permitted,no,
TMSR963,TOLG074,human_in_vitro,10.3324/haematol.2020.260059,summary_stat,B_cc_licensed,cc by-nc,cc_nc_noncommercial,,,Haematologica,permitted,no,
TMSR964,TOLG074,human_in_vitro,10.3324/haematol.2020.260059,summary_stat,B_cc_licensed,cc by-nc,cc_nc_noncommercial,,,Haematologica,permitted,no,
TMSR965,TOLG074,human_in_vitro,10.3324/haematol.2020.260059,summary_stat,B_cc_licensed,cc by-nc,cc_nc_noncommercial,,,Haematologica,permitted,no,
TMSR966,TOLG074,human_in_vitro,10.3324/haematol.2020.260059,summary_stat,B_cc_licensed,cc by-nc,cc_nc_noncommercial,,,Haematologica,permitted,no,
TMSR967,TOLG074,human_in_vitro,10.3324/haematol.2020.260059,summary_stat,B_cc_licensed,cc by-nc,cc_nc_noncommercial,,,Haematologica,permitted,no,
TMSR968,TOLG074,human_in_vitro,10.3324/haematol.2020.260059,summary_stat,B_cc_licensed,cc by-nc,cc_nc_noncommercial,,,Haematologica,permitted,no,
TMSR969,TOLG074,human_in_vitro,10.3324/haematol.2020.260059,summary_stat,B_cc_licensed,cc by-nc,cc_nc_noncommercial,,,Haematologica,permitted,no,
TMSR970,TOLG074,human_in_vitro,10.3324/haematol.2020.260059,summary_stat,B_cc_licensed,cc by-nc,cc_nc_noncommercial,,,Haematologica,permitted,no,
TMSR971,TOLG074,human_in_vitro,10.3324/haematol.2020.260059,summary_stat,B_cc_licensed,cc by-nc,cc_nc_noncommercial,,,Haematologica,permitted,no,
TMSR972,TOLG074,human_in_vitro,10.3324/haematol.2020.260059,summary_stat,B_cc_licensed,cc by-nc,cc_nc_noncommercial,,,Haematologica,permitted,no,
TMSR973,TOLG074,animal_in_vitro,doi:10.3390/pharmaceutics15041112 (PMC10143489; PMID 37111598),cc_by,B_cc_licensed,cc by,cc_permissive,,,Pharmaceutics,permitted,no,
TMSR974,TOLG074,animal_in_vitro,doi:10.3390/pharmaceutics15041112 (PMC10143489; PMID 37111598),cc_by,B_cc_licensed,cc by,cc_permissive,,,Pharmaceutics,permitted,no,
TMSR975,TOLG074,animal_in_vitro,doi:10.3390/pharmaceutics15041112 (PMC10143489; PMID 37111598),cc_by,B_cc_licensed,cc by,cc_permissive,,,Pharmaceutics,permitted,no,
TMSR976,TOLG074,animal_in_vitro,doi:10.3390/pharmaceutics15041112 (PMC10143489; PMID 37111598),cc_by,B_cc_licensed,cc by,cc_permissive,,,Pharmaceutics,permitted,no,
TMSR977,TOLG074,animal_in_vitro,doi:10.3390/pharmaceutics15041112 (PMC10143489; PMID 37111598),cc_by,B_cc_licensed,cc by,cc_permissive,,,Pharmaceutics,permitted,no,
TMSR978,TOLG074,animal_in_vitro,doi:10.3390/pharmaceutics15041112 (PMC10143489; PMID 37111598),cc_by,B_cc_licensed,cc by,cc_permissive,,,Pharmaceutics,permitted,no,
TMSR979,TOLG074,animal_in_vitro,doi:10.3390/pharmaceutics15041112 (PMC10143489; PMID 37111598),cc_by,B_cc_licensed,cc by,cc_permissive,,,Pharmaceutics,permitted,no,
TMSR980,TOLG074,human_in_vitro,doi:10.3390/pharmaceutics15041112 (PMC10143489; PMID 37111598),cc_by,B_cc_licensed,cc by,cc_permissive,,,Pharmaceutics,permitted,no,
TMSR981,TOLG074,human_clinical,doi:10.3390/pharmaceutics15041112 (PMC10143489; PMID 37111598),cc_by,B_cc_licensed,cc by,cc_permissive,,,Pharmaceutics,permitted,no,
TMSR982,TOLG074,animal_in_vivo,doi:10.3390/pharmaceutics15041112 (PMC10143489; PMID 37111598),cc_by,B_cc_licensed,cc by,cc_permissive,,,Pharmaceutics,permitted,no,
TMSR983,TOLG074,human_clinical,PMID 28145801; PMCID PMC5467133; doi:10.1089/nat.2016.0650,summary_stat,B_cc_licensed,cc by-nc,cc_nc_noncommercial,,,Nucleic acid therapeutics,permitted,no,
TMSR984,TOLG074,human_clinical,PMID 28145801; PMCID PMC5467133; doi:10.1089/nat.2016.0650,summary_stat,B_cc_licensed,cc by-nc,cc_nc_noncommercial,,,Nucleic acid therapeutics,permitted,no,
TMSR985,TOLG074,human_clinical,PMID 28145801; PMCID PMC5467133; doi:10.1089/nat.2016.0650,summary_stat,B_cc_licensed,cc by-nc,cc_nc_noncommercial,,,Nucleic acid therapeutics,permitted,no,
TMSR986,TOLG074,human_clinical,PMID 28145801; PMCID PMC5467133; doi:10.1089/nat.2016.0650,summary_stat,B_cc_licensed,cc by-nc,cc_nc_noncommercial,,,Nucleic acid therapeutics,permitted,no,
TMSR987,TOLG074,animal_in_vivo,"PMID 29846725 / doi:10.1093/toxsci/kfy119 (Narayanan et al. 2018, Toxicol Sci 164:613-626)",summary_stat,C_closed_access,,closed_no_open_licence,,,Toxicological sciences : an official journal of the Society of Toxicology,DECISION_REQUIRED,PROPOSED_HOLD,"no open licence declared by the publisher; extracted values are facts rather than expression, but the release of facts from a closed-access source is Oscar's call, not this pipeline's"
TMSR988,TOLG074,animal_in_vivo,"PMID 29846725 / doi:10.1093/toxsci/kfy119 (Narayanan et al. 2018, Toxicol Sci 164:613-626)",summary_stat,C_closed_access,,closed_no_open_licence,,,Toxicological sciences : an official journal of the Society of Toxicology,DECISION_REQUIRED,PROPOSED_HOLD,"no open licence declared by the publisher; extracted values are facts rather than expression, but the release of facts from a closed-access source is Oscar's call, not this pipeline's"
TMSR989,TOLG074,animal_in_vivo,"PMID 29846725 / doi:10.1093/toxsci/kfy119 (Narayanan et al. 2018, Toxicol Sci 164:613-626)",summary_stat,C_closed_access,,closed_no_open_licence,,,Toxicological sciences : an official journal of the Society of Toxicology,DECISION_REQUIRED,PROPOSED_HOLD,"no open licence declared by the publisher; extracted values are facts rather than expression, but the release of facts from a closed-access source is Oscar's call, not this pipeline's"
TMSR990,TOLG074,animal_in_vivo,"PMID 29846725 / doi:10.1093/toxsci/kfy119 (Narayanan et al. 2018, Toxicol Sci 164:613-626)",summary_stat,C_closed_access,,closed_no_open_licence,,,Toxicological sciences : an official journal of the Society of Toxicology,DECISION_REQUIRED,PROPOSED_HOLD,"no open licence declared by the publisher; extracted values are facts rather than expression, but the release of facts from a closed-access source is Oscar's call, not this pipeline's"
TMSR991,TOLG074,human_clinical,PMID:12438559; DOI:10.1124/jpet.102.036749,summary_stat,C_closed_access,,closed_no_open_licence,,,The Journal of pharmacology and experimental therapeutics,DECISION_REQUIRED,PROPOSED_HOLD,"no open licence declared by the publisher; extracted values are facts rather than expression, but the release of facts from a closed-access source is Oscar's call, not this pipeline's"
TMSR992,TOLG074,human_clinical,PMID:12438559; DOI:10.1124/jpet.102.036749,summary_stat,C_closed_access,,closed_no_open_licence,,,The Journal of pharmacology and experimental therapeutics,DECISION_REQUIRED,PROPOSED_HOLD,"no open licence declared by the publisher; extracted values are facts rather than expression, but the release of facts from a closed-access source is Oscar's call, not this pipeline's"
TMSR993,TOLG074,human_clinical,PMID:12438559; DOI:10.1124/jpet.102.036749,summary_stat,C_closed_access,,closed_no_open_licence,,,The Journal of pharmacology and experimental therapeutics,DECISION_REQUIRED,PROPOSED_HOLD,"no open licence declared by the publisher; extracted values are facts rather than expression, but the release of facts from a closed-access source is Oscar's call, not this pipeline's"
TMSR994,TOLG077,human_in_vitro,10.3324/haematol.2020.260059,summary_stat,B_cc_licensed,cc by-nc,cc_nc_noncommercial,,,Haematologica,permitted,no,
TMSR995,TOLG077,animal_in_vitro,10.3324/haematol.2020.260059,summary_stat,B_cc_licensed,cc by-nc,cc_nc_noncommercial,,,Haematologica,permitted,no,
TMSR996,TOLG077,human_in_vitro,10.3324/haematol.2020.260059,summary_stat,B_cc_licensed,cc by-nc,cc_nc_noncommercial,,,Haematologica,permitted,no,
TMSR997,TOLG077,human_in_vitro,10.3324/haematol.2020.260059,summary_stat,B_cc_licensed,cc by-nc,cc_nc_noncommercial,,,Haematologica,permitted,no,
TMSR998,TOLG077,human_in_vitro,10.3324/haematol.2020.260059,summary_stat,B_cc_licensed,cc by-nc,cc_nc_noncommercial,,,Haematologica,permitted,no,
TMSR999,TOLG077,human_in_vitro,10.3324/haematol.2020.260059,summary_stat,B_cc_licensed,cc by-nc,cc_nc_noncommercial,,,Haematologica,permitted,no,
TMSR1000,TOLG077,human_in_vitro,10.3324/haematol.2020.260059,summary_stat,B_cc_licensed,cc by-nc,cc_nc_noncommercial,,,Haematologica,permitted,no,
TMSR1001,TOLG077,human_in_vitro,10.3324/haematol.2020.260059,summary_stat,B_cc_licensed,cc by-nc,cc_nc_noncommercial,,,Haematologica,permitted,no,
TMSR1002,TOLG077,human_in_vitro,10.3324/haematol.2020.260059,summary_stat,B_cc_licensed,cc by-nc,cc_nc_noncommercial,,,Haematologica,permitted,no,
TMSR1003,TOLG077,human_in_vitro,10.3324/haematol.2020.260059,summary_stat,B_cc_licensed,cc by-nc,cc_nc_noncommercial,,,Haematologica,permitted,no,
TMSR1004,TOLG077,human_in_vitro,10.3324/haematol.2020.260059,summary_stat,B_cc_licensed,cc by-nc,cc_nc_noncommercial,,,Haematologica,permitted,no,
TMSR1005,TOLG077,human_in_vitro,10.3324/haematol.2020.260059,summary_stat,B_cc_licensed,cc by-nc,cc_nc_noncommercial,,,Haematologica,permitted,no,
TMSR1006,TOLG077,human_in_vitro,10.3324/haematol.2020.260059,summary_stat,B_cc_licensed,cc by-nc,cc_nc_noncommercial,,,Haematologica,permitted,no,
TMSR1007,TOLG077,human_in_vitro,10.3324/haematol.2020.260059,summary_stat,B_cc_licensed,cc by-nc,cc_nc_noncommercial,,,Haematologica,permitted,no,
TMSR1008,TOLG077,human_in_vitro,10.3324/haematol.2020.260059,summary_stat,B_cc_licensed,cc by-nc,cc_nc_noncommercial,,,Haematologica,permitted,no,
TMSR1009,TOLG077,human_in_vitro,10.3324/haematol.2020.260059,summary_stat,B_cc_licensed,cc by-nc,cc_nc_noncommercial,,,Haematologica,permitted,no,
TMSR1010,TOLG077,human_in_vitro,10.3324/haematol.2020.260059,summary_stat,B_cc_licensed,cc by-nc,cc_nc_noncommercial,,,Haematologica,permitted,no,
TMSR1011,TOLG077,human_in_vitro,10.3324/haematol.2020.260059,summary_stat,B_cc_licensed,cc by-nc,cc_nc_noncommercial,,,Haematologica,permitted,no,
TMSR1012,TOLG077,human_in_vitro,10.3324/haematol.2020.260059,summary_stat,B_cc_licensed,cc by-nc,cc_nc_noncommercial,,,Haematologica,permitted,no,
TMSR1013,TOLG077,human_in_vitro,10.3324/haematol.2020.260059,summary_stat,B_cc_licensed,cc by-nc,cc_nc_noncommercial,,,Haematologica,permitted,no,
TMSR1014,TOLG077,human_in_vitro,10.3324/haematol.2020.260059,summary_stat,B_cc_licensed,cc by-nc,cc_nc_noncommercial,,,Haematologica,permitted,no,
TMSR1015,TOLG077,human_in_vitro,10.3324/haematol.2020.260059,summary_stat,B_cc_licensed,cc by-nc,cc_nc_noncommercial,,,Haematologica,permitted,no,
TMSR1016,TOLG077,human_in_vitro,10.3324/haematol.2020.260059,summary_stat,B_cc_licensed,cc by-nc,cc_nc_noncommercial,,,Haematologica,permitted,no,
TMSR1017,TOLG077,human_in_vitro,10.3324/haematol.2020.260059,summary_stat,B_cc_licensed,cc by-nc,cc_nc_noncommercial,,,Haematologica,permitted,no,
TMSR1018,TOLG077,human_in_vitro,10.3324/haematol.2020.260059,summary_stat,B_cc_licensed,cc by-nc,cc_nc_noncommercial,,,Haematologica,permitted,no,
TMSR1019,TOLG077,human_in_vitro,10.3324/haematol.2020.260059,summary_stat,B_cc_licensed,cc by-nc,cc_nc_noncommercial,,,Haematologica,permitted,no,
TMSR1020,TOLG077,human_in_vitro,10.3324/haematol.2020.260059,summary_stat,B_cc_licensed,cc by-nc,cc_nc_noncommercial,,,Haematologica,permitted,no,
TMSR1021,TOLG077,human_in_vitro,10.3324/haematol.2020.260059,summary_stat,B_cc_licensed,cc by-nc,cc_nc_noncommercial,,,Haematologica,permitted,no,
TMSR1022,TOLG077,human_in_vitro,10.3324/haematol.2020.260059,summary_stat,B_cc_licensed,cc by-nc,cc_nc_noncommercial,,,Haematologica,permitted,no,
TMSR1023,TOLG077,human_in_vitro,10.3324/haematol.2020.260059,summary_stat,B_cc_licensed,cc by-nc,cc_nc_noncommercial,,,Haematologica,permitted,no,
TMSR1024,TOLG077,human_in_vitro,10.3324/haematol.2020.260059,summary_stat,B_cc_licensed,cc by-nc,cc_nc_noncommercial,,,Haematologica,permitted,no,
TMSR1025,TOLG077,human_in_vitro,10.3324/haematol.2020.260059,summary_stat,B_cc_licensed,cc by-nc,cc_nc_noncommercial,,,Haematologica,permitted,no,
TMSR1026,TOLG077,human_in_vitro,10.3324/haematol.2020.260059,summary_stat,B_cc_licensed,cc by-nc,cc_nc_noncommercial,,,Haematologica,permitted,no,
TMSR1027,TOLG077,human_in_vitro,10.3324/haematol.2020.260059,summary_stat,B_cc_licensed,cc by-nc,cc_nc_noncommercial,,,Haematologica,permitted,no,
TMSR1028,TOLG077,human_in_vitro,10.3324/haematol.2020.260059,summary_stat,B_cc_licensed,cc by-nc,cc_nc_noncommercial,,,Haematologica,permitted,no,
TMSR1029,TOLG077,animal_in_vivo,"PMID 39155024 / doi:10.1016/j.jtha.2024.08.003 (Johansson et al. 2024, J Thromb Haemost 22:3266-3276)",summary_stat,B_cc_licensed,cc by,cc_permissive,,,Journal of thrombosis and haemostasis : JTH,permitted,no,
TMSR1030,TOLG078,animal_in_vivo,FDA NDA 203568 Orig1s000 PharmR (Kynamro/mipomersen Pharmacology Review(s)),public_domain,A_public_domain,,public_domain_us_federal,FDA_US,US federal agency work; no copyright attaches,,permitted,no,
TMSR1031,TOLG079,animal_in_vivo,FDA NDA 203568 Orig1s000 PharmR (Kynamro/mipomersen Pharmacology Review(s)),public_domain,A_public_domain,,public_domain_us_federal,FDA_US,US federal agency work; no copyright attaches,,permitted,no,
TMSR1032,TOLG080,animal_in_vivo,"US 11,535,849 B2",public_domain,A_public_domain,,public_domain_uspto_patent,USPTO,published US patent text is a US government publication; the applicant's disclosure is public by design,,permitted,no,
TMSR1033,TOLG080,animal_in_vivo,"US 11,535,849 B2",public_domain,A_public_domain,,public_domain_uspto_patent,USPTO,published US patent text is a US government publication; the applicant's disclosure is public by design,,permitted,no,
TMSR1034,TOLG080,animal_in_vivo,"US 11,535,849 B2",public_domain,A_public_domain,,public_domain_uspto_patent,USPTO,published US patent text is a US government publication; the applicant's disclosure is public by design,,permitted,no,
TMSR1035,TOLG080,animal_in_vivo,"US 11,535,849 B2",public_domain,A_public_domain,,public_domain_uspto_patent,USPTO,published US patent text is a US government publication; the applicant's disclosure is public by design,,permitted,no,
TMSR1036,TOLG081,animal_in_vivo,"US 11,535,849 B2",public_domain,A_public_domain,,public_domain_uspto_patent,USPTO,published US patent text is a US government publication; the applicant's disclosure is public by design,,permitted,no,
TMSR1037,TOLG081,animal_in_vivo,"US 11,535,849 B2",public_domain,A_public_domain,,public_domain_uspto_patent,USPTO,published US patent text is a US government publication; the applicant's disclosure is public by design,,permitted,no,
TMSR1038,TOLG081,animal_in_vivo,"US 11,535,849 B2",public_domain,A_public_domain,,public_domain_uspto_patent,USPTO,published US patent text is a US government publication; the applicant's disclosure is public by design,,permitted,no,
TMSR1039,TOLG082,animal_in_vivo,"US 11,535,849 B2",public_domain,A_public_domain,,public_domain_uspto_patent,USPTO,published US patent text is a US government publication; the applicant's disclosure is public by design,,permitted,no,
TMSR1040,TOLG085,human_clinical,"doi:10.1177/0192623314551840 — Frazier KS (2015) ""Antisense oligonucleotide therapies: the promise and the cha",summary_stat,C_closed_access,,closed_no_open_licence,,,Toxicologic pathology,DECISION_REQUIRED,PROPOSED_HOLD,"no open licence declared by the publisher; extracted values are facts rather than expression, but the release of facts from a closed-access source is Oscar's call, not this pipeline's"
TMSR1041,TOLG086,animal_in_vivo,EMA/411876/2018 (EMEA/H/C/004782) Tegsedi EPAR public assessment report,public_domain,A_public_domain,,ema_reuse_with_attribution,EMA,"EMA permits reuse INCLUDING commercial use, conditional on attribution. NOT public domain -- attribution is a condition, so it is a licence",,permitted,no,
TMSR1042,TOLG087,animal_in_vivo,"PMID 28541820 / doi:10.1089/nat.2017.0666 (Henry et al. 2017, Nucleic Acid Ther 27:197-208)",summary_stat,C_closed_access,,closed_no_open_licence,,,Nucleic acid therapeutics,DECISION_REQUIRED,PROPOSED_HOLD,"no open licence declared by the publisher; extracted values are facts rather than expression, but the release of facts from a closed-access source is Oscar's call, not this pipeline's"
TMSR1043,TOLG087,animal_in_vivo,"PMID 28541820 / doi:10.1089/nat.2017.0666 (Henry et al. 2017, Nucleic Acid Ther 27:197-208)",summary_stat,C_closed_access,,closed_no_open_licence,,,Nucleic acid therapeutics,DECISION_REQUIRED,PROPOSED_HOLD,"no open licence declared by the publisher; extracted values are facts rather than expression, but the release of facts from a closed-access source is Oscar's call, not this pipeline's"
TMSR1044,TOLG087,human_clinical,"PMID 28541820 / doi:10.1089/nat.2017.0666 (Henry et al. 2017, Nucleic Acid Ther 27:197-208)",summary_stat,C_closed_access,,closed_no_open_licence,,,Nucleic acid therapeutics,DECISION_REQUIRED,PROPOSED_HOLD,"no open licence declared by the publisher; extracted values are facts rather than expression, but the release of facts from a closed-access source is Oscar's call, not this pipeline's"
TMSR1045,TOLG087,animal_in_vivo,"PMID 28541820 / doi:10.1089/nat.2017.0666 (Henry et al. 2017, Nucleic Acid Ther 27:197-208)",summary_stat,C_closed_access,,closed_no_open_licence,,,Nucleic acid therapeutics,DECISION_REQUIRED,PROPOSED_HOLD,"no open licence declared by the publisher; extracted values are facts rather than expression, but the release of facts from a closed-access source is Oscar's call, not this pipeline's"
TMSR1046,TOLG088,animal_in_vivo,"PMID 37093125 / doi:10.1089/nat.2022.0042 (Shen et al. 2023, Nucleic Acid Ther 33:209-225)",summary_stat,C_closed_access,,closed_no_open_licence,,,Nucleic acid therapeutics,DECISION_REQUIRED,PROPOSED_HOLD,"no open licence declared by the publisher; extracted values are facts rather than expression, but the release of facts from a closed-access source is Oscar's call, not this pipeline's"
TMSR1047,TOLG088,animal_in_vivo,"PMID 37093125 / doi:10.1089/nat.2022.0042 (Shen et al. 2023, Nucleic Acid Ther 33:209-225)",summary_stat,C_closed_access,,closed_no_open_licence,,,Nucleic acid therapeutics,DECISION_REQUIRED,PROPOSED_HOLD,"no open licence declared by the publisher; extracted values are facts rather than expression, but the release of facts from a closed-access source is Oscar's call, not this pipeline's"
TMSR1048,TOLG088,animal_in_vivo,"PMID 37093125 / doi:10.1089/nat.2022.0042 (Shen et al. 2023, Nucleic Acid Ther 33:209-225)",summary_stat,C_closed_access,,closed_no_open_licence,,,Nucleic acid therapeutics,DECISION_REQUIRED,PROPOSED_HOLD,"no open licence declared by the publisher; extracted values are facts rather than expression, but the release of facts from a closed-access source is Oscar's call, not this pipeline's"
TMSR1049,TOLG088,animal_in_vivo,"PMID 37093125 / doi:10.1089/nat.2022.0042 (Shen et al. 2023, Nucleic Acid Ther 33:209-225)",summary_stat,C_closed_access,,closed_no_open_licence,,,Nucleic acid therapeutics,DECISION_REQUIRED,PROPOSED_HOLD,"no open licence declared by the publisher; extracted values are facts rather than expression, but the release of facts from a closed-access source is Oscar's call, not this pipeline's"
TMSR1050,TOLG089,animal_in_vivo,US 2015/0031747 A1,public_domain,A_public_domain,,public_domain_uspto_patent,USPTO,published US patent text is a US government publication; the applicant's disclosure is public by design,,permitted,no,
TMSR1051,TOLG090,animal_in_vivo,US 2023/0263822 A1,public_domain,A_public_domain,,public_domain_uspto_patent,USPTO,published US patent text is a US government publication; the applicant's disclosure is public by design,,permitted,no,
TMSR1052,TOLG090,animal_in_vivo,US 2023/0263822 A1,public_domain,A_public_domain,,public_domain_uspto_patent,USPTO,published US patent text is a US government publication; the applicant's disclosure is public by design,,permitted,no,
TMSR1053,TOLG091,animal_in_vivo,US 2023/0263822 A1,public_domain,A_public_domain,,public_domain_uspto_patent,USPTO,published US patent text is a US government publication; the applicant's disclosure is public by design,,permitted,no,
TMSR1054,TOLG091,animal_in_vivo,US 2023/0263822 A1,public_domain,A_public_domain,,public_domain_uspto_patent,USPTO,published US patent text is a US government publication; the applicant's disclosure is public by design,,permitted,no,
TMSR1055,TOLG092,animal_in_vivo,US 2023/0263822 A1,public_domain,A_public_domain,,public_domain_uspto_patent,USPTO,published US patent text is a US government publication; the applicant's disclosure is public by design,,permitted,no,
TMSR1056,TOLG092,animal_in_vivo,US 2023/0263822 A1,public_domain,A_public_domain,,public_domain_uspto_patent,USPTO,published US patent text is a US government publication; the applicant's disclosure is public by design,,permitted,no,
TMSR1057,TOLG093,animal_in_vivo,US 2023/0263822 A1,public_domain,A_public_domain,,public_domain_uspto_patent,USPTO,published US patent text is a US government publication; the applicant's disclosure is public by design,,permitted,no,
TMSR1058,TOLG093,animal_in_vivo,US 2023/0263822 A1,public_domain,A_public_domain,,public_domain_uspto_patent,USPTO,published US patent text is a US government publication; the applicant's disclosure is public by design,,permitted,no,
TMSR1059,TOLG094,animal_in_vivo,US 2023/0263822 A1,public_domain,A_public_domain,,public_domain_uspto_patent,USPTO,published US patent text is a US government publication; the applicant's disclosure is public by design,,permitted,no,
TMSR1060,TOLG094,animal_in_vivo,US 2023/0263822 A1,public_domain,A_public_domain,,public_domain_uspto_patent,USPTO,published US patent text is a US government publication; the applicant's disclosure is public by design,,permitted,no,
TMSR1061,TOLG095,animal_in_vivo,US 2023/0263822 A1,public_domain,A_public_domain,,public_domain_uspto_patent,USPTO,published US patent text is a US government publication; the applicant's disclosure is public by design,,permitted,no,
TMSR1062,TOLG096,animal_in_vivo,US 2023/0263822 A1,public_domain,A_public_domain,,public_domain_uspto_patent,USPTO,published US patent text is a US government publication; the applicant's disclosure is public by design,,permitted,no,
TMSR1063,TOLG097,animal_ex_vivo,US 2023/0263822 A1,public_domain,A_public_domain,,public_domain_uspto_patent,USPTO,published US patent text is a US government publication; the applicant's disclosure is public by design,,permitted,no,
TMSR1064,TOLG097,animal_in_vivo,US 2023/0263822 A1,public_domain,A_public_domain,,public_domain_uspto_patent,USPTO,published US patent text is a US government publication; the applicant's disclosure is public by design,,permitted,no,
TMSR1065,TOLG097,animal_in_vivo,US 2023/0263822 A1,public_domain,A_public_domain,,public_domain_uspto_patent,USPTO,published US patent text is a US government publication; the applicant's disclosure is public by design,,permitted,no,
TMSR1066,TOLG098,animal_in_vivo,US 2023/0263822 A1,public_domain,A_public_domain,,public_domain_uspto_patent,USPTO,published US patent text is a US government publication; the applicant's disclosure is public by design,,permitted,no,
TMSR1067,TOLG098,animal_in_vivo,US 2023/0263822 A1,public_domain,A_public_domain,,public_domain_uspto_patent,USPTO,published US patent text is a US government publication; the applicant's disclosure is public by design,,permitted,no,
TMSR1068,TOLG099,animal_in_vivo,US 2023/0263822 A1,public_domain,A_public_domain,,public_domain_uspto_patent,USPTO,published US patent text is a US government publication; the applicant's disclosure is public by design,,permitted,no,
TMSR1069,TOLG100,animal_ex_vivo,US 2023/0263822 A1,public_domain,A_public_domain,,public_domain_uspto_patent,USPTO,published US patent text is a US government publication; the applicant's disclosure is public by design,,permitted,no,
TMSR1070,TOLG100,animal_in_vivo,US 2023/0263822 A1,public_domain,A_public_domain,,public_domain_uspto_patent,USPTO,published US patent text is a US government publication; the applicant's disclosure is public by design,,permitted,no,
TMSR1071,TOLG100,animal_in_vivo,US 2023/0263822 A1,public_domain,A_public_domain,,public_domain_uspto_patent,USPTO,published US patent text is a US government publication; the applicant's disclosure is public by design,,permitted,no,
TMSR1072,TOLG100,animal_in_vivo,US 2023/0263822 A1,public_domain,A_public_domain,,public_domain_uspto_patent,USPTO,published US patent text is a US government publication; the applicant's disclosure is public by design,,permitted,no,
TMSR1073,TOLG100,animal_in_vivo,US 2023/0263822 A1,public_domain,A_public_domain,,public_domain_uspto_patent,USPTO,published US patent text is a US government publication; the applicant's disclosure is public by design,,permitted,no,
TMSR1074,TOLG100,animal_in_vivo,US 2023/0263822 A1,public_domain,A_public_domain,,public_domain_uspto_patent,USPTO,published US patent text is a US government publication; the applicant's disclosure is public by design,,permitted,no,
TMSR1075,TOLG101,animal_in_vivo,US 2023/0263822 A1,public_domain,A_public_domain,,public_domain_uspto_patent,USPTO,published US patent text is a US government publication; the applicant's disclosure is public by design,,permitted,no,
TMSR1076,TOLG101,animal_in_vivo,US 2023/0263822 A1,public_domain,A_public_domain,,public_domain_uspto_patent,USPTO,published US patent text is a US government publication; the applicant's disclosure is public by design,,permitted,no,
TMSR1077,TOLG102,animal_in_vivo,US 2023/0263822 A1,public_domain,A_public_domain,,public_domain_uspto_patent,USPTO,published US patent text is a US government publication; the applicant's disclosure is public by design,,permitted,no,
TMSR1078,TOLG102,animal_in_vivo,US 2023/0263822 A1,public_domain,A_public_domain,,public_domain_uspto_patent,USPTO,published US patent text is a US government publication; the applicant's disclosure is public by design,,permitted,no,
TMSR1079,TOLG103,animal_in_vivo,US 2023/0263822 A1,public_domain,A_public_domain,,public_domain_uspto_patent,USPTO,published US patent text is a US government publication; the applicant's disclosure is public by design,,permitted,no,
TMSR1080,TOLG104,animal_in_vivo,US 2023/0263822 A1,public_domain,A_public_domain,,public_domain_uspto_patent,USPTO,published US patent text is a US government publication; the applicant's disclosure is public by design,,permitted,no,
TMSR1081,TOLG105,animal_in_vivo,US 2023/0263822 A1,public_domain,A_public_domain,,public_domain_uspto_patent,USPTO,published US patent text is a US government publication; the applicant's disclosure is public by design,,permitted,no,
TMSR1082,TOLG106,animal_in_vivo,US 2023/0263822 A1,public_domain,A_public_domain,,public_domain_uspto_patent,USPTO,published US patent text is a US government publication; the applicant's disclosure is public by design,,permitted,no,
TMSR1083,TOLG106,animal_in_vivo,US 2023/0263822 A1,public_domain,A_public_domain,,public_domain_uspto_patent,USPTO,published US patent text is a US government publication; the applicant's disclosure is public by design,,permitted,no,
TMSR1084,TOLG107,animal_in_vivo,US 2023/0263822 A1,public_domain,A_public_domain,,public_domain_uspto_patent,USPTO,published US patent text is a US government publication; the applicant's disclosure is public by design,,permitted,no,
TMSR1085,TOLG108,human_clinical,PMID 28145801; PMCID PMC5467133; doi:10.1089/nat.2016.0650,summary_stat,B_cc_licensed,cc by-nc,cc_nc_noncommercial,,,Nucleic acid therapeutics,permitted,no,
TMSR1086,TOLG108,human_clinical,PMID 28145801; PMCID PMC5467133; doi:10.1089/nat.2016.0650,summary_stat,B_cc_licensed,cc by-nc,cc_nc_noncommercial,,,Nucleic acid therapeutics,permitted,no,
TMSR1087,TOLG108,animal_in_vivo,US 2021/0355497 A1,public_domain,A_public_domain,,public_domain_uspto_patent,USPTO,published US patent text is a US government publication; the applicant's disclosure is public by design,,permitted,no,
TMSR1088,TOLG108,animal_in_vivo,US 2021/0355497 A1,public_domain,A_public_domain,,public_domain_uspto_patent,USPTO,published US patent text is a US government publication; the applicant's disclosure is public by design,,permitted,no,
TMSR1089,TOLG108,animal_in_vivo,US 2021/0355497 A1,public_domain,A_public_domain,,public_domain_uspto_patent,USPTO,published US patent text is a US government publication; the applicant's disclosure is public by design,,permitted,no,
TMSR1090,TOLG108,animal_in_vivo,US 2021/0355497 A1,public_domain,A_public_domain,,public_domain_uspto_patent,USPTO,published US patent text is a US government publication; the applicant's disclosure is public by design,,permitted,no,
TMSR1091,TOLG108,animal_ex_vivo,US 2023/0263822 A1,public_domain,A_public_domain,,public_domain_uspto_patent,USPTO,published US patent text is a US government publication; the applicant's disclosure is public by design,,permitted,no,
TMSR1092,TOLG108,animal_in_vivo,US 2023/0263822 A1,public_domain,A_public_domain,,public_domain_uspto_patent,USPTO,published US patent text is a US government publication; the applicant's disclosure is public by design,,permitted,no,
TMSR1093,TOLG108,animal_in_vivo,US 2023/0263822 A1,public_domain,A_public_domain,,public_domain_uspto_patent,USPTO,published US patent text is a US government publication; the applicant's disclosure is public by design,,permitted,no,
TMSR1094,TOLG108,animal_in_vivo,US 2023/0263822 A1,public_domain,A_public_domain,,public_domain_uspto_patent,USPTO,published US patent text is a US government publication; the applicant's disclosure is public by design,,permitted,no,
TMSR1095,TOLG108,animal_in_vivo,US 2023/0263822 A1,public_domain,A_public_domain,,public_domain_uspto_patent,USPTO,published US patent text is a US government publication; the applicant's disclosure is public by design,,permitted,no,
TMSR1096,TOLG109,animal_in_vivo,US 2023/0263822 A1,public_domain,A_public_domain,,public_domain_uspto_patent,USPTO,published US patent text is a US government publication; the applicant's disclosure is public by design,,permitted,no,
TMSR1097,TOLG109,animal_in_vivo,US 2023/0263822 A1,public_domain,A_public_domain,,public_domain_uspto_patent,USPTO,published US patent text is a US government publication; the applicant's disclosure is public by design,,permitted,no,
TMSR1098,TOLG110,animal_in_vivo,US 2023/0263822 A1,public_domain,A_public_domain,,public_domain_uspto_patent,USPTO,published US patent text is a US government publication; the applicant's disclosure is public by design,,permitted,no,
TMSR1099,TOLG110,animal_in_vivo,US 2023/0263822 A1,public_domain,A_public_domain,,public_domain_uspto_patent,USPTO,published US patent text is a US government publication; the applicant's disclosure is public by design,,permitted,no,
TMSR1100,TOLG111,animal_in_vivo,US 2023/0263822 A1,public_domain,A_public_domain,,public_domain_uspto_patent,USPTO,published US patent text is a US government publication; the applicant's disclosure is public by design,,permitted,no,
TMSR1101,TOLG111,animal_in_vivo,US 2023/0263822 A1,public_domain,A_public_domain,,public_domain_uspto_patent,USPTO,published US patent text is a US government publication; the applicant's disclosure is public by design,,permitted,no,
TMSR1102,TOLG112,animal_in_vivo,US 2023/0263822 A1,public_domain,A_public_domain,,public_domain_uspto_patent,USPTO,published US patent text is a US government publication; the applicant's disclosure is public by design,,permitted,no,
TMSR1103,TOLG113,animal_in_vivo,US 2023/0263822 A1,public_domain,A_public_domain,,public_domain_uspto_patent,USPTO,published US patent text is a US government publication; the applicant's disclosure is public by design,,permitted,no,
TMSR1104,TOLG113,animal_in_vivo,US 2023/0263822 A1,public_domain,A_public_domain,,public_domain_uspto_patent,USPTO,published US patent text is a US government publication; the applicant's disclosure is public by design,,permitted,no,
TMSR1105,TOLG114,animal_ex_vivo,US 2023/0263822 A1,public_domain,A_public_domain,,public_domain_uspto_patent,USPTO,published US patent text is a US government publication; the applicant's disclosure is public by design,,permitted,no,
TMSR1106,TOLG114,animal_in_vivo,US 2023/0263822 A1,public_domain,A_public_domain,,public_domain_uspto_patent,USPTO,published US patent text is a US government publication; the applicant's disclosure is public by design,,permitted,no,
TMSR1107,TOLG114,animal_in_vivo,US 2023/0263822 A1,public_domain,A_public_domain,,public_domain_uspto_patent,USPTO,published US patent text is a US government publication; the applicant's disclosure is public by design,,permitted,no,
TMSR1108,TOLG114,animal_in_vivo,US 2023/0263822 A1,public_domain,A_public_domain,,public_domain_uspto_patent,USPTO,published US patent text is a US government publication; the applicant's disclosure is public by design,,permitted,no,
TMSR1109,TOLG115,animal_in_vivo,US 2023/0263822 A1,public_domain,A_public_domain,,public_domain_uspto_patent,USPTO,published US patent text is a US government publication; the applicant's disclosure is public by design,,permitted,no,
TMSR1110,TOLG116,animal_in_vivo,US 2023/0263822 A1,public_domain,A_public_domain,,public_domain_uspto_patent,USPTO,published US patent text is a US government publication; the applicant's disclosure is public by design,,permitted,no,
TMSR1111,TOLG116,animal_in_vivo,US 2023/0263822 A1,public_domain,A_public_domain,,public_domain_uspto_patent,USPTO,published US patent text is a US government publication; the applicant's disclosure is public by design,,permitted,no,
TMSR1112,TOLG117,animal_in_vivo,US 2023/0263822 A1,public_domain,A_public_domain,,public_domain_uspto_patent,USPTO,published US patent text is a US government publication; the applicant's disclosure is public by design,,permitted,no,
TMSR1113,TOLG117,animal_in_vivo,US 2023/0263822 A1,public_domain,A_public_domain,,public_domain_uspto_patent,USPTO,published US patent text is a US government publication; the applicant's disclosure is public by design,,permitted,no,
TMSR1114,TOLG118,animal_in_vivo,US 2023/0263822 A1,public_domain,A_public_domain,,public_domain_uspto_patent,USPTO,published US patent text is a US government publication; the applicant's disclosure is public by design,,permitted,no,
TMSR1115,TOLG119,animal_in_vivo,US 2023/0263822 A1,public_domain,A_public_domain,,public_domain_uspto_patent,USPTO,published US patent text is a US government publication; the applicant's disclosure is public by design,,permitted,no,
TMSR1116,TOLG120,animal_in_vivo,US 2023/0263822 A1,public_domain,A_public_domain,,public_domain_uspto_patent,USPTO,published US patent text is a US government publication; the applicant's disclosure is public by design,,permitted,no,
TMSR1117,TOLG121,animal_ex_vivo,US 2023/0263822 A1,public_domain,A_public_domain,,public_domain_uspto_patent,USPTO,published US patent text is a US government publication; the applicant's disclosure is public by design,,permitted,no,
TMSR1118,TOLG121,animal_in_vivo,US 2023/0263822 A1,public_domain,A_public_domain,,public_domain_uspto_patent,USPTO,published US patent text is a US government publication; the applicant's disclosure is public by design,,permitted,no,
TMSR1119,TOLG121,animal_in_vivo,US 2023/0263822 A1,public_domain,A_public_domain,,public_domain_uspto_patent,USPTO,published US patent text is a US government publication; the applicant's disclosure is public by design,,permitted,no,
TMSR1120,TOLG122,animal_in_vivo,US 2023/0263822 A1,public_domain,A_public_domain,,public_domain_uspto_patent,USPTO,published US patent text is a US government publication; the applicant's disclosure is public by design,,permitted,no,
TMSR1121,TOLG123,animal_in_vivo,"US 11,535,849 B2",public_domain,A_public_domain,,public_domain_uspto_patent,USPTO,published US patent text is a US government publication; the applicant's disclosure is public by design,,permitted,no,
TMSR1122,TOLG123,animal_in_vivo,"US 11,535,849 B2",public_domain,A_public_domain,,public_domain_uspto_patent,USPTO,published US patent text is a US government publication; the applicant's disclosure is public by design,,permitted,no,
TMSR1123,TOLG124,animal_in_vivo,"US 11,535,849 B2",public_domain,A_public_domain,,public_domain_uspto_patent,USPTO,published US patent text is a US government publication; the applicant's disclosure is public by design,,permitted,no,
TMSR1124,TOLG125,animal_in_vivo,"US 11,535,849 B2",public_domain,A_public_domain,,public_domain_uspto_patent,USPTO,published US patent text is a US government publication; the applicant's disclosure is public by design,,permitted,no,
TMSR1125,TOLG125,animal_in_vivo,"US 11,535,849 B2",public_domain,A_public_domain,,public_domain_uspto_patent,USPTO,published US patent text is a US government publication; the applicant's disclosure is public by design,,permitted,no,
TMSR1126,TOLG125,animal_in_vivo,"US 11,535,849 B2",public_domain,A_public_domain,,public_domain_uspto_patent,USPTO,published US patent text is a US government publication; the applicant's disclosure is public by design,,permitted,no,
TMSR1127,TOLG126,animal_in_vivo,"US 11,535,849 B2",public_domain,A_public_domain,,public_domain_uspto_patent,USPTO,published US patent text is a US government publication; the applicant's disclosure is public by design,,permitted,no,
TMSR1128,TOLG126,animal_in_vivo,"US 11,535,849 B2",public_domain,A_public_domain,,public_domain_uspto_patent,USPTO,published US patent text is a US government publication; the applicant's disclosure is public by design,,permitted,no,
TMSR1129,TOLG126,animal_in_vivo,"US 11,535,849 B2",public_domain,A_public_domain,,public_domain_uspto_patent,USPTO,published US patent text is a US government publication; the applicant's disclosure is public by design,,permitted,no,
TMSR1130,TOLG127,animal_in_vivo,"US 11,535,849 B2",public_domain,A_public_domain,,public_domain_uspto_patent,USPTO,published US patent text is a US government publication; the applicant's disclosure is public by design,,permitted,no,
TMSR1131,TOLG128,animal_in_vivo,"US 11,535,849 B2",public_domain,A_public_domain,,public_domain_uspto_patent,USPTO,published US patent text is a US government publication; the applicant's disclosure is public by design,,permitted,no,
TMSR1132,TOLG129,animal_in_vivo,"US 11,535,849 B2",public_domain,A_public_domain,,public_domain_uspto_patent,USPTO,published US patent text is a US government publication; the applicant's disclosure is public by design,,permitted,no,
TMSR1133,TOLG130,animal_in_vivo,"US 11,535,849 B2",public_domain,A_public_domain,,public_domain_uspto_patent,USPTO,published US patent text is a US government publication; the applicant's disclosure is public by design,,permitted,no,
TMSR1134,TOLG131,animal_in_vivo,"US 11,535,849 B2",public_domain,A_public_domain,,public_domain_uspto_patent,USPTO,published US patent text is a US government publication; the applicant's disclosure is public by design,,permitted,no,
TMSR1135,TOLG131,animal_in_vivo,"US 11,535,849 B2",public_domain,A_public_domain,,public_domain_uspto_patent,USPTO,published US patent text is a US government publication; the applicant's disclosure is public by design,,permitted,no,
TMSR1136,TOLG131,animal_in_vivo,"US 11,535,849 B2",public_domain,A_public_domain,,public_domain_uspto_patent,USPTO,published US patent text is a US government publication; the applicant's disclosure is public by design,,permitted,no,
TMSR1137,TOLG132,animal_in_vivo,"US 11,535,849 B2",public_domain,A_public_domain,,public_domain_uspto_patent,USPTO,published US patent text is a US government publication; the applicant's disclosure is public by design,,permitted,no,
TMSR1138,TOLG132,animal_in_vivo,"US 11,535,849 B2",public_domain,A_public_domain,,public_domain_uspto_patent,USPTO,published US patent text is a US government publication; the applicant's disclosure is public by design,,permitted,no,
TMSR1139,TOLG132,animal_in_vivo,"US 11,535,849 B2",public_domain,A_public_domain,,public_domain_uspto_patent,USPTO,published US patent text is a US government publication; the applicant's disclosure is public by design,,permitted,no,
TMSR1140,TOLG132,animal_in_vivo,"US 11,535,849 B2",public_domain,A_public_domain,,public_domain_uspto_patent,USPTO,published US patent text is a US government publication; the applicant's disclosure is public by design,,permitted,no,
TMSR1141,TOLG133,animal_in_vivo,"US 11,535,849 B2",public_domain,A_public_domain,,public_domain_uspto_patent,USPTO,published US patent text is a US government publication; the applicant's disclosure is public by design,,permitted,no,
TMSR1142,TOLG134,animal_in_vivo,"US 11,535,849 B2",public_domain,A_public_domain,,public_domain_uspto_patent,USPTO,published US patent text is a US government publication; the applicant's disclosure is public by design,,permitted,no,
TMSR1143,TOLG135,animal_in_vivo,"US 11,535,849 B2",public_domain,A_public_domain,,public_domain_uspto_patent,USPTO,published US patent text is a US government publication; the applicant's disclosure is public by design,,permitted,no,
TMSR1144,TOLG135,animal_in_vivo,"US 11,535,849 B2",public_domain,A_public_domain,,public_domain_uspto_patent,USPTO,published US patent text is a US government publication; the applicant's disclosure is public by design,,permitted,no,
TMSR1145,TOLG136,animal_in_vivo,"US 11,535,849 B2",public_domain,A_public_domain,,public_domain_uspto_patent,USPTO,published US patent text is a US government publication; the applicant's disclosure is public by design,,permitted,no,
TMSR1146,TOLG136,animal_in_vivo,"US 11,535,849 B2",public_domain,A_public_domain,,public_domain_uspto_patent,USPTO,published US patent text is a US government publication; the applicant's disclosure is public by design,,permitted,no,
TMSR1147,TOLG136,animal_in_vivo,"US 11,535,849 B2",public_domain,A_public_domain,,public_domain_uspto_patent,USPTO,published US patent text is a US government publication; the applicant's disclosure is public by design,,permitted,no,
TMSR1148,TOLG137,animal_in_vivo,"US 11,535,849 B2",public_domain,A_public_domain,,public_domain_uspto_patent,USPTO,published US patent text is a US government publication; the applicant's disclosure is public by design,,permitted,no,
TMSR1149,TOLG137,animal_in_vivo,"US 11,535,849 B2",public_domain,A_public_domain,,public_domain_uspto_patent,USPTO,published US patent text is a US government publication; the applicant's disclosure is public by design,,permitted,no,
TMSR1150,TOLG138,animal_in_vivo,"US 11,535,849 B2",public_domain,A_public_domain,,public_domain_uspto_patent,USPTO,published US patent text is a US government publication; the applicant's disclosure is public by design,,permitted,no,
TMSR1151,TOLG138,animal_in_vivo,"US 11,535,849 B2",public_domain,A_public_domain,,public_domain_uspto_patent,USPTO,published US patent text is a US government publication; the applicant's disclosure is public by design,,permitted,no,
TMSR1152,TOLG138,animal_in_vivo,"US 11,535,849 B2",public_domain,A_public_domain,,public_domain_uspto_patent,USPTO,published US patent text is a US government publication; the applicant's disclosure is public by design,,permitted,no,
TMSR1153,TOLG139,animal_in_vivo,"US 11,535,849 B2",public_domain,A_public_domain,,public_domain_uspto_patent,USPTO,published US patent text is a US government publication; the applicant's disclosure is public by design,,permitted,no,
TMSR1154,TOLG139,animal_in_vivo,"US 11,535,849 B2",public_domain,A_public_domain,,public_domain_uspto_patent,USPTO,published US patent text is a US government publication; the applicant's disclosure is public by design,,permitted,no,
TMSR1155,TOLG139,animal_in_vivo,"US 11,535,849 B2",public_domain,A_public_domain,,public_domain_uspto_patent,USPTO,published US patent text is a US government publication; the applicant's disclosure is public by design,,permitted,no,
TMSR1156,TOLG140,animal_in_vivo,"US 11,535,849 B2",public_domain,A_public_domain,,public_domain_uspto_patent,USPTO,published US patent text is a US government publication; the applicant's disclosure is public by design,,permitted,no,
TMSR1157,TOLG140,animal_in_vivo,"US 11,535,849 B2",public_domain,A_public_domain,,public_domain_uspto_patent,USPTO,published US patent text is a US government publication; the applicant's disclosure is public by design,,permitted,no,
TMSR1158,TOLG140,animal_in_vivo,"US 11,535,849 B2",public_domain,A_public_domain,,public_domain_uspto_patent,USPTO,published US patent text is a US government publication; the applicant's disclosure is public by design,,permitted,no,
TMSR1159,TOLG141,animal_in_vivo,"US 11,535,849 B2",public_domain,A_public_domain,,public_domain_uspto_patent,USPTO,published US patent text is a US government publication; the applicant's disclosure is public by design,,permitted,no,
TMSR1160,TOLG141,animal_in_vivo,"US 11,535,849 B2",public_domain,A_public_domain,,public_domain_uspto_patent,USPTO,published US patent text is a US government publication; the applicant's disclosure is public by design,,permitted,no,
TMSR1161,TOLG141,animal_in_vivo,"US 11,535,849 B2",public_domain,A_public_domain,,public_domain_uspto_patent,USPTO,published US patent text is a US government publication; the applicant's disclosure is public by design,,permitted,no,
TMSR1162,TOLG142,animal_in_vivo,"US 11,535,849 B2",public_domain,A_public_domain,,public_domain_uspto_patent,USPTO,published US patent text is a US government publication; the applicant's disclosure is public by design,,permitted,no,
TMSR1163,TOLG142,animal_in_vivo,"US 11,535,849 B2",public_domain,A_public_domain,,public_domain_uspto_patent,USPTO,published US patent text is a US government publication; the applicant's disclosure is public by design,,permitted,no,
TMSR1164,TOLG142,animal_in_vivo,"US 11,535,849 B2",public_domain,A_public_domain,,public_domain_uspto_patent,USPTO,published US patent text is a US government publication; the applicant's disclosure is public by design,,permitted,no,
TMSR1165,TOLG143,animal_in_vivo,"US 11,535,849 B2",public_domain,A_public_domain,,public_domain_uspto_patent,USPTO,published US patent text is a US government publication; the applicant's disclosure is public by design,,permitted,no,
TMSR1166,TOLG143,animal_in_vivo,"US 11,535,849 B2",public_domain,A_public_domain,,public_domain_uspto_patent,USPTO,published US patent text is a US government publication; the applicant's disclosure is public by design,,permitted,no,
TMSR1167,TOLG143,animal_in_vivo,"US 11,535,849 B2",public_domain,A_public_domain,,public_domain_uspto_patent,USPTO,published US patent text is a US government publication; the applicant's disclosure is public by design,,permitted,no,
TMSR1168,TOLG144,animal_in_vivo,"US 11,535,849 B2",public_domain,A_public_domain,,public_domain_uspto_patent,USPTO,published US patent text is a US government publication; the applicant's disclosure is public by design,,permitted,no,
TMSR1169,TOLG144,animal_in_vivo,"US 11,535,849 B2",public_domain,A_public_domain,,public_domain_uspto_patent,USPTO,published US patent text is a US government publication; the applicant's disclosure is public by design,,permitted,no,
TMSR1170,TOLG144,animal_in_vivo,"US 11,535,849 B2",public_domain,A_public_domain,,public_domain_uspto_patent,USPTO,published US patent text is a US government publication; the applicant's disclosure is public by design,,permitted,no,
TMSR1171,TOLG146,animal_in_vivo,EMA/180717/2019 (EMEA/H/C/004538) Waylivra EPAR Public Assessment Report,public_domain,A_public_domain,,ema_reuse_with_attribution,EMA,"EMA permits reuse INCLUDING commercial use, conditional on attribution. NOT public domain -- attribution is a condition, so it is a licence",,permitted,no,
TMSR1172,TOLG147,animal_in_vivo,US 2023/0263822 A1,public_domain,A_public_domain,,public_domain_uspto_patent,USPTO,published US patent text is a US government publication; the applicant's disclosure is public by design,,permitted,no,
TMSR1173,TOLG147,animal_in_vivo,US 2023/0263822 A1,public_domain,A_public_domain,,public_domain_uspto_patent,USPTO,published US patent text is a US government publication; the applicant's disclosure is public by design,,permitted,no,
TMSR1174,TOLG148,animal_in_vivo,US 2023/0263822 A1,public_domain,A_public_domain,,public_domain_uspto_patent,USPTO,published US patent text is a US government publication; the applicant's disclosure is public by design,,permitted,no,
TMSR1175,TOLG149,animal_in_vivo,US 2023/0263822 A1,public_domain,A_public_domain,,public_domain_uspto_patent,USPTO,published US patent text is a US government publication; the applicant's disclosure is public by design,,permitted,no,
TMSR1176,TOLG149,animal_in_vivo,US 2023/0263822 A1,public_domain,A_public_domain,,public_domain_uspto_patent,USPTO,published US patent text is a US government publication; the applicant's disclosure is public by design,,permitted,no,
TMSR1177,TOLG150,animal_in_vivo,US 2023/0263822 A1,public_domain,A_public_domain,,public_domain_uspto_patent,USPTO,published US patent text is a US government publication; the applicant's disclosure is public by design,,permitted,no,
TMSR1178,TOLG150,animal_in_vivo,US 2023/0263822 A1,public_domain,A_public_domain,,public_domain_uspto_patent,USPTO,published US patent text is a US government publication; the applicant's disclosure is public by design,,permitted,no,
TMSR1179,TOLG151,animal_in_vivo,US 2023/0263822 A1,public_domain,A_public_domain,,public_domain_uspto_patent,USPTO,published US patent text is a US government publication; the applicant's disclosure is public by design,,permitted,no,
TMSR1180,TOLG151,animal_in_vivo,US 2023/0263822 A1,public_domain,A_public_domain,,public_domain_uspto_patent,USPTO,published US patent text is a US government publication; the applicant's disclosure is public by design,,permitted,no,
TMSR1181,TOLG152,animal_in_vivo,US 2023/0263822 A1,public_domain,A_public_domain,,public_domain_uspto_patent,USPTO,published US patent text is a US government publication; the applicant's disclosure is public by design,,permitted,no,
TMSR1182,TOLG152,animal_in_vivo,US 2023/0263822 A1,public_domain,A_public_domain,,public_domain_uspto_patent,USPTO,published US patent text is a US government publication; the applicant's disclosure is public by design,,permitted,no,
TMSR1183,TOLG153,animal_in_vivo,US 2023/0263822 A1,public_domain,A_public_domain,,public_domain_uspto_patent,USPTO,published US patent text is a US government publication; the applicant's disclosure is public by design,,permitted,no,
TMSR1184,TOLG153,animal_in_vivo,US 2023/0263822 A1,public_domain,A_public_domain,,public_domain_uspto_patent,USPTO,published US patent text is a US government publication; the applicant's disclosure is public by design,,permitted,no,
TMSR1185,TOLG153,animal_in_vivo,US 2023/0263822 A1,public_domain,A_public_domain,,public_domain_uspto_patent,USPTO,published US patent text is a US government publication; the applicant's disclosure is public by design,,permitted,no,
TMSR1186,TOLG154,animal_in_vivo,US 2023/0263822 A1,public_domain,A_public_domain,,public_domain_uspto_patent,USPTO,published US patent text is a US government publication; the applicant's disclosure is public by design,,permitted,no,
TMSR1187,TOLG154,animal_in_vivo,US 2023/0263822 A1,public_domain,A_public_domain,,public_domain_uspto_patent,USPTO,published US patent text is a US government publication; the applicant's disclosure is public by design,,permitted,no,
TMSR1188,TOLG155,animal_in_vivo,US 2023/0263822 A1,public_domain,A_public_domain,,public_domain_uspto_patent,USPTO,published US patent text is a US government publication; the applicant's disclosure is public by design,,permitted,no,
TMSR1189,TOLG155,animal_in_vivo,US 2023/0263822 A1,public_domain,A_public_domain,,public_domain_uspto_patent,USPTO,published US patent text is a US government publication; the applicant's disclosure is public by design,,permitted,no,
TMSR1190,TOLG155,animal_in_vivo,US 2023/0263822 A1,public_domain,A_public_domain,,public_domain_uspto_patent,USPTO,published US patent text is a US government publication; the applicant's disclosure is public by design,,permitted,no,
TMSR1191,TOLG156,animal_in_vivo,US 2023/0263822 A1,public_domain,A_public_domain,,public_domain_uspto_patent,USPTO,published US patent text is a US government publication; the applicant's disclosure is public by design,,permitted,no,
TMSR1192,TOLG157,animal_in_vivo,US 2023/0263822 A1,public_domain,A_public_domain,,public_domain_uspto_patent,USPTO,published US patent text is a US government publication; the applicant's disclosure is public by design,,permitted,no,
TMSR1193,TOLG157,animal_in_vivo,US 2023/0263822 A1,public_domain,A_public_domain,,public_domain_uspto_patent,USPTO,published US patent text is a US government publication; the applicant's disclosure is public by design,,permitted,no,
TMSR1194,TOLG157,animal_in_vivo,US 2023/0263822 A1,public_domain,A_public_domain,,public_domain_uspto_patent,USPTO,published US patent text is a US government publication; the applicant's disclosure is public by design,,permitted,no,
TMSR1195,TOLG158,animal_in_vivo,US 2023/0263822 A1,public_domain,A_public_domain,,public_domain_uspto_patent,USPTO,published US patent text is a US government publication; the applicant's disclosure is public by design,,permitted,no,
TMSR1196,TOLG158,animal_in_vivo,US 2023/0263822 A1,public_domain,A_public_domain,,public_domain_uspto_patent,USPTO,published US patent text is a US government publication; the applicant's disclosure is public by design,,permitted,no,
TMSR1197,TOLG158,animal_in_vivo,US 2023/0263822 A1,public_domain,A_public_domain,,public_domain_uspto_patent,USPTO,published US patent text is a US government publication; the applicant's disclosure is public by design,,permitted,no,
TMSR1198,TOLG159,animal_in_vivo,US 2023/0263822 A1,public_domain,A_public_domain,,public_domain_uspto_patent,USPTO,published US patent text is a US government publication; the applicant's disclosure is public by design,,permitted,no,
TMSR1199,TOLG159,animal_in_vivo,US 2023/0263822 A1,public_domain,A_public_domain,,public_domain_uspto_patent,USPTO,published US patent text is a US government publication; the applicant's disclosure is public by design,,permitted,no,
TMSR1200,TOLG159,animal_in_vivo,US 2023/0263822 A1,public_domain,A_public_domain,,public_domain_uspto_patent,USPTO,published US patent text is a US government publication; the applicant's disclosure is public by design,,permitted,no,
TMSR1201,TOLG160,animal_in_vivo,US 2023/0263822 A1,public_domain,A_public_domain,,public_domain_uspto_patent,USPTO,published US patent text is a US government publication; the applicant's disclosure is public by design,,permitted,no,
TMSR1202,TOLG160,animal_in_vivo,US 2023/0263822 A1,public_domain,A_public_domain,,public_domain_uspto_patent,USPTO,published US patent text is a US government publication; the applicant's disclosure is public by design,,permitted,no,
TMSR1203,TOLG160,animal_in_vivo,US 2023/0263822 A1,public_domain,A_public_domain,,public_domain_uspto_patent,USPTO,published US patent text is a US government publication; the applicant's disclosure is public by design,,permitted,no,
TMSR1204,TOLG161,animal_in_vivo,US 2023/0263822 A1,public_domain,A_public_domain,,public_domain_uspto_patent,USPTO,published US patent text is a US government publication; the applicant's disclosure is public by design,,permitted,no,
TMSR1205,TOLG161,animal_in_vivo,US 2023/0263822 A1,public_domain,A_public_domain,,public_domain_uspto_patent,USPTO,published US patent text is a US government publication; the applicant's disclosure is public by design,,permitted,no,
TMSR1206,TOLG161,animal_in_vivo,US 2023/0263822 A1,public_domain,A_public_domain,,public_domain_uspto_patent,USPTO,published US patent text is a US government publication; the applicant's disclosure is public by design,,permitted,no,
TMSR1207,TOLG163,animal_in_vivo,"US 11,535,849 B2",public_domain,A_public_domain,,public_domain_uspto_patent,USPTO,published US patent text is a US government publication; the applicant's disclosure is public by design,,permitted,no,
TMSR1208,TOLG164,animal_in_vivo,"US 11,535,849 B2",public_domain,A_public_domain,,public_domain_uspto_patent,USPTO,published US patent text is a US government publication; the applicant's disclosure is public by design,,permitted,no,
TMSR1209,TOLG165,animal_in_vivo,"US 11,535,849 B2",public_domain,A_public_domain,,public_domain_uspto_patent,USPTO,published US patent text is a US government publication; the applicant's disclosure is public by design,,permitted,no,
TMSR1210,TOLG166,animal_in_vivo,"US 11,535,849 B2",public_domain,A_public_domain,,public_domain_uspto_patent,USPTO,published US patent text is a US government publication; the applicant's disclosure is public by design,,permitted,no,
TMSR1211,TOLG167,animal_in_vivo,"US 11,535,849 B2",public_domain,A_public_domain,,public_domain_uspto_patent,USPTO,published US patent text is a US government publication; the applicant's disclosure is public by design,,permitted,no,
TMSR1212,TOLG168,animal_in_vivo,"US 11,535,849 B2",public_domain,A_public_domain,,public_domain_uspto_patent,USPTO,published US patent text is a US government publication; the applicant's disclosure is public by design,,permitted,no,
TMSR1213,TOLG170,animal_in_vivo,US 2015/0031747 A1,public_domain,A_public_domain,,public_domain_uspto_patent,USPTO,published US patent text is a US government publication; the applicant's disclosure is public by design,,permitted,no,
TMSR1214,TOLG171,animal_in_vitro,10.3324/haematol.2020.260059,summary_stat,B_cc_licensed,cc by-nc,cc_nc_noncommercial,,,Haematologica,permitted,no,
TMSR1215,TOLG171,human_in_vitro,10.3324/haematol.2020.260059,summary_stat,B_cc_licensed,cc by-nc,cc_nc_noncommercial,,,Haematologica,permitted,no,
TMSR1216,TOLG171,human_in_vitro,10.3324/haematol.2020.260059,summary_stat,B_cc_licensed,cc by-nc,cc_nc_noncommercial,,,Haematologica,permitted,no,
TMSR1217,TOLG171,human_in_vitro,10.3324/haematol.2020.260059,summary_stat,B_cc_licensed,cc by-nc,cc_nc_noncommercial,,,Haematologica,permitted,no,
TMSR1218,TOLG171,human_in_vitro,10.3324/haematol.2020.260059,summary_stat,B_cc_licensed,cc by-nc,cc_nc_noncommercial,,,Haematologica,permitted,no,
TMSR1219,TOLG171,human_in_vitro,10.3324/haematol.2020.260059,summary_stat,B_cc_licensed,cc by-nc,cc_nc_noncommercial,,,Haematologica,permitted,no,
TMSR1220,TOLG171,human_in_vitro,10.3324/haematol.2020.260059,summary_stat,B_cc_licensed,cc by-nc,cc_nc_noncommercial,,,Haematologica,permitted,no,
TMSR1221,TOLG171,human_in_vitro,10.3324/haematol.2020.260059,summary_stat,B_cc_licensed,cc by-nc,cc_nc_noncommercial,,,Haematologica,permitted,no,
TMSR1222,TOLG171,human_in_vitro,10.3324/haematol.2020.260059,summary_stat,B_cc_licensed,cc by-nc,cc_nc_noncommercial,,,Haematologica,permitted,no,
TMSR1223,TOLG171,human_in_vitro,10.3324/haematol.2020.260059,summary_stat,B_cc_licensed,cc by-nc,cc_nc_noncommercial,,,Haematologica,permitted,no,
TMSR1224,TOLG171,human_in_vitro,10.3324/haematol.2020.260059,summary_stat,B_cc_licensed,cc by-nc,cc_nc_noncommercial,,,Haematologica,permitted,no,
TMSR1225,TOLG171,human_in_vitro,10.3324/haematol.2020.260059,summary_stat,B_cc_licensed,cc by-nc,cc_nc_noncommercial,,,Haematologica,permitted,no,
TMSR1226,TOLG171,human_in_vitro,10.3324/haematol.2020.260059,summary_stat,B_cc_licensed,cc by-nc,cc_nc_noncommercial,,,Haematologica,permitted,no,
TMSR1227,TOLG171,human_in_vitro,10.3324/haematol.2020.260059,summary_stat,B_cc_licensed,cc by-nc,cc_nc_noncommercial,,,Haematologica,permitted,no,
TMSR1228,TOLG171,human_in_vitro,10.3324/haematol.2020.260059,summary_stat,B_cc_licensed,cc by-nc,cc_nc_noncommercial,,,Haematologica,permitted,no,
TMSR1229,TOLG171,human_in_vitro,10.3324/haematol.2020.260059,summary_stat,B_cc_licensed,cc by-nc,cc_nc_noncommercial,,,Haematologica,permitted,no,
TMSR1230,TOLG172,animal_in_vivo,US 2015/0031747 A1,public_domain,A_public_domain,,public_domain_uspto_patent,USPTO,published US patent text is a US government publication; the applicant's disclosure is public by design,,permitted,no,
TMSR1231,TOLG174,human_in_vitro,10.3324/haematol.2020.260059,summary_stat,B_cc_licensed,cc by-nc,cc_nc_noncommercial,,,Haematologica,permitted,no,
TMSR1232,TOLG174,animal_in_vitro,10.3324/haematol.2020.260059,summary_stat,B_cc_licensed,cc by-nc,cc_nc_noncommercial,,,Haematologica,permitted,no,
TMSR1233,TOLG174,human_in_vitro,10.3324/haematol.2020.260059,summary_stat,B_cc_licensed,cc by-nc,cc_nc_noncommercial,,,Haematologica,permitted,no,
TMSR1234,TOLG174,human_in_vitro,10.3324/haematol.2020.260059,summary_stat,B_cc_licensed,cc by-nc,cc_nc_noncommercial,,,Haematologica,permitted,no,
TMSR1235,TOLG174,human_in_vitro,10.3324/haematol.2020.260059,summary_stat,B_cc_licensed,cc by-nc,cc_nc_noncommercial,,,Haematologica,permitted,no,
TMSR1236,TOLG174,human_in_vitro,10.3324/haematol.2020.260059,summary_stat,B_cc_licensed,cc by-nc,cc_nc_noncommercial,,,Haematologica,permitted,no,
TMSR1237,TOLG174,human_in_vitro,10.3324/haematol.2020.260059,summary_stat,B_cc_licensed,cc by-nc,cc_nc_noncommercial,,,Haematologica,permitted,no,
TMSR1238,TOLG174,human_in_vitro,10.3324/haematol.2020.260059,summary_stat,B_cc_licensed,cc by-nc,cc_nc_noncommercial,,,Haematologica,permitted,no,
TMSR1239,TOLG174,human_in_vitro,10.3324/haematol.2020.260059,summary_stat,B_cc_licensed,cc by-nc,cc_nc_noncommercial,,,Haematologica,permitted,no,
TMSR1240,TOLG174,human_in_vitro,10.3324/haematol.2020.260059,summary_stat,B_cc_licensed,cc by-nc,cc_nc_noncommercial,,,Haematologica,permitted,no,
TMSR1241,TOLG174,human_in_vitro,10.3324/haematol.2020.260059,summary_stat,B_cc_licensed,cc by-nc,cc_nc_noncommercial,,,Haematologica,permitted,no,
TMSR1242,TOLG174,human_in_vitro,10.3324/haematol.2020.260059,summary_stat,B_cc_licensed,cc by-nc,cc_nc_noncommercial,,,Haematologica,permitted,no,
TMSR1243,TOLG174,human_in_vitro,10.3324/haematol.2020.260059,summary_stat,B_cc_licensed,cc by-nc,cc_nc_noncommercial,,,Haematologica,permitted,no,
TMSR1244,TOLG174,human_in_vitro,10.3324/haematol.2020.260059,summary_stat,B_cc_licensed,cc by-nc,cc_nc_noncommercial,,,Haematologica,permitted,no,
TMSR1245,TOLG174,human_in_vitro,10.3324/haematol.2020.260059,summary_stat,B_cc_licensed,cc by-nc,cc_nc_noncommercial,,,Haematologica,permitted,no,
TMSR1246,TOLG174,human_in_vitro,10.3324/haematol.2020.260059,summary_stat,B_cc_licensed,cc by-nc,cc_nc_noncommercial,,,Haematologica,permitted,no,
TMSR1247,TOLG174,human_in_vitro,10.3324/haematol.2020.260059,summary_stat,B_cc_licensed,cc by-nc,cc_nc_noncommercial,,,Haematologica,permitted,no,
TMSR1248,TOLG174,human_in_vitro,10.3324/haematol.2020.260059,summary_stat,B_cc_licensed,cc by-nc,cc_nc_noncommercial,,,Haematologica,permitted,no,
TMSR1249,TOLG174,human_in_vitro,10.3324/haematol.2020.260059,summary_stat,B_cc_licensed,cc by-nc,cc_nc_noncommercial,,,Haematologica,permitted,no,
TMSR1250,TOLG174,human_in_vitro,10.3324/haematol.2020.260059,summary_stat,B_cc_licensed,cc by-nc,cc_nc_noncommercial,,,Haematologica,permitted,no,
TMSR1251,TOLG174,human_in_vitro,10.3324/haematol.2020.260059,summary_stat,B_cc_licensed,cc by-nc,cc_nc_noncommercial,,,Haematologica,permitted,no,
TMSR1252,TOLG174,human_in_vitro,10.3324/haematol.2020.260059,summary_stat,B_cc_licensed,cc by-nc,cc_nc_noncommercial,,,Haematologica,permitted,no,
TMSR1253,TOLG174,human_in_vitro,10.3324/haematol.2020.260059,summary_stat,B_cc_licensed,cc by-nc,cc_nc_noncommercial,,,Haematologica,permitted,no,
TMSR1254,TOLG174,human_in_vitro,10.3324/haematol.2020.260059,summary_stat,B_cc_licensed,cc by-nc,cc_nc_noncommercial,,,Haematologica,permitted,no,
TMSR1255,TOLG174,human_in_vitro,10.3324/haematol.2020.260059,summary_stat,B_cc_licensed,cc by-nc,cc_nc_noncommercial,,,Haematologica,permitted,no,
TMSR1256,TOLG174,human_in_vitro,10.3324/haematol.2020.260059,summary_stat,B_cc_licensed,cc by-nc,cc_nc_noncommercial,,,Haematologica,permitted,no,
TMSR1257,TOLG174,human_in_vitro,10.3324/haematol.2020.260059,summary_stat,B_cc_licensed,cc by-nc,cc_nc_noncommercial,,,Haematologica,permitted,no,
TMSR1258,TOLG174,human_in_vitro,10.3324/haematol.2020.260059,summary_stat,B_cc_licensed,cc by-nc,cc_nc_noncommercial,,,Haematologica,permitted,no,
TMSR1259,TOLG174,human_in_vitro,10.3324/haematol.2020.260059,summary_stat,B_cc_licensed,cc by-nc,cc_nc_noncommercial,,,Haematologica,permitted,no,
TMSR1260,TOLG174,human_in_vitro,10.3324/haematol.2020.260059,summary_stat,B_cc_licensed,cc by-nc,cc_nc_noncommercial,,,Haematologica,permitted,no,
TMSR1261,TOLG174,human_in_vitro,10.3324/haematol.2020.260059,summary_stat,B_cc_licensed,cc by-nc,cc_nc_noncommercial,,,Haematologica,permitted,no,
TMSR1262,TOLG174,human_in_vitro,10.3324/haematol.2020.260059,summary_stat,B_cc_licensed,cc by-nc,cc_nc_noncommercial,,,Haematologica,permitted,no,
TMSR1263,TOLG174,human_in_vitro,10.3324/haematol.2020.260059,summary_stat,B_cc_licensed,cc by-nc,cc_nc_noncommercial,,,Haematologica,permitted,no,
TMSR1264,TOLG174,human_in_vitro,10.3324/haematol.2020.260059,summary_stat,B_cc_licensed,cc by-nc,cc_nc_noncommercial,,,Haematologica,permitted,no,
TMSR1265,TOLG176,animal_in_vivo,US 2015/0031747 A1,public_domain,A_public_domain,,public_domain_uspto_patent,USPTO,published US patent text is a US government publication; the applicant's disclosure is public by design,,permitted,no,
TMSR1266,TOLG177,animal_in_vivo,US 2015/0031747 A1,public_domain,A_public_domain,,public_domain_uspto_patent,USPTO,published US patent text is a US government publication; the applicant's disclosure is public by design,,permitted,no,
TMSR1267,TOLG178,animal_in_vivo,US 2015/0031747 A1,public_domain,A_public_domain,,public_domain_uspto_patent,USPTO,published US patent text is a US government publication; the applicant's disclosure is public by design,,permitted,no,
TMSR1268,TOLG179,animal_in_vivo,US 2015/0031747 A1,public_domain,A_public_domain,,public_domain_uspto_patent,USPTO,published US patent text is a US government publication; the applicant's disclosure is public by design,,permitted,no,
TMSR1269,TOLG180,animal_in_vivo,US 2015/0031747 A1,public_domain,A_public_domain,,public_domain_uspto_patent,USPTO,published US patent text is a US government publication; the applicant's disclosure is public by design,,permitted,no,
TMSR1270,TOLG181,animal_in_vivo,US 2015/0031747 A1,public_domain,A_public_domain,,public_domain_uspto_patent,USPTO,published US patent text is a US government publication; the applicant's disclosure is public by design,,permitted,no,
TMSR1271,TOLG182,animal_in_vivo,"US 10,100,310 B2 (Ionis Pharmaceuticals, ""Modulation of prekallikrein (PKK) expression"", granted 2018-10-16)",public_domain,A_public_domain,,public_domain_uspto_patent,USPTO,published US patent text is a US government publication; the applicant's disclosure is public by design,,permitted,no,
TMSR1272,TOLG183,animal_in_vivo,"US 10,100,310 B2 (Ionis Pharmaceuticals, ""Modulation of prekallikrein (PKK) expression"", granted 2018-10-16)",public_domain,A_public_domain,,public_domain_uspto_patent,USPTO,published US patent text is a US government publication; the applicant's disclosure is public by design,,permitted,no,
TMSR1273,TOLG184,human_clinical,"PMC6461157 / PMID 30817230 / doi:10.1089/nat.2018.0754 (Ferrone JD et al., Nucleic Acid Ther 2019;29:82-91)",summary_stat,B_cc_licensed,cc by-nc,cc_nc_noncommercial,,,Nucleic acid therapeutics,permitted,no,
TMSR1274,TOLG184,human_clinical,"PMC6461157 / PMID 30817230 / doi:10.1089/nat.2018.0754 (Ferrone JD et al., Nucleic Acid Ther 2019;29:82-91)",summary_stat,B_cc_licensed,cc by-nc,cc_nc_noncommercial,,,Nucleic acid therapeutics,permitted,no,
TMSR1275,TOLG184,human_clinical,"PMC6461157 / PMID 30817230 / doi:10.1089/nat.2018.0754 (Ferrone JD et al., Nucleic Acid Ther 2019;29:82-91)",summary_stat,B_cc_licensed,cc by-nc,cc_nc_noncommercial,,,Nucleic acid therapeutics,permitted,no,
TMSR1276,TOLG184,human_clinical,"PMC6461157 / PMID 30817230 / doi:10.1089/nat.2018.0754 (Ferrone JD et al., Nucleic Acid Ther 2019;29:82-91)",summary_stat,B_cc_licensed,cc by-nc,cc_nc_noncommercial,,,Nucleic acid therapeutics,permitted,no,
TMSR1277,TOLG184,animal_in_vivo,"US 10,100,310 B2 (Ionis Pharmaceuticals, ""Modulation of prekallikrein (PKK) expression"", granted 2018-10-16)",public_domain,A_public_domain,,public_domain_uspto_patent,USPTO,published US patent text is a US government publication; the applicant's disclosure is public by design,,permitted,no,
TMSR1278,TOLG185,animal_in_vivo,"US 10,100,310 B2 (Ionis Pharmaceuticals, ""Modulation of prekallikrein (PKK) expression"", granted 2018-10-16)",public_domain,A_public_domain,,public_domain_uspto_patent,USPTO,published US patent text is a US government publication; the applicant's disclosure is public by design,,permitted,no,
TMSR1279,TOLG186,animal_in_vivo,"US 10,100,310 B2 (Ionis Pharmaceuticals, ""Modulation of prekallikrein (PKK) expression"", granted 2018-10-16)",public_domain,A_public_domain,,public_domain_uspto_patent,USPTO,published US patent text is a US government publication; the applicant's disclosure is public by design,,permitted,no,
TMSR1280,TOLG187,animal_in_vivo,"US 10,100,310 B2 (Ionis Pharmaceuticals, ""Modulation of prekallikrein (PKK) expression"", granted 2018-10-16)",public_domain,A_public_domain,,public_domain_uspto_patent,USPTO,published US patent text is a US government publication; the applicant's disclosure is public by design,,permitted,no,
TMSR1281,TOLG188,animal_in_vivo,"US 10,100,310 B2 (Ionis Pharmaceuticals, ""Modulation of prekallikrein (PKK) expression"", granted 2018-10-16)",public_domain,A_public_domain,,public_domain_uspto_patent,USPTO,published US patent text is a US government publication; the applicant's disclosure is public by design,,permitted,no,
TMSR1282,TOLG189,animal_in_vivo,"US 10,100,310 B2 (Ionis Pharmaceuticals, ""Modulation of prekallikrein (PKK) expression"", granted 2018-10-16)",public_domain,A_public_domain,,public_domain_uspto_patent,USPTO,published US patent text is a US government publication; the applicant's disclosure is public by design,,permitted,no,
TMSR1283,TOLG190,animal_in_vivo,"US 10,100,310 B2 (Ionis Pharmaceuticals, ""Modulation of prekallikrein (PKK) expression"", granted 2018-10-16)",public_domain,A_public_domain,,public_domain_uspto_patent,USPTO,published US patent text is a US government publication; the applicant's disclosure is public by design,,permitted,no,
TMSR1284,TOLG192,animal_in_vivo,EMA/411876/2018 (EMEA/H/C/004782) Tegsedi EPAR public assessment report,public_domain,A_public_domain,,ema_reuse_with_attribution,EMA,"EMA permits reuse INCLUDING commercial use, conditional on attribution. NOT public domain -- attribution is a condition, so it is a licence",,permitted,no,
TMSR1285,TOLG194,animal_in_vivo,"US 10,927,377 B2 (Ionis Pharmaceuticals, ""Modulators of APOL1 expression"", granted 2021-02-23)",public_domain,A_public_domain,,public_domain_uspto_patent,USPTO,published US patent text is a US government publication; the applicant's disclosure is public by design,,permitted,no,
TMSR1286,TOLG199,human_clinical,"PMC8246029 / PMID 34222719 / doi:10.1016/j.jacbts.2021.04.004 (Morgan ES et al., JACC Basic Transl Sci 2021;6:",summary_stat,B_cc_licensed,cc by-nc-nd,cc_nd_derivatives_restricted,,,JACC. Basic to translational science,permitted,no,
TMSR1287,TOLG199,human_clinical,"PMC8246029 / PMID 34222719 / doi:10.1016/j.jacbts.2021.04.004 (Morgan ES et al., JACC Basic Transl Sci 2021;6:",summary_stat,B_cc_licensed,cc by-nc-nd,cc_nd_derivatives_restricted,,,JACC. Basic to translational science,permitted,no,
TMSR1288,TOLG199,human_clinical,"PMC8246029 / PMID 34222719 / doi:10.1016/j.jacbts.2021.04.004 (Morgan ES et al., JACC Basic Transl Sci 2021;6:",summary_stat,B_cc_licensed,cc by-nc-nd,cc_nd_derivatives_restricted,,,JACC. Basic to translational science,permitted,no,
TMSR1289,TOLG199,human_clinical,"PMC8246029 / PMID 34222719 / doi:10.1016/j.jacbts.2021.04.004 (Morgan ES et al., JACC Basic Transl Sci 2021;6:",summary_stat,B_cc_licensed,cc by-nc-nd,cc_nd_derivatives_restricted,,,JACC. Basic to translational science,permitted,no,
TMSR1290,TOLG201,animal_in_vivo,"US 10,927,377 B2 (Ionis Pharmaceuticals, ""Modulators of APOL1 expression"", granted 2021-02-23)",public_domain,A_public_domain,,public_domain_uspto_patent,USPTO,published US patent text is a US government publication; the applicant's disclosure is public by design,,permitted,no,
TMSR1291,TOLG202,animal_in_vivo,"US 10,927,377 B2 (Ionis Pharmaceuticals, ""Modulators of APOL1 expression"", granted 2021-02-23)",public_domain,A_public_domain,,public_domain_uspto_patent,USPTO,published US patent text is a US government publication; the applicant's disclosure is public by design,,permitted,no,
TMSR1292,TOLG203,animal_in_vivo,"US 10,927,377 B2 (Ionis Pharmaceuticals, ""Modulators of APOL1 expression"", granted 2021-02-23)",public_domain,A_public_domain,,public_domain_uspto_patent,USPTO,published US patent text is a US government publication; the applicant's disclosure is public by design,,permitted,no,
TMSR1293,TOLG204,animal_in_vivo,"US 10,927,377 B2 (Ionis Pharmaceuticals, ""Modulators of APOL1 expression"", granted 2021-02-23)",public_domain,A_public_domain,,public_domain_uspto_patent,USPTO,published US patent text is a US government publication; the applicant's disclosure is public by design,,permitted,no,
TMSR1294,TOLG205,animal_in_vivo,"US 10,927,377 B2 (Ionis Pharmaceuticals, ""Modulators of APOL1 expression"", granted 2021-02-23)",public_domain,A_public_domain,,public_domain_uspto_patent,USPTO,published US patent text is a US government publication; the applicant's disclosure is public by design,,permitted,no,
TMSR1295,TOLG205,animal_in_vivo,"US 10,927,377 B2 (Ionis Pharmaceuticals, ""Modulators of APOL1 expression"", granted 2021-02-23)",public_domain,A_public_domain,,public_domain_uspto_patent,USPTO,published US patent text is a US government publication; the applicant's disclosure is public by design,,permitted,no,
TMSR1296,TOLG206,animal_in_vivo,"US 10,927,377 B2 (Ionis Pharmaceuticals, ""Modulators of APOL1 expression"", granted 2021-02-23)",public_domain,A_public_domain,,public_domain_uspto_patent,USPTO,published US patent text is a US government publication; the applicant's disclosure is public by design,,permitted,no,
TMSR1297,TOLG207,animal_in_vivo,"US 10,927,377 B2 (Ionis Pharmaceuticals, ""Modulators of APOL1 expression"", granted 2021-02-23)",public_domain,A_public_domain,,public_domain_uspto_patent,USPTO,published US patent text is a US government publication; the applicant's disclosure is public by design,,permitted,no,
TMSR1298,TOLG207,animal_in_vivo,"US 10,927,377 B2 (Ionis Pharmaceuticals, ""Modulators of APOL1 expression"", granted 2021-02-23)",public_domain,A_public_domain,,public_domain_uspto_patent,USPTO,published US patent text is a US government publication; the applicant's disclosure is public by design,,permitted,no,
TMSR1299,TOLG208,animal_in_vivo,"US 10,927,377 B2 (Ionis Pharmaceuticals, ""Modulators of APOL1 expression"", granted 2021-02-23)",public_domain,A_public_domain,,public_domain_uspto_patent,USPTO,published US patent text is a US government publication; the applicant's disclosure is public by design,,permitted,no,
TMSR1300,TOLG209,animal_in_vivo,"US 10,927,377 B2 (Ionis Pharmaceuticals, ""Modulators of APOL1 expression"", granted 2021-02-23)",public_domain,A_public_domain,,public_domain_uspto_patent,USPTO,published US patent text is a US government publication; the applicant's disclosure is public by design,,permitted,no,
TMSR1301,TOLG209,animal_in_vivo,"US 10,927,377 B2 (Ionis Pharmaceuticals, ""Modulators of APOL1 expression"", granted 2021-02-23)",public_domain,A_public_domain,,public_domain_uspto_patent,USPTO,published US patent text is a US government publication; the applicant's disclosure is public by design,,permitted,no,
TMSR1302,TOLG210,animal_in_vivo,"US 10,927,377 B2 (Ionis Pharmaceuticals, ""Modulators of APOL1 expression"", granted 2021-02-23)",public_domain,A_public_domain,,public_domain_uspto_patent,USPTO,published US patent text is a US government publication; the applicant's disclosure is public by design,,permitted,no,
TMSR1303,TOLG210,animal_in_vivo,"US 10,927,377 B2 (Ionis Pharmaceuticals, ""Modulators of APOL1 expression"", granted 2021-02-23)",public_domain,A_public_domain,,public_domain_uspto_patent,USPTO,published US patent text is a US government publication; the applicant's disclosure is public by design,,permitted,no,
TMSR1304,TOLG211,animal_in_vivo,"US 10,927,377 B2 (Ionis Pharmaceuticals, ""Modulators of APOL1 expression"", granted 2021-02-23)",public_domain,A_public_domain,,public_domain_uspto_patent,USPTO,published US patent text is a US government publication; the applicant's disclosure is public by design,,permitted,no,
TMSR1305,TOLG212,animal_in_vivo,"US 10,927,377 B2 (Ionis Pharmaceuticals, ""Modulators of APOL1 expression"", granted 2021-02-23)",public_domain,A_public_domain,,public_domain_uspto_patent,USPTO,published US patent text is a US government publication; the applicant's disclosure is public by design,,permitted,no,
TMSR1306,TOLG213,animal_in_vivo,"US 10,927,377 B2 (Ionis Pharmaceuticals, ""Modulators of APOL1 expression"", granted 2021-02-23)",public_domain,A_public_domain,,public_domain_uspto_patent,USPTO,published US patent text is a US government publication; the applicant's disclosure is public by design,,permitted,no,
TMSR1307,TOLG214,animal_in_vivo,"US 10,927,377 B2 (Ionis Pharmaceuticals, ""Modulators of APOL1 expression"", granted 2021-02-23)",public_domain,A_public_domain,,public_domain_uspto_patent,USPTO,published US patent text is a US government publication; the applicant's disclosure is public by design,,permitted,no,
TMSR1308,TOLG214,animal_in_vivo,"US 10,927,377 B2 (Ionis Pharmaceuticals, ""Modulators of APOL1 expression"", granted 2021-02-23)",public_domain,A_public_domain,,public_domain_uspto_patent,USPTO,published US patent text is a US government publication; the applicant's disclosure is public by design,,permitted,no,
TMSR1309,TOLG215,animal_in_vivo,"US 10,927,377 B2 (Ionis Pharmaceuticals, ""Modulators of APOL1 expression"", granted 2021-02-23)",public_domain,A_public_domain,,public_domain_uspto_patent,USPTO,published US patent text is a US government publication; the applicant's disclosure is public by design,,permitted,no,
TMSR1310,TOLG216,animal_in_vivo,"US 10,927,377 B2 (Ionis Pharmaceuticals, ""Modulators of APOL1 expression"", granted 2021-02-23)",public_domain,A_public_domain,,public_domain_uspto_patent,USPTO,published US patent text is a US government publication; the applicant's disclosure is public by design,,permitted,no,
TMSR1311,TOLG216,animal_in_vivo,"US 10,927,377 B2 (Ionis Pharmaceuticals, ""Modulators of APOL1 expression"", granted 2021-02-23)",public_domain,A_public_domain,,public_domain_uspto_patent,USPTO,published US patent text is a US government publication; the applicant's disclosure is public by design,,permitted,no,
TMSR1312,TOLG217,animal_in_vivo,"US 10,927,377 B2 (Ionis Pharmaceuticals, ""Modulators of APOL1 expression"", granted 2021-02-23)",public_domain,A_public_domain,,public_domain_uspto_patent,USPTO,published US patent text is a US government publication; the applicant's disclosure is public by design,,permitted,no,
TMSR1313,TOLG217,animal_in_vivo,"US 10,927,377 B2 (Ionis Pharmaceuticals, ""Modulators of APOL1 expression"", granted 2021-02-23)",public_domain,A_public_domain,,public_domain_uspto_patent,USPTO,published US patent text is a US government publication; the applicant's disclosure is public by design,,permitted,no,
TMSR1314,TOLG218,animal_in_vivo,"US 10,927,377 B2 (Ionis Pharmaceuticals, ""Modulators of APOL1 expression"", granted 2021-02-23)",public_domain,A_public_domain,,public_domain_uspto_patent,USPTO,published US patent text is a US government publication; the applicant's disclosure is public by design,,permitted,no,
TMSR1315,TOLG218,animal_in_vivo,"US 10,927,377 B2 (Ionis Pharmaceuticals, ""Modulators of APOL1 expression"", granted 2021-02-23)",public_domain,A_public_domain,,public_domain_uspto_patent,USPTO,published US patent text is a US government publication; the applicant's disclosure is public by design,,permitted,no,
TMSR1316,TOLG219,animal_in_vivo,"US 10,927,377 B2 (Ionis Pharmaceuticals, ""Modulators of APOL1 expression"", granted 2021-02-23)",public_domain,A_public_domain,,public_domain_uspto_patent,USPTO,published US patent text is a US government publication; the applicant's disclosure is public by design,,permitted,no,
TMSR1317,TOLG220,animal_in_vivo,"US 10,927,377 B2 (Ionis Pharmaceuticals, ""Modulators of APOL1 expression"", granted 2021-02-23)",public_domain,A_public_domain,,public_domain_uspto_patent,USPTO,published US patent text is a US government publication; the applicant's disclosure is public by design,,permitted,no,
TMSR1318,TOLG221,animal_in_vivo,"US 10,927,377 B2 (Ionis Pharmaceuticals, ""Modulators of APOL1 expression"", granted 2021-02-23)",public_domain,A_public_domain,,public_domain_uspto_patent,USPTO,published US patent text is a US government publication; the applicant's disclosure is public by design,,permitted,no,
TMSR1319,TOLG222,animal_in_vivo,"US 10,927,377 B2 (Ionis Pharmaceuticals, ""Modulators of APOL1 expression"", granted 2021-02-23)",public_domain,A_public_domain,,public_domain_uspto_patent,USPTO,published US patent text is a US government publication; the applicant's disclosure is public by design,,permitted,no,
TMSR1320,TOLG222,animal_in_vivo,"US 10,927,377 B2 (Ionis Pharmaceuticals, ""Modulators of APOL1 expression"", granted 2021-02-23)",public_domain,A_public_domain,,public_domain_uspto_patent,USPTO,published US patent text is a US government publication; the applicant's disclosure is public by design,,permitted,no,
TMSR1321,TOLG223,animal_in_vivo,"US 10,927,377 B2 (Ionis Pharmaceuticals, ""Modulators of APOL1 expression"", granted 2021-02-23)",public_domain,A_public_domain,,public_domain_uspto_patent,USPTO,published US patent text is a US government publication; the applicant's disclosure is public by design,,permitted,no,
TMSR1322,TOLG223,animal_in_vivo,"US 10,927,377 B2 (Ionis Pharmaceuticals, ""Modulators of APOL1 expression"", granted 2021-02-23)",public_domain,A_public_domain,,public_domain_uspto_patent,USPTO,published US patent text is a US government publication; the applicant's disclosure is public by design,,permitted,no,
TMSR1323,TOLG224,animal_in_vivo,"US 10,927,377 B2 (Ionis Pharmaceuticals, ""Modulators of APOL1 expression"", granted 2021-02-23)",public_domain,A_public_domain,,public_domain_uspto_patent,USPTO,published US patent text is a US government publication; the applicant's disclosure is public by design,,permitted,no,
TMSR1324,TOLG224,animal_in_vivo,"US 10,927,377 B2 (Ionis Pharmaceuticals, ""Modulators of APOL1 expression"", granted 2021-02-23)",public_domain,A_public_domain,,public_domain_uspto_patent,USPTO,published US patent text is a US government publication; the applicant's disclosure is public by design,,permitted,no,
TMSR1325,TOLG225,animal_in_vivo,"US 10,927,377 B2 (Ionis Pharmaceuticals, ""Modulators of APOL1 expression"", granted 2021-02-23)",public_domain,A_public_domain,,public_domain_uspto_patent,USPTO,published US patent text is a US government publication; the applicant's disclosure is public by design,,permitted,no,
TMSR1326,TOLG225,animal_in_vivo,"US 10,927,377 B2 (Ionis Pharmaceuticals, ""Modulators of APOL1 expression"", granted 2021-02-23)",public_domain,A_public_domain,,public_domain_uspto_patent,USPTO,published US patent text is a US government publication; the applicant's disclosure is public by design,,permitted,no,
TMSR1327,TOLG226,animal_in_vivo,"US 10,927,377 B2 (Ionis Pharmaceuticals, ""Modulators of APOL1 expression"", granted 2021-02-23)",public_domain,A_public_domain,,public_domain_uspto_patent,USPTO,published US patent text is a US government publication; the applicant's disclosure is public by design,,permitted,no,
TMSR1328,TOLG226,animal_in_vivo,"US 10,927,377 B2 (Ionis Pharmaceuticals, ""Modulators of APOL1 expression"", granted 2021-02-23)",public_domain,A_public_domain,,public_domain_uspto_patent,USPTO,published US patent text is a US government publication; the applicant's disclosure is public by design,,permitted,no,
TMSR1329,TOLG226,animal_in_vivo,"US 10,927,377 B2 (Ionis Pharmaceuticals, ""Modulators of APOL1 expression"", granted 2021-02-23)",public_domain,A_public_domain,,public_domain_uspto_patent,USPTO,published US patent text is a US government publication; the applicant's disclosure is public by design,,permitted,no,
TMSR1330,TOLG227,animal_in_vivo,"US 10,927,377 B2 (Ionis Pharmaceuticals, ""Modulators of APOL1 expression"", granted 2021-02-23)",public_domain,A_public_domain,,public_domain_uspto_patent,USPTO,published US patent text is a US government publication; the applicant's disclosure is public by design,,permitted,no,
TMSR1331,TOLG227,animal_in_vivo,"US 10,927,377 B2 (Ionis Pharmaceuticals, ""Modulators of APOL1 expression"", granted 2021-02-23)",public_domain,A_public_domain,,public_domain_uspto_patent,USPTO,published US patent text is a US government publication; the applicant's disclosure is public by design,,permitted,no,
TMSR1332,TOLG227,animal_in_vivo,"US 10,927,377 B2 (Ionis Pharmaceuticals, ""Modulators of APOL1 expression"", granted 2021-02-23)",public_domain,A_public_domain,,public_domain_uspto_patent,USPTO,published US patent text is a US government publication; the applicant's disclosure is public by design,,permitted,no,
TMSR1333,TOLG228,animal_in_vivo,"US 10,927,377 B2 (Ionis Pharmaceuticals, ""Modulators of APOL1 expression"", granted 2021-02-23)",public_domain,A_public_domain,,public_domain_uspto_patent,USPTO,published US patent text is a US government publication; the applicant's disclosure is public by design,,permitted,no,
TMSR1334,TOLG228,animal_in_vivo,"US 10,927,377 B2 (Ionis Pharmaceuticals, ""Modulators of APOL1 expression"", granted 2021-02-23)",public_domain,A_public_domain,,public_domain_uspto_patent,USPTO,published US patent text is a US government publication; the applicant's disclosure is public by design,,permitted,no,
TMSR1335,TOLG229,animal_in_vitro,doi:10.3390/pharmaceutics15041112 (PMC10143489; PMID 37111598),cc_by,B_cc_licensed,cc by,cc_permissive,,,Pharmaceutics,permitted,no,
TMSR1336,TOLG229,animal_in_vitro,doi:10.3390/pharmaceutics15041112 (PMC10143489; PMID 37111598),cc_by,B_cc_licensed,cc by,cc_permissive,,,Pharmaceutics,permitted,no,
TMSR1337,TOLG229,animal_in_vitro,doi:10.3390/pharmaceutics15041112 (PMC10143489; PMID 37111598),cc_by,B_cc_licensed,cc by,cc_permissive,,,Pharmaceutics,permitted,no,
TMSR1338,TOLG229,animal_in_vitro,doi:10.3390/pharmaceutics15041112 (PMC10143489; PMID 37111598),cc_by,B_cc_licensed,cc by,cc_permissive,,,Pharmaceutics,permitted,no,
TMSR1339,TOLG229,animal_in_vitro,doi:10.3390/pharmaceutics15041112 (PMC10143489; PMID 37111598),cc_by,B_cc_licensed,cc by,cc_permissive,,,Pharmaceutics,permitted,no,
TMSR1340,TOLG229,animal_in_vitro,doi:10.3390/pharmaceutics15041112 (PMC10143489; PMID 37111598),cc_by,B_cc_licensed,cc by,cc_permissive,,,Pharmaceutics,permitted,no,
TMSR1341,TOLG230,animal_in_vivo,"EMA Oxlumo (lumasiran) EPAR public assessment report, EMA/568312/2020 (EMEA/H/C/005040)",public_domain,A_public_domain,,ema_reuse_with_attribution,EMA,"EMA permits reuse INCLUDING commercial use, conditional on attribution. NOT public domain -- attribution is a condition, so it is a licence",,permitted,no,
TMSR1342,TOLG230,animal_in_vivo,"EMA Oxlumo (lumasiran) EPAR public assessment report, EMA/568312/2020 (EMEA/H/C/005040)",public_domain,A_public_domain,,ema_reuse_with_attribution,EMA,"EMA permits reuse INCLUDING commercial use, conditional on attribution. NOT public domain -- attribution is a condition, so it is a licence",,permitted,no,
TMSR1343,TOLG230,animal_in_vivo,"EMA Oxlumo (lumasiran) EPAR public assessment report, EMA/568312/2020 (EMEA/H/C/005040)",public_domain,A_public_domain,,ema_reuse_with_attribution,EMA,"EMA permits reuse INCLUDING commercial use, conditional on attribution. NOT public domain -- attribution is a condition, so it is a licence",,permitted,no,
TMSR1344,TOLG231,human_in_vitro,PMC7063478 / PMID 31881528 / DOI 10.1016/j.omtn.2019.11.020,cc_by,B_cc_licensed,cc by,cc_permissive,,,Molecular therapy. Nucleic acids,permitted,no,
TMSR1345,TOLG231,human_in_vitro,PMC7063478 / PMID 31881528 / DOI 10.1016/j.omtn.2019.11.020,cc_by,B_cc_licensed,cc by,cc_permissive,,,Molecular therapy. Nucleic acids,permitted,no,
TMSR1346,TOLG232,animal_in_vitro,PMC12846741 / PMID 41592789 / DOI 10.1093/nar/gkag007,cc_by,B_cc_licensed,cc by,cc_permissive,,,Nucleic acids research,permitted,no,
TMSR1347,TOLG232,animal_in_vivo,PMC12846741 / PMID 41592789 / DOI 10.1093/nar/gkag007,cc_by,B_cc_licensed,cc by,cc_permissive,,,Nucleic acids research,permitted,no,
TMSR1348,TOLG233,animal_in_vitro,PMC12846741 / PMID 41592789 / DOI 10.1093/nar/gkag007,cc_by,B_cc_licensed,cc by,cc_permissive,,,Nucleic acids research,permitted,no,
TMSR1349,TOLG233,animal_in_vitro,PMC12846741 / PMID 41592789 / DOI 10.1093/nar/gkag007,cc_by,B_cc_licensed,cc by,cc_permissive,,,Nucleic acids research,permitted,no,
TMSR1350,TOLG233,animal_in_vitro,PMC12846741 / PMID 41592789 / DOI 10.1093/nar/gkag007,cc_by,B_cc_licensed,cc by,cc_permissive,,,Nucleic acids research,permitted,no,
TMSR1351,TOLG233,animal_in_vivo,PMC12846741 / PMID 41592789 / DOI 10.1093/nar/gkag007,cc_by,B_cc_licensed,cc by,cc_permissive,,,Nucleic acids research,permitted,no,
TMSR1352,TOLG234,animal_in_vitro,PMC12846741 / PMID 41592789 / DOI 10.1093/nar/gkag007,cc_by,B_cc_licensed,cc by,cc_permissive,,,Nucleic acids research,permitted,no,
TMSR1353,TOLG234,animal_in_vitro,PMC12846741 / PMID 41592789 / DOI 10.1093/nar/gkag007,cc_by,B_cc_licensed,cc by,cc_permissive,,,Nucleic acids research,permitted,no,
TMSR1354,TOLG234,animal_in_vitro,PMC12846741 / PMID 41592789 / DOI 10.1093/nar/gkag007,cc_by,B_cc_licensed,cc by,cc_permissive,,,Nucleic acids research,permitted,no,
TMSR1355,TOLG234,animal_in_vivo,PMC12846741 / PMID 41592789 / DOI 10.1093/nar/gkag007,cc_by,B_cc_licensed,cc by,cc_permissive,,,Nucleic acids research,permitted,no,
TMSR1356,TOLG236,multi_species,"doi:10.1177/0192623314551840 — Frazier KS (2015) ""Antisense oligonucleotide therapies: the promise and the cha",summary_stat,C_closed_access,,closed_no_open_licence,,,Toxicologic pathology,DECISION_REQUIRED,PROPOSED_HOLD,"no open licence declared by the publisher; extracted values are facts rather than expression, but the release of facts from a closed-access source is Oscar's call, not this pipeline's"
TMSR1357,TOLG236,animal_in_vivo,FDA NDA 203568 Orig1s000 PharmR (Kynamro/mipomersen Pharmacology Review(s)),public_domain,A_public_domain,,public_domain_us_federal,FDA_US,US federal agency work; no copyright attaches,,permitted,no,
TMSR1358,TOLG236,animal_in_vivo,FDA NDA 203568 Orig1s000 PharmR (Kynamro/mipomersen Pharmacology Review(s)),public_domain,A_public_domain,,public_domain_us_federal,FDA_US,US federal agency work; no copyright attaches,,permitted,no,
TMSR1359,TOLG236,animal_in_vivo,FDA NDA 203568 Orig1s000 PharmR (Kynamro/mipomersen Pharmacology Review(s)),public_domain,A_public_domain,,public_domain_us_federal,FDA_US,US federal agency work; no copyright attaches,,permitted,no,
TMSR1360,TOLG236,animal_in_vivo,FDA NDA 203568 Orig1s000 PharmR (Kynamro/mipomersen Pharmacology Review(s)),public_domain,A_public_domain,,public_domain_us_federal,FDA_US,US federal agency work; no copyright attaches,,permitted,no,
TMSR1361,TOLG236,animal_in_vivo,FDA NDA 203568 Orig1s000 PharmR (Kynamro/mipomersen Pharmacology Review(s)),public_domain,A_public_domain,,public_domain_us_federal,FDA_US,US federal agency work; no copyright attaches,,permitted,no,
TMSR1362,TOLG236,animal_in_vivo,FDA NDA 203568 Orig1s000 PharmR (Kynamro/mipomersen Pharmacology Review(s)),public_domain,A_public_domain,,public_domain_us_federal,FDA_US,US federal agency work; no copyright attaches,,permitted,no,
TMSR1363,TOLG236,animal_in_vivo,FDA NDA 203568 Orig1s000 PharmR (Kynamro/mipomersen Pharmacology Review(s)),public_domain,A_public_domain,,public_domain_us_federal,FDA_US,US federal agency work; no copyright attaches,,permitted,no,
TMSR1364,TOLG236,animal_in_vivo,FDA NDA 203568 Orig1s000 PharmR (Kynamro/mipomersen Pharmacology Review(s)),public_domain,A_public_domain,,public_domain_us_federal,FDA_US,US federal agency work; no copyright attaches,,permitted,no,
TMSR1365,TOLG236,animal_in_vivo,FDA NDA 203568 Orig1s000 PharmR (Kynamro/mipomersen Pharmacology Review(s)),public_domain,A_public_domain,,public_domain_us_federal,FDA_US,US federal agency work; no copyright attaches,,permitted,no,
TMSR1366,TOLG236,animal_in_vivo,FDA NDA 203568 Orig1s000 PharmR (Kynamro/mipomersen Pharmacology Review(s)),public_domain,A_public_domain,,public_domain_us_federal,FDA_US,US federal agency work; no copyright attaches,,permitted,no,
TMSR1367,TOLG236,animal_in_vivo,FDA NDA 203568 Orig1s000 PharmR (Kynamro/mipomersen Pharmacology Review(s)),public_domain,A_public_domain,,public_domain_us_federal,FDA_US,US federal agency work; no copyright attaches,,permitted,no,
TMSR1368,TOLG236,animal_in_vivo,FDA NDA 203568 Orig1s000 PharmR (Kynamro/mipomersen Pharmacology Review(s)),public_domain,A_public_domain,,public_domain_us_federal,FDA_US,US federal agency work; no copyright attaches,,permitted,no,
TMSR1369,TOLG236,animal_in_vivo,FDA NDA 203568 Orig1s000 PharmR (Kynamro/mipomersen Pharmacology Review(s)),public_domain,A_public_domain,,public_domain_us_federal,FDA_US,US federal agency work; no copyright attaches,,permitted,no,
TMSR1370,TOLG236,animal_in_vivo,FDA NDA 203568 Orig1s000 PharmR (Kynamro/mipomersen Pharmacology Review(s)),public_domain,A_public_domain,,public_domain_us_federal,FDA_US,US federal agency work; no copyright attaches,,permitted,no,
TMSR1371,TOLG236,animal_in_vivo,FDA NDA 203568 Orig1s000 PharmR (Kynamro/mipomersen Pharmacology Review(s)),public_domain,A_public_domain,,public_domain_us_federal,FDA_US,US federal agency work; no copyright attaches,,permitted,no,
TMSR1372,TOLG236,animal_in_vivo,FDA NDA 203568 Orig1s000 PharmR (Kynamro/mipomersen Pharmacology Review(s)),public_domain,A_public_domain,,public_domain_us_federal,FDA_US,US federal agency work; no copyright attaches,,permitted,no,
TMSR1373,TOLG236,animal_in_vivo,FDA NDA 203568 Orig1s000 PharmR (Kynamro/mipomersen Pharmacology Review(s)),public_domain,A_public_domain,,public_domain_us_federal,FDA_US,US federal agency work; no copyright attaches,,permitted,no,
TMSR1374,TOLG236,animal_in_vivo,FDA NDA 203568 Orig1s000 PharmR (Kynamro/mipomersen Pharmacology Review(s)),public_domain,A_public_domain,,public_domain_us_federal,FDA_US,US federal agency work; no copyright attaches,,permitted,no,
TMSR1375,TOLG236,animal_in_vivo,FDA NDA 203568 Orig1s000 PharmR (Kynamro/mipomersen Pharmacology Review(s)),public_domain,A_public_domain,,public_domain_us_federal,FDA_US,US federal agency work; no copyright attaches,,permitted,no,
TMSR1376,TOLG236,animal_in_vivo,FDA NDA 203568 Orig1s000 PharmR (Kynamro/mipomersen Pharmacology Review(s)),public_domain,A_public_domain,,public_domain_us_federal,FDA_US,US federal agency work; no copyright attaches,,permitted,no,
TMSR1377,TOLG236,animal_in_vivo,FDA NDA 203568 Orig1s000 PharmR (Kynamro/mipomersen Pharmacology Review(s)),public_domain,A_public_domain,,public_domain_us_federal,FDA_US,US federal agency work; no copyright attaches,,permitted,no,
TMSR1378,TOLG236,animal_in_vivo,FDA NDA 203568 Orig1s000 PharmR (Kynamro/mipomersen Pharmacology Review(s)),public_domain,A_public_domain,,public_domain_us_federal,FDA_US,US federal agency work; no copyright attaches,,permitted,no,
TMSR1379,TOLG236,animal_in_vivo,FDA NDA 203568 Orig1s000 PharmR (Kynamro/mipomersen Pharmacology Review(s)),public_domain,A_public_domain,,public_domain_us_federal,FDA_US,US federal agency work; no copyright attaches,,permitted,no,
TMSR1380,TOLG236,animal_in_vivo,FDA NDA 203568 Orig1s000 PharmR (Kynamro/mipomersen Pharmacology Review(s)),public_domain,A_public_domain,,public_domain_us_federal,FDA_US,US federal agency work; no copyright attaches,,permitted,no,
TMSR1381,TOLG236,animal_in_vivo,FDA NDA 203568 Orig1s000 PharmR (Kynamro/mipomersen Pharmacology Review(s)),public_domain,A_public_domain,,public_domain_us_federal,FDA_US,US federal agency work; no copyright attaches,,permitted,no,
TMSR1382,TOLG236,animal_in_vivo,FDA NDA 203568 Orig1s000 PharmR (Kynamro/mipomersen Pharmacology Review(s)),public_domain,A_public_domain,,public_domain_us_federal,FDA_US,US federal agency work; no copyright attaches,,permitted,no,
TMSR1383,TOLG236,animal_in_vivo,FDA NDA 203568 Orig1s000 PharmR (Kynamro/mipomersen Pharmacology Review(s)),public_domain,A_public_domain,,public_domain_us_federal,FDA_US,US federal agency work; no copyright attaches,,permitted,no,
TMSR1384,TOLG236,animal_in_vivo,FDA NDA 203568 Orig1s000 PharmR (Kynamro/mipomersen Pharmacology Review(s)),public_domain,A_public_domain,,public_domain_us_federal,FDA_US,US federal agency work; no copyright attaches,,permitted,no,
TMSR1385,TOLG236,animal_in_vivo,FDA NDA 203568 Orig1s000 PharmR (Kynamro/mipomersen Pharmacology Review(s)),public_domain,A_public_domain,,public_domain_us_federal,FDA_US,US federal agency work; no copyright attaches,,permitted,no,
TMSR1386,TOLG236,animal_in_vivo,FDA NDA 203568 Orig1s000 PharmR (Kynamro/mipomersen Pharmacology Review(s)),public_domain,A_public_domain,,public_domain_us_federal,FDA_US,US federal agency work; no copyright attaches,,permitted,no,
TMSR1387,TOLG236,animal_in_vivo,FDA NDA 203568 Orig1s000 PharmR (Kynamro/mipomersen Pharmacology Review(s)),public_domain,A_public_domain,,public_domain_us_federal,FDA_US,US federal agency work; no copyright attaches,,permitted,no,
TMSR1388,TOLG236,human_clinical,PMID 28145801; PMCID PMC5467133; doi:10.1089/nat.2016.0650,summary_stat,B_cc_licensed,cc by-nc,cc_nc_noncommercial,,,Nucleic acid therapeutics,permitted,no,
TMSR1389,TOLG236,human_clinical,PMID 28145801; PMCID PMC5467133; doi:10.1089/nat.2016.0650,summary_stat,B_cc_licensed,cc by-nc,cc_nc_noncommercial,,,Nucleic acid therapeutics,permitted,no,
TMSR1390,TOLG236,human_clinical,PMID 28145801; PMCID PMC5467133; doi:10.1089/nat.2016.0650,summary_stat,B_cc_licensed,cc by-nc,cc_nc_noncommercial,,,Nucleic acid therapeutics,permitted,no,
TMSR1391,TOLG236,human_clinical,PMID 28145801; PMCID PMC5467133; doi:10.1089/nat.2016.0650,summary_stat,B_cc_licensed,cc by-nc,cc_nc_noncommercial,,,Nucleic acid therapeutics,permitted,no,
TMSR1392,TOLG236,human_clinical,PMID 28145801; PMCID PMC5467133; doi:10.1089/nat.2016.0650,summary_stat,B_cc_licensed,cc by-nc,cc_nc_noncommercial,,,Nucleic acid therapeutics,permitted,no,
TMSR1393,TOLG236,human_clinical,PMID 28145801; PMCID PMC5467133; doi:10.1089/nat.2016.0650,summary_stat,B_cc_licensed,cc by-nc,cc_nc_noncommercial,,,Nucleic acid therapeutics,permitted,no,
TMSR1394,TOLG236,human_clinical,PMID 28145801; PMCID PMC5467133; doi:10.1089/nat.2016.0650,summary_stat,B_cc_licensed,cc by-nc,cc_nc_noncommercial,,,Nucleic acid therapeutics,permitted,no,
TMSR1395,TOLG236,human_clinical,PMID 28145801; PMCID PMC5467133; doi:10.1089/nat.2016.0650,summary_stat,B_cc_licensed,cc by-nc,cc_nc_noncommercial,,,Nucleic acid therapeutics,permitted,no,
TMSR1396,TOLG236,human_clinical,PMID 28145801; PMCID PMC5467133; doi:10.1089/nat.2016.0650,summary_stat,B_cc_licensed,cc by-nc,cc_nc_noncommercial,,,Nucleic acid therapeutics,permitted,no,
TMSR1397,TOLG236,human_clinical,PMID 28145801; PMCID PMC5467133; doi:10.1089/nat.2016.0650,summary_stat,B_cc_licensed,cc by-nc,cc_nc_noncommercial,,,Nucleic acid therapeutics,permitted,no,
TMSR1398,TOLG236,human_clinical,PMID 28145801; PMCID PMC5467133; doi:10.1089/nat.2016.0650,summary_stat,B_cc_licensed,cc by-nc,cc_nc_noncommercial,,,Nucleic acid therapeutics,permitted,no,
TMSR1399,TOLG236,human_clinical,PMID 28145801; PMCID PMC5467133; doi:10.1089/nat.2016.0650,summary_stat,B_cc_licensed,cc by-nc,cc_nc_noncommercial,,,Nucleic acid therapeutics,permitted,no,
TMSR1400,TOLG236,human_clinical,PMID 28145801; PMCID PMC5467133; doi:10.1089/nat.2016.0650,summary_stat,B_cc_licensed,cc by-nc,cc_nc_noncommercial,,,Nucleic acid therapeutics,permitted,no,
TMSR1401,TOLG236,human_clinical,PMID 28145801; PMCID PMC5467133; doi:10.1089/nat.2016.0650,summary_stat,B_cc_licensed,cc by-nc,cc_nc_noncommercial,,,Nucleic acid therapeutics,permitted,no,
TMSR1402,TOLG236,human_clinical,PMID 28145801; PMCID PMC5467133; doi:10.1089/nat.2016.0650,summary_stat,B_cc_licensed,cc by-nc,cc_nc_noncommercial,,,Nucleic acid therapeutics,permitted,no,
TMSR1403,TOLG236,human_clinical,PMID 28145801; PMCID PMC5467133; doi:10.1089/nat.2016.0650,summary_stat,B_cc_licensed,cc by-nc,cc_nc_noncommercial,,,Nucleic acid therapeutics,permitted,no,
TMSR1404,TOLG236,human_clinical,PMID 28145801; PMCID PMC5467133; doi:10.1089/nat.2016.0650,summary_stat,B_cc_licensed,cc by-nc,cc_nc_noncommercial,,,Nucleic acid therapeutics,permitted,no,
TMSR1405,TOLG236,human_clinical,PMID 28145801; PMCID PMC5467133; doi:10.1089/nat.2016.0650,summary_stat,B_cc_licensed,cc by-nc,cc_nc_noncommercial,,,Nucleic acid therapeutics,permitted,no,
TMSR1406,TOLG236,human_clinical,PMID 28145801; PMCID PMC5467133; doi:10.1089/nat.2016.0650,summary_stat,B_cc_licensed,cc by-nc,cc_nc_noncommercial,,,Nucleic acid therapeutics,permitted,no,
TMSR1407,TOLG236,human_clinical,PMID 28145801; PMCID PMC5467133; doi:10.1089/nat.2016.0650,summary_stat,B_cc_licensed,cc by-nc,cc_nc_noncommercial,,,Nucleic acid therapeutics,permitted,no,
TMSR1408,TOLG236,human_clinical,PMID 28145801; PMCID PMC5467133; doi:10.1089/nat.2016.0650,summary_stat,B_cc_licensed,cc by-nc,cc_nc_noncommercial,,,Nucleic acid therapeutics,permitted,no,
TMSR1409,TOLG236,human_clinical,PMID 28145801; PMCID PMC5467133; doi:10.1089/nat.2016.0650,summary_stat,B_cc_licensed,cc by-nc,cc_nc_noncommercial,,,Nucleic acid therapeutics,permitted,no,
TMSR1410,TOLG236,human_clinical,PMID 28145801; PMCID PMC5467133; doi:10.1089/nat.2016.0650,summary_stat,B_cc_licensed,cc by-nc,cc_nc_noncommercial,,,Nucleic acid therapeutics,permitted,no,
TMSR1411,TOLG236,human_clinical,PMID 28145801; PMCID PMC5467133; doi:10.1089/nat.2016.0650,summary_stat,B_cc_licensed,cc by-nc,cc_nc_noncommercial,,,Nucleic acid therapeutics,permitted,no,
TMSR1412,TOLG236,human_clinical,PMID 28145801; PMCID PMC5467133; doi:10.1089/nat.2016.0650,summary_stat,B_cc_licensed,cc by-nc,cc_nc_noncommercial,,,Nucleic acid therapeutics,permitted,no,
TMSR1413,TOLG236,human_clinical,PMID 28145801; PMCID PMC5467133; doi:10.1089/nat.2016.0650,summary_stat,B_cc_licensed,cc by-nc,cc_nc_noncommercial,,,Nucleic acid therapeutics,permitted,no,
TMSR1414,TOLG236,human_clinical,PMID 28145801; PMCID PMC5467133; doi:10.1089/nat.2016.0650,summary_stat,B_cc_licensed,cc by-nc,cc_nc_noncommercial,,,Nucleic acid therapeutics,permitted,no,
TMSR1415,TOLG236,human_clinical,PMID 28145801; PMCID PMC5467133; doi:10.1089/nat.2016.0650,summary_stat,B_cc_licensed,cc by-nc,cc_nc_noncommercial,,,Nucleic acid therapeutics,permitted,no,
TMSR1416,TOLG236,human_clinical,PMID 28145801; PMCID PMC5467133; doi:10.1089/nat.2016.0650,summary_stat,B_cc_licensed,cc by-nc,cc_nc_noncommercial,,,Nucleic acid therapeutics,permitted,no,
TMSR1417,TOLG236,human_clinical,PMID 28145801; PMCID PMC5467133; doi:10.1089/nat.2016.0650,summary_stat,B_cc_licensed,cc by-nc,cc_nc_noncommercial,,,Nucleic acid therapeutics,permitted,no,
TMSR1418,TOLG236,human_clinical,PMID 28145801; PMCID PMC5467133; doi:10.1089/nat.2016.0650,summary_stat,B_cc_licensed,cc by-nc,cc_nc_noncommercial,,,Nucleic acid therapeutics,permitted,no,
TMSR1419,TOLG236,human_clinical,PMID 28145801; PMCID PMC5467133; doi:10.1089/nat.2016.0650,summary_stat,B_cc_licensed,cc by-nc,cc_nc_noncommercial,,,Nucleic acid therapeutics,permitted,no,
TMSR1420,TOLG236,human_clinical,PMID 28145801; PMCID PMC5467133; doi:10.1089/nat.2016.0650,summary_stat,B_cc_licensed,cc by-nc,cc_nc_noncommercial,,,Nucleic acid therapeutics,permitted,no,
TMSR1421,TOLG236,human_clinical,PMID 28145801; PMCID PMC5467133; doi:10.1089/nat.2016.0650,summary_stat,B_cc_licensed,cc by-nc,cc_nc_noncommercial,,,Nucleic acid therapeutics,permitted,no,
TMSR1422,TOLG236,human_clinical,PMID 28145801; PMCID PMC5467133; doi:10.1089/nat.2016.0650,summary_stat,B_cc_licensed,cc by-nc,cc_nc_noncommercial,,,Nucleic acid therapeutics,permitted,no,
TMSR1423,TOLG236,human_clinical,PMID 28145801; PMCID PMC5467133; doi:10.1089/nat.2016.0650,summary_stat,B_cc_licensed,cc by-nc,cc_nc_noncommercial,,,Nucleic acid therapeutics,permitted,no,
TMSR1424,TOLG236,human_clinical,PMID 28145801; PMCID PMC5467133; doi:10.1089/nat.2016.0650,summary_stat,B_cc_licensed,cc by-nc,cc_nc_noncommercial,,,Nucleic acid therapeutics,permitted,no,
TMSR1425,TOLG236,human_clinical,PMID 28145801; PMCID PMC5467133; doi:10.1089/nat.2016.0650,summary_stat,B_cc_licensed,cc by-nc,cc_nc_noncommercial,,,Nucleic acid therapeutics,permitted,no,
TMSR1426,TOLG236,human_clinical,PMID 28145801; PMCID PMC5467133; doi:10.1089/nat.2016.0650,summary_stat,B_cc_licensed,cc by-nc,cc_nc_noncommercial,,,Nucleic acid therapeutics,permitted,no,
TMSR1427,TOLG236,human_clinical,PMID 28145801; PMCID PMC5467133; doi:10.1089/nat.2016.0650,summary_stat,B_cc_licensed,cc by-nc,cc_nc_noncommercial,,,Nucleic acid therapeutics,permitted,no,
TMSR1428,TOLG236,human_clinical,PMID 28145801; PMCID PMC5467133; doi:10.1089/nat.2016.0650,summary_stat,B_cc_licensed,cc by-nc,cc_nc_noncommercial,,,Nucleic acid therapeutics,permitted,no,
TMSR1429,TOLG236,human_clinical,PMID 28145801; PMCID PMC5467133; doi:10.1089/nat.2016.0650,summary_stat,B_cc_licensed,cc by-nc,cc_nc_noncommercial,,,Nucleic acid therapeutics,permitted,no,
TMSR1430,TOLG236,human_clinical,PMID 28145801; PMCID PMC5467133; doi:10.1089/nat.2016.0650,summary_stat,B_cc_licensed,cc by-nc,cc_nc_noncommercial,,,Nucleic acid therapeutics,permitted,no,
TMSR1431,TOLG236,human_clinical,PMID 28145801; PMCID PMC5467133; doi:10.1089/nat.2016.0650,summary_stat,B_cc_licensed,cc by-nc,cc_nc_noncommercial,,,Nucleic acid therapeutics,permitted,no,
TMSR1432,TOLG236,human_clinical,PMID 28145801; PMCID PMC5467133; doi:10.1089/nat.2016.0650,summary_stat,B_cc_licensed,cc by-nc,cc_nc_noncommercial,,,Nucleic acid therapeutics,permitted,no,
TMSR1433,TOLG236,human_clinical,PMID 28145801; PMCID PMC5467133; doi:10.1089/nat.2016.0650,summary_stat,B_cc_licensed,cc by-nc,cc_nc_noncommercial,,,Nucleic acid therapeutics,permitted,no,
TMSR1434,TOLG236,human_clinical,PMID 28145801; PMCID PMC5467133; doi:10.1089/nat.2016.0650,summary_stat,B_cc_licensed,cc by-nc,cc_nc_noncommercial,,,Nucleic acid therapeutics,permitted,no,
TMSR1435,TOLG236,human_clinical,PMID 28145801; PMCID PMC5467133; doi:10.1089/nat.2016.0650,summary_stat,B_cc_licensed,cc by-nc,cc_nc_noncommercial,,,Nucleic acid therapeutics,permitted,no,
TMSR1436,TOLG236,human_clinical,PMID 28145801; PMCID PMC5467133; doi:10.1089/nat.2016.0650,summary_stat,B_cc_licensed,cc by-nc,cc_nc_noncommercial,,,Nucleic acid therapeutics,permitted,no,
TMSR1437,TOLG236,human_clinical,PMID 28145801; PMCID PMC5467133; doi:10.1089/nat.2016.0650,summary_stat,B_cc_licensed,cc by-nc,cc_nc_noncommercial,,,Nucleic acid therapeutics,permitted,no,
TMSR1438,TOLG236,human_clinical,PMID 28145801; PMCID PMC5467133; doi:10.1089/nat.2016.0650,summary_stat,B_cc_licensed,cc by-nc,cc_nc_noncommercial,,,Nucleic acid therapeutics,permitted,no,
TMSR1439,TOLG236,human_clinical,PMID 28145801; PMCID PMC5467133; doi:10.1089/nat.2016.0650,summary_stat,B_cc_licensed,cc by-nc,cc_nc_noncommercial,,,Nucleic acid therapeutics,permitted,no,
TMSR1440,TOLG236,human_clinical,PMID 28145801; PMCID PMC5467133; doi:10.1089/nat.2016.0650,summary_stat,B_cc_licensed,cc by-nc,cc_nc_noncommercial,,,Nucleic acid therapeutics,permitted,no,
TMSR1441,TOLG236,human_clinical,PMID 28145801; PMCID PMC5467133; doi:10.1089/nat.2016.0650,summary_stat,B_cc_licensed,cc by-nc,cc_nc_noncommercial,,,Nucleic acid therapeutics,permitted,no,
TMSR1442,TOLG236,human_clinical,PMID 28145801; PMCID PMC5467133; doi:10.1089/nat.2016.0650,summary_stat,B_cc_licensed,cc by-nc,cc_nc_noncommercial,,,Nucleic acid therapeutics,permitted,no,
TMSR1443,TOLG236,human_clinical,PMID 28145801; PMCID PMC5467133; doi:10.1089/nat.2016.0650,summary_stat,B_cc_licensed,cc by-nc,cc_nc_noncommercial,,,Nucleic acid therapeutics,permitted,no,
TMSR1444,TOLG236,human_clinical,PMID 28145801; PMCID PMC5467133; doi:10.1089/nat.2016.0650,summary_stat,B_cc_licensed,cc by-nc,cc_nc_noncommercial,,,Nucleic acid therapeutics,permitted,no,
TMSR1445,TOLG236,human_clinical,PMID 28145801; PMCID PMC5467133; doi:10.1089/nat.2016.0650,summary_stat,B_cc_licensed,cc by-nc,cc_nc_noncommercial,,,Nucleic acid therapeutics,permitted,no,
TMSR1446,TOLG236,human_clinical,PMID 28145801; PMCID PMC5467133; doi:10.1089/nat.2016.0650,summary_stat,B_cc_licensed,cc by-nc,cc_nc_noncommercial,,,Nucleic acid therapeutics,permitted,no,
TMSR1447,TOLG236,human_clinical,PMID 28145801; PMCID PMC5467133; doi:10.1089/nat.2016.0650,summary_stat,B_cc_licensed,cc by-nc,cc_nc_noncommercial,,,Nucleic acid therapeutics,permitted,no,
TMSR1448,TOLG236,human_clinical,PMID 28145801; PMCID PMC5467133; doi:10.1089/nat.2016.0650,summary_stat,B_cc_licensed,cc by-nc,cc_nc_noncommercial,,,Nucleic acid therapeutics,permitted,no,
TMSR1449,TOLG236,human_clinical,PMID 28145801; PMCID PMC5467133; doi:10.1089/nat.2016.0650,summary_stat,B_cc_licensed,cc by-nc,cc_nc_noncommercial,,,Nucleic acid therapeutics,permitted,no,
TMSR1450,TOLG236,human_clinical,PMID 28145801; PMCID PMC5467133; doi:10.1089/nat.2016.0650,summary_stat,B_cc_licensed,cc by-nc,cc_nc_noncommercial,,,Nucleic acid therapeutics,permitted,no,
TMSR1451,TOLG236,human_clinical,PMID 28145801; PMCID PMC5467133; doi:10.1089/nat.2016.0650,summary_stat,B_cc_licensed,cc by-nc,cc_nc_noncommercial,,,Nucleic acid therapeutics,permitted,no,
TMSR1452,TOLG236,human_clinical,PMID 28145801; PMCID PMC5467133; doi:10.1089/nat.2016.0650,summary_stat,B_cc_licensed,cc by-nc,cc_nc_noncommercial,,,Nucleic acid therapeutics,permitted,no,
TMSR1453,TOLG236,human_clinical,PMID 28145801; PMCID PMC5467133; doi:10.1089/nat.2016.0650,summary_stat,B_cc_licensed,cc by-nc,cc_nc_noncommercial,,,Nucleic acid therapeutics,permitted,no,
TMSR1454,TOLG236,human_clinical,PMID 28145801; PMCID PMC5467133; doi:10.1089/nat.2016.0650,summary_stat,B_cc_licensed,cc by-nc,cc_nc_noncommercial,,,Nucleic acid therapeutics,permitted,no,
TMSR1455,TOLG236,human_clinical,PMID 28145801; PMCID PMC5467133; doi:10.1089/nat.2016.0650,summary_stat,B_cc_licensed,cc by-nc,cc_nc_noncommercial,,,Nucleic acid therapeutics,permitted,no,
TMSR1456,TOLG236,human_clinical,PMID 28145801; PMCID PMC5467133; doi:10.1089/nat.2016.0650,summary_stat,B_cc_licensed,cc by-nc,cc_nc_noncommercial,,,Nucleic acid therapeutics,permitted,no,
TMSR1457,TOLG236,human_clinical,PMID 28145801; PMCID PMC5467133; doi:10.1089/nat.2016.0650,summary_stat,B_cc_licensed,cc by-nc,cc_nc_noncommercial,,,Nucleic acid therapeutics,permitted,no,
TMSR1458,TOLG236,human_clinical,PMID 28145801; PMCID PMC5467133; doi:10.1089/nat.2016.0650,summary_stat,B_cc_licensed,cc by-nc,cc_nc_noncommercial,,,Nucleic acid therapeutics,permitted,no,
TMSR1459,TOLG236,human_clinical,PMID 28145801; PMCID PMC5467133; doi:10.1089/nat.2016.0650,summary_stat,B_cc_licensed,cc by-nc,cc_nc_noncommercial,,,Nucleic acid therapeutics,permitted,no,
TMSR1460,TOLG236,human_clinical,PMID 28145801; PMCID PMC5467133; doi:10.1089/nat.2016.0650,summary_stat,B_cc_licensed,cc by-nc,cc_nc_noncommercial,,,Nucleic acid therapeutics,permitted,no,
TMSR1461,TOLG236,human_clinical,PMID 28145801; PMCID PMC5467133; doi:10.1089/nat.2016.0650,summary_stat,B_cc_licensed,cc by-nc,cc_nc_noncommercial,,,Nucleic acid therapeutics,permitted,no,
TMSR1462,TOLG236,human_clinical,PMID 28145801; PMCID PMC5467133; doi:10.1089/nat.2016.0650,summary_stat,B_cc_licensed,cc by-nc,cc_nc_noncommercial,,,Nucleic acid therapeutics,permitted,no,
TMSR1463,TOLG236,human_clinical,PMID 28145801; PMCID PMC5467133; doi:10.1089/nat.2016.0650,summary_stat,B_cc_licensed,cc by-nc,cc_nc_noncommercial,,,Nucleic acid therapeutics,permitted,no,
TMSR1464,TOLG236,human_clinical,PMID 28145801; PMCID PMC5467133; doi:10.1089/nat.2016.0650,summary_stat,B_cc_licensed,cc by-nc,cc_nc_noncommercial,,,Nucleic acid therapeutics,permitted,no,
TMSR1465,TOLG236,human_clinical,PMID 28145801; PMCID PMC5467133; doi:10.1089/nat.2016.0650,summary_stat,B_cc_licensed,cc by-nc,cc_nc_noncommercial,,,Nucleic acid therapeutics,permitted,no,
TMSR1466,TOLG236,human_clinical,PMID 28145801; PMCID PMC5467133; doi:10.1089/nat.2016.0650,summary_stat,B_cc_licensed,cc by-nc,cc_nc_noncommercial,,,Nucleic acid therapeutics,permitted,no,
TMSR1467,TOLG236,human_clinical,PMID 28145801; PMCID PMC5467133; doi:10.1089/nat.2016.0650,summary_stat,B_cc_licensed,cc by-nc,cc_nc_noncommercial,,,Nucleic acid therapeutics,permitted,no,
TMSR1468,TOLG236,human_clinical,PMID 28145801; PMCID PMC5467133; doi:10.1089/nat.2016.0650,summary_stat,B_cc_licensed,cc by-nc,cc_nc_noncommercial,,,Nucleic acid therapeutics,permitted,no,
TMSR1469,TOLG236,human_clinical,PMID 28145801; PMCID PMC5467133; doi:10.1089/nat.2016.0650,summary_stat,B_cc_licensed,cc by-nc,cc_nc_noncommercial,,,Nucleic acid therapeutics,permitted,no,
TMSR1470,TOLG236,human_clinical,PMID 28145801; PMCID PMC5467133; doi:10.1089/nat.2016.0650,summary_stat,B_cc_licensed,cc by-nc,cc_nc_noncommercial,,,Nucleic acid therapeutics,permitted,no,
TMSR1471,TOLG236,human_clinical,PMID 28145801; PMCID PMC5467133; doi:10.1089/nat.2016.0650,summary_stat,B_cc_licensed,cc by-nc,cc_nc_noncommercial,,,Nucleic acid therapeutics,permitted,no,
TMSR1472,TOLG236,human_clinical,PMID 28145801; PMCID PMC5467133; doi:10.1089/nat.2016.0650,summary_stat,B_cc_licensed,cc by-nc,cc_nc_noncommercial,,,Nucleic acid therapeutics,permitted,no,
TMSR1473,TOLG236,human_clinical,PMID 28145801; PMCID PMC5467133; doi:10.1089/nat.2016.0650,summary_stat,B_cc_licensed,cc by-nc,cc_nc_noncommercial,,,Nucleic acid therapeutics,permitted,no,
TMSR1474,TOLG236,human_clinical,PMID 28145801; PMCID PMC5467133; doi:10.1089/nat.2016.0650,summary_stat,B_cc_licensed,cc by-nc,cc_nc_noncommercial,,,Nucleic acid therapeutics,permitted,no,
TMSR1475,TOLG236,human_clinical,PMID 28145801; PMCID PMC5467133; doi:10.1089/nat.2016.0650,summary_stat,B_cc_licensed,cc by-nc,cc_nc_noncommercial,,,Nucleic acid therapeutics,permitted,no,
TMSR1476,TOLG236,human_clinical,PMID 28145801; PMCID PMC5467133; doi:10.1089/nat.2016.0650,summary_stat,B_cc_licensed,cc by-nc,cc_nc_noncommercial,,,Nucleic acid therapeutics,permitted,no,
TMSR1477,TOLG236,human_clinical,PMID 28145801; PMCID PMC5467133; doi:10.1089/nat.2016.0650,summary_stat,B_cc_licensed,cc by-nc,cc_nc_noncommercial,,,Nucleic acid therapeutics,permitted,no,
TMSR1478,TOLG236,human_clinical,PMID 28145801; PMCID PMC5467133; doi:10.1089/nat.2016.0650,summary_stat,B_cc_licensed,cc by-nc,cc_nc_noncommercial,,,Nucleic acid therapeutics,permitted,no,
TMSR1479,TOLG236,human_clinical,PMID 28145801; PMCID PMC5467133; doi:10.1089/nat.2016.0650,summary_stat,B_cc_licensed,cc by-nc,cc_nc_noncommercial,,,Nucleic acid therapeutics,permitted,no,
TMSR1480,TOLG236,human_clinical,PMID 28145801; PMCID PMC5467133; doi:10.1089/nat.2016.0650,summary_stat,B_cc_licensed,cc by-nc,cc_nc_noncommercial,,,Nucleic acid therapeutics,permitted,no,
TMSR1481,TOLG236,human_clinical,PMID 28145801; PMCID PMC5467133; doi:10.1089/nat.2016.0650,summary_stat,B_cc_licensed,cc by-nc,cc_nc_noncommercial,,,Nucleic acid therapeutics,permitted,no,
TMSR1482,TOLG236,human_clinical,PMID 28145801; PMCID PMC5467133; doi:10.1089/nat.2016.0650,summary_stat,B_cc_licensed,cc by-nc,cc_nc_noncommercial,,,Nucleic acid therapeutics,permitted,no,
TMSR1483,TOLG236,human_clinical,PMID 28145801; PMCID PMC5467133; doi:10.1089/nat.2016.0650,summary_stat,B_cc_licensed,cc by-nc,cc_nc_noncommercial,,,Nucleic acid therapeutics,permitted,no,
TMSR1484,TOLG236,human_clinical,PMID 28145801; PMCID PMC5467133; doi:10.1089/nat.2016.0650,summary_stat,B_cc_licensed,cc by-nc,cc_nc_noncommercial,,,Nucleic acid therapeutics,permitted,no,
TMSR1485,TOLG236,human_clinical,PMID 28145801; PMCID PMC5467133; doi:10.1089/nat.2016.0650,summary_stat,B_cc_licensed,cc by-nc,cc_nc_noncommercial,,,Nucleic acid therapeutics,permitted,no,
TMSR1486,TOLG236,human_clinical,PMID 28145801; PMCID PMC5467133; doi:10.1089/nat.2016.0650,summary_stat,B_cc_licensed,cc by-nc,cc_nc_noncommercial,,,Nucleic acid therapeutics,permitted,no,
TMSR1487,TOLG236,human_clinical,PMID 28145801; PMCID PMC5467133; doi:10.1089/nat.2016.0650,summary_stat,B_cc_licensed,cc by-nc,cc_nc_noncommercial,,,Nucleic acid therapeutics,permitted,no,
TMSR1488,TOLG236,human_clinical,PMID 28145801; PMCID PMC5467133; doi:10.1089/nat.2016.0650,summary_stat,B_cc_licensed,cc by-nc,cc_nc_noncommercial,,,Nucleic acid therapeutics,permitted,no,
TMSR1489,TOLG236,human_clinical,PMID 28145801; PMCID PMC5467133; doi:10.1089/nat.2016.0650,summary_stat,B_cc_licensed,cc by-nc,cc_nc_noncommercial,,,Nucleic acid therapeutics,permitted,no,
TMSR1490,TOLG236,human_clinical,PMID 28145801; PMCID PMC5467133; doi:10.1089/nat.2016.0650,summary_stat,B_cc_licensed,cc by-nc,cc_nc_noncommercial,,,Nucleic acid therapeutics,permitted,no,
TMSR1491,TOLG236,human_clinical,PMID 28145801; PMCID PMC5467133; doi:10.1089/nat.2016.0650,summary_stat,B_cc_licensed,cc by-nc,cc_nc_noncommercial,,,Nucleic acid therapeutics,permitted,no,
TMSR1492,TOLG236,human_clinical,PMID 28145801; PMCID PMC5467133; doi:10.1089/nat.2016.0650,summary_stat,B_cc_licensed,cc by-nc,cc_nc_noncommercial,,,Nucleic acid therapeutics,permitted,no,
TMSR1493,TOLG236,human_clinical,PMID 28145801; PMCID PMC5467133; doi:10.1089/nat.2016.0650,summary_stat,B_cc_licensed,cc by-nc,cc_nc_noncommercial,,,Nucleic acid therapeutics,permitted,no,
TMSR1494,TOLG236,human_clinical,PMID 28145801; PMCID PMC5467133; doi:10.1089/nat.2016.0650,summary_stat,B_cc_licensed,cc by-nc,cc_nc_noncommercial,,,Nucleic acid therapeutics,permitted,no,
TMSR1495,TOLG236,human_clinical,PMID 28145801; PMCID PMC5467133; doi:10.1089/nat.2016.0650,summary_stat,B_cc_licensed,cc by-nc,cc_nc_noncommercial,,,Nucleic acid therapeutics,permitted,no,
TMSR1496,TOLG236,human_clinical,PMID 28145801; PMCID PMC5467133; doi:10.1089/nat.2016.0650,summary_stat,B_cc_licensed,cc by-nc,cc_nc_noncommercial,,,Nucleic acid therapeutics,permitted,no,
TMSR1497,TOLG236,human_clinical,PMID 28145801; PMCID PMC5467133; doi:10.1089/nat.2016.0650,summary_stat,B_cc_licensed,cc by-nc,cc_nc_noncommercial,,,Nucleic acid therapeutics,permitted,no,
TMSR1498,TOLG236,human_clinical,PMID 28145801; PMCID PMC5467133; doi:10.1089/nat.2016.0650,summary_stat,B_cc_licensed,cc by-nc,cc_nc_noncommercial,,,Nucleic acid therapeutics,permitted,no,
TMSR1499,TOLG236,human_clinical,PMID 28145801; PMCID PMC5467133; doi:10.1089/nat.2016.0650,summary_stat,B_cc_licensed,cc by-nc,cc_nc_noncommercial,,,Nucleic acid therapeutics,permitted,no,
TMSR1500,TOLG236,human_clinical,PMID 28145801; PMCID PMC5467133; doi:10.1089/nat.2016.0650,summary_stat,B_cc_licensed,cc by-nc,cc_nc_noncommercial,,,Nucleic acid therapeutics,permitted,no,
TMSR1501,TOLG236,human_clinical,PMID 28145801; PMCID PMC5467133; doi:10.1089/nat.2016.0650,summary_stat,B_cc_licensed,cc by-nc,cc_nc_noncommercial,,,Nucleic acid therapeutics,permitted,no,
TMSR1502,TOLG237,human_in_vitro,PMC4322051; PMID 25646267; doi:10.1084/jem.20140391,summary_stat,B_cc_licensed,cc by-nc-sa,cc_nc_noncommercial,,,The Journal of experimental medicine,permitted,no,
TMSR1503,TOLG237,human_in_vitro,PMC4322051; PMID 25646267; doi:10.1084/jem.20140391,summary_stat,B_cc_licensed,cc by-nc-sa,cc_nc_noncommercial,,,The Journal of experimental medicine,permitted,no,
TMSR1504,TOLG238,human_in_vitro,PMC8264460; PMID 33540294; doi:10.1016/j.thromres.2021.01.006,summary_stat,C_closed_access,,closed_no_open_licence,,,Thrombosis research,DECISION_REQUIRED,PROPOSED_HOLD,"no open licence declared by the publisher; extracted values are facts rather than expression, but the release of facts from a closed-access source is Oscar's call, not this pipeline's"
TMSR1505,TOLG238,human_in_vitro,PMC8264460; PMID 33540294; doi:10.1016/j.thromres.2021.01.006,summary_stat,C_closed_access,,closed_no_open_licence,,,Thrombosis research,DECISION_REQUIRED,PROPOSED_HOLD,"no open licence declared by the publisher; extracted values are facts rather than expression, but the release of facts from a closed-access source is Oscar's call, not this pipeline's"
TMSR1506,TOLG238,human_in_vitro,PMC8264460; PMID 33540294; doi:10.1016/j.thromres.2021.01.006,summary_stat,C_closed_access,,closed_no_open_licence,,,Thrombosis research,DECISION_REQUIRED,PROPOSED_HOLD,"no open licence declared by the publisher; extracted values are facts rather than expression, but the release of facts from a closed-access source is Oscar's call, not this pipeline's"
TMSR1507,TOLG238,human_in_vitro,PMC8264460; PMID 33540294; doi:10.1016/j.thromres.2021.01.006,summary_stat,C_closed_access,,closed_no_open_licence,,,Thrombosis research,DECISION_REQUIRED,PROPOSED_HOLD,"no open licence declared by the publisher; extracted values are facts rather than expression, but the release of facts from a closed-access source is Oscar's call, not this pipeline's"
TMSR1508,TOLG238,human_in_vitro,PMC8264460; PMID 33540294; doi:10.1016/j.thromres.2021.01.006,summary_stat,C_closed_access,,closed_no_open_licence,,,Thrombosis research,DECISION_REQUIRED,PROPOSED_HOLD,"no open licence declared by the publisher; extracted values are facts rather than expression, but the release of facts from a closed-access source is Oscar's call, not this pipeline's"
TMSR1509,TOLG238,human_in_vitro,PMC8264460; PMID 33540294; doi:10.1016/j.thromres.2021.01.006,summary_stat,C_closed_access,,closed_no_open_licence,,,Thrombosis research,DECISION_REQUIRED,PROPOSED_HOLD,"no open licence declared by the publisher; extracted values are facts rather than expression, but the release of facts from a closed-access source is Oscar's call, not this pipeline's"
TMSR1510,TOLG238,human_in_vitro,PMC8264460; PMID 33540294; doi:10.1016/j.thromres.2021.01.006,summary_stat,C_closed_access,,closed_no_open_licence,,,Thrombosis research,DECISION_REQUIRED,PROPOSED_HOLD,"no open licence declared by the publisher; extracted values are facts rather than expression, but the release of facts from a closed-access source is Oscar's call, not this pipeline's"
TMSR1511,TOLG238,human_in_vitro,PMC8264460; PMID 33540294; doi:10.1016/j.thromres.2021.01.006,summary_stat,C_closed_access,,closed_no_open_licence,,,Thrombosis research,DECISION_REQUIRED,PROPOSED_HOLD,"no open licence declared by the publisher; extracted values are facts rather than expression, but the release of facts from a closed-access source is Oscar's call, not this pipeline's"
TMSR1512,TOLG238,animal_in_vivo,PMC8264460; PMID 33540294; doi:10.1016/j.thromres.2021.01.006,summary_stat,C_closed_access,,closed_no_open_licence,,,Thrombosis research,DECISION_REQUIRED,PROPOSED_HOLD,"no open licence declared by the publisher; extracted values are facts rather than expression, but the release of facts from a closed-access source is Oscar's call, not this pipeline's"
TMSR1513,TOLG238,animal_in_vivo,PMC8264460; PMID 33540294; doi:10.1016/j.thromres.2021.01.006,summary_stat,C_closed_access,,closed_no_open_licence,,,Thrombosis research,DECISION_REQUIRED,PROPOSED_HOLD,"no open licence declared by the publisher; extracted values are facts rather than expression, but the release of facts from a closed-access source is Oscar's call, not this pipeline's"
TMSR1514,TOLG238,animal_in_vivo,PMC8264460; PMID 33540294; doi:10.1016/j.thromres.2021.01.006,summary_stat,C_closed_access,,closed_no_open_licence,,,Thrombosis research,DECISION_REQUIRED,PROPOSED_HOLD,"no open licence declared by the publisher; extracted values are facts rather than expression, but the release of facts from a closed-access source is Oscar's call, not this pipeline's"
TMSR1515,TOLG238,human_in_vitro,PMC8264460; PMID 33540294; doi:10.1016/j.thromres.2021.01.006,summary_stat,C_closed_access,,closed_no_open_licence,,,Thrombosis research,DECISION_REQUIRED,PROPOSED_HOLD,"no open licence declared by the publisher; extracted values are facts rather than expression, but the release of facts from a closed-access source is Oscar's call, not this pipeline's"
TMSR1516,TOLG238,human_in_vitro,PMC8264460; PMID 33540294; doi:10.1016/j.thromres.2021.01.006,summary_stat,C_closed_access,,closed_no_open_licence,,,Thrombosis research,DECISION_REQUIRED,PROPOSED_HOLD,"no open licence declared by the publisher; extracted values are facts rather than expression, but the release of facts from a closed-access source is Oscar's call, not this pipeline's"
TMSR1517,TOLG238,human_in_vitro,PMC8264460; PMID 33540294; doi:10.1016/j.thromres.2021.01.006,summary_stat,C_closed_access,,closed_no_open_licence,,,Thrombosis research,DECISION_REQUIRED,PROPOSED_HOLD,"no open licence declared by the publisher; extracted values are facts rather than expression, but the release of facts from a closed-access source is Oscar's call, not this pipeline's"
TMSR1518,TOLG238,human_in_vitro,PMC8264460; PMID 33540294; doi:10.1016/j.thromres.2021.01.006,summary_stat,C_closed_access,,closed_no_open_licence,,,Thrombosis research,DECISION_REQUIRED,PROPOSED_HOLD,"no open licence declared by the publisher; extracted values are facts rather than expression, but the release of facts from a closed-access source is Oscar's call, not this pipeline's"
TMSR1519,TOLG238,animal_in_vivo,PMC8264460; PMID 33540294; doi:10.1016/j.thromres.2021.01.006,summary_stat,C_closed_access,,closed_no_open_licence,,,Thrombosis research,DECISION_REQUIRED,PROPOSED_HOLD,"no open licence declared by the publisher; extracted values are facts rather than expression, but the release of facts from a closed-access source is Oscar's call, not this pipeline's"
TMSR1520,TOLG238,human_ex_vivo,PMC8264460; PMID 33540294; doi:10.1016/j.thromres.2021.01.006,summary_stat,C_closed_access,,closed_no_open_licence,,,Thrombosis research,DECISION_REQUIRED,PROPOSED_HOLD,"no open licence declared by the publisher; extracted values are facts rather than expression, but the release of facts from a closed-access source is Oscar's call, not this pipeline's"
TMSR1521,TOLG238,human_ex_vivo,PMC8264460; PMID 33540294; doi:10.1016/j.thromres.2021.01.006,summary_stat,C_closed_access,,closed_no_open_licence,,,Thrombosis research,DECISION_REQUIRED,PROPOSED_HOLD,"no open licence declared by the publisher; extracted values are facts rather than expression, but the release of facts from a closed-access source is Oscar's call, not this pipeline's"
TMSR1522,TOLG238,human_ex_vivo,PMC8264460; PMID 33540294; doi:10.1016/j.thromres.2021.01.006,summary_stat,C_closed_access,,closed_no_open_licence,,,Thrombosis research,DECISION_REQUIRED,PROPOSED_HOLD,"no open licence declared by the publisher; extracted values are facts rather than expression, but the release of facts from a closed-access source is Oscar's call, not this pipeline's"
TMSR1523,TOLG238,human_ex_vivo,PMC8264460; PMID 33540294; doi:10.1016/j.thromres.2021.01.006,summary_stat,C_closed_access,,closed_no_open_licence,,,Thrombosis research,DECISION_REQUIRED,PROPOSED_HOLD,"no open licence declared by the publisher; extracted values are facts rather than expression, but the release of facts from a closed-access source is Oscar's call, not this pipeline's"
TMSR1524,TOLG238,human_ex_vivo,PMC8264460; PMID 33540294; doi:10.1016/j.thromres.2021.01.006,summary_stat,C_closed_access,,closed_no_open_licence,,,Thrombosis research,DECISION_REQUIRED,PROPOSED_HOLD,"no open licence declared by the publisher; extracted values are facts rather than expression, but the release of facts from a closed-access source is Oscar's call, not this pipeline's"
TMSR1525,TOLG239,human_in_vitro,PMC8264460; PMID 33540294; doi:10.1016/j.thromres.2021.01.006,summary_stat,C_closed_access,,closed_no_open_licence,,,Thrombosis research,DECISION_REQUIRED,PROPOSED_HOLD,"no open licence declared by the publisher; extracted values are facts rather than expression, but the release of facts from a closed-access source is Oscar's call, not this pipeline's"
TMSR1526,TOLG239,human_in_vitro,PMC8264460; PMID 33540294; doi:10.1016/j.thromres.2021.01.006,summary_stat,C_closed_access,,closed_no_open_licence,,,Thrombosis research,DECISION_REQUIRED,PROPOSED_HOLD,"no open licence declared by the publisher; extracted values are facts rather than expression, but the release of facts from a closed-access source is Oscar's call, not this pipeline's"
TMSR1527,TOLG239,human_in_vitro,PMC8264460; PMID 33540294; doi:10.1016/j.thromres.2021.01.006,summary_stat,C_closed_access,,closed_no_open_licence,,,Thrombosis research,DECISION_REQUIRED,PROPOSED_HOLD,"no open licence declared by the publisher; extracted values are facts rather than expression, but the release of facts from a closed-access source is Oscar's call, not this pipeline's"
TMSR1528,TOLG239,human_in_vitro,PMC8264460; PMID 33540294; doi:10.1016/j.thromres.2021.01.006,summary_stat,C_closed_access,,closed_no_open_licence,,,Thrombosis research,DECISION_REQUIRED,PROPOSED_HOLD,"no open licence declared by the publisher; extracted values are facts rather than expression, but the release of facts from a closed-access source is Oscar's call, not this pipeline's"
TMSR1529,TOLG239,human_in_vitro,PMC8264460; PMID 33540294; doi:10.1016/j.thromres.2021.01.006,summary_stat,C_closed_access,,closed_no_open_licence,,,Thrombosis research,DECISION_REQUIRED,PROPOSED_HOLD,"no open licence declared by the publisher; extracted values are facts rather than expression, but the release of facts from a closed-access source is Oscar's call, not this pipeline's"
TMSR1530,TOLG239,human_in_vitro,PMC8264460; PMID 33540294; doi:10.1016/j.thromres.2021.01.006,summary_stat,C_closed_access,,closed_no_open_licence,,,Thrombosis research,DECISION_REQUIRED,PROPOSED_HOLD,"no open licence declared by the publisher; extracted values are facts rather than expression, but the release of facts from a closed-access source is Oscar's call, not this pipeline's"
TMSR1531,TOLG239,human_in_vitro,PMC8264460; PMID 33540294; doi:10.1016/j.thromres.2021.01.006,summary_stat,C_closed_access,,closed_no_open_licence,,,Thrombosis research,DECISION_REQUIRED,PROPOSED_HOLD,"no open licence declared by the publisher; extracted values are facts rather than expression, but the release of facts from a closed-access source is Oscar's call, not this pipeline's"
TMSR1532,TOLG239,human_in_vitro,PMC8264460; PMID 33540294; doi:10.1016/j.thromres.2021.01.006,summary_stat,C_closed_access,,closed_no_open_licence,,,Thrombosis research,DECISION_REQUIRED,PROPOSED_HOLD,"no open licence declared by the publisher; extracted values are facts rather than expression, but the release of facts from a closed-access source is Oscar's call, not this pipeline's"
TMSR1533,TOLG239,animal_in_vivo,PMC8264460; PMID 33540294; doi:10.1016/j.thromres.2021.01.006,summary_stat,C_closed_access,,closed_no_open_licence,,,Thrombosis research,DECISION_REQUIRED,PROPOSED_HOLD,"no open licence declared by the publisher; extracted values are facts rather than expression, but the release of facts from a closed-access source is Oscar's call, not this pipeline's"
TMSR1534,TOLG239,animal_in_vivo,PMC8264460; PMID 33540294; doi:10.1016/j.thromres.2021.01.006,summary_stat,C_closed_access,,closed_no_open_licence,,,Thrombosis research,DECISION_REQUIRED,PROPOSED_HOLD,"no open licence declared by the publisher; extracted values are facts rather than expression, but the release of facts from a closed-access source is Oscar's call, not this pipeline's"
TMSR1535,TOLG239,animal_in_vivo,PMC8264460; PMID 33540294; doi:10.1016/j.thromres.2021.01.006,summary_stat,C_closed_access,,closed_no_open_licence,,,Thrombosis research,DECISION_REQUIRED,PROPOSED_HOLD,"no open licence declared by the publisher; extracted values are facts rather than expression, but the release of facts from a closed-access source is Oscar's call, not this pipeline's"
TMSR1536,TOLG239,human_in_vitro,PMC8264460; PMID 33540294; doi:10.1016/j.thromres.2021.01.006,summary_stat,C_closed_access,,closed_no_open_licence,,,Thrombosis research,DECISION_REQUIRED,PROPOSED_HOLD,"no open licence declared by the publisher; extracted values are facts rather than expression, but the release of facts from a closed-access source is Oscar's call, not this pipeline's"
TMSR1537,TOLG239,human_in_vitro,PMC8264460; PMID 33540294; doi:10.1016/j.thromres.2021.01.006,summary_stat,C_closed_access,,closed_no_open_licence,,,Thrombosis research,DECISION_REQUIRED,PROPOSED_HOLD,"no open licence declared by the publisher; extracted values are facts rather than expression, but the release of facts from a closed-access source is Oscar's call, not this pipeline's"
TMSR1538,TOLG239,human_in_vitro,PMC8264460; PMID 33540294; doi:10.1016/j.thromres.2021.01.006,summary_stat,C_closed_access,,closed_no_open_licence,,,Thrombosis research,DECISION_REQUIRED,PROPOSED_HOLD,"no open licence declared by the publisher; extracted values are facts rather than expression, but the release of facts from a closed-access source is Oscar's call, not this pipeline's"
TMSR1539,TOLG239,animal_in_vivo,PMC8264460; PMID 33540294; doi:10.1016/j.thromres.2021.01.006,summary_stat,C_closed_access,,closed_no_open_licence,,,Thrombosis research,DECISION_REQUIRED,PROPOSED_HOLD,"no open licence declared by the publisher; extracted values are facts rather than expression, but the release of facts from a closed-access source is Oscar's call, not this pipeline's"
TMSR1540,TOLG239,human_ex_vivo,PMC8264460; PMID 33540294; doi:10.1016/j.thromres.2021.01.006,summary_stat,C_closed_access,,closed_no_open_licence,,,Thrombosis research,DECISION_REQUIRED,PROPOSED_HOLD,"no open licence declared by the publisher; extracted values are facts rather than expression, but the release of facts from a closed-access source is Oscar's call, not this pipeline's"
TMSR1541,TOLG239,human_ex_vivo,PMC8264460; PMID 33540294; doi:10.1016/j.thromres.2021.01.006,summary_stat,C_closed_access,,closed_no_open_licence,,,Thrombosis research,DECISION_REQUIRED,PROPOSED_HOLD,"no open licence declared by the publisher; extracted values are facts rather than expression, but the release of facts from a closed-access source is Oscar's call, not this pipeline's"
TMSR1542,TOLG239,human_ex_vivo,PMC8264460; PMID 33540294; doi:10.1016/j.thromres.2021.01.006,summary_stat,C_closed_access,,closed_no_open_licence,,,Thrombosis research,DECISION_REQUIRED,PROPOSED_HOLD,"no open licence declared by the publisher; extracted values are facts rather than expression, but the release of facts from a closed-access source is Oscar's call, not this pipeline's"
TMSR1543,TOLG239,human_ex_vivo,PMC8264460; PMID 33540294; doi:10.1016/j.thromres.2021.01.006,summary_stat,C_closed_access,,closed_no_open_licence,,,Thrombosis research,DECISION_REQUIRED,PROPOSED_HOLD,"no open licence declared by the publisher; extracted values are facts rather than expression, but the release of facts from a closed-access source is Oscar's call, not this pipeline's"
TMSR1544,TOLG239,human_ex_vivo,PMC8264460; PMID 33540294; doi:10.1016/j.thromres.2021.01.006,summary_stat,C_closed_access,,closed_no_open_licence,,,Thrombosis research,DECISION_REQUIRED,PROPOSED_HOLD,"no open licence declared by the publisher; extracted values are facts rather than expression, but the release of facts from a closed-access source is Oscar's call, not this pipeline's"
TMSR1545,TOLG240,human_clinical,"EMA Spinraza (nusinersen) EPAR public assessment report, EMA/289068/2017 (EMEA/H/C/004312)",public_domain,A_public_domain,,ema_reuse_with_attribution,EMA,"EMA permits reuse INCLUDING commercial use, conditional on attribution. NOT public domain -- attribution is a condition, so it is a licence",,permitted,no,
TMSR1546,TOLG240,human_clinical,FDA_label_SPINRAZA_SPL_nusinersen,public_domain,A_public_domain,,public_domain_us_federal,FDA_US,US federal agency work; no copyright attaches,,permitted,no,
TMSR1547,TOLG240,human_clinical,FDA_label_SPINRAZA_SPL_nusinersen,public_domain,A_public_domain,,public_domain_us_federal,FDA_US,US federal agency work; no copyright attaches,,permitted,no,
TMSR1548,TOLG241,human_in_vitro,PMC4322051; PMID 25646267; doi:10.1084/jem.20140391,summary_stat,B_cc_licensed,cc by-nc-sa,cc_nc_noncommercial,,,The Journal of experimental medicine,permitted,no,
TMSR1549,TOLG241,human_in_vitro,PMC4322051; PMID 25646267; doi:10.1084/jem.20140391,summary_stat,B_cc_licensed,cc by-nc-sa,cc_nc_noncommercial,,,The Journal of experimental medicine,permitted,no,
TMSR1550,TOLG241,human_in_vitro,PMC4322051; PMID 25646267; doi:10.1084/jem.20140391,summary_stat,B_cc_licensed,cc by-nc-sa,cc_nc_noncommercial,,,The Journal of experimental medicine,permitted,no,
TMSR1551,TOLG241,human_in_vitro,PMC4322051; PMID 25646267; doi:10.1084/jem.20140391,summary_stat,B_cc_licensed,cc by-nc-sa,cc_nc_noncommercial,,,The Journal of experimental medicine,permitted,no,
TMSR1552,TOLG241,human_in_vitro,PMC4322051; PMID 25646267; doi:10.1084/jem.20140391,summary_stat,B_cc_licensed,cc by-nc-sa,cc_nc_noncommercial,,,The Journal of experimental medicine,permitted,no,
TMSR1553,TOLG241,human_in_vitro,PMC4322051; PMID 25646267; doi:10.1084/jem.20140391,summary_stat,B_cc_licensed,cc by-nc-sa,cc_nc_noncommercial,,,The Journal of experimental medicine,permitted,no,
TMSR1554,TOLG241,human_in_vitro,PMC4322051; PMID 25646267; doi:10.1084/jem.20140391,summary_stat,B_cc_licensed,cc by-nc-sa,cc_nc_noncommercial,,,The Journal of experimental medicine,permitted,no,
TMSR1555,TOLG241,human_in_vitro,PMC4322051; PMID 25646267; doi:10.1084/jem.20140391,summary_stat,B_cc_licensed,cc by-nc-sa,cc_nc_noncommercial,,,The Journal of experimental medicine,permitted,no,
TMSR1556,TOLG241,human_in_vitro,PMC4322051; PMID 25646267; doi:10.1084/jem.20140391,summary_stat,B_cc_licensed,cc by-nc-sa,cc_nc_noncommercial,,,The Journal of experimental medicine,permitted,no,
TMSR1557,TOLG241,human_in_vitro,PMC4322051; PMID 25646267; doi:10.1084/jem.20140391,summary_stat,B_cc_licensed,cc by-nc-sa,cc_nc_noncommercial,,,The Journal of experimental medicine,permitted,no,
TMSR1558,TOLG241,human_clinical,PMC4322051; PMID 25646267; doi:10.1084/jem.20140391,summary_stat,B_cc_licensed,cc by-nc-sa,cc_nc_noncommercial,,,The Journal of experimental medicine,permitted,no,
TMSR1559,TOLG241,human_in_vitro,PMC4322051; PMID 25646267; doi:10.1084/jem.20140391,summary_stat,B_cc_licensed,cc by-nc-sa,cc_nc_noncommercial,,,The Journal of experimental medicine,permitted,no,
TMSR1560,TOLG241,human_in_vitro,PMC4322051; PMID 25646267; doi:10.1084/jem.20140391,summary_stat,B_cc_licensed,cc by-nc-sa,cc_nc_noncommercial,,,The Journal of experimental medicine,permitted,no,
TMSR1561,TOLG242,human_in_vitro,PMC4322051; PMID 25646267; doi:10.1084/jem.20140391,summary_stat,B_cc_licensed,cc by-nc-sa,cc_nc_noncommercial,,,The Journal of experimental medicine,permitted,no,
TMSR1562,TOLG242,human_in_vitro,PMC4322051; PMID 25646267; doi:10.1084/jem.20140391,summary_stat,B_cc_licensed,cc by-nc-sa,cc_nc_noncommercial,,,The Journal of experimental medicine,permitted,no,
TMSR1563,TOLG242,human_in_vitro,PMC4322051; PMID 25646267; doi:10.1084/jem.20140391,summary_stat,B_cc_licensed,cc by-nc-sa,cc_nc_noncommercial,,,The Journal of experimental medicine,permitted,no,
TMSR1564,TOLG242,human_in_vitro,PMC4322051; PMID 25646267; doi:10.1084/jem.20140391,summary_stat,B_cc_licensed,cc by-nc-sa,cc_nc_noncommercial,,,The Journal of experimental medicine,permitted,no,
TMSR1565,TOLG242,human_in_vitro,PMC4322051; PMID 25646267; doi:10.1084/jem.20140391,summary_stat,B_cc_licensed,cc by-nc-sa,cc_nc_noncommercial,,,The Journal of experimental medicine,permitted,no,
TMSR1566,TOLG242,human_in_vitro,PMC4322051; PMID 25646267; doi:10.1084/jem.20140391,summary_stat,B_cc_licensed,cc by-nc-sa,cc_nc_noncommercial,,,The Journal of experimental medicine,permitted,no,
TMSR1567,TOLG242,human_in_vitro,PMC4322051; PMID 25646267; doi:10.1084/jem.20140391,summary_stat,B_cc_licensed,cc by-nc-sa,cc_nc_noncommercial,,,The Journal of experimental medicine,permitted,no,
TMSR1568,TOLG242,human_in_vitro,PMC4322051; PMID 25646267; doi:10.1084/jem.20140391,summary_stat,B_cc_licensed,cc by-nc-sa,cc_nc_noncommercial,,,The Journal of experimental medicine,permitted,no,
TMSR1569,TOLG242,human_in_vitro,PMC4322051; PMID 25646267; doi:10.1084/jem.20140391,summary_stat,B_cc_licensed,cc by-nc-sa,cc_nc_noncommercial,,,The Journal of experimental medicine,permitted,no,
TMSR1570,TOLG242,human_in_vitro,PMC4322051; PMID 25646267; doi:10.1084/jem.20140391,summary_stat,B_cc_licensed,cc by-nc-sa,cc_nc_noncommercial,,,The Journal of experimental medicine,permitted,no,
TMSR1571,TOLG242,human_in_vitro,PMC4322051; PMID 25646267; doi:10.1084/jem.20140391,summary_stat,B_cc_licensed,cc by-nc-sa,cc_nc_noncommercial,,,The Journal of experimental medicine,permitted,no,
TMSR1572,TOLG242,human_in_vitro,PMC4322051; PMID 25646267; doi:10.1084/jem.20140391,summary_stat,B_cc_licensed,cc by-nc-sa,cc_nc_noncommercial,,,The Journal of experimental medicine,permitted,no,
TMSR1573,TOLG242,human_in_vitro,PMC4322051; PMID 25646267; doi:10.1084/jem.20140391,summary_stat,B_cc_licensed,cc by-nc-sa,cc_nc_noncommercial,,,The Journal of experimental medicine,permitted,no,
TMSR1574,TOLG242,human_in_vitro,PMC4322051; PMID 25646267; doi:10.1084/jem.20140391,summary_stat,B_cc_licensed,cc by-nc-sa,cc_nc_noncommercial,,,The Journal of experimental medicine,permitted,no,
TMSR1575,TOLG242,animal_in_vivo,PMC4322051; PMID 25646267; doi:10.1084/jem.20140391,summary_stat,B_cc_licensed,cc by-nc-sa,cc_nc_noncommercial,,,The Journal of experimental medicine,permitted,no,
TMSR1576,TOLG242,animal_in_vivo,PMC4322051; PMID 25646267; doi:10.1084/jem.20140391,summary_stat,B_cc_licensed,cc by-nc-sa,cc_nc_noncommercial,,,The Journal of experimental medicine,permitted,no,
TMSR1577,TOLG242,animal_in_vivo,PMC4322051; PMID 25646267; doi:10.1084/jem.20140391,summary_stat,B_cc_licensed,cc by-nc-sa,cc_nc_noncommercial,,,The Journal of experimental medicine,permitted,no,
TMSR1578,TOLG242,human_in_vitro,PMC4322051; PMID 25646267; doi:10.1084/jem.20140391,summary_stat,B_cc_licensed,cc by-nc-sa,cc_nc_noncommercial,,,The Journal of experimental medicine,permitted,no,
TMSR1579,TOLG242,human_in_vitro,PMC5673186; doi:10.1371/journal.pone.0187574,cc_by,B_cc_licensed,cc by,cc_permissive,,,PloS one,permitted,no,
TMSR1580,TOLG242,human_in_vitro,PMC5673186; doi:10.1371/journal.pone.0187574,cc_by,B_cc_licensed,cc by,cc_permissive,,,PloS one,permitted,no,
TMSR1581,TOLG242,unspecified,PMC5673186; doi:10.1371/journal.pone.0187574,cc_by,B_cc_licensed,cc by,cc_permissive,,,PloS one,permitted,no,
TMSR1582,TOLG242,human_in_vitro,PMC5673186; doi:10.1371/journal.pone.0187574,cc_by,B_cc_licensed,cc by,cc_permissive,,,PloS one,permitted,no,
TMSR1583,TOLG242,human_in_vitro,PMC5673186; doi:10.1371/journal.pone.0187574,cc_by,B_cc_licensed,cc by,cc_permissive,,,PloS one,permitted,no,
TMSR1584,TOLG242,human_in_vitro,PMC5673186; doi:10.1371/journal.pone.0187574,cc_by,B_cc_licensed,cc by,cc_permissive,,,PloS one,permitted,no,
TMSR1585,TOLG243,animal_in_vitro,doi:10.3390/pharmaceutics15041112 (PMC10143489; PMID 37111598),cc_by,B_cc_licensed,cc by,cc_permissive,,,Pharmaceutics,permitted,no,
TMSR1586,TOLG243,animal_in_vitro,doi:10.3390/pharmaceutics15041112 (PMC10143489; PMID 37111598),cc_by,B_cc_licensed,cc by,cc_permissive,,,Pharmaceutics,permitted,no,
TMSR1587,TOLG243,animal_in_vitro,doi:10.3390/pharmaceutics15041112 (PMC10143489; PMID 37111598),cc_by,B_cc_licensed,cc by,cc_permissive,,,Pharmaceutics,permitted,no,
TMSR1588,TOLG243,animal_in_vitro,doi:10.3390/pharmaceutics15041112 (PMC10143489; PMID 37111598),cc_by,B_cc_licensed,cc by,cc_permissive,,,Pharmaceutics,permitted,no,
TMSR1589,TOLG243,animal_in_vitro,doi:10.3390/pharmaceutics15041112 (PMC10143489; PMID 37111598),cc_by,B_cc_licensed,cc by,cc_permissive,,,Pharmaceutics,permitted,no,
TMSR1590,TOLG243,animal_in_vitro,doi:10.3390/pharmaceutics15041112 (PMC10143489; PMID 37111598),cc_by,B_cc_licensed,cc by,cc_permissive,,,Pharmaceutics,permitted,no,
TMSR1591,TOLG243,human_in_vitro,doi:10.3390/pharmaceutics15041112 (PMC10143489; PMID 37111598),cc_by,B_cc_licensed,cc by,cc_permissive,,,Pharmaceutics,permitted,no,
TMSR1592,TOLG244,human_in_vitro,10.3324/haematol.2020.260059,summary_stat,B_cc_licensed,cc by-nc,cc_nc_noncommercial,,,Haematologica,permitted,no,
TMSR1593,TOLG244,animal_in_vitro,10.3324/haematol.2020.260059,summary_stat,B_cc_licensed,cc by-nc,cc_nc_noncommercial,,,Haematologica,permitted,no,
TMSR1594,TOLG244,human_in_vitro,10.3324/haematol.2020.260059,summary_stat,B_cc_licensed,cc by-nc,cc_nc_noncommercial,,,Haematologica,permitted,no,
TMSR1595,TOLG244,human_in_vitro,10.3324/haematol.2020.260059,summary_stat,B_cc_licensed,cc by-nc,cc_nc_noncommercial,,,Haematologica,permitted,no,
TMSR1596,TOLG244,human_in_vitro,10.3324/haematol.2020.260059,summary_stat,B_cc_licensed,cc by-nc,cc_nc_noncommercial,,,Haematologica,permitted,no,
TMSR1597,TOLG244,human_in_vitro,10.3324/haematol.2020.260059,summary_stat,B_cc_licensed,cc by-nc,cc_nc_noncommercial,,,Haematologica,permitted,no,
TMSR1598,TOLG244,human_in_vitro,10.3324/haematol.2020.260059,summary_stat,B_cc_licensed,cc by-nc,cc_nc_noncommercial,,,Haematologica,permitted,no,
TMSR1599,TOLG244,human_in_vitro,10.3324/haematol.2020.260059,summary_stat,B_cc_licensed,cc by-nc,cc_nc_noncommercial,,,Haematologica,permitted,no,
TMSR1600,TOLG244,human_in_vitro,10.3324/haematol.2020.260059,summary_stat,B_cc_licensed,cc by-nc,cc_nc_noncommercial,,,Haematologica,permitted,no,
TMSR1601,TOLG244,human_in_vitro,10.3324/haematol.2020.260059,summary_stat,B_cc_licensed,cc by-nc,cc_nc_noncommercial,,,Haematologica,permitted,no,
TMSR1602,TOLG244,human_in_vitro,10.3324/haematol.2020.260059,summary_stat,B_cc_licensed,cc by-nc,cc_nc_noncommercial,,,Haematologica,permitted,no,
TMSR1603,TOLG244,human_in_vitro,10.3324/haematol.2020.260059,summary_stat,B_cc_licensed,cc by-nc,cc_nc_noncommercial,,,Haematologica,permitted,no,
TMSR1604,TOLG244,human_in_vitro,10.3324/haematol.2020.260059,summary_stat,B_cc_licensed,cc by-nc,cc_nc_noncommercial,,,Haematologica,permitted,no,
TMSR1605,TOLG244,human_in_vitro,10.3324/haematol.2020.260059,summary_stat,B_cc_licensed,cc by-nc,cc_nc_noncommercial,,,Haematologica,permitted,no,
TMSR1606,TOLG244,human_in_vitro,10.3324/haematol.2020.260059,summary_stat,B_cc_licensed,cc by-nc,cc_nc_noncommercial,,,Haematologica,permitted,no,
TMSR1607,TOLG244,human_in_vitro,10.3324/haematol.2020.260059,summary_stat,B_cc_licensed,cc by-nc,cc_nc_noncommercial,,,Haematologica,permitted,no,
TMSR1608,TOLG244,human_in_vitro,10.3324/haematol.2020.260059,summary_stat,B_cc_licensed,cc by-nc,cc_nc_noncommercial,,,Haematologica,permitted,no,
TMSR1609,TOLG244,human_in_vitro,10.3324/haematol.2020.260059,summary_stat,B_cc_licensed,cc by-nc,cc_nc_noncommercial,,,Haematologica,permitted,no,
TMSR1610,TOLG244,human_in_vitro,10.3324/haematol.2020.260059,summary_stat,B_cc_licensed,cc by-nc,cc_nc_noncommercial,,,Haematologica,permitted,no,
TMSR1611,TOLG244,human_in_vitro,10.3324/haematol.2020.260059,summary_stat,B_cc_licensed,cc by-nc,cc_nc_noncommercial,,,Haematologica,permitted,no,
TMSR1612,TOLG244,human_in_vitro,10.3324/haematol.2020.260059,summary_stat,B_cc_licensed,cc by-nc,cc_nc_noncommercial,,,Haematologica,permitted,no,
TMSR1613,TOLG244,human_in_vitro,10.3324/haematol.2020.260059,summary_stat,B_cc_licensed,cc by-nc,cc_nc_noncommercial,,,Haematologica,permitted,no,
TMSR1614,TOLG244,human_in_vitro,10.3324/haematol.2020.260059,summary_stat,B_cc_licensed,cc by-nc,cc_nc_noncommercial,,,Haematologica,permitted,no,
TMSR1615,TOLG244,human_in_vitro,10.3324/haematol.2020.260059,summary_stat,B_cc_licensed,cc by-nc,cc_nc_noncommercial,,,Haematologica,permitted,no,
TMSR1616,TOLG244,human_in_vitro,10.3324/haematol.2020.260059,summary_stat,B_cc_licensed,cc by-nc,cc_nc_noncommercial,,,Haematologica,permitted,no,
TMSR1617,TOLG244,human_in_vitro,10.3324/haematol.2020.260059,summary_stat,B_cc_licensed,cc by-nc,cc_nc_noncommercial,,,Haematologica,permitted,no,
TMSR1618,TOLG244,human_in_vitro,10.3324/haematol.2020.260059,summary_stat,B_cc_licensed,cc by-nc,cc_nc_noncommercial,,,Haematologica,permitted,no,
TMSR1619,TOLG244,human_in_vitro,10.3324/haematol.2020.260059,summary_stat,B_cc_licensed,cc by-nc,cc_nc_noncommercial,,,Haematologica,permitted,no,
TMSR1620,TOLG244,human_in_vitro,10.3324/haematol.2020.260059,summary_stat,B_cc_licensed,cc by-nc,cc_nc_noncommercial,,,Haematologica,permitted,no,
TMSR1621,TOLG244,human_in_vitro,10.3324/haematol.2020.260059,summary_stat,B_cc_licensed,cc by-nc,cc_nc_noncommercial,,,Haematologica,permitted,no,
TMSR1622,TOLG244,human_in_vitro,10.3324/haematol.2020.260059,summary_stat,B_cc_licensed,cc by-nc,cc_nc_noncommercial,,,Haematologica,permitted,no,
TMSR1623,TOLG244,human_in_vitro,10.3324/haematol.2020.260059,summary_stat,B_cc_licensed,cc by-nc,cc_nc_noncommercial,,,Haematologica,permitted,no,
TMSR1624,TOLG244,human_in_vitro,10.3324/haematol.2020.260059,summary_stat,B_cc_licensed,cc by-nc,cc_nc_noncommercial,,,Haematologica,permitted,no,
TMSR1625,TOLG244,human_in_vitro,10.3324/haematol.2020.260059,summary_stat,B_cc_licensed,cc by-nc,cc_nc_noncommercial,,,Haematologica,permitted,no,
TMSR1626,TOLG244,human_in_vitro,10.3324/haematol.2020.260059,summary_stat,B_cc_licensed,cc by-nc,cc_nc_noncommercial,,,Haematologica,permitted,no,
TMSR1627,TOLG244,human_in_vitro,10.3324/haematol.2020.260059,summary_stat,B_cc_licensed,cc by-nc,cc_nc_noncommercial,,,Haematologica,permitted,no,
TMSR1628,TOLG244,human_in_vitro,10.3324/haematol.2020.260059,summary_stat,B_cc_licensed,cc by-nc,cc_nc_noncommercial,,,Haematologica,permitted,no,
TMSR1629,TOLG244,human_in_vitro,10.3324/haematol.2020.260059,summary_stat,B_cc_licensed,cc by-nc,cc_nc_noncommercial,,,Haematologica,permitted,no,
TMSR1630,TOLG244,animal_in_vitro,doi:10.3390/pharmaceutics15041112 (PMC10143489; PMID 37111598),cc_by,B_cc_licensed,cc by,cc_permissive,,,Pharmaceutics,permitted,no,
TMSR1631,TOLG244,animal_in_vitro,doi:10.3390/pharmaceutics15041112 (PMC10143489; PMID 37111598),cc_by,B_cc_licensed,cc by,cc_permissive,,,Pharmaceutics,permitted,no,
TMSR1632,TOLG244,animal_in_vitro,doi:10.3390/pharmaceutics15041112 (PMC10143489; PMID 37111598),cc_by,B_cc_licensed,cc by,cc_permissive,,,Pharmaceutics,permitted,no,
TMSR1633,TOLG244,animal_in_vitro,doi:10.3390/pharmaceutics15041112 (PMC10143489; PMID 37111598),cc_by,B_cc_licensed,cc by,cc_permissive,,,Pharmaceutics,permitted,no,
TMSR1634,TOLG244,animal_in_vitro,doi:10.3390/pharmaceutics15041112 (PMC10143489; PMID 37111598),cc_by,B_cc_licensed,cc by,cc_permissive,,,Pharmaceutics,permitted,no,
TMSR1635,TOLG244,animal_in_vitro,doi:10.3390/pharmaceutics15041112 (PMC10143489; PMID 37111598),cc_by,B_cc_licensed,cc by,cc_permissive,,,Pharmaceutics,permitted,no,
TMSR1636,TOLG244,animal_in_vitro,doi:10.3390/pharmaceutics15041112 (PMC10143489; PMID 37111598),cc_by,B_cc_licensed,cc by,cc_permissive,,,Pharmaceutics,permitted,no,
TMSR1637,TOLG244,human_in_vitro,doi:10.3390/pharmaceutics15041112 (PMC10143489; PMID 37111598),cc_by,B_cc_licensed,cc by,cc_permissive,,,Pharmaceutics,permitted,no,
TMSR1638,TOLG244,human_in_vitro,doi:10.3390/pharmaceutics15041112 (PMC10143489; PMID 37111598),cc_by,B_cc_licensed,cc by,cc_permissive,,,Pharmaceutics,permitted,no,
TMSR1639,TOLG244,human_in_vitro,PMC4322051; PMID 25646267; doi:10.1084/jem.20140391,summary_stat,B_cc_licensed,cc by-nc-sa,cc_nc_noncommercial,,,The Journal of experimental medicine,permitted,no,
TMSR1640,TOLG244,human_in_vitro,PMC4322051; PMID 25646267; doi:10.1084/jem.20140391,summary_stat,B_cc_licensed,cc by-nc-sa,cc_nc_noncommercial,,,The Journal of experimental medicine,permitted,no,
TMSR1641,TOLG244,human_in_vitro,PMC4322051; PMID 25646267; doi:10.1084/jem.20140391,summary_stat,B_cc_licensed,cc by-nc-sa,cc_nc_noncommercial,,,The Journal of experimental medicine,permitted,no,
TMSR1642,TOLG244,human_in_vitro,PMC4322051; PMID 25646267; doi:10.1084/jem.20140391,summary_stat,B_cc_licensed,cc by-nc-sa,cc_nc_noncommercial,,,The Journal of experimental medicine,permitted,no,
TMSR1643,TOLG244,human_in_vitro,PMC4322051; PMID 25646267; doi:10.1084/jem.20140391,summary_stat,B_cc_licensed,cc by-nc-sa,cc_nc_noncommercial,,,The Journal of experimental medicine,permitted,no,
TMSR1644,TOLG244,human_in_vitro,PMC4322051; PMID 25646267; doi:10.1084/jem.20140391,summary_stat,B_cc_licensed,cc by-nc-sa,cc_nc_noncommercial,,,The Journal of experimental medicine,permitted,no,
TMSR1645,TOLG244,human_in_vitro,PMC4322051; PMID 25646267; doi:10.1084/jem.20140391,summary_stat,B_cc_licensed,cc by-nc-sa,cc_nc_noncommercial,,,The Journal of experimental medicine,permitted,no,
TMSR1646,TOLG244,human_in_vitro,PMC4322051; PMID 25646267; doi:10.1084/jem.20140391,summary_stat,B_cc_licensed,cc by-nc-sa,cc_nc_noncommercial,,,The Journal of experimental medicine,permitted,no,
TMSR1647,TOLG244,human_in_vitro,PMC4322051; PMID 25646267; doi:10.1084/jem.20140391,summary_stat,B_cc_licensed,cc by-nc-sa,cc_nc_noncommercial,,,The Journal of experimental medicine,permitted,no,
TMSR1648,TOLG244,human_in_vitro,PMC4322051; PMID 25646267; doi:10.1084/jem.20140391,summary_stat,B_cc_licensed,cc by-nc-sa,cc_nc_noncommercial,,,The Journal of experimental medicine,permitted,no,
TMSR1649,TOLG244,human_in_vitro,PMC4322051; PMID 25646267; doi:10.1084/jem.20140391,summary_stat,B_cc_licensed,cc by-nc-sa,cc_nc_noncommercial,,,The Journal of experimental medicine,permitted,no,
TMSR1650,TOLG244,human_in_vitro,PMC4322051; PMID 25646267; doi:10.1084/jem.20140391,summary_stat,B_cc_licensed,cc by-nc-sa,cc_nc_noncommercial,,,The Journal of experimental medicine,permitted,no,
TMSR1651,TOLG244,human_in_vitro,PMC4322051; PMID 25646267; doi:10.1084/jem.20140391,summary_stat,B_cc_licensed,cc by-nc-sa,cc_nc_noncommercial,,,The Journal of experimental medicine,permitted,no,
TMSR1652,TOLG244,animal_ex_vivo,PMC4322051; PMID 25646267; doi:10.1084/jem.20140391,summary_stat,B_cc_licensed,cc by-nc-sa,cc_nc_noncommercial,,,The Journal of experimental medicine,permitted,no,
TMSR1653,TOLG244,animal_ex_vivo,PMC4322051; PMID 25646267; doi:10.1084/jem.20140391,summary_stat,B_cc_licensed,cc by-nc-sa,cc_nc_noncommercial,,,The Journal of experimental medicine,permitted,no,
TMSR1654,TOLG244,animal_ex_vivo,PMC4322051; PMID 25646267; doi:10.1084/jem.20140391,summary_stat,B_cc_licensed,cc by-nc-sa,cc_nc_noncommercial,,,The Journal of experimental medicine,permitted,no,
TMSR1655,TOLG244,animal_ex_vivo,PMC4322051; PMID 25646267; doi:10.1084/jem.20140391,summary_stat,B_cc_licensed,cc by-nc-sa,cc_nc_noncommercial,,,The Journal of experimental medicine,permitted,no,
TMSR1656,TOLG244,animal_ex_vivo,PMC4322051; PMID 25646267; doi:10.1084/jem.20140391,summary_stat,B_cc_licensed,cc by-nc-sa,cc_nc_noncommercial,,,The Journal of experimental medicine,permitted,no,
TMSR1657,TOLG244,animal_ex_vivo,PMC4322051; PMID 25646267; doi:10.1084/jem.20140391,summary_stat,B_cc_licensed,cc by-nc-sa,cc_nc_noncommercial,,,The Journal of experimental medicine,permitted,no,
TMSR1658,TOLG244,animal_ex_vivo,PMC4322051; PMID 25646267; doi:10.1084/jem.20140391,summary_stat,B_cc_licensed,cc by-nc-sa,cc_nc_noncommercial,,,The Journal of experimental medicine,permitted,no,
TMSR1659,TOLG244,animal_ex_vivo,PMC4322051; PMID 25646267; doi:10.1084/jem.20140391,summary_stat,B_cc_licensed,cc by-nc-sa,cc_nc_noncommercial,,,The Journal of experimental medicine,permitted,no,
TMSR1660,TOLG244,human_in_vitro,PMC4322051; PMID 25646267; doi:10.1084/jem.20140391,summary_stat,B_cc_licensed,cc by-nc-sa,cc_nc_noncommercial,,,The Journal of experimental medicine,permitted,no,
TMSR1661,TOLG244,human_in_vitro,PMC4322051; PMID 25646267; doi:10.1084/jem.20140391,summary_stat,B_cc_licensed,cc by-nc-sa,cc_nc_noncommercial,,,The Journal of experimental medicine,permitted,no,
TMSR1662,TOLG244,human_in_vitro,PMC4322051; PMID 25646267; doi:10.1084/jem.20140391,summary_stat,B_cc_licensed,cc by-nc-sa,cc_nc_noncommercial,,,The Journal of experimental medicine,permitted,no,
TMSR1663,TOLG244,human_in_vitro,PMC4322051; PMID 25646267; doi:10.1084/jem.20140391,summary_stat,B_cc_licensed,cc by-nc-sa,cc_nc_noncommercial,,,The Journal of experimental medicine,permitted,no,
TMSR1664,TOLG244,human_in_vitro,PMC4322051; PMID 25646267; doi:10.1084/jem.20140391,summary_stat,B_cc_licensed,cc by-nc-sa,cc_nc_noncommercial,,,The Journal of experimental medicine,permitted,no,
TMSR1665,TOLG244,human_in_vitro,PMC4322051; PMID 25646267; doi:10.1084/jem.20140391,summary_stat,B_cc_licensed,cc by-nc-sa,cc_nc_noncommercial,,,The Journal of experimental medicine,permitted,no,
TMSR1666,TOLG244,human_in_vitro,PMC4322051; PMID 25646267; doi:10.1084/jem.20140391,summary_stat,B_cc_licensed,cc by-nc-sa,cc_nc_noncommercial,,,The Journal of experimental medicine,permitted,no,
TMSR1667,TOLG244,human_in_vitro,PMC4322051; PMID 25646267; doi:10.1084/jem.20140391,summary_stat,B_cc_licensed,cc by-nc-sa,cc_nc_noncommercial,,,The Journal of experimental medicine,permitted,no,
TMSR1668,TOLG244,human_in_vitro,PMC4322051; PMID 25646267; doi:10.1084/jem.20140391,summary_stat,B_cc_licensed,cc by-nc-sa,cc_nc_noncommercial,,,The Journal of experimental medicine,permitted,no,
TMSR1669,TOLG244,human_in_vitro,PMC4322051; PMID 25646267; doi:10.1084/jem.20140391,summary_stat,B_cc_licensed,cc by-nc-sa,cc_nc_noncommercial,,,The Journal of experimental medicine,permitted,no,
TMSR1670,TOLG244,human_in_vitro,PMC4322051; PMID 25646267; doi:10.1084/jem.20140391,summary_stat,B_cc_licensed,cc by-nc-sa,cc_nc_noncommercial,,,The Journal of experimental medicine,permitted,no,
TMSR1671,TOLG244,human_in_vitro,PMC4322051; PMID 25646267; doi:10.1084/jem.20140391,summary_stat,B_cc_licensed,cc by-nc-sa,cc_nc_noncommercial,,,The Journal of experimental medicine,permitted,no,
TMSR1672,TOLG244,human_in_vitro,PMC4322051; PMID 25646267; doi:10.1084/jem.20140391,summary_stat,B_cc_licensed,cc by-nc-sa,cc_nc_noncommercial,,,The Journal of experimental medicine,permitted,no,
TMSR1673,TOLG244,human_in_vitro,PMC4322051; PMID 25646267; doi:10.1084/jem.20140391,summary_stat,B_cc_licensed,cc by-nc-sa,cc_nc_noncommercial,,,The Journal of experimental medicine,permitted,no,
TMSR1674,TOLG244,human_in_vitro,PMC4322051; PMID 25646267; doi:10.1084/jem.20140391,summary_stat,B_cc_licensed,cc by-nc-sa,cc_nc_noncommercial,,,The Journal of experimental medicine,permitted,no,
TMSR1675,TOLG244,human_in_vitro,PMC4322051; PMID 25646267; doi:10.1084/jem.20140391,summary_stat,B_cc_licensed,cc by-nc-sa,cc_nc_noncommercial,,,The Journal of experimental medicine,permitted,no,
TMSR1676,TOLG244,human_in_vitro,PMC4322051; PMID 25646267; doi:10.1084/jem.20140391,summary_stat,B_cc_licensed,cc by-nc-sa,cc_nc_noncommercial,,,The Journal of experimental medicine,permitted,no,
TMSR1677,TOLG244,human_in_vitro,PMC4322051; PMID 25646267; doi:10.1084/jem.20140391,summary_stat,B_cc_licensed,cc by-nc-sa,cc_nc_noncommercial,,,The Journal of experimental medicine,permitted,no,
TMSR1678,TOLG244,human_in_vitro,PMC4322051; PMID 25646267; doi:10.1084/jem.20140391,summary_stat,B_cc_licensed,cc by-nc-sa,cc_nc_noncommercial,,,The Journal of experimental medicine,permitted,no,
TMSR1679,TOLG244,human_in_vitro,PMC4322051; PMID 25646267; doi:10.1084/jem.20140391,summary_stat,B_cc_licensed,cc by-nc-sa,cc_nc_noncommercial,,,The Journal of experimental medicine,permitted,no,
TMSR1680,TOLG244,human_in_vitro,PMC4322051; PMID 25646267; doi:10.1084/jem.20140391,summary_stat,B_cc_licensed,cc by-nc-sa,cc_nc_noncommercial,,,The Journal of experimental medicine,permitted,no,
TMSR1681,TOLG244,human_in_vitro,PMC4322051; PMID 25646267; doi:10.1084/jem.20140391,summary_stat,B_cc_licensed,cc by-nc-sa,cc_nc_noncommercial,,,The Journal of experimental medicine,permitted,no,
TMSR1682,TOLG244,human_in_vitro,PMC4322051; PMID 25646267; doi:10.1084/jem.20140391,summary_stat,B_cc_licensed,cc by-nc-sa,cc_nc_noncommercial,,,The Journal of experimental medicine,permitted,no,
TMSR1683,TOLG244,human_in_vitro,PMC4322051; PMID 25646267; doi:10.1084/jem.20140391,summary_stat,B_cc_licensed,cc by-nc-sa,cc_nc_noncommercial,,,The Journal of experimental medicine,permitted,no,
TMSR1684,TOLG244,human_in_vitro,PMC4322051; PMID 25646267; doi:10.1084/jem.20140391,summary_stat,B_cc_licensed,cc by-nc-sa,cc_nc_noncommercial,,,The Journal of experimental medicine,permitted,no,
TMSR1685,TOLG244,human_in_vitro,PMC4322051; PMID 25646267; doi:10.1084/jem.20140391,summary_stat,B_cc_licensed,cc by-nc-sa,cc_nc_noncommercial,,,The Journal of experimental medicine,permitted,no,
TMSR1686,TOLG244,human_in_vitro,PMC4322051; PMID 25646267; doi:10.1084/jem.20140391,summary_stat,B_cc_licensed,cc by-nc-sa,cc_nc_noncommercial,,,The Journal of experimental medicine,permitted,no,
TMSR1687,TOLG244,human_ex_vivo,PMC4322051; PMID 25646267; doi:10.1084/jem.20140391,summary_stat,B_cc_licensed,cc by-nc-sa,cc_nc_noncommercial,,,The Journal of experimental medicine,permitted,no,
TMSR1688,TOLG244,human_ex_vivo,PMC4322051; PMID 25646267; doi:10.1084/jem.20140391,summary_stat,B_cc_licensed,cc by-nc-sa,cc_nc_noncommercial,,,The Journal of experimental medicine,permitted,no,
TMSR1689,TOLG244,human_ex_vivo,PMC4322051; PMID 25646267; doi:10.1084/jem.20140391,summary_stat,B_cc_licensed,cc by-nc-sa,cc_nc_noncommercial,,,The Journal of experimental medicine,permitted,no,
TMSR1690,TOLG244,human_in_vitro,PMC4322051; PMID 25646267; doi:10.1084/jem.20140391,summary_stat,B_cc_licensed,cc by-nc-sa,cc_nc_noncommercial,,,The Journal of experimental medicine,permitted,no,
TMSR1691,TOLG244,animal_in_vivo,PMC4322051; PMID 25646267; doi:10.1084/jem.20140391,summary_stat,B_cc_licensed,cc by-nc-sa,cc_nc_noncommercial,,,The Journal of experimental medicine,permitted,no,
TMSR1692,TOLG244,animal_in_vivo,PMC4322051; PMID 25646267; doi:10.1084/jem.20140391,summary_stat,B_cc_licensed,cc by-nc-sa,cc_nc_noncommercial,,,The Journal of experimental medicine,permitted,no,
TMSR1693,TOLG244,animal_in_vivo,PMC4322051; PMID 25646267; doi:10.1084/jem.20140391,summary_stat,B_cc_licensed,cc by-nc-sa,cc_nc_noncommercial,,,The Journal of experimental medicine,permitted,no,
TMSR1694,TOLG244,human_in_vitro,PMC5673186; doi:10.1371/journal.pone.0187574,cc_by,B_cc_licensed,cc by,cc_permissive,,,PloS one,permitted,no,
TMSR1695,TOLG244,human_in_vitro,PMC5673186; doi:10.1371/journal.pone.0187574,cc_by,B_cc_licensed,cc by,cc_permissive,,,PloS one,permitted,no,
TMSR1696,TOLG244,human_in_vitro,PMC5673186; doi:10.1371/journal.pone.0187574,cc_by,B_cc_licensed,cc by,cc_permissive,,,PloS one,permitted,no,
TMSR1697,TOLG244,human_in_vitro,PMC5673186; doi:10.1371/journal.pone.0187574,cc_by,B_cc_licensed,cc by,cc_permissive,,,PloS one,permitted,no,
TMSR1698,TOLG244,human_in_vitro,PMC5673186; doi:10.1371/journal.pone.0187574,cc_by,B_cc_licensed,cc by,cc_permissive,,,PloS one,permitted,no,
TMSR1699,TOLG244,human_in_vitro,PMC5673186; doi:10.1371/journal.pone.0187574,cc_by,B_cc_licensed,cc by,cc_permissive,,,PloS one,permitted,no,
TMSR1700,TOLG244,human_in_vitro,PMC5673186; doi:10.1371/journal.pone.0187574,cc_by,B_cc_licensed,cc by,cc_permissive,,,PloS one,permitted,no,
TMSR1701,TOLG244,human_in_vitro,PMC5673186; doi:10.1371/journal.pone.0187574,cc_by,B_cc_licensed,cc by,cc_permissive,,,PloS one,permitted,no,
TMSR1702,TOLG244,human_in_vitro,PMC5673186; doi:10.1371/journal.pone.0187574,cc_by,B_cc_licensed,cc by,cc_permissive,,,PloS one,permitted,no,
TMSR1703,TOLG244,human_in_vitro,PMC5673186; doi:10.1371/journal.pone.0187574,cc_by,B_cc_licensed,cc by,cc_permissive,,,PloS one,permitted,no,
TMSR1704,TOLG244,animal_in_vivo,"PMID 39155024 / doi:10.1016/j.jtha.2024.08.003 (Johansson et al. 2024, J Thromb Haemost 22:3266-3276)",summary_stat,B_cc_licensed,cc by,cc_permissive,,,Journal of thrombosis and haemostasis : JTH,permitted,no,
TMSR1705,TOLG246,human_clinical,FDA_label_TRYNGOLZA_SPL_olezarsen,public_domain,A_public_domain,,public_domain_us_federal,FDA_US,US federal agency work; no copyright attaches,,permitted,no,
TMSR1706,TOLG246,human_clinical,FDA_label_TRYNGOLZA_SPL_olezarsen,public_domain,A_public_domain,,public_domain_us_federal,FDA_US,US federal agency work; no copyright attaches,,permitted,no,
TMSR1707,TOLG246,human_clinical,FDA_label_TRYNGOLZA_SPL_olezarsen,public_domain,A_public_domain,,public_domain_us_federal,FDA_US,US federal agency work; no copyright attaches,,permitted,no,
TMSR1708,TOLG246,human_clinical,FDA_label_TRYNGOLZA_SPL_olezarsen,public_domain,A_public_domain,,public_domain_us_federal,FDA_US,US federal agency work; no copyright attaches,,permitted,no,
TMSR1709,TOLG247,human_clinical,"EMA Onpattro (patisiran) EPAR public assessment report, EMA/554262/2018 (EMEA/H/C/004699)",public_domain,A_public_domain,,ema_reuse_with_attribution,EMA,"EMA permits reuse INCLUDING commercial use, conditional on attribution. NOT public domain -- attribution is a condition, so it is a licence",,permitted,no,
TMSR1710,TOLG247,human_clinical,FDA NDA 210922 Orig1s000 Multi-discipline Review (210922Orig1s000MultiR.pdf),public_domain,A_public_domain,,public_domain_us_federal,FDA_US,US federal agency work; no copyright attaches,,permitted,no,
TMSR1711,TOLG247,animal_in_vivo,FDA NDA 210922 Orig1s000 Multi-discipline Review (210922Orig1s000MultiR.pdf),public_domain,A_public_domain,,public_domain_us_federal,FDA_US,US federal agency work; no copyright attaches,,permitted,no,
TMSR1712,TOLG247,animal_in_vivo,FDA NDA 210922 Orig1s000 Multi-discipline Review (210922Orig1s000MultiR.pdf),public_domain,A_public_domain,,public_domain_us_federal,FDA_US,US federal agency work; no copyright attaches,,permitted,no,
TMSR1713,TOLG247,animal_in_vivo,FDA NDA 210922 Orig1s000 Multi-discipline Review (210922Orig1s000MultiR.pdf),public_domain,A_public_domain,,public_domain_us_federal,FDA_US,US federal agency work; no copyright attaches,,permitted,no,
TMSR1714,TOLG247,animal_in_vivo,FDA NDA 210922 Orig1s000 Multi-discipline Review (210922Orig1s000MultiR.pdf),public_domain,A_public_domain,,public_domain_us_federal,FDA_US,US federal agency work; no copyright attaches,,permitted,no,
TMSR1715,TOLG247,animal_in_vivo,FDA NDA 210922 Orig1s000 Multi-discipline Review (210922Orig1s000MultiR.pdf),public_domain,A_public_domain,,public_domain_us_federal,FDA_US,US federal agency work; no copyright attaches,,permitted,no,
TMSR1716,TOLG247,human_clinical,FDA NDA 210922 Orig1s000 Multi-discipline Review (210922Orig1s000MultiR.pdf),public_domain,A_public_domain,,public_domain_us_federal,FDA_US,US federal agency work; no copyright attaches,,permitted,no,
TMSR1717,TOLG247,human_clinical,"FDA NDA 215515 Orig1s000 Clinical Review (AMVUTTRA, reviewer R.W. Paine MD PhD), Reference ID 4998267",public_domain,A_public_domain,,public_domain_us_federal,FDA_US,US federal agency work; no copyright attaches,,permitted,no,
TMSR1718,TOLG248,human_in_vitro,PMC8264460; PMID 33540294; doi:10.1016/j.thromres.2021.01.006,summary_stat,C_closed_access,,closed_no_open_licence,,,Thrombosis research,DECISION_REQUIRED,PROPOSED_HOLD,"no open licence declared by the publisher; extracted values are facts rather than expression, but the release of facts from a closed-access source is Oscar's call, not this pipeline's"
TMSR1719,TOLG248,human_in_vitro,PMC8264460; PMID 33540294; doi:10.1016/j.thromres.2021.01.006,summary_stat,C_closed_access,,closed_no_open_licence,,,Thrombosis research,DECISION_REQUIRED,PROPOSED_HOLD,"no open licence declared by the publisher; extracted values are facts rather than expression, but the release of facts from a closed-access source is Oscar's call, not this pipeline's"
TMSR1720,TOLG248,human_in_vitro,PMC8264460; PMID 33540294; doi:10.1016/j.thromres.2021.01.006,summary_stat,C_closed_access,,closed_no_open_licence,,,Thrombosis research,DECISION_REQUIRED,PROPOSED_HOLD,"no open licence declared by the publisher; extracted values are facts rather than expression, but the release of facts from a closed-access source is Oscar's call, not this pipeline's"
TMSR1721,TOLG248,human_in_vitro,PMC8264460; PMID 33540294; doi:10.1016/j.thromres.2021.01.006,summary_stat,C_closed_access,,closed_no_open_licence,,,Thrombosis research,DECISION_REQUIRED,PROPOSED_HOLD,"no open licence declared by the publisher; extracted values are facts rather than expression, but the release of facts from a closed-access source is Oscar's call, not this pipeline's"
TMSR1722,TOLG248,human_in_vitro,PMC8264460; PMID 33540294; doi:10.1016/j.thromres.2021.01.006,summary_stat,C_closed_access,,closed_no_open_licence,,,Thrombosis research,DECISION_REQUIRED,PROPOSED_HOLD,"no open licence declared by the publisher; extracted values are facts rather than expression, but the release of facts from a closed-access source is Oscar's call, not this pipeline's"
TMSR1723,TOLG248,human_in_vitro,PMC8264460; PMID 33540294; doi:10.1016/j.thromres.2021.01.006,summary_stat,C_closed_access,,closed_no_open_licence,,,Thrombosis research,DECISION_REQUIRED,PROPOSED_HOLD,"no open licence declared by the publisher; extracted values are facts rather than expression, but the release of facts from a closed-access source is Oscar's call, not this pipeline's"
TMSR1724,TOLG248,human_in_vitro,PMC8264460; PMID 33540294; doi:10.1016/j.thromres.2021.01.006,summary_stat,C_closed_access,,closed_no_open_licence,,,Thrombosis research,DECISION_REQUIRED,PROPOSED_HOLD,"no open licence declared by the publisher; extracted values are facts rather than expression, but the release of facts from a closed-access source is Oscar's call, not this pipeline's"
TMSR1725,TOLG248,human_in_vitro,PMC8264460; PMID 33540294; doi:10.1016/j.thromres.2021.01.006,summary_stat,C_closed_access,,closed_no_open_licence,,,Thrombosis research,DECISION_REQUIRED,PROPOSED_HOLD,"no open licence declared by the publisher; extracted values are facts rather than expression, but the release of facts from a closed-access source is Oscar's call, not this pipeline's"
TMSR1726,TOLG248,human_in_vitro,PMC8264460; PMID 33540294; doi:10.1016/j.thromres.2021.01.006,summary_stat,C_closed_access,,closed_no_open_licence,,,Thrombosis research,DECISION_REQUIRED,PROPOSED_HOLD,"no open licence declared by the publisher; extracted values are facts rather than expression, but the release of facts from a closed-access source is Oscar's call, not this pipeline's"
TMSR1727,TOLG248,human_in_vitro,PMC8264460; PMID 33540294; doi:10.1016/j.thromres.2021.01.006,summary_stat,C_closed_access,,closed_no_open_licence,,,Thrombosis research,DECISION_REQUIRED,PROPOSED_HOLD,"no open licence declared by the publisher; extracted values are facts rather than expression, but the release of facts from a closed-access source is Oscar's call, not this pipeline's"
TMSR1728,TOLG248,human_in_vitro,PMC8264460; PMID 33540294; doi:10.1016/j.thromres.2021.01.006,summary_stat,C_closed_access,,closed_no_open_licence,,,Thrombosis research,DECISION_REQUIRED,PROPOSED_HOLD,"no open licence declared by the publisher; extracted values are facts rather than expression, but the release of facts from a closed-access source is Oscar's call, not this pipeline's"
TMSR1729,TOLG248,human_in_vitro,PMC8264460; PMID 33540294; doi:10.1016/j.thromres.2021.01.006,summary_stat,C_closed_access,,closed_no_open_licence,,,Thrombosis research,DECISION_REQUIRED,PROPOSED_HOLD,"no open licence declared by the publisher; extracted values are facts rather than expression, but the release of facts from a closed-access source is Oscar's call, not this pipeline's"
TMSR1730,TOLG249,human_in_vitro,PMID:28403626; DOI:10.1177/2048872617703065,summary_stat,C_closed_access,,closed_no_open_licence,,,European heart journal. Acute cardiovascular care,DECISION_REQUIRED,PROPOSED_HOLD,"no open licence declared by the publisher; extracted values are facts rather than expression, but the release of facts from a closed-access source is Oscar's call, not this pipeline's"
TMSR1731,TOLG249,human_in_vitro,PMID:28403626; DOI:10.1177/2048872617703065,summary_stat,C_closed_access,,closed_no_open_licence,,,European heart journal. Acute cardiovascular care,DECISION_REQUIRED,PROPOSED_HOLD,"no open licence declared by the publisher; extracted values are facts rather than expression, but the release of facts from a closed-access source is Oscar's call, not this pipeline's"
TMSR1732,TOLG250,human_clinical,"PMID 42381708 / PMCID PMC13315839 / doi:10.1016/j.omtn.2026.102976 — ""Meta-analysis of adverse events in clini",cc_by,B_cc_licensed,cc by,cc_permissive,,,Molecular therapy. Nucleic acids,permitted,no,
TMSR1733,TOLG251,human_in_vitro,PMC8264460; PMID 33540294; doi:10.1016/j.thromres.2021.01.006,summary_stat,C_closed_access,,closed_no_open_licence,,,Thrombosis research,DECISION_REQUIRED,PROPOSED_HOLD,"no open licence declared by the publisher; extracted values are facts rather than expression, but the release of facts from a closed-access source is Oscar's call, not this pipeline's"
TMSR1734,TOLG251,human_in_vitro,PMC8264460; PMID 33540294; doi:10.1016/j.thromres.2021.01.006,summary_stat,C_closed_access,,closed_no_open_licence,,,Thrombosis research,DECISION_REQUIRED,PROPOSED_HOLD,"no open licence declared by the publisher; extracted values are facts rather than expression, but the release of facts from a closed-access source is Oscar's call, not this pipeline's"
TMSR1735,TOLG252,animal_in_vitro,doi:10.3390/pharmaceutics15041112 (PMC10143489; PMID 37111598),cc_by,B_cc_licensed,cc by,cc_permissive,,,Pharmaceutics,permitted,no,
TMSR1736,TOLG252,animal_in_vitro,doi:10.3390/pharmaceutics15041112 (PMC10143489; PMID 37111598),cc_by,B_cc_licensed,cc by,cc_permissive,,,Pharmaceutics,permitted,no,
TMSR1737,TOLG252,animal_in_vitro,doi:10.3390/pharmaceutics15041112 (PMC10143489; PMID 37111598),cc_by,B_cc_licensed,cc by,cc_permissive,,,Pharmaceutics,permitted,no,
TMSR1738,TOLG252,animal_in_vitro,doi:10.3390/pharmaceutics15041112 (PMC10143489; PMID 37111598),cc_by,B_cc_licensed,cc by,cc_permissive,,,Pharmaceutics,permitted,no,
TMSR1739,TOLG252,animal_in_vitro,doi:10.3390/pharmaceutics15041112 (PMC10143489; PMID 37111598),cc_by,B_cc_licensed,cc by,cc_permissive,,,Pharmaceutics,permitted,no,
TMSR1740,TOLG252,animal_in_vivo,doi:10.3390/pharmaceutics15041112 (PMC10143489; PMID 37111598),cc_by,B_cc_licensed,cc by,cc_permissive,,,Pharmaceutics,permitted,no,
TMSR1741,TOLG252,animal_in_vivo,doi:10.3390/pharmaceutics15041112 (PMC10143489; PMID 37111598),cc_by,B_cc_licensed,cc by,cc_permissive,,,Pharmaceutics,permitted,no,
TMSR1742,TOLG252,animal_in_vivo,doi:10.3390/pharmaceutics15041112 (PMC10143489; PMID 37111598),cc_by,B_cc_licensed,cc by,cc_permissive,,,Pharmaceutics,permitted,no,
TMSR1743,TOLG252,animal_in_vivo,doi:10.3390/pharmaceutics15041112 (PMC10143489; PMID 37111598),cc_by,B_cc_licensed,cc by,cc_permissive,,,Pharmaceutics,permitted,no,
TMSR1744,TOLG252,animal_in_vivo,doi:10.3390/pharmaceutics15041112 (PMC10143489; PMID 37111598),cc_by,B_cc_licensed,cc by,cc_permissive,,,Pharmaceutics,permitted,no,
TMSR1745,TOLG252,animal_in_vivo,doi:10.3390/pharmaceutics15041112 (PMC10143489; PMID 37111598),cc_by,B_cc_licensed,cc by,cc_permissive,,,Pharmaceutics,permitted,no,
TMSR1746,TOLG252,animal_in_vivo,doi:10.3390/pharmaceutics15041112 (PMC10143489; PMID 37111598),cc_by,B_cc_licensed,cc by,cc_permissive,,,Pharmaceutics,permitted,no,
TMSR1747,TOLG252,animal_in_vivo,doi:10.3390/pharmaceutics15041112 (PMC10143489; PMID 37111598),cc_by,B_cc_licensed,cc by,cc_permissive,,,Pharmaceutics,permitted,no,
TMSR1748,TOLG252,animal_in_vivo,doi:10.3390/pharmaceutics15041112 (PMC10143489; PMID 37111598),cc_by,B_cc_licensed,cc by,cc_permissive,,,Pharmaceutics,permitted,no,
TMSR1749,TOLG252,animal_in_vivo,doi:10.3390/pharmaceutics15041112 (PMC10143489; PMID 37111598),cc_by,B_cc_licensed,cc by,cc_permissive,,,Pharmaceutics,permitted,no,
TMSR1750,TOLG252,human_clinical,doi:10.3390/pharmaceutics15041112 (PMC10143489; PMID 37111598),cc_by,B_cc_licensed,cc by,cc_permissive,,,Pharmaceutics,permitted,no,
TMSR1751,TOLG252,animal_in_vivo,doi:10.3390/pharmaceutics15041112 (PMC10143489; PMID 37111598),cc_by,B_cc_licensed,cc by,cc_permissive,,,Pharmaceutics,permitted,no,
TMSR1752,TOLG252,animal_in_vivo,doi:10.3390/pharmaceutics15041112 (PMC10143489; PMID 37111598),cc_by,B_cc_licensed,cc by,cc_permissive,,,Pharmaceutics,permitted,no,
TMSR1753,TOLG253,animal_in_vitro,doi:10.3390/pharmaceutics15041112 (PMC10143489; PMID 37111598),cc_by,B_cc_licensed,cc by,cc_permissive,,,Pharmaceutics,permitted,no,
TMSR1754,TOLG253,animal_in_vitro,doi:10.3390/pharmaceutics15041112 (PMC10143489; PMID 37111598),cc_by,B_cc_licensed,cc by,cc_permissive,,,Pharmaceutics,permitted,no,
TMSR1755,TOLG253,animal_in_vitro,doi:10.3390/pharmaceutics15041112 (PMC10143489; PMID 37111598),cc_by,B_cc_licensed,cc by,cc_permissive,,,Pharmaceutics,permitted,no,
TMSR1756,TOLG253,animal_in_vitro,doi:10.3390/pharmaceutics15041112 (PMC10143489; PMID 37111598),cc_by,B_cc_licensed,cc by,cc_permissive,,,Pharmaceutics,permitted,no,
TMSR1757,TOLG253,animal_in_vitro,doi:10.3390/pharmaceutics15041112 (PMC10143489; PMID 37111598),cc_by,B_cc_licensed,cc by,cc_permissive,,,Pharmaceutics,permitted,no,
TMSR1758,TOLG254,animal_in_vitro,doi:10.3390/pharmaceutics15041112 (PMC10143489; PMID 37111598),cc_by,B_cc_licensed,cc by,cc_permissive,,,Pharmaceutics,permitted,no,
TMSR1759,TOLG254,animal_in_vitro,doi:10.3390/pharmaceutics15041112 (PMC10143489; PMID 37111598),cc_by,B_cc_licensed,cc by,cc_permissive,,,Pharmaceutics,permitted,no,
TMSR1760,TOLG254,animal_in_vitro,doi:10.3390/pharmaceutics15041112 (PMC10143489; PMID 37111598),cc_by,B_cc_licensed,cc by,cc_permissive,,,Pharmaceutics,permitted,no,
TMSR1761,TOLG254,animal_in_vitro,doi:10.3390/pharmaceutics15041112 (PMC10143489; PMID 37111598),cc_by,B_cc_licensed,cc by,cc_permissive,,,Pharmaceutics,permitted,no,
TMSR1762,TOLG254,animal_in_vitro,doi:10.3390/pharmaceutics15041112 (PMC10143489; PMID 37111598),cc_by,B_cc_licensed,cc by,cc_permissive,,,Pharmaceutics,permitted,no,
TMSR1763,TOLG255,human_in_vitro,PMC4322051; PMID 25646267; doi:10.1084/jem.20140391,summary_stat,B_cc_licensed,cc by-nc-sa,cc_nc_noncommercial,,,The Journal of experimental medicine,permitted,no,
TMSR1764,TOLG256,human_clinical,"EMA Qalsody (tofersen) EPAR public assessment report, EMA/276404/2024 (EMEA/H/C/006072)",public_domain,A_public_domain,,ema_reuse_with_attribution,EMA,"EMA permits reuse INCLUDING commercial use, conditional on attribution. NOT public domain -- attribution is a condition, so it is a licence",,permitted,no,
TMSR1765,TOLG256,human_clinical,"EMA Qalsody (tofersen) EPAR public assessment report, EMA/276404/2024 (EMEA/H/C/006072)",public_domain,A_public_domain,,ema_reuse_with_attribution,EMA,"EMA permits reuse INCLUDING commercial use, conditional on attribution. NOT public domain -- attribution is a condition, so it is a licence",,permitted,no,
TMSR1766,TOLG256,human_clinical,"EMA Qalsody (tofersen) EPAR public assessment report, EMA/276404/2024 (EMEA/H/C/006072)",public_domain,A_public_domain,,ema_reuse_with_attribution,EMA,"EMA permits reuse INCLUDING commercial use, conditional on attribution. NOT public domain -- attribution is a condition, so it is a licence",,permitted,no,
TMSR1767,TOLG257,animal_in_vivo,"FDA NDA 212154 Orig1s000 Pharmacology/Toxicology Review (VILTEPSO, reviewer D.L. Carbone), Reference ID 464159",public_domain,A_public_domain,,public_domain_us_federal,FDA_US,US federal agency work; no copyright attaches,,permitted,no,
TMSR1768,TOLG258,human_clinical,10.1038/mt.2016.136 (PMC5112040; PMID 27357629),summary_stat,B_cc_licensed,cc by-nc-sa,cc_nc_noncommercial,,,Molecular therapy : the journal of the American Society of Gene Therapy,permitted,no,
TMSR1769,TOLG258,human_clinical,EMA/180717/2019 (EMEA/H/C/004538) Waylivra EPAR Public Assessment Report,public_domain,A_public_domain,,ema_reuse_with_attribution,EMA,"EMA permits reuse INCLUDING commercial use, conditional on attribution. NOT public domain -- attribution is a condition, so it is a licence",,permitted,no,
TMSR1770,TOLG258,human_clinical,EMA/180717/2019 (EMEA/H/C/004538) Waylivra EPAR Public Assessment Report,public_domain,A_public_domain,,ema_reuse_with_attribution,EMA,"EMA permits reuse INCLUDING commercial use, conditional on attribution. NOT public domain -- attribution is a condition, so it is a licence",,permitted,no,
TMSR1771,TOLG258,human_clinical,EMA/180717/2019 (EMEA/H/C/004538) Waylivra EPAR Public Assessment Report,public_domain,A_public_domain,,ema_reuse_with_attribution,EMA,"EMA permits reuse INCLUDING commercial use, conditional on attribution. NOT public domain -- attribution is a condition, so it is a licence",,permitted,no,
TMSR1772,TOLG258,human_clinical,EMA/180717/2019 (EMEA/H/C/004538) Waylivra EPAR Public Assessment Report,public_domain,A_public_domain,,ema_reuse_with_attribution,EMA,"EMA permits reuse INCLUDING commercial use, conditional on attribution. NOT public domain -- attribution is a condition, so it is a licence",,permitted,no,
TMSR1773,TOLG258,animal_in_vivo,EMA/180717/2019 (EMEA/H/C/004538) Waylivra EPAR Public Assessment Report,public_domain,A_public_domain,,ema_reuse_with_attribution,EMA,"EMA permits reuse INCLUDING commercial use, conditional on attribution. NOT public domain -- attribution is a condition, so it is a licence",,permitted,no,
TMSR1774,TOLG258,animal_in_vivo,EMA/180717/2019 (EMEA/H/C/004538) Waylivra EPAR Public Assessment Report,public_domain,A_public_domain,,ema_reuse_with_attribution,EMA,"EMA permits reuse INCLUDING commercial use, conditional on attribution. NOT public domain -- attribution is a condition, so it is a licence",,permitted,no,
TMSR1775,TOLG258,animal_in_vivo,EMA/180717/2019 (EMEA/H/C/004538) Waylivra EPAR Public Assessment Report,public_domain,A_public_domain,,ema_reuse_with_attribution,EMA,"EMA permits reuse INCLUDING commercial use, conditional on attribution. NOT public domain -- attribution is a condition, so it is a licence",,permitted,no,
TMSR1776,TOLG258,animal_in_vivo,EMA/180717/2019 (EMEA/H/C/004538) Waylivra EPAR Public Assessment Report,public_domain,A_public_domain,,ema_reuse_with_attribution,EMA,"EMA permits reuse INCLUDING commercial use, conditional on attribution. NOT public domain -- attribution is a condition, so it is a licence",,permitted,no,
TMSR1777,TOLG258,animal_in_vivo,EMA/180717/2019 (EMEA/H/C/004538) Waylivra EPAR Public Assessment Report,public_domain,A_public_domain,,ema_reuse_with_attribution,EMA,"EMA permits reuse INCLUDING commercial use, conditional on attribution. NOT public domain -- attribution is a condition, so it is a licence",,permitted,no,
TMSR1778,TOLG258,human_in_vitro,EMA/180717/2019 (EMEA/H/C/004538) Waylivra EPAR Public Assessment Report,public_domain,A_public_domain,,ema_reuse_with_attribution,EMA,"EMA permits reuse INCLUDING commercial use, conditional on attribution. NOT public domain -- attribution is a condition, so it is a licence",,permitted,no,
TMSR1779,TOLG258,human_in_vitro,EMA/180717/2019 (EMEA/H/C/004538) Waylivra EPAR Public Assessment Report,public_domain,A_public_domain,,ema_reuse_with_attribution,EMA,"EMA permits reuse INCLUDING commercial use, conditional on attribution. NOT public domain -- attribution is a condition, so it is a licence",,permitted,no,
TMSR1780,TOLG258,animal_in_vivo,EMA/180717/2019 (EMEA/H/C/004538) Waylivra EPAR Public Assessment Report,public_domain,A_public_domain,,ema_reuse_with_attribution,EMA,"EMA permits reuse INCLUDING commercial use, conditional on attribution. NOT public domain -- attribution is a condition, so it is a licence",,permitted,no,
TMSR1781,TOLG258,animal_in_vivo,EMA/180717/2019 (EMEA/H/C/004538) Waylivra EPAR Public Assessment Report,public_domain,A_public_domain,,ema_reuse_with_attribution,EMA,"EMA permits reuse INCLUDING commercial use, conditional on attribution. NOT public domain -- attribution is a condition, so it is a licence",,permitted,no,
TMSR1782,TOLG258,animal_in_vivo,EMA/180717/2019 (EMEA/H/C/004538) Waylivra EPAR Public Assessment Report,public_domain,A_public_domain,,ema_reuse_with_attribution,EMA,"EMA permits reuse INCLUDING commercial use, conditional on attribution. NOT public domain -- attribution is a condition, so it is a licence",,permitted,no,
TMSR1783,TOLG258,animal_in_vivo,EMA/180717/2019 (EMEA/H/C/004538) Waylivra EPAR Public Assessment Report,public_domain,A_public_domain,,ema_reuse_with_attribution,EMA,"EMA permits reuse INCLUDING commercial use, conditional on attribution. NOT public domain -- attribution is a condition, so it is a licence",,permitted,no,
TMSR1784,TOLG258,animal_in_vivo,EMA/180717/2019 (EMEA/H/C/004538) Waylivra EPAR Public Assessment Report,public_domain,A_public_domain,,ema_reuse_with_attribution,EMA,"EMA permits reuse INCLUDING commercial use, conditional on attribution. NOT public domain -- attribution is a condition, so it is a licence",,permitted,no,
TMSR1785,TOLG258,animal_in_vivo,EMA/180717/2019 (EMEA/H/C/004538) Waylivra EPAR Public Assessment Report,public_domain,A_public_domain,,ema_reuse_with_attribution,EMA,"EMA permits reuse INCLUDING commercial use, conditional on attribution. NOT public domain -- attribution is a condition, so it is a licence",,permitted,no,
TMSR1786,TOLG258,human_clinical,EMA/180717/2019 (EMEA/H/C/004538) Waylivra EPAR Public Assessment Report,public_domain,A_public_domain,,ema_reuse_with_attribution,EMA,"EMA permits reuse INCLUDING commercial use, conditional on attribution. NOT public domain -- attribution is a condition, so it is a licence",,permitted,no,
TMSR1787,TOLG258,human_clinical,EMA/180717/2019 (EMEA/H/C/004538) Waylivra EPAR Public Assessment Report,public_domain,A_public_domain,,ema_reuse_with_attribution,EMA,"EMA permits reuse INCLUDING commercial use, conditional on attribution. NOT public domain -- attribution is a condition, so it is a licence",,permitted,no,
TMSR1788,TOLG258,human_clinical,EMA/180717/2019 (EMEA/H/C/004538) Waylivra EPAR Public Assessment Report,public_domain,A_public_domain,,ema_reuse_with_attribution,EMA,"EMA permits reuse INCLUDING commercial use, conditional on attribution. NOT public domain -- attribution is a condition, so it is a licence",,permitted,no,
TMSR1789,TOLG258,human_clinical,EMA/180717/2019 (EMEA/H/C/004538) Waylivra EPAR Public Assessment Report,public_domain,A_public_domain,,ema_reuse_with_attribution,EMA,"EMA permits reuse INCLUDING commercial use, conditional on attribution. NOT public domain -- attribution is a condition, so it is a licence",,permitted,no,
TMSR1790,TOLG258,human_clinical,EMA/180717/2019 (EMEA/H/C/004538) Waylivra EPAR Public Assessment Report,public_domain,A_public_domain,,ema_reuse_with_attribution,EMA,"EMA permits reuse INCLUDING commercial use, conditional on attribution. NOT public domain -- attribution is a condition, so it is a licence",,permitted,no,
TMSR1791,TOLG258,human_clinical,EMA/180717/2019 (EMEA/H/C/004538) Waylivra EPAR Public Assessment Report,public_domain,A_public_domain,,ema_reuse_with_attribution,EMA,"EMA permits reuse INCLUDING commercial use, conditional on attribution. NOT public domain -- attribution is a condition, so it is a licence",,permitted,no,
TMSR1792,TOLG258,human_clinical,EMA/180717/2019 (EMEA/H/C/004538) Waylivra EPAR Public Assessment Report,public_domain,A_public_domain,,ema_reuse_with_attribution,EMA,"EMA permits reuse INCLUDING commercial use, conditional on attribution. NOT public domain -- attribution is a condition, so it is a licence",,permitted,no,
TMSR1793,TOLG258,human_clinical,EMA/180717/2019 (EMEA/H/C/004538) Waylivra EPAR Public Assessment Report,public_domain,A_public_domain,,ema_reuse_with_attribution,EMA,"EMA permits reuse INCLUDING commercial use, conditional on attribution. NOT public domain -- attribution is a condition, so it is a licence",,permitted,no,
TMSR1794,TOLG258,human_clinical,EMA/180717/2019 (EMEA/H/C/004538) Waylivra EPAR Public Assessment Report,public_domain,A_public_domain,,ema_reuse_with_attribution,EMA,"EMA permits reuse INCLUDING commercial use, conditional on attribution. NOT public domain -- attribution is a condition, so it is a licence",,permitted,no,
TMSR1795,TOLG258,human_clinical,EMA/180717/2019 (EMEA/H/C/004538) Waylivra EPAR Public Assessment Report,public_domain,A_public_domain,,ema_reuse_with_attribution,EMA,"EMA permits reuse INCLUDING commercial use, conditional on attribution. NOT public domain -- attribution is a condition, so it is a licence",,permitted,no,
TMSR1796,TOLG258,human_clinical,EMA/180717/2019 (EMEA/H/C/004538) Waylivra EPAR Public Assessment Report,public_domain,A_public_domain,,ema_reuse_with_attribution,EMA,"EMA permits reuse INCLUDING commercial use, conditional on attribution. NOT public domain -- attribution is a condition, so it is a licence",,permitted,no,
TMSR1797,TOLG258,human_clinical,EMA/180717/2019 (EMEA/H/C/004538) Waylivra EPAR Public Assessment Report,public_domain,A_public_domain,,ema_reuse_with_attribution,EMA,"EMA permits reuse INCLUDING commercial use, conditional on attribution. NOT public domain -- attribution is a condition, so it is a licence",,permitted,no,
TMSR1798,TOLG258,human_clinical,EMA/180717/2019 (EMEA/H/C/004538) Waylivra EPAR Public Assessment Report,public_domain,A_public_domain,,ema_reuse_with_attribution,EMA,"EMA permits reuse INCLUDING commercial use, conditional on attribution. NOT public domain -- attribution is a condition, so it is a licence",,permitted,no,
TMSR1799,TOLG258,human_clinical,EMA/180717/2019 (EMEA/H/C/004538) Waylivra EPAR Public Assessment Report,public_domain,A_public_domain,,ema_reuse_with_attribution,EMA,"EMA permits reuse INCLUDING commercial use, conditional on attribution. NOT public domain -- attribution is a condition, so it is a licence",,permitted,no,
TMSR1800,TOLG258,human_clinical,EMA/180717/2019 (EMEA/H/C/004538) Waylivra EPAR Public Assessment Report,public_domain,A_public_domain,,ema_reuse_with_attribution,EMA,"EMA permits reuse INCLUDING commercial use, conditional on attribution. NOT public domain -- attribution is a condition, so it is a licence",,permitted,no,
TMSR1801,TOLG258,human_clinical,EMA/180717/2019 (EMEA/H/C/004538) Waylivra EPAR Public Assessment Report,public_domain,A_public_domain,,ema_reuse_with_attribution,EMA,"EMA permits reuse INCLUDING commercial use, conditional on attribution. NOT public domain -- attribution is a condition, so it is a licence",,permitted,no,
TMSR1802,TOLG258,human_clinical,EMA/180717/2019 (EMEA/H/C/004538) Waylivra EPAR Public Assessment Report,public_domain,A_public_domain,,ema_reuse_with_attribution,EMA,"EMA permits reuse INCLUDING commercial use, conditional on attribution. NOT public domain -- attribution is a condition, so it is a licence",,permitted,no,
TMSR1803,TOLG258,human_clinical,EMA/180717/2019 (EMEA/H/C/004538) Waylivra EPAR Public Assessment Report,public_domain,A_public_domain,,ema_reuse_with_attribution,EMA,"EMA permits reuse INCLUDING commercial use, conditional on attribution. NOT public domain -- attribution is a condition, so it is a licence",,permitted,no,
TMSR1804,TOLG258,human_clinical,EMA/180717/2019 (EMEA/H/C/004538) Waylivra EPAR Public Assessment Report,public_domain,A_public_domain,,ema_reuse_with_attribution,EMA,"EMA permits reuse INCLUDING commercial use, conditional on attribution. NOT public domain -- attribution is a condition, so it is a licence",,permitted,no,
TMSR1805,TOLG258,human_clinical,EMA/180717/2019 (EMEA/H/C/004538) Waylivra EPAR Public Assessment Report,public_domain,A_public_domain,,ema_reuse_with_attribution,EMA,"EMA permits reuse INCLUDING commercial use, conditional on attribution. NOT public domain -- attribution is a condition, so it is a licence",,permitted,no,
TMSR1806,TOLG258,human_clinical,EMA/180717/2019 (EMEA/H/C/004538) Waylivra EPAR Public Assessment Report,public_domain,A_public_domain,,ema_reuse_with_attribution,EMA,"EMA permits reuse INCLUDING commercial use, conditional on attribution. NOT public domain -- attribution is a condition, so it is a licence",,permitted,no,
TMSR1807,TOLG258,human_clinical,EMA/180717/2019 (EMEA/H/C/004538) Waylivra EPAR Public Assessment Report,public_domain,A_public_domain,,ema_reuse_with_attribution,EMA,"EMA permits reuse INCLUDING commercial use, conditional on attribution. NOT public domain -- attribution is a condition, so it is a licence",,permitted,no,
TMSR1808,TOLG258,human_clinical,EMA/180717/2019 (EMEA/H/C/004538) Waylivra EPAR Public Assessment Report,public_domain,A_public_domain,,ema_reuse_with_attribution,EMA,"EMA permits reuse INCLUDING commercial use, conditional on attribution. NOT public domain -- attribution is a condition, so it is a licence",,permitted,no,
TMSR1809,TOLG258,human_clinical,EMA/180717/2019 (EMEA/H/C/004538) Waylivra EPAR Public Assessment Report,public_domain,A_public_domain,,ema_reuse_with_attribution,EMA,"EMA permits reuse INCLUDING commercial use, conditional on attribution. NOT public domain -- attribution is a condition, so it is a licence",,permitted,no,
TMSR1810,TOLG258,human_clinical,EMA/180717/2019 (EMEA/H/C/004538) Waylivra EPAR Public Assessment Report,public_domain,A_public_domain,,ema_reuse_with_attribution,EMA,"EMA permits reuse INCLUDING commercial use, conditional on attribution. NOT public domain -- attribution is a condition, so it is a licence",,permitted,no,
TMSR1811,TOLG258,human_clinical,EMA/180717/2019 (EMEA/H/C/004538) Waylivra EPAR Public Assessment Report,public_domain,A_public_domain,,ema_reuse_with_attribution,EMA,"EMA permits reuse INCLUDING commercial use, conditional on attribution. NOT public domain -- attribution is a condition, so it is a licence",,permitted,no,
TMSR1812,TOLG258,human_clinical,EMA/180717/2019 (EMEA/H/C/004538) Waylivra EPAR Public Assessment Report,public_domain,A_public_domain,,ema_reuse_with_attribution,EMA,"EMA permits reuse INCLUDING commercial use, conditional on attribution. NOT public domain -- attribution is a condition, so it is a licence",,permitted,no,
TMSR1813,TOLG258,human_clinical,EMA/180717/2019 (EMEA/H/C/004538) Waylivra EPAR Public Assessment Report,public_domain,A_public_domain,,ema_reuse_with_attribution,EMA,"EMA permits reuse INCLUDING commercial use, conditional on attribution. NOT public domain -- attribution is a condition, so it is a licence",,permitted,no,
TMSR1814,TOLG258,human_clinical,EMA/180717/2019 (EMEA/H/C/004538) Waylivra EPAR Public Assessment Report,public_domain,A_public_domain,,ema_reuse_with_attribution,EMA,"EMA permits reuse INCLUDING commercial use, conditional on attribution. NOT public domain -- attribution is a condition, so it is a licence",,permitted,no,
TMSR1815,TOLG258,human_clinical,EMA/180717/2019 (EMEA/H/C/004538) Waylivra EPAR Public Assessment Report,public_domain,A_public_domain,,ema_reuse_with_attribution,EMA,"EMA permits reuse INCLUDING commercial use, conditional on attribution. NOT public domain -- attribution is a condition, so it is a licence",,permitted,no,
TMSR1816,TOLG258,human_clinical,EMA/180717/2019 (EMEA/H/C/004538) Waylivra EPAR Public Assessment Report,public_domain,A_public_domain,,ema_reuse_with_attribution,EMA,"EMA permits reuse INCLUDING commercial use, conditional on attribution. NOT public domain -- attribution is a condition, so it is a licence",,permitted,no,
TMSR1817,TOLG258,human_clinical,EMA/180717/2019 (EMEA/H/C/004538) Waylivra EPAR Public Assessment Report,public_domain,A_public_domain,,ema_reuse_with_attribution,EMA,"EMA permits reuse INCLUDING commercial use, conditional on attribution. NOT public domain -- attribution is a condition, so it is a licence",,permitted,no,
TMSR1818,TOLG258,human_clinical,EMA/180717/2019 (EMEA/H/C/004538) Waylivra EPAR Public Assessment Report,public_domain,A_public_domain,,ema_reuse_with_attribution,EMA,"EMA permits reuse INCLUDING commercial use, conditional on attribution. NOT public domain -- attribution is a condition, so it is a licence",,permitted,no,
TMSR1819,TOLG258,human_clinical,EMA/180717/2019 (EMEA/H/C/004538) Waylivra EPAR Public Assessment Report,public_domain,A_public_domain,,ema_reuse_with_attribution,EMA,"EMA permits reuse INCLUDING commercial use, conditional on attribution. NOT public domain -- attribution is a condition, so it is a licence",,permitted,no,
TMSR1820,TOLG258,human_clinical,EMA/180717/2019 (EMEA/H/C/004538) Waylivra EPAR Public Assessment Report,public_domain,A_public_domain,,ema_reuse_with_attribution,EMA,"EMA permits reuse INCLUDING commercial use, conditional on attribution. NOT public domain -- attribution is a condition, so it is a licence",,permitted,no,
TMSR1821,TOLG258,human_clinical,EMA/180717/2019 (EMEA/H/C/004538) Waylivra EPAR Public Assessment Report,public_domain,A_public_domain,,ema_reuse_with_attribution,EMA,"EMA permits reuse INCLUDING commercial use, conditional on attribution. NOT public domain -- attribution is a condition, so it is a licence",,permitted,no,
TMSR1822,TOLG258,human_clinical,EMA/180717/2019 (EMEA/H/C/004538) Waylivra EPAR Public Assessment Report,public_domain,A_public_domain,,ema_reuse_with_attribution,EMA,"EMA permits reuse INCLUDING commercial use, conditional on attribution. NOT public domain -- attribution is a condition, so it is a licence",,permitted,no,
TMSR1823,TOLG258,human_clinical,EMA/180717/2019 (EMEA/H/C/004538) Waylivra EPAR Public Assessment Report,public_domain,A_public_domain,,ema_reuse_with_attribution,EMA,"EMA permits reuse INCLUDING commercial use, conditional on attribution. NOT public domain -- attribution is a condition, so it is a licence",,permitted,no,
TMSR1824,TOLG258,human_clinical,EMA/180717/2019 (EMEA/H/C/004538) Waylivra EPAR Public Assessment Report,public_domain,A_public_domain,,ema_reuse_with_attribution,EMA,"EMA permits reuse INCLUDING commercial use, conditional on attribution. NOT public domain -- attribution is a condition, so it is a licence",,permitted,no,
TMSR1825,TOLG258,human_clinical,EMA/180717/2019 (EMEA/H/C/004538) Waylivra EPAR Public Assessment Report,public_domain,A_public_domain,,ema_reuse_with_attribution,EMA,"EMA permits reuse INCLUDING commercial use, conditional on attribution. NOT public domain -- attribution is a condition, so it is a licence",,permitted,no,
TMSR1826,TOLG258,human_clinical,EMA/180717/2019 (EMEA/H/C/004538) Waylivra EPAR Public Assessment Report,public_domain,A_public_domain,,ema_reuse_with_attribution,EMA,"EMA permits reuse INCLUDING commercial use, conditional on attribution. NOT public domain -- attribution is a condition, so it is a licence",,permitted,no,
TMSR1827,TOLG258,human_clinical,EMA/180717/2019 (EMEA/H/C/004538) Waylivra EPAR Public Assessment Report,public_domain,A_public_domain,,ema_reuse_with_attribution,EMA,"EMA permits reuse INCLUDING commercial use, conditional on attribution. NOT public domain -- attribution is a condition, so it is a licence",,permitted,no,
TMSR1828,TOLG258,human_clinical,EMA/180717/2019 (EMEA/H/C/004538) Waylivra EPAR Public Assessment Report,public_domain,A_public_domain,,ema_reuse_with_attribution,EMA,"EMA permits reuse INCLUDING commercial use, conditional on attribution. NOT public domain -- attribution is a condition, so it is a licence",,permitted,no,
TMSR1829,TOLG258,human_clinical,EMA/180717/2019 (EMEA/H/C/004538) Waylivra EPAR Public Assessment Report,public_domain,A_public_domain,,ema_reuse_with_attribution,EMA,"EMA permits reuse INCLUDING commercial use, conditional on attribution. NOT public domain -- attribution is a condition, so it is a licence",,permitted,no,
TMSR1830,TOLG258,human_clinical,EMA/180717/2019 (EMEA/H/C/004538) Waylivra EPAR Public Assessment Report,public_domain,A_public_domain,,ema_reuse_with_attribution,EMA,"EMA permits reuse INCLUDING commercial use, conditional on attribution. NOT public domain -- attribution is a condition, so it is a licence",,permitted,no,
TMSR1831,TOLG258,human_clinical,EMA/180717/2019 (EMEA/H/C/004538) Waylivra EPAR Public Assessment Report,public_domain,A_public_domain,,ema_reuse_with_attribution,EMA,"EMA permits reuse INCLUDING commercial use, conditional on attribution. NOT public domain -- attribution is a condition, so it is a licence",,permitted,no,
TMSR1832,TOLG258,human_clinical,EMA/180717/2019 (EMEA/H/C/004538) Waylivra EPAR Public Assessment Report,public_domain,A_public_domain,,ema_reuse_with_attribution,EMA,"EMA permits reuse INCLUDING commercial use, conditional on attribution. NOT public domain -- attribution is a condition, so it is a licence",,permitted,no,
TMSR1833,TOLG258,human_clinical,EMA/180717/2019 (EMEA/H/C/004538) Waylivra EPAR Public Assessment Report,public_domain,A_public_domain,,ema_reuse_with_attribution,EMA,"EMA permits reuse INCLUDING commercial use, conditional on attribution. NOT public domain -- attribution is a condition, so it is a licence",,permitted,no,
TMSR1834,TOLG258,human_clinical,EMA/180717/2019 (EMEA/H/C/004538) Waylivra EPAR Public Assessment Report,public_domain,A_public_domain,,ema_reuse_with_attribution,EMA,"EMA permits reuse INCLUDING commercial use, conditional on attribution. NOT public domain -- attribution is a condition, so it is a licence",,permitted,no,
TMSR1835,TOLG258,human_clinical,EMA/180717/2019 (EMEA/H/C/004538) Waylivra EPAR Public Assessment Report,public_domain,A_public_domain,,ema_reuse_with_attribution,EMA,"EMA permits reuse INCLUDING commercial use, conditional on attribution. NOT public domain -- attribution is a condition, so it is a licence",,permitted,no,
TMSR1836,TOLG258,human_clinical,EMA/180717/2019 (EMEA/H/C/004538) Waylivra EPAR Public Assessment Report,public_domain,A_public_domain,,ema_reuse_with_attribution,EMA,"EMA permits reuse INCLUDING commercial use, conditional on attribution. NOT public domain -- attribution is a condition, so it is a licence",,permitted,no,
TMSR1837,TOLG258,human_clinical,EMA/180717/2019 (EMEA/H/C/004538) Waylivra EPAR Public Assessment Report,public_domain,A_public_domain,,ema_reuse_with_attribution,EMA,"EMA permits reuse INCLUDING commercial use, conditional on attribution. NOT public domain -- attribution is a condition, so it is a licence",,permitted,no,
TMSR1838,TOLG258,human_clinical,EMA/180717/2019 (EMEA/H/C/004538) Waylivra EPAR Public Assessment Report,public_domain,A_public_domain,,ema_reuse_with_attribution,EMA,"EMA permits reuse INCLUDING commercial use, conditional on attribution. NOT public domain -- attribution is a condition, so it is a licence",,permitted,no,
TMSR1839,TOLG258,human_clinical,EMA/180717/2019 (EMEA/H/C/004538) Waylivra EPAR Public Assessment Report,public_domain,A_public_domain,,ema_reuse_with_attribution,EMA,"EMA permits reuse INCLUDING commercial use, conditional on attribution. NOT public domain -- attribution is a condition, so it is a licence",,permitted,no,
TMSR1840,TOLG258,human_clinical,EMA/180717/2019 (EMEA/H/C/004538) Waylivra EPAR Public Assessment Report,public_domain,A_public_domain,,ema_reuse_with_attribution,EMA,"EMA permits reuse INCLUDING commercial use, conditional on attribution. NOT public domain -- attribution is a condition, so it is a licence",,permitted,no,
TMSR1841,TOLG258,human_clinical,EMA/180717/2019 (EMEA/H/C/004538) Waylivra EPAR Public Assessment Report,public_domain,A_public_domain,,ema_reuse_with_attribution,EMA,"EMA permits reuse INCLUDING commercial use, conditional on attribution. NOT public domain -- attribution is a condition, so it is a licence",,permitted,no,
TMSR1842,TOLG258,human_clinical,EMA/180717/2019 (EMEA/H/C/004538) Waylivra EPAR Public Assessment Report,public_domain,A_public_domain,,ema_reuse_with_attribution,EMA,"EMA permits reuse INCLUDING commercial use, conditional on attribution. NOT public domain -- attribution is a condition, so it is a licence",,permitted,no,
TMSR1843,TOLG258,human_clinical,EMA/180717/2019 (EMEA/H/C/004538) Waylivra EPAR Public Assessment Report,public_domain,A_public_domain,,ema_reuse_with_attribution,EMA,"EMA permits reuse INCLUDING commercial use, conditional on attribution. NOT public domain -- attribution is a condition, so it is a licence",,permitted,no,
TMSR1844,TOLG258,human_clinical,EMA/180717/2019 (EMEA/H/C/004538) Waylivra EPAR Public Assessment Report,public_domain,A_public_domain,,ema_reuse_with_attribution,EMA,"EMA permits reuse INCLUDING commercial use, conditional on attribution. NOT public domain -- attribution is a condition, so it is a licence",,permitted,no,
TMSR1845,TOLG258,human_clinical,EMA/180717/2019 (EMEA/H/C/004538) Waylivra EPAR Public Assessment Report,public_domain,A_public_domain,,ema_reuse_with_attribution,EMA,"EMA permits reuse INCLUDING commercial use, conditional on attribution. NOT public domain -- attribution is a condition, so it is a licence",,permitted,no,
TMSR1846,TOLG258,human_clinical,EMA/180717/2019 (EMEA/H/C/004538) Waylivra EPAR Public Assessment Report,public_domain,A_public_domain,,ema_reuse_with_attribution,EMA,"EMA permits reuse INCLUDING commercial use, conditional on attribution. NOT public domain -- attribution is a condition, so it is a licence",,permitted,no,
TMSR1847,TOLG258,human_clinical,EMA/180717/2019 (EMEA/H/C/004538) Waylivra EPAR Public Assessment Report,public_domain,A_public_domain,,ema_reuse_with_attribution,EMA,"EMA permits reuse INCLUDING commercial use, conditional on attribution. NOT public domain -- attribution is a condition, so it is a licence",,permitted,no,
TMSR1848,TOLG258,human_clinical,EMA/180717/2019 (EMEA/H/C/004538) Waylivra EPAR Public Assessment Report,public_domain,A_public_domain,,ema_reuse_with_attribution,EMA,"EMA permits reuse INCLUDING commercial use, conditional on attribution. NOT public domain -- attribution is a condition, so it is a licence",,permitted,no,
TMSR1849,TOLG258,human_clinical,EMA/180717/2019 (EMEA/H/C/004538) Waylivra EPAR Public Assessment Report,public_domain,A_public_domain,,ema_reuse_with_attribution,EMA,"EMA permits reuse INCLUDING commercial use, conditional on attribution. NOT public domain -- attribution is a condition, so it is a licence",,permitted,no,
TMSR1850,TOLG258,human_clinical,EMA/180717/2019 (EMEA/H/C/004538) Waylivra EPAR Public Assessment Report,public_domain,A_public_domain,,ema_reuse_with_attribution,EMA,"EMA permits reuse INCLUDING commercial use, conditional on attribution. NOT public domain -- attribution is a condition, so it is a licence",,permitted,no,
TMSR1851,TOLG258,human_clinical,EMA/180717/2019 (EMEA/H/C/004538) Waylivra EPAR Public Assessment Report,public_domain,A_public_domain,,ema_reuse_with_attribution,EMA,"EMA permits reuse INCLUDING commercial use, conditional on attribution. NOT public domain -- attribution is a condition, so it is a licence",,permitted,no,
TMSR1852,TOLG258,human_clinical,EMA/180717/2019 (EMEA/H/C/004538) Waylivra EPAR Public Assessment Report,public_domain,A_public_domain,,ema_reuse_with_attribution,EMA,"EMA permits reuse INCLUDING commercial use, conditional on attribution. NOT public domain -- attribution is a condition, so it is a licence",,permitted,no,
TMSR1853,TOLG258,human_clinical,EMA/180717/2019 (EMEA/H/C/004538) Waylivra EPAR Public Assessment Report,public_domain,A_public_domain,,ema_reuse_with_attribution,EMA,"EMA permits reuse INCLUDING commercial use, conditional on attribution. NOT public domain -- attribution is a condition, so it is a licence",,permitted,no,
TMSR1854,TOLG258,human_clinical,EMA/180717/2019 (EMEA/H/C/004538) Waylivra EPAR Public Assessment Report,public_domain,A_public_domain,,ema_reuse_with_attribution,EMA,"EMA permits reuse INCLUDING commercial use, conditional on attribution. NOT public domain -- attribution is a condition, so it is a licence",,permitted,no,
TMSR1855,TOLG258,human_clinical,EMA/180717/2019 (EMEA/H/C/004538) Waylivra EPAR Public Assessment Report,public_domain,A_public_domain,,ema_reuse_with_attribution,EMA,"EMA permits reuse INCLUDING commercial use, conditional on attribution. NOT public domain -- attribution is a condition, so it is a licence",,permitted,no,
TMSR1856,TOLG258,human_clinical,EMA/180717/2019 (EMEA/H/C/004538) Waylivra EPAR Public Assessment Report,public_domain,A_public_domain,,ema_reuse_with_attribution,EMA,"EMA permits reuse INCLUDING commercial use, conditional on attribution. NOT public domain -- attribution is a condition, so it is a licence",,permitted,no,
TMSR1857,TOLG258,human_clinical,EMA/180717/2019 (EMEA/H/C/004538) Waylivra EPAR Public Assessment Report,public_domain,A_public_domain,,ema_reuse_with_attribution,EMA,"EMA permits reuse INCLUDING commercial use, conditional on attribution. NOT public domain -- attribution is a condition, so it is a licence",,permitted,no,
TMSR1858,TOLG258,human_clinical,EMA/180717/2019 (EMEA/H/C/004538) Waylivra EPAR Public Assessment Report,public_domain,A_public_domain,,ema_reuse_with_attribution,EMA,"EMA permits reuse INCLUDING commercial use, conditional on attribution. NOT public domain -- attribution is a condition, so it is a licence",,permitted,no,
TMSR1859,TOLG258,human_clinical,EMA/180717/2019 (EMEA/H/C/004538) Waylivra EPAR Public Assessment Report,public_domain,A_public_domain,,ema_reuse_with_attribution,EMA,"EMA permits reuse INCLUDING commercial use, conditional on attribution. NOT public domain -- attribution is a condition, so it is a licence",,permitted,no,
TMSR1860,TOLG258,human_clinical,EMA/180717/2019 (EMEA/H/C/004538) Waylivra EPAR Public Assessment Report,public_domain,A_public_domain,,ema_reuse_with_attribution,EMA,"EMA permits reuse INCLUDING commercial use, conditional on attribution. NOT public domain -- attribution is a condition, so it is a licence",,permitted,no,
TMSR1861,TOLG258,human_clinical,EMA/180717/2019 (EMEA/H/C/004538) Waylivra EPAR Public Assessment Report,public_domain,A_public_domain,,ema_reuse_with_attribution,EMA,"EMA permits reuse INCLUDING commercial use, conditional on attribution. NOT public domain -- attribution is a condition, so it is a licence",,permitted,no,
TMSR1862,TOLG258,human_clinical,EMA/180717/2019 (EMEA/H/C/004538) Waylivra EPAR Public Assessment Report,public_domain,A_public_domain,,ema_reuse_with_attribution,EMA,"EMA permits reuse INCLUDING commercial use, conditional on attribution. NOT public domain -- attribution is a condition, so it is a licence",,permitted,no,
TMSR1863,TOLG258,human_clinical,EMA/180717/2019 (EMEA/H/C/004538) Waylivra EPAR Public Assessment Report,public_domain,A_public_domain,,ema_reuse_with_attribution,EMA,"EMA permits reuse INCLUDING commercial use, conditional on attribution. NOT public domain -- attribution is a condition, so it is a licence",,permitted,no,
TMSR1864,TOLG258,human_clinical,EMA/180717/2019 (EMEA/H/C/004538) Waylivra EPAR Public Assessment Report,public_domain,A_public_domain,,ema_reuse_with_attribution,EMA,"EMA permits reuse INCLUDING commercial use, conditional on attribution. NOT public domain -- attribution is a condition, so it is a licence",,permitted,no,
TMSR1865,TOLG258,human_clinical,EMA/180717/2019 (EMEA/H/C/004538) Waylivra EPAR Public Assessment Report,public_domain,A_public_domain,,ema_reuse_with_attribution,EMA,"EMA permits reuse INCLUDING commercial use, conditional on attribution. NOT public domain -- attribution is a condition, so it is a licence",,permitted,no,
TMSR1866,TOLG258,human_clinical,EMA/180717/2019 (EMEA/H/C/004538) Waylivra EPAR Public Assessment Report,public_domain,A_public_domain,,ema_reuse_with_attribution,EMA,"EMA permits reuse INCLUDING commercial use, conditional on attribution. NOT public domain -- attribution is a condition, so it is a licence",,permitted,no,
TMSR1867,TOLG258,human_clinical,EMA/180717/2019 (EMEA/H/C/004538) Waylivra EPAR Public Assessment Report,public_domain,A_public_domain,,ema_reuse_with_attribution,EMA,"EMA permits reuse INCLUDING commercial use, conditional on attribution. NOT public domain -- attribution is a condition, so it is a licence",,permitted,no,
TMSR1868,TOLG258,human_clinical,EMA/180717/2019 (EMEA/H/C/004538) Waylivra EPAR Public Assessment Report,public_domain,A_public_domain,,ema_reuse_with_attribution,EMA,"EMA permits reuse INCLUDING commercial use, conditional on attribution. NOT public domain -- attribution is a condition, so it is a licence",,permitted,no,
TMSR1869,TOLG258,human_clinical,EMA/180717/2019 (EMEA/H/C/004538) Waylivra EPAR Public Assessment Report,public_domain,A_public_domain,,ema_reuse_with_attribution,EMA,"EMA permits reuse INCLUDING commercial use, conditional on attribution. NOT public domain -- attribution is a condition, so it is a licence",,permitted,no,
TMSR1870,TOLG258,human_clinical,EMA/180717/2019 (EMEA/H/C/004538) Waylivra EPAR Public Assessment Report,public_domain,A_public_domain,,ema_reuse_with_attribution,EMA,"EMA permits reuse INCLUDING commercial use, conditional on attribution. NOT public domain -- attribution is a condition, so it is a licence",,permitted,no,
TMSR1871,TOLG258,human_clinical,EMA/180717/2019 (EMEA/H/C/004538) Waylivra EPAR Public Assessment Report,public_domain,A_public_domain,,ema_reuse_with_attribution,EMA,"EMA permits reuse INCLUDING commercial use, conditional on attribution. NOT public domain -- attribution is a condition, so it is a licence",,permitted,no,
TMSR1872,TOLG258,human_clinical,EMA/180717/2019 (EMEA/H/C/004538) Waylivra EPAR Public Assessment Report,public_domain,A_public_domain,,ema_reuse_with_attribution,EMA,"EMA permits reuse INCLUDING commercial use, conditional on attribution. NOT public domain -- attribution is a condition, so it is a licence",,permitted,no,
TMSR1873,TOLG258,human_clinical,EMA/180717/2019 (EMEA/H/C/004538) Waylivra EPAR Public Assessment Report,public_domain,A_public_domain,,ema_reuse_with_attribution,EMA,"EMA permits reuse INCLUDING commercial use, conditional on attribution. NOT public domain -- attribution is a condition, so it is a licence",,permitted,no,
TMSR1874,TOLG258,human_clinical,EMA/180717/2019 (EMEA/H/C/004538) Waylivra EPAR Public Assessment Report,public_domain,A_public_domain,,ema_reuse_with_attribution,EMA,"EMA permits reuse INCLUDING commercial use, conditional on attribution. NOT public domain -- attribution is a condition, so it is a licence",,permitted,no,
TMSR1875,TOLG258,human_clinical,EMA/180717/2019 (EMEA/H/C/004538) Waylivra EPAR Public Assessment Report,public_domain,A_public_domain,,ema_reuse_with_attribution,EMA,"EMA permits reuse INCLUDING commercial use, conditional on attribution. NOT public domain -- attribution is a condition, so it is a licence",,permitted,no,
TMSR1876,TOLG258,human_clinical,EMA/180717/2019 (EMEA/H/C/004538) Waylivra EPAR Public Assessment Report,public_domain,A_public_domain,,ema_reuse_with_attribution,EMA,"EMA permits reuse INCLUDING commercial use, conditional on attribution. NOT public domain -- attribution is a condition, so it is a licence",,permitted,no,
TMSR1877,TOLG258,human_clinical,EMA/180717/2019 (EMEA/H/C/004538) Waylivra EPAR Public Assessment Report,public_domain,A_public_domain,,ema_reuse_with_attribution,EMA,"EMA permits reuse INCLUDING commercial use, conditional on attribution. NOT public domain -- attribution is a condition, so it is a licence",,permitted,no,
TMSR1878,TOLG258,animal_in_vivo,EMA/180717/2019 (EMEA/H/C/004538) Waylivra EPAR Public Assessment Report,public_domain,A_public_domain,,ema_reuse_with_attribution,EMA,"EMA permits reuse INCLUDING commercial use, conditional on attribution. NOT public domain -- attribution is a condition, so it is a licence",,permitted,no,
TMSR1879,TOLG258,animal_in_vivo,EMA/180717/2019 (EMEA/H/C/004538) Waylivra EPAR Public Assessment Report,public_domain,A_public_domain,,ema_reuse_with_attribution,EMA,"EMA permits reuse INCLUDING commercial use, conditional on attribution. NOT public domain -- attribution is a condition, so it is a licence",,permitted,no,
TMSR1880,TOLG258,animal_in_vivo,EMA/180717/2019 (EMEA/H/C/004538) Waylivra EPAR Public Assessment Report,public_domain,A_public_domain,,ema_reuse_with_attribution,EMA,"EMA permits reuse INCLUDING commercial use, conditional on attribution. NOT public domain -- attribution is a condition, so it is a licence",,permitted,no,
TMSR1881,TOLG258,animal_in_vivo,EMA/180717/2019 (EMEA/H/C/004538) Waylivra EPAR Public Assessment Report,public_domain,A_public_domain,,ema_reuse_with_attribution,EMA,"EMA permits reuse INCLUDING commercial use, conditional on attribution. NOT public domain -- attribution is a condition, so it is a licence",,permitted,no,
TMSR1882,TOLG258,animal_in_vivo,EMA/180717/2019 (EMEA/H/C/004538) Waylivra EPAR Public Assessment Report,public_domain,A_public_domain,,ema_reuse_with_attribution,EMA,"EMA permits reuse INCLUDING commercial use, conditional on attribution. NOT public domain -- attribution is a condition, so it is a licence",,permitted,no,
TMSR1883,TOLG258,animal_in_vivo,EMA/180717/2019 (EMEA/H/C/004538) Waylivra EPAR Public Assessment Report,public_domain,A_public_domain,,ema_reuse_with_attribution,EMA,"EMA permits reuse INCLUDING commercial use, conditional on attribution. NOT public domain -- attribution is a condition, so it is a licence",,permitted,no,
TMSR1884,TOLG258,animal_in_vivo,EMA/180717/2019 (EMEA/H/C/004538) Waylivra EPAR Public Assessment Report,public_domain,A_public_domain,,ema_reuse_with_attribution,EMA,"EMA permits reuse INCLUDING commercial use, conditional on attribution. NOT public domain -- attribution is a condition, so it is a licence",,permitted,no,
TMSR1885,TOLG258,human_clinical,EMA_SmPC_WAYLIVRA_EPAR_product_information,public_domain,A_public_domain,,ema_reuse_with_attribution,EMA,"EMA permits reuse INCLUDING commercial use, conditional on attribution. NOT public domain -- attribution is a condition, so it is a licence",,permitted,no,
TMSR1886,TOLG258,human_clinical,EMA_SmPC_WAYLIVRA_EPAR_product_information,public_domain,A_public_domain,,ema_reuse_with_attribution,EMA,"EMA permits reuse INCLUDING commercial use, conditional on attribution. NOT public domain -- attribution is a condition, so it is a licence",,permitted,no,
TMSR1887,TOLG258,human_clinical,EMA_SmPC_WAYLIVRA_EPAR_product_information,public_domain,A_public_domain,,ema_reuse_with_attribution,EMA,"EMA permits reuse INCLUDING commercial use, conditional on attribution. NOT public domain -- attribution is a condition, so it is a licence",,permitted,no,
TMSR1888,TOLG258,human_clinical,EMA_SmPC_WAYLIVRA_EPAR_product_information,public_domain,A_public_domain,,ema_reuse_with_attribution,EMA,"EMA permits reuse INCLUDING commercial use, conditional on attribution. NOT public domain -- attribution is a condition, so it is a licence",,permitted,no,
TMSR1889,TOLG258,human_clinical,EMA_SmPC_WAYLIVRA_EPAR_product_information,public_domain,A_public_domain,,ema_reuse_with_attribution,EMA,"EMA permits reuse INCLUDING commercial use, conditional on attribution. NOT public domain -- attribution is a condition, so it is a licence",,permitted,no,
TMSR1890,TOLG258,human_clinical,EMA_SmPC_WAYLIVRA_EPAR_product_information,public_domain,A_public_domain,,ema_reuse_with_attribution,EMA,"EMA permits reuse INCLUDING commercial use, conditional on attribution. NOT public domain -- attribution is a condition, so it is a licence",,permitted,no,
TMSR1891,TOLG258,human_clinical,EMA_SmPC_WAYLIVRA_EPAR_product_information,public_domain,A_public_domain,,ema_reuse_with_attribution,EMA,"EMA permits reuse INCLUDING commercial use, conditional on attribution. NOT public domain -- attribution is a condition, so it is a licence",,permitted,no,
TMSR1892,TOLG258,human_clinical,EMA_SmPC_WAYLIVRA_EPAR_product_information,public_domain,A_public_domain,,ema_reuse_with_attribution,EMA,"EMA permits reuse INCLUDING commercial use, conditional on attribution. NOT public domain -- attribution is a condition, so it is a licence",,permitted,no,
TMSR1893,TOLG258,human_clinical,EMA_SmPC_WAYLIVRA_EPAR_product_information,public_domain,A_public_domain,,ema_reuse_with_attribution,EMA,"EMA permits reuse INCLUDING commercial use, conditional on attribution. NOT public domain -- attribution is a condition, so it is a licence",,permitted,no,
TMSR1894,TOLG258,human_clinical,"PMC11428464 / PMID 39335531 / doi:10.3390/biomedicines12092017 (Calcaterra IL et al., Biomedicines 2024;12:201",cc_by,B_cc_licensed,cc by,cc_permissive,,,Biomedicines,permitted,no,
TMSR1895,TOLG258,human_clinical,"PMC11428464 / PMID 39335531 / doi:10.3390/biomedicines12092017 (Calcaterra IL et al., Biomedicines 2024;12:201",cc_by,B_cc_licensed,cc by,cc_permissive,,,Biomedicines,permitted,no,
TMSR1896,TOLG258,human_clinical,"PMC11428464 / PMID 39335531 / doi:10.3390/biomedicines12092017 (Calcaterra IL et al., Biomedicines 2024;12:201",cc_by,B_cc_licensed,cc by,cc_permissive,,,Biomedicines,permitted,no,
TMSR1897,TOLG258,human_clinical,"PMC11428464 / PMID 39335531 / doi:10.3390/biomedicines12092017 (Calcaterra IL et al., Biomedicines 2024;12:201",cc_by,B_cc_licensed,cc by,cc_permissive,,,Biomedicines,permitted,no,
TMSR1898,TOLG258,human_clinical,"PMC11428464 / PMID 39335531 / doi:10.3390/biomedicines12092017 (Calcaterra IL et al., Biomedicines 2024;12:201",cc_by,B_cc_licensed,cc by,cc_permissive,,,Biomedicines,permitted,no,
TMSR1899,TOLG258,human_ex_vivo,"PMC11428464 / PMID 39335531 / doi:10.3390/biomedicines12092017 (Calcaterra IL et al., Biomedicines 2024;12:201",cc_by,B_cc_licensed,cc by,cc_permissive,,,Biomedicines,permitted,no,
TMSR1900,TOLG258,human_ex_vivo,"PMC11428464 / PMID 39335531 / doi:10.3390/biomedicines12092017 (Calcaterra IL et al., Biomedicines 2024;12:201",cc_by,B_cc_licensed,cc by,cc_permissive,,,Biomedicines,permitted,no,
TMSR1901,TOLG258,human_ex_vivo,"PMC11428464 / PMID 39335531 / doi:10.3390/biomedicines12092017 (Calcaterra IL et al., Biomedicines 2024;12:201",cc_by,B_cc_licensed,cc by,cc_permissive,,,Biomedicines,permitted,no,
TMSR1902,TOLG258,human_ex_vivo,"PMC11428464 / PMID 39335531 / doi:10.3390/biomedicines12092017 (Calcaterra IL et al., Biomedicines 2024;12:201",cc_by,B_cc_licensed,cc by,cc_permissive,,,Biomedicines,permitted,no,
TMSR1903,TOLG258,human_ex_vivo,"PMC11428464 / PMID 39335531 / doi:10.3390/biomedicines12092017 (Calcaterra IL et al., Biomedicines 2024;12:201",cc_by,B_cc_licensed,cc by,cc_permissive,,,Biomedicines,permitted,no,
TMSR1904,TOLG258,human_ex_vivo,"PMC11428464 / PMID 39335531 / doi:10.3390/biomedicines12092017 (Calcaterra IL et al., Biomedicines 2024;12:201",cc_by,B_cc_licensed,cc by,cc_permissive,,,Biomedicines,permitted,no,
TMSR1905,TOLG258,human_ex_vivo,"PMC11428464 / PMID 39335531 / doi:10.3390/biomedicines12092017 (Calcaterra IL et al., Biomedicines 2024;12:201",cc_by,B_cc_licensed,cc by,cc_permissive,,,Biomedicines,permitted,no,
TMSR1906,TOLG258,human_ex_vivo,"PMC11428464 / PMID 39335531 / doi:10.3390/biomedicines12092017 (Calcaterra IL et al., Biomedicines 2024;12:201",cc_by,B_cc_licensed,cc by,cc_permissive,,,Biomedicines,permitted,no,
TMSR1907,TOLG258,human_ex_vivo,"PMC11428464 / PMID 39335531 / doi:10.3390/biomedicines12092017 (Calcaterra IL et al., Biomedicines 2024;12:201",cc_by,B_cc_licensed,cc by,cc_permissive,,,Biomedicines,permitted,no,
TMSR1908,TOLG258,human_ex_vivo,"PMC11428464 / PMID 39335531 / doi:10.3390/biomedicines12092017 (Calcaterra IL et al., Biomedicines 2024;12:201",cc_by,B_cc_licensed,cc by,cc_permissive,,,Biomedicines,permitted,no,
TMSR1909,TOLG258,human_clinical,PMID 31390500; doi:10.1056/NEJMoa1715944,summary_stat,C_closed_access,,closed_no_open_licence,,,The New England journal of medicine,DECISION_REQUIRED,PROPOSED_HOLD,"no open licence declared by the publisher; extracted values are facts rather than expression, but the release of facts from a closed-access source is Oscar's call, not this pipeline's"
TMSR1910,TOLG258,human_clinical,PMID 31390500; doi:10.1056/NEJMoa1715944,summary_stat,C_closed_access,,closed_no_open_licence,,,The New England journal of medicine,DECISION_REQUIRED,PROPOSED_HOLD,"no open licence declared by the publisher; extracted values are facts rather than expression, but the release of facts from a closed-access source is Oscar's call, not this pipeline's"
TMSR1911,TOLG258,human_clinical,PMID 31390500; doi:10.1056/NEJMoa1715944,summary_stat,C_closed_access,,closed_no_open_licence,,,The New England journal of medicine,DECISION_REQUIRED,PROPOSED_HOLD,"no open licence declared by the publisher; extracted values are facts rather than expression, but the release of facts from a closed-access source is Oscar's call, not this pipeline's"
TMSR1912,TOLG258,human_clinical,PMID 31390500; doi:10.1056/NEJMoa1715944,summary_stat,C_closed_access,,closed_no_open_licence,,,The New England journal of medicine,DECISION_REQUIRED,PROPOSED_HOLD,"no open licence declared by the publisher; extracted values are facts rather than expression, but the release of facts from a closed-access source is Oscar's call, not this pipeline's"
TMSR1913,TOLG258,human_clinical,PMID 31390500; doi:10.1056/NEJMoa1715944,summary_stat,C_closed_access,,closed_no_open_licence,,,The New England journal of medicine,DECISION_REQUIRED,PROPOSED_HOLD,"no open licence declared by the publisher; extracted values are facts rather than expression, but the release of facts from a closed-access source is Oscar's call, not this pipeline's"
TMSR1914,TOLG258,human_clinical,PMID 31390500; doi:10.1056/NEJMoa1715944,summary_stat,C_closed_access,,closed_no_open_licence,,,The New England journal of medicine,DECISION_REQUIRED,PROPOSED_HOLD,"no open licence declared by the publisher; extracted values are facts rather than expression, but the release of facts from a closed-access source is Oscar's call, not this pipeline's"
TMSR1915,TOLG258,human_clinical,PMID 31390500; doi:10.1056/NEJMoa1715944,summary_stat,C_closed_access,,closed_no_open_licence,,,The New England journal of medicine,DECISION_REQUIRED,PROPOSED_HOLD,"no open licence declared by the publisher; extracted values are facts rather than expression, but the release of facts from a closed-access source is Oscar's call, not this pipeline's"
TMSR1916,TOLG258,human_clinical,PMID 31390500; doi:10.1056/NEJMoa1715944,summary_stat,C_closed_access,,closed_no_open_licence,,,The New England journal of medicine,DECISION_REQUIRED,PROPOSED_HOLD,"no open licence declared by the publisher; extracted values are facts rather than expression, but the release of facts from a closed-access source is Oscar's call, not this pipeline's"
TMSR1917,TOLG258,human_clinical,PMID 31390500; doi:10.1056/NEJMoa1715944,summary_stat,C_closed_access,,closed_no_open_licence,,,The New England journal of medicine,DECISION_REQUIRED,PROPOSED_HOLD,"no open licence declared by the publisher; extracted values are facts rather than expression, but the release of facts from a closed-access source is Oscar's call, not this pipeline's"
TMSR1918,TOLG258,human_clinical,PMID 31390500; doi:10.1056/NEJMoa1715944,summary_stat,C_closed_access,,closed_no_open_licence,,,The New England journal of medicine,DECISION_REQUIRED,PROPOSED_HOLD,"no open licence declared by the publisher; extracted values are facts rather than expression, but the release of facts from a closed-access source is Oscar's call, not this pipeline's"
TMSR1919,TOLG258,human_clinical,PMID 31390500; doi:10.1056/NEJMoa1715944,summary_stat,C_closed_access,,closed_no_open_licence,,,The New England journal of medicine,DECISION_REQUIRED,PROPOSED_HOLD,"no open licence declared by the publisher; extracted values are facts rather than expression, but the release of facts from a closed-access source is Oscar's call, not this pipeline's"
TMSR1920,TOLG258,human_clinical,PMID 31390500; doi:10.1056/NEJMoa1715944,summary_stat,C_closed_access,,closed_no_open_licence,,,The New England journal of medicine,DECISION_REQUIRED,PROPOSED_HOLD,"no open licence declared by the publisher; extracted values are facts rather than expression, but the release of facts from a closed-access source is Oscar's call, not this pipeline's"
TMSR1921,TOLG258,human_clinical,PMID 31390500; doi:10.1056/NEJMoa1715944,summary_stat,C_closed_access,,closed_no_open_licence,,,The New England journal of medicine,DECISION_REQUIRED,PROPOSED_HOLD,"no open licence declared by the publisher; extracted values are facts rather than expression, but the release of facts from a closed-access source is Oscar's call, not this pipeline's"
TMSR1922,TOLG258,human_clinical,PMID 31390500; doi:10.1056/NEJMoa1715944,summary_stat,C_closed_access,,closed_no_open_licence,,,The New England journal of medicine,DECISION_REQUIRED,PROPOSED_HOLD,"no open licence declared by the publisher; extracted values are facts rather than expression, but the release of facts from a closed-access source is Oscar's call, not this pipeline's"
TMSR1923,TOLG258,human_clinical,PMID 31390500; doi:10.1056/NEJMoa1715944,summary_stat,C_closed_access,,closed_no_open_licence,,,The New England journal of medicine,DECISION_REQUIRED,PROPOSED_HOLD,"no open licence declared by the publisher; extracted values are facts rather than expression, but the release of facts from a closed-access source is Oscar's call, not this pipeline's"
TMSR1924,TOLG258,human_clinical,PMID 31390500; doi:10.1056/NEJMoa1715944,summary_stat,C_closed_access,,closed_no_open_licence,,,The New England journal of medicine,DECISION_REQUIRED,PROPOSED_HOLD,"no open licence declared by the publisher; extracted values are facts rather than expression, but the release of facts from a closed-access source is Oscar's call, not this pipeline's"
TMSR1925,TOLG258,human_clinical,PMID 31390500; doi:10.1056/NEJMoa1715944,summary_stat,C_closed_access,,closed_no_open_licence,,,The New England journal of medicine,DECISION_REQUIRED,PROPOSED_HOLD,"no open licence declared by the publisher; extracted values are facts rather than expression, but the release of facts from a closed-access source is Oscar's call, not this pipeline's"
TMSR1926,TOLG258,human_clinical,PMID 31390500; doi:10.1056/NEJMoa1715944,summary_stat,C_closed_access,,closed_no_open_licence,,,The New England journal of medicine,DECISION_REQUIRED,PROPOSED_HOLD,"no open licence declared by the publisher; extracted values are facts rather than expression, but the release of facts from a closed-access source is Oscar's call, not this pipeline's"
TMSR1927,TOLG258,human_clinical,PMID 31390500; doi:10.1056/NEJMoa1715944,summary_stat,C_closed_access,,closed_no_open_licence,,,The New England journal of medicine,DECISION_REQUIRED,PROPOSED_HOLD,"no open licence declared by the publisher; extracted values are facts rather than expression, but the release of facts from a closed-access source is Oscar's call, not this pipeline's"
TMSR1928,TOLG258,human_clinical,PMID 31390500; doi:10.1056/NEJMoa1715944,summary_stat,C_closed_access,,closed_no_open_licence,,,The New England journal of medicine,DECISION_REQUIRED,PROPOSED_HOLD,"no open licence declared by the publisher; extracted values are facts rather than expression, but the release of facts from a closed-access source is Oscar's call, not this pipeline's"
TMSR1929,TOLG258,human_clinical,PMID 31390500; doi:10.1056/NEJMoa1715944,summary_stat,C_closed_access,,closed_no_open_licence,,,The New England journal of medicine,DECISION_REQUIRED,PROPOSED_HOLD,"no open licence declared by the publisher; extracted values are facts rather than expression, but the release of facts from a closed-access source is Oscar's call, not this pipeline's"
TMSR1930,TOLG258,human_clinical,PMID 31390500; doi:10.1056/NEJMoa1715944,summary_stat,C_closed_access,,closed_no_open_licence,,,The New England journal of medicine,DECISION_REQUIRED,PROPOSED_HOLD,"no open licence declared by the publisher; extracted values are facts rather than expression, but the release of facts from a closed-access source is Oscar's call, not this pipeline's"
TMSR1931,TOLG258,human_clinical,PMID 31390500; doi:10.1056/NEJMoa1715944,summary_stat,C_closed_access,,closed_no_open_licence,,,The New England journal of medicine,DECISION_REQUIRED,PROPOSED_HOLD,"no open licence declared by the publisher; extracted values are facts rather than expression, but the release of facts from a closed-access source is Oscar's call, not this pipeline's"
TMSR1932,TOLG258,human_clinical,PMID 31390500; doi:10.1056/NEJMoa1715944,summary_stat,C_closed_access,,closed_no_open_licence,,,The New England journal of medicine,DECISION_REQUIRED,PROPOSED_HOLD,"no open licence declared by the publisher; extracted values are facts rather than expression, but the release of facts from a closed-access source is Oscar's call, not this pipeline's"
TMSR1933,TOLG258,human_clinical,PMID 31390500; doi:10.1056/NEJMoa1715944,summary_stat,C_closed_access,,closed_no_open_licence,,,The New England journal of medicine,DECISION_REQUIRED,PROPOSED_HOLD,"no open licence declared by the publisher; extracted values are facts rather than expression, but the release of facts from a closed-access source is Oscar's call, not this pipeline's"
TMSR1934,TOLG258,human_clinical,PMID 31390500; doi:10.1056/NEJMoa1715944,summary_stat,C_closed_access,,closed_no_open_licence,,,The New England journal of medicine,DECISION_REQUIRED,PROPOSED_HOLD,"no open licence declared by the publisher; extracted values are facts rather than expression, but the release of facts from a closed-access source is Oscar's call, not this pipeline's"
TMSR1935,TOLG258,human_clinical,PMID 31390500; doi:10.1056/NEJMoa1715944,summary_stat,C_closed_access,,closed_no_open_licence,,,The New England journal of medicine,DECISION_REQUIRED,PROPOSED_HOLD,"no open licence declared by the publisher; extracted values are facts rather than expression, but the release of facts from a closed-access source is Oscar's call, not this pipeline's"
TMSR1936,TOLG258,human_clinical,PMID 31390500; doi:10.1056/NEJMoa1715944,summary_stat,C_closed_access,,closed_no_open_licence,,,The New England journal of medicine,DECISION_REQUIRED,PROPOSED_HOLD,"no open licence declared by the publisher; extracted values are facts rather than expression, but the release of facts from a closed-access source is Oscar's call, not this pipeline's"
TMSR1937,TOLG258,human_clinical,PMID 31390500; doi:10.1056/NEJMoa1715944,summary_stat,C_closed_access,,closed_no_open_licence,,,The New England journal of medicine,DECISION_REQUIRED,PROPOSED_HOLD,"no open licence declared by the publisher; extracted values are facts rather than expression, but the release of facts from a closed-access source is Oscar's call, not this pipeline's"
TMSR1938,TOLG258,human_clinical,PMID 31390500; doi:10.1056/NEJMoa1715944,summary_stat,C_closed_access,,closed_no_open_licence,,,The New England journal of medicine,DECISION_REQUIRED,PROPOSED_HOLD,"no open licence declared by the publisher; extracted values are facts rather than expression, but the release of facts from a closed-access source is Oscar's call, not this pipeline's"
TMSR1939,TOLG258,human_clinical,PMID 31390500; doi:10.1056/NEJMoa1715944,summary_stat,C_closed_access,,closed_no_open_licence,,,The New England journal of medicine,DECISION_REQUIRED,PROPOSED_HOLD,"no open licence declared by the publisher; extracted values are facts rather than expression, but the release of facts from a closed-access source is Oscar's call, not this pipeline's"
TMSR1940,TOLG258,human_clinical,PMID 31390500; doi:10.1056/NEJMoa1715944,summary_stat,C_closed_access,,closed_no_open_licence,,,The New England journal of medicine,DECISION_REQUIRED,PROPOSED_HOLD,"no open licence declared by the publisher; extracted values are facts rather than expression, but the release of facts from a closed-access source is Oscar's call, not this pipeline's"
TMSR1941,TOLG258,human_clinical,PMID 31390500; doi:10.1056/NEJMoa1715944,summary_stat,C_closed_access,,closed_no_open_licence,,,The New England journal of medicine,DECISION_REQUIRED,PROPOSED_HOLD,"no open licence declared by the publisher; extracted values are facts rather than expression, but the release of facts from a closed-access source is Oscar's call, not this pipeline's"
TMSR1942,TOLG258,human_clinical,PMID 31390500; doi:10.1056/NEJMoa1715944,summary_stat,C_closed_access,,closed_no_open_licence,,,The New England journal of medicine,DECISION_REQUIRED,PROPOSED_HOLD,"no open licence declared by the publisher; extracted values are facts rather than expression, but the release of facts from a closed-access source is Oscar's call, not this pipeline's"
TMSR1943,TOLG258,human_clinical,PMID 31390500; doi:10.1056/NEJMoa1715944,summary_stat,C_closed_access,,closed_no_open_licence,,,The New England journal of medicine,DECISION_REQUIRED,PROPOSED_HOLD,"no open licence declared by the publisher; extracted values are facts rather than expression, but the release of facts from a closed-access source is Oscar's call, not this pipeline's"
TMSR1944,TOLG258,human_clinical,PMID 31390500; doi:10.1056/NEJMoa1715944,summary_stat,C_closed_access,,closed_no_open_licence,,,The New England journal of medicine,DECISION_REQUIRED,PROPOSED_HOLD,"no open licence declared by the publisher; extracted values are facts rather than expression, but the release of facts from a closed-access source is Oscar's call, not this pipeline's"
TMSR1945,TOLG258,human_clinical,PMID 31390500; doi:10.1056/NEJMoa1715944,summary_stat,C_closed_access,,closed_no_open_licence,,,The New England journal of medicine,DECISION_REQUIRED,PROPOSED_HOLD,"no open licence declared by the publisher; extracted values are facts rather than expression, but the release of facts from a closed-access source is Oscar's call, not this pipeline's"
TMSR1946,TOLG258,human_clinical,PMID 31390500; doi:10.1056/NEJMoa1715944,summary_stat,C_closed_access,,closed_no_open_licence,,,The New England journal of medicine,DECISION_REQUIRED,PROPOSED_HOLD,"no open licence declared by the publisher; extracted values are facts rather than expression, but the release of facts from a closed-access source is Oscar's call, not this pipeline's"
TMSR1947,TOLG258,human_clinical,PMID 31390500; doi:10.1056/NEJMoa1715944,summary_stat,C_closed_access,,closed_no_open_licence,,,The New England journal of medicine,DECISION_REQUIRED,PROPOSED_HOLD,"no open licence declared by the publisher; extracted values are facts rather than expression, but the release of facts from a closed-access source is Oscar's call, not this pipeline's"
TMSR1948,TOLG258,human_clinical,PMID 31390500; doi:10.1056/NEJMoa1715944,summary_stat,C_closed_access,,closed_no_open_licence,,,The New England journal of medicine,DECISION_REQUIRED,PROPOSED_HOLD,"no open licence declared by the publisher; extracted values are facts rather than expression, but the release of facts from a closed-access source is Oscar's call, not this pipeline's"
TMSR1949,TOLG258,human_clinical,PMID 31390500; doi:10.1056/NEJMoa1715944,summary_stat,C_closed_access,,closed_no_open_licence,,,The New England journal of medicine,DECISION_REQUIRED,PROPOSED_HOLD,"no open licence declared by the publisher; extracted values are facts rather than expression, but the release of facts from a closed-access source is Oscar's call, not this pipeline's"
TMSR1950,TOLG258,human_clinical,PMID 31390500; doi:10.1056/NEJMoa1715944,summary_stat,C_closed_access,,closed_no_open_licence,,,The New England journal of medicine,DECISION_REQUIRED,PROPOSED_HOLD,"no open licence declared by the publisher; extracted values are facts rather than expression, but the release of facts from a closed-access source is Oscar's call, not this pipeline's"
TMSR1951,TOLG258,human_clinical,PMID 31390500; doi:10.1056/NEJMoa1715944,summary_stat,C_closed_access,,closed_no_open_licence,,,The New England journal of medicine,DECISION_REQUIRED,PROPOSED_HOLD,"no open licence declared by the publisher; extracted values are facts rather than expression, but the release of facts from a closed-access source is Oscar's call, not this pipeline's"
TMSR1952,TOLG258,human_clinical,PMID 31390500; doi:10.1056/NEJMoa1715944,summary_stat,C_closed_access,,closed_no_open_licence,,,The New England journal of medicine,DECISION_REQUIRED,PROPOSED_HOLD,"no open licence declared by the publisher; extracted values are facts rather than expression, but the release of facts from a closed-access source is Oscar's call, not this pipeline's"
TMSR1953,TOLG258,human_clinical,PMID 31390500; doi:10.1056/NEJMoa1715944,summary_stat,C_closed_access,,closed_no_open_licence,,,The New England journal of medicine,DECISION_REQUIRED,PROPOSED_HOLD,"no open licence declared by the publisher; extracted values are facts rather than expression, but the release of facts from a closed-access source is Oscar's call, not this pipeline's"
TMSR1954,TOLG258,human_clinical,PMID 31390500; doi:10.1056/NEJMoa1715944,summary_stat,C_closed_access,,closed_no_open_licence,,,The New England journal of medicine,DECISION_REQUIRED,PROPOSED_HOLD,"no open licence declared by the publisher; extracted values are facts rather than expression, but the release of facts from a closed-access source is Oscar's call, not this pipeline's"
TMSR1955,TOLG258,human_clinical,PMID 31390500; doi:10.1056/NEJMoa1715944,summary_stat,C_closed_access,,closed_no_open_licence,,,The New England journal of medicine,DECISION_REQUIRED,PROPOSED_HOLD,"no open licence declared by the publisher; extracted values are facts rather than expression, but the release of facts from a closed-access source is Oscar's call, not this pipeline's"
TMSR1956,TOLG258,human_clinical,PMID:32243492; DOI:10.1093/cvr/cvaa077,summary_stat,C_closed_access,,closed_no_open_licence,,,Cardiovascular research,DECISION_REQUIRED,PROPOSED_HOLD,"no open licence declared by the publisher; extracted values are facts rather than expression, but the release of facts from a closed-access source is Oscar's call, not this pipeline's"
TMSR1957,TOLG258,human_clinical,PMID:32243492; DOI:10.1093/cvr/cvaa077,summary_stat,C_closed_access,,closed_no_open_licence,,,Cardiovascular research,DECISION_REQUIRED,PROPOSED_HOLD,"no open licence declared by the publisher; extracted values are facts rather than expression, but the release of facts from a closed-access source is Oscar's call, not this pipeline's"
TMSR1958,TOLG259,human_clinical,"EMA Amvuttra (vutrisiran) EPAR public assessment report, EMA/CHMP/689555/2022 (EMEA/H/C/005852)",public_domain,A_public_domain,,ema_reuse_with_attribution,EMA,"EMA permits reuse INCLUDING commercial use, conditional on attribution. NOT public domain -- attribution is a condition, so it is a licence",,permitted,no,
TMSR1959,TOLG259,human_clinical,"FDA NDA 215515 Orig1s000 Clinical Review (AMVUTTRA, reviewer R.W. Paine MD PhD), Reference ID 4998267",public_domain,A_public_domain,,public_domain_us_federal,FDA_US,US federal agency work; no copyright attaches,,permitted,no,
