measurement_id,study_id,study_id_basis,oligo_id,source_id,readout_category,readout_name,evidence_class,grade_authority,locus_named,arm_identified,dose_shown_in_quote,n_shown_in_quote,verdict,source_locus
COG-MSR0027,COG-STU054,source_and_compound_unique,COG-OLG004,COG-S003,bleeding_outcome,bleeding_event,adverse_outcome_source_attributed,ungraded,TRUE,TRUE,FALSE,FALSE,ATTRIBUTION_SUPPORTED,"Results, 'Tolerability and safety.', paragraph 2, and Table 2 (Adverse events: 'Gastrointestinal hemorrhage | Moderate | 1 (20.0) 2')"
COG-MSR0077,NOT_REPORTED,ambiguous_11_candidates,COG-OLG007,COG-S006,bleeding_outcome,bleeding_event_and_serious_adverse_event,adverse_outcome_source_attributed,ungraded,TRUE,TRUE,FALSE,FALSE,ATTRIBUTION_SUPPORTED,"pubmed_REG1_pegnivacogin_BAX499_abstracts.txt, record 2, PMID 17101847 (Circulation 2006;114(23):2490-7), METHODS AND RESULTS"
COG-MSR0082,NOT_REPORTED,ambiguous_11_candidates,COG-OLG007,COG-S006,bleeding_outcome,major_bleeding_and_ischemic_endpoints,adverse_outcome_source_attributed,ungraded,TRUE,TRUE,FALSE,FALSE,ATTRIBUTION_SUPPORTED,"pubmed_REG1_pegnivacogin_BAX499_abstracts.txt, record 4, PMID 20660806 (Circulation 2010;122(6):614-22), METHODS AND RESULTS"
COG-MSR0087,NOT_REPORTED,ambiguous_11_candidates,COG-OLG008,COG-S006,anticoagulant_activity,reversal_of_pegnivacogin_anticoagulation,unintended_lab_disturbance,ungraded,TRUE,TRUE,FALSE,FALSE,ATTRIBUTION_SUPPORTED,"pubmed_REG1_pegnivacogin_BAX499_abstracts.txt, record 6, PMID 22500821 (J Thromb Haemost 2012;10(7):1303-11), RESULTS"
COG-MSR0263,NOT_REPORTED,ambiguous_7_candidates,COG-OLG050,COG-S016,clotting_time,INR,unintended_lab_disturbance,ungraded,TRUE,TRUE,FALSE,FALSE,ATTRIBUTION_SUPPORTED,"Section ""PTT Prolongation"" of the safety narrative (Detailed Description), first paragraph"
COG-MSR0264,NOT_REPORTED,ambiguous_7_candidates,COG-OLG050,COG-S016,clotting_time,aPTT,unintended_lab_disturbance,source_reported,TRUE,TRUE,TRUE,FALSE,ATTRIBUTION_SUPPORTED,"Section ""PTT Prolongation"" of the safety narrative (Detailed Description), first paragraph"
COG-MSR0265,NOT_REPORTED,ambiguous_7_candidates,COG-OLG050,COG-S016,clotting_time,aPTT,unintended_lab_disturbance,source_reported,TRUE,TRUE,TRUE,FALSE,ATTRIBUTION_SUPPORTED,"Section ""PTT Prolongation"" of the safety narrative (Detailed Description), first paragraph"
COG-MSR0266,NOT_REPORTED,ambiguous_7_candidates,COG-OLG050,COG-S016,clotting_time,aPTT,unintended_lab_disturbance,source_reported,TRUE,TRUE,TRUE,FALSE,ATTRIBUTION_SUPPORTED,"Section ""PTT Prolongation"" of the safety narrative (Detailed Description), first paragraph"
COG-MSR0267,COG-STU085,protocol_code_in_row,COG-OLG050,COG-S016,bleeding_outcome,bleeding_event,measured_negative,ungraded,TRUE,TRUE,FALSE,FALSE,ATTRIBUTION_SUPPORTED,"Section ""PTT Prolongation"" of the safety narrative (Detailed Description), second paragraph"
COG-MSR0268,COG-STU085,protocol_code_in_row,COG-OLG050,COG-S016,bleeding_outcome,bleeding_event,measured_negative,ungraded,TRUE,TRUE,FALSE,FALSE,ATTRIBUTION_SUPPORTED,"Section ""PTT Prolongation"" of the safety narrative (Detailed Description), second paragraph"
COG-MSR0269,COG-STU085,protocol_code_in_row,COG-OLG050,COG-S016,clotting_time,aPTT,unintended_lab_disturbance,ungraded,TRUE,TRUE,FALSE,FALSE,ATTRIBUTION_SUPPORTED,"Section ""PTT Prolongation"" of the safety narrative (Detailed Description), second paragraph"
COG-MSR0270,COG-STU085,protocol_code_in_row,COG-OLG050,COG-S016,clotting_time,PT,unintended_lab_disturbance,ungraded,TRUE,TRUE,FALSE,FALSE,ATTRIBUTION_SUPPORTED,"Section ""PTT Prolongation"" of the safety narrative (Detailed Description), second paragraph"
COG-MSR0271,NOT_REPORTED,ambiguous_7_candidates,COG-OLG050,COG-S016,clotting_time,INR,unintended_lab_disturbance,ungraded,TRUE,TRUE,FALSE,FALSE,ATTRIBUTION_SUPPORTED,"Section ""PTT Prolongation"" of the safety narrative (Detailed Description), second paragraph"
COG-MSR0272,COG-STU085,protocol_code_in_row,COG-OLG050,COG-S016,bleeding_outcome,bleeding_event,measured_negative,ungraded,TRUE,TRUE,FALSE,FALSE,ATTRIBUTION_SUPPORTED,"Section ""PTT Prolongation"" of the safety narrative (Detailed Description), second paragraph"
COG-MSR0303,COG-STU109,source_and_compound_unique,COG-OLG054,COG-S019,clotting_time,aPTT_shift_to_high,unintended_lab_disturbance,ungraded,TRUE,TRUE,TRUE,FALSE,ATTRIBUTION_SUPPORTED,"Table 3 'Shifts to abnormal laboratory values*', High APTT and High INR rows (columns: SMA type 1 N=12, type 2 N=23, type 3 N=11, total N=46)"
COG-MSR0305,COG-STU109,source_and_compound_unique,COG-OLG054,COG-S019,clotting_time,aPTT_shift_to_high,unintended_lab_disturbance,ungraded,TRUE,TRUE,TRUE,TRUE,ATTRIBUTION_SUPPORTED,"Table 3 'Shifts to abnormal laboratory values*', High APTT row, SMA type 2 column"
COG-MSR0306,COG-STU109,source_and_compound_unique,COG-OLG054,COG-S019,clotting_time,aPTT_shift_to_high,unintended_lab_disturbance,ungraded,TRUE,TRUE,TRUE,TRUE,ATTRIBUTION_SUPPORTED,"Table 3 'Shifts to abnormal laboratory values*', High APTT row, SMA type 3 column"
COG-MSR0308,COG-STU109,source_and_compound_unique,COG-OLG054,COG-S019,clotting_time,aPTT,unintended_lab_disturbance,curator_derived_research_score,TRUE,TRUE,FALSE,FALSE,ATTRIBUTION_SUPPORTED,"Results, 'Coagulation parameters' paragraph, second sentence"
COG-MSR0310,COG-STU109,source_and_compound_unique,COG-OLG054,COG-S019,clotting_time,INR_regression_coefficient_per_dose,unintended_lab_disturbance,ungraded,TRUE,TRUE,FALSE,FALSE,ATTRIBUTION_SUPPORTED,"Table 4 'Details of linear regression analysis base on nusinersen doses', INR row"
COG-MSR0311,COG-STU109,source_and_compound_unique,COG-OLG054,COG-S019,clotting_time,INR_increase_per_injection_as_stated_in_text,unintended_lab_disturbance,ungraded,TRUE,FALSE,FALSE,FALSE,ATTRIBUTION_WEAK_locus_only,"Results, 'Coagulation parameters' paragraph; identical claim in the Abstract ('International normalized ratio was increased by 0.09 per injection.')"
COG-MSR0325,COG-STU156,source_and_compound_unique,COG-OLG054,COG-S020,clotting_time,aPTT_sporadic_shift_to_high,unintended_lab_disturbance,ungraded,TRUE,TRUE,FALSE,FALSE,ATTRIBUTION_SUPPORTED,"Table 4 'Number of patients with shifts to abnormal laboratory values under therapy', aPTT row (sporadic / transient / persistent / no deviation)"
COG-MSR0327,COG-STU156,source_and_compound_unique,COG-OLG054,COG-S020,clotting_time,INR_sporadic_shift_to_high,unintended_lab_disturbance,ungraded,TRUE,TRUE,FALSE,FALSE,ATTRIBUTION_SUPPORTED,"Table 4, INR row, sporadic column"
COG-MSR0338,COG-STU103,source_and_compound_unique,COG-OLG055,COG-S021,platelet_coag_crosstalk,platelet_count_reduction_from_baseline,unintended_lab_disturbance,ungraded,TRUE,TRUE,FALSE,FALSE,ATTRIBUTION_SUPPORTED,Results 3.2 'Effects of Volanesorsen on Platelet Count' (percentages also in the Abstract)
COG-MSR0371,NOT_REPORTED,ambiguous_4_candidates,COG-OLG059,COG-S024,bleeding_outcome,bleeding_event_any_grade,adverse_outcome_source_attributed,ungraded,TRUE,TRUE,FALSE,FALSE,ATTRIBUTION_SUPPORTED,"Section 6.1 Clinical Trials Experience, narrative paragraph preceding Table 2"
COG-MSR0372,NOT_REPORTED,ambiguous_4_candidates,COG-OLG059,COG-S024,bleeding_outcome,bleeding_event_grade_4_5,adverse_outcome_source_attributed,source_reported,TRUE,TRUE,FALSE,FALSE,ATTRIBUTION_SUPPORTED,"Section 6.1 Clinical Trials Experience, narrative paragraph preceding Table 2"
COG-MSR0373,NOT_REPORTED,ambiguous_4_candidates,COG-OLG059,COG-S024,bleeding_outcome,bleeding_event_epistaxis_any_grade,adverse_outcome_source_attributed,ungraded,TRUE,TRUE,FALSE,FALSE,ATTRIBUTION_SUPPORTED,"Section 6.1 Clinical Trials Experience, Table 2, row 'Epistaxis', column 'Any grade'"
COG-MSR0374,NOT_REPORTED,ambiguous_4_candidates,COG-OLG059,COG-S024,bleeding_outcome,bleeding_event_epistaxis_grade_4_5,measured_negative,source_reported,TRUE,TRUE,FALSE,TRUE,ATTRIBUTION_SUPPORTED,"Section 6.1 Clinical Trials Experience, Table 2, row 'Epistaxis', column 'Grade 4-5'"
COG-MSR0375,NOT_REPORTED,ambiguous_4_candidates,COG-OLG059,COG-S024,bleeding_outcome,bleeding_event_pulmonary_alveolar_hemorrhage_any_grade,adverse_outcome_source_attributed,ungraded,TRUE,TRUE,FALSE,FALSE,ATTRIBUTION_SUPPORTED,"Section 6.1 Clinical Trials Experience, Table 2, row 'Pulmonary alveolar hemorrhage', column 'Any grade'"
COG-MSR0376,NOT_REPORTED,ambiguous_4_candidates,COG-OLG059,COG-S024,bleeding_outcome,bleeding_event_pulmonary_alveolar_hemorrhage_grade_4_5,adverse_outcome_source_attributed,source_reported,TRUE,TRUE,FALSE,FALSE,ATTRIBUTION_SUPPORTED,"Section 6.1 Clinical Trials Experience, Table 2, row 'Pulmonary alveolar hemorrhage', column 'Grade 4-5'"
COG-MSR0377,NOT_REPORTED,ambiguous_4_candidates,COG-OLG059,COG-S024,bleeding_outcome,bleeding_event_gastrointestinal_hemorrhage_any_grade,adverse_outcome_source_attributed,ungraded,TRUE,TRUE,FALSE,FALSE,ATTRIBUTION_SUPPORTED,"Section 6.1 Clinical Trials Experience, Table 2, row 'Gastrointestinal hemorrhage', column 'Any grade'"
COG-MSR0378,NOT_REPORTED,ambiguous_4_candidates,COG-OLG059,COG-S024,bleeding_outcome,bleeding_event_gastrointestinal_hemorrhage_grade_4_5,adverse_outcome_source_attributed,source_reported,TRUE,TRUE,FALSE,FALSE,ATTRIBUTION_SUPPORTED,"Section 6.1 Clinical Trials Experience, Table 2, row 'Gastrointestinal hemorrhage', column 'Grade 4-5'"
COG-MSR0379,NOT_REPORTED,ambiguous_4_candidates,COG-OLG059,COG-S024,bleeding_outcome,bleeding_event_pulmonary_hemorrhage_any_grade,adverse_outcome_source_attributed,ungraded,TRUE,TRUE,FALSE,FALSE,ATTRIBUTION_SUPPORTED,"Section 6.1 Clinical Trials Experience, Table 2, row 'Pulmonary hemorrhage', column 'Any grade'"
COG-MSR0380,NOT_REPORTED,ambiguous_4_candidates,COG-OLG059,COG-S024,bleeding_outcome,bleeding_event_pulmonary_hemorrhage_grade_4_5,adverse_outcome_source_attributed,source_reported,TRUE,TRUE,FALSE,FALSE,ATTRIBUTION_SUPPORTED,"Section 6.1 Clinical Trials Experience, Table 2, row 'Pulmonary hemorrhage', column 'Grade 4-5'"
COG-MSR0381,NOT_REPORTED,ambiguous_4_candidates,COG-OLG059,COG-S024,bleeding_outcome,bleeding_event_intracranial_hemorrhage_any_grade,adverse_outcome_source_attributed,ungraded,TRUE,TRUE,FALSE,FALSE,ATTRIBUTION_SUPPORTED,"Section 6.1 Clinical Trials Experience, Table 2, row 'Hemorrhage intracranial', column 'Any grade'"
COG-MSR0382,NOT_REPORTED,ambiguous_4_candidates,COG-OLG059,COG-S024,bleeding_outcome,bleeding_event_intracranial_hemorrhage_grade_4_5,adverse_outcome_source_attributed,source_reported,TRUE,TRUE,FALSE,FALSE,ATTRIBUTION_SUPPORTED,"Section 6.1 Clinical Trials Experience, Table 2, row 'Hemorrhage intracranial', column 'Grade 4-5'"
COG-MSR0383,NOT_REPORTED,ambiguous_4_candidates,COG-OLG059,COG-S024,bleeding_outcome,bleeding_event_cerebral_hemorrhage_any_grade,adverse_outcome_source_attributed,ungraded,TRUE,TRUE,FALSE,FALSE,ATTRIBUTION_SUPPORTED,"Section 6.1 Clinical Trials Experience, Table 2, row 'Cerebral hemorrhage', column 'Any grade'"
COG-MSR0384,NOT_REPORTED,ambiguous_4_candidates,COG-OLG059,COG-S024,bleeding_outcome,bleeding_event_cerebral_hemorrhage_grade_4_5,adverse_outcome_source_attributed,source_reported,TRUE,TRUE,FALSE,FALSE,ATTRIBUTION_SUPPORTED,"Section 6.1 Clinical Trials Experience, Table 2, row 'Cerebral hemorrhage', column 'Grade 4-5'"
COG-MSR0385,NOT_REPORTED,ambiguous_4_candidates,COG-OLG059,COG-S024,bleeding_outcome,bleeding_event_pulmonary_alveolar_hemorrhage_leading_to_permanent_discontinuation,adverse_outcome_source_attributed,ungraded,TRUE,TRUE,FALSE,FALSE,ATTRIBUTION_SUPPORTED,"Section 6.1 Clinical Trials Experience, discontinuation paragraph"
COG-MSR0386,NOT_REPORTED,ambiguous_4_candidates,COG-OLG059,COG-S024,bleeding_outcome,bleeding_event_pulmonary_hemorrhage_leading_to_permanent_discontinuation,adverse_outcome_source_attributed,ungraded,TRUE,TRUE,FALSE,FALSE,ATTRIBUTION_SUPPORTED,"Section 6.1 Clinical Trials Experience, discontinuation paragraph"
COG-MSR0387,NOT_REPORTED,ambiguous_4_candidates,COG-OLG059,COG-S024,bleeding_outcome,bleeding_event_catheter_site_hemorrhage_leading_to_permanent_discontinuation,adverse_outcome_source_attributed,ungraded,TRUE,TRUE,FALSE,FALSE,ATTRIBUTION_SUPPORTED,"Section 6.1 Clinical Trials Experience, discontinuation paragraph"
COG-MSR0388,NOT_REPORTED,ambiguous_4_candidates,COG-OLG059,COG-S024,bleeding_outcome,bleeding_event_cerebral_hemorrhage_leading_to_permanent_discontinuation,adverse_outcome_source_attributed,ungraded,TRUE,TRUE,FALSE,FALSE,ATTRIBUTION_SUPPORTED,"Section 6.1 Clinical Trials Experience, discontinuation paragraph"
COG-MSR0556,NOT_REPORTED,ambiguous_4_candidates,COG-OLG060,COG-S026,thrombotic_outcome,thrombotic_event,adverse_outcome_source_attributed,ungraded,TRUE,TRUE,TRUE,FALSE,ATTRIBUTION_SUPPORTED,Section 5.1 Thrombotic Events (also Boxed Warning)
COG-MSR0557,NOT_REPORTED,ambiguous_4_candidates,COG-OLG060,COG-S026,thrombotic_outcome,thrombotic_event_exposure_adjusted_rate,adverse_outcome_source_attributed,ungraded,TRUE,TRUE,TRUE,FALSE,ATTRIBUTION_SUPPORTED,Section 5.1 Thrombotic Events
COG-MSR0558,NOT_REPORTED,ambiguous_4_candidates,COG-OLG060,COG-S026,thrombotic_outcome,thrombotic_event,adverse_outcome_source_attributed,ungraded,TRUE,TRUE,FALSE,FALSE,ATTRIBUTION_SUPPORTED,Section 5.1 Thrombotic Events
COG-MSR0559,NOT_REPORTED,ambiguous_4_candidates,COG-OLG060,COG-S026,thrombotic_outcome,fatal_cerebral_venous_sinus_thrombosis,adverse_outcome_source_attributed,ungraded,TRUE,TRUE,TRUE,TRUE,ATTRIBUTION_SUPPORTED,Section 5.1 Thrombotic Events / Boxed Warning
COG-MSR0560,NOT_REPORTED,ambiguous_4_candidates,COG-OLG060,COG-S026,thrombotic_outcome,thrombotic_event_risk_factors,adverse_outcome_source_attributed,ungraded,TRUE,TRUE,FALSE,FALSE,ATTRIBUTION_SUPPORTED,Boxed Warning / Section 5.1
COG-MSR0565,NOT_REPORTED,ambiguous_4_candidates,COG-OLG060,COG-S026,thrombin_generation,peak_thrombin,unintended_lab_disturbance,ungraded,TRUE,TRUE,FALSE,FALSE,ATTRIBUTION_SUPPORTED,Section 7.1 Hypercoagulability with Concomitant Use of CFC or BPA
COG-MSR0566,NOT_REPORTED,ambiguous_4_candidates,COG-OLG060,COG-S026,thrombin_generation,prothrombin_fragment_1_2_increased,unintended_lab_disturbance,ungraded,TRUE,TRUE,FALSE,TRUE,ATTRIBUTION_SUPPORTED,"Section 6.1 Clinical Trials Experience, Table 3 (Adverse Reactions Reported in >=5% of Patients from Pooled Clinical Studies with QFITLIA AT-DR)"
COG-MSR0567,NOT_REPORTED,ambiguous_4_candidates,COG-OLG060,COG-S026,thrombotic_outcome,thrombotic_event_leading_to_permanent_discontinuation,adverse_outcome_source_attributed,ungraded,TRUE,TRUE,FALSE,TRUE,ATTRIBUTION_SUPPORTED,Section 6.1 Clinical Trials Experience
COG-MSR0568,NOT_REPORTED,ambiguous_4_candidates,COG-OLG060,COG-S026,anticoagulant_activity,antithrombin_activity,unintended_lab_disturbance,ungraded,TRUE,TRUE,FALSE,FALSE,ATTRIBUTION_SUPPORTED,"Section 14 Clinical Studies, ATLAS-OLE"
COG-MSR0570,NOT_REPORTED,ambiguous_4_candidates,COG-OLG060,COG-S026,thrombotic_outcome,thrombotic_event_hormonal_contraceptive_interaction,adverse_outcome_source_attributed,ungraded,TRUE,TRUE,FALSE,FALSE,ATTRIBUTION_SUPPORTED,Section 8.3 Females and Males of Reproductive Potential
COG-MSR0579,NOT_REPORTED,ambiguous_7_candidates,COG-OLG060,COG-S027,thrombotic_outcome,thrombotic_event,adverse_outcome_source_attributed,ungraded,TRUE,TRUE,FALSE,TRUE,ATTRIBUTION_SUPPORTED,"Results, Integrated safety analysis: AEs; and Table 3 (Participants with any thrombotic event, n (%) 4 (1.4); EAIR per 100 patient-years 0.82)"
COG-MSR0580,NOT_REPORTED,ambiguous_7_candidates,COG-OLG060,COG-S027,thrombotic_outcome,thrombotic_event_exposure_adjusted_incidence_rate,adverse_outcome_source_attributed,ungraded,TRUE,TRUE,FALSE,FALSE,ATTRIBUTION_SUPPORTED,"Discussion, thrombotic events paragraph (and Table 3)"
COG-MSR0581,NOT_REPORTED,ambiguous_7_candidates,COG-OLG060,COG-S027,thrombotic_outcome,thrombotic_event,adverse_outcome_source_attributed,ungraded,TRUE,FALSE,FALSE,FALSE,ATTRIBUTION_WEAK_locus_only,"Discussion, thrombotic events paragraph"
COG-MSR0582,NOT_REPORTED,ambiguous_7_candidates,COG-OLG060,COG-S027,thrombotic_outcome,thrombotic_event_individual_case,adverse_outcome_source_attributed,ungraded,TRUE,TRUE,FALSE,FALSE,ATTRIBUTION_SUPPORTED,"Table 4 (Integrated safety analysis: summary of predisposing risk factors in participants who experienced thrombotic events with fitusiran AT-DR), row ""Old cerebral infarction"""
COG-MSR0583,NOT_REPORTED,ambiguous_7_candidates,COG-OLG060,COG-S027,thrombotic_outcome,thrombotic_event_individual_case,adverse_outcome_source_attributed,ungraded,TRUE,TRUE,FALSE,TRUE,ATTRIBUTION_SUPPORTED,"Table 4 (Integrated safety analysis: summary of predisposing risk factors in participants who experienced thrombotic events with fitusiran AT-DR), row ""Embolic stroke of unknown origin"""
COG-MSR0584,NOT_REPORTED,ambiguous_7_candidates,COG-OLG060,COG-S027,thrombotic_outcome,thrombotic_event_individual_case,adverse_outcome_source_attributed,ungraded,TRUE,TRUE,FALSE,FALSE,ATTRIBUTION_SUPPORTED,"Table 4 (Integrated safety analysis: summary of predisposing risk factors in participants who experienced thrombotic events with fitusiran AT-DR), row ""Postoperative venous thrombosis (left axillary, brachial, and basilic vein)"""
COG-MSR0585,NOT_REPORTED,ambiguous_7_candidates,COG-OLG060,COG-S027,thrombotic_outcome,thrombotic_event_individual_case,adverse_outcome_source_attributed,ungraded,TRUE,TRUE,FALSE,FALSE,ATTRIBUTION_SUPPORTED,"Table 4 (Integrated safety analysis: summary of predisposing risk factors in participants who experienced thrombotic events with fitusiran AT-DR), row ""Postoperative DVT (left common femoral vein)"""
COG-MSR0586,NOT_REPORTED,ambiguous_7_candidates,COG-OLG060,COG-S027,fibrinolysis_marker,D_dimer,unintended_lab_disturbance,ungraded,TRUE,TRUE,FALSE,FALSE,ATTRIBUTION_SUPPORTED,"Results, Integrated safety analysis: coagulation parameters"
COG-MSR0587,NOT_REPORTED,ambiguous_7_candidates,COG-OLG060,COG-S027,thrombin_generation,prothrombin_fragment_1_2,unintended_lab_disturbance,ungraded,TRUE,TRUE,FALSE,FALSE,ATTRIBUTION_SUPPORTED,"Results, Integrated safety analysis: coagulation parameters (also listed as a >=5% TEAE, ""prothrombin fragment 1.2 increased (17 [5.9%])"")"
COG-MSR0589,NOT_REPORTED,ambiguous_7_candidates,COG-OLG060,COG-S027,anticoagulant_activity,antithrombin_activity,unintended_lab_disturbance,ungraded,TRUE,TRUE,TRUE,FALSE,ATTRIBUTION_SUPPORTED,"Discussion, AT activity paragraph (ATLAS-INH)"
COG-MSR0590,NOT_REPORTED,ambiguous_7_candidates,COG-OLG060,COG-S027,anticoagulant_activity,antithrombin_activity,unintended_lab_disturbance,ungraded,TRUE,TRUE,TRUE,FALSE,ATTRIBUTION_SUPPORTED,"Discussion, AT activity paragraph (ATLAS-A/B)"
COG-MSR0591,NOT_REPORTED,ambiguous_7_candidates,COG-OLG060,COG-S027,anticoagulant_activity,antithrombin_activity,unintended_lab_disturbance,ungraded,TRUE,TRUE,TRUE,FALSE,ATTRIBUTION_SUPPORTED,"Discussion, AT activity paragraph (ATLAS-PPX)"
COG-MSR0592,NOT_REPORTED,ambiguous_7_candidates,COG-OLG060,COG-S027,anticoagulant_activity,antithrombin_activity,unintended_lab_disturbance,ungraded,TRUE,TRUE,FALSE,FALSE,ATTRIBUTION_SUPPORTED,"Results, ATLAS-OLE: pharmacodynamics and immunogenicity"
COG-MSR0608,NOT_REPORTED,ambiguous_2_candidates,COG-OLG060,COG-S028,thrombotic_outcome,vascular_thrombotic_event_incident_rate,adverse_outcome_source_attributed,ungraded,FALSE,FALSE,FALSE,FALSE,ATTRIBUTION_UNSUPPORTED,"Methods, Study design and patient population (rationale for the 2020 dosing pause and the AT-based dose regimen)"
COG-MSR0609,NOT_REPORTED,ambiguous_2_candidates,COG-OLG060,COG-S028,thrombotic_outcome,vascular_thrombotic_event_incident_rate,adverse_outcome_source_attributed,ungraded,FALSE,FALSE,FALSE,FALSE,ATTRIBUTION_UNSUPPORTED,"Methods, Study design and patient population (rationale for the 2020 dosing pause and the AT-based dose regimen)"
COG-MSR0610,NOT_REPORTED,ambiguous_2_candidates,COG-OLG060,COG-S028,thrombotic_outcome,vascular_thrombotic_event_incident_rate,measured_negative,ungraded,FALSE,FALSE,FALSE,FALSE,ATTRIBUTION_UNSUPPORTED,"Methods, Study design and patient population (rationale for the 2020 dosing pause and the AT-based dose regimen)"
COG-MSR0611,NOT_REPORTED,ambiguous_2_candidates,COG-OLG060,COG-S028,thrombotic_outcome,fatal_cerebral_venous_sinus_thrombosis,adverse_outcome_source_attributed,ungraded,TRUE,TRUE,FALSE,FALSE,ATTRIBUTION_SUPPORTED,"Table 3 (Summary of thrombotic events), row ""Patient with Hemophilia A without inhibitor""; narrative of the same event in Methods (clinical hold) and Table 2 footnotes"
COG-MSR0612,NOT_REPORTED,ambiguous_2_candidates,COG-OLG060,COG-S028,thrombotic_outcome,atrial_thrombosis,adverse_outcome_source_attributed,ungraded,TRUE,TRUE,FALSE,FALSE,ATTRIBUTION_SUPPORTED,"Table 3 (Summary of thrombotic events), row ""Patient with hemophilia B with inhibitor""; relatedness stated in Results/Safety"
COG-MSR0637,COG-STU002,source_and_compound_unique,COG-OLG060,COG-S029,fibrinolysis_marker,D_dimer,unintended_lab_disturbance,ungraded,TRUE,TRUE,FALSE,FALSE,ATTRIBUTION_SUPPORTED,"Table 4 (Summary of AEs, SAS 1), row ""Fibrin D-dimer increased"""
COG-MSR0638,COG-STU002,source_and_compound_unique,COG-OLG060,COG-S029,thrombotic_outcome,thrombotic_event,adverse_outcome_source_attributed,ungraded,TRUE,TRUE,TRUE,FALSE,ATTRIBUTION_SUPPORTED,"Table 4 (Summary of AEs, SAS 1), row ""Any suspected or confirmed thromboembolic events""; narrative in Results/Safety"
COG-MSR0639,COG-STU002,source_and_compound_unique,COG-OLG060,COG-S029,thrombotic_outcome,cerebrovascular_accident,adverse_outcome_source_attributed,ungraded,TRUE,FALSE,FALSE,FALSE,ATTRIBUTION_WEAK_locus_only,"Results, Safety (AESI narrative for the cerebrovascular accident)"
COG-MSR0640,COG-STU002,source_and_compound_unique,COG-OLG060,COG-S029,thrombotic_outcome,thrombosis_optic_papilla,adverse_outcome_source_attributed,ungraded,TRUE,TRUE,FALSE,FALSE,ATTRIBUTION_SUPPORTED,"Results, Safety (AESI narrative for the thrombosis on papilla)"
COG-MSR0642,COG-STU002,source_and_compound_unique,COG-OLG060,COG-S029,anticoagulant_activity,antithrombin_activity,unintended_lab_disturbance,ungraded,TRUE,TRUE,FALSE,FALSE,ATTRIBUTION_SUPPORTED,"Results, Pharmacodynamics and immunogenicity"
COG-MSR0645,COG-STU002,source_and_compound_unique,COG-OLG060,COG-S029,fibrinolysis_marker,D_dimer,unintended_lab_disturbance,ungraded,TRUE,FALSE,FALSE,FALSE,ATTRIBUTION_WEAK_locus_only,"Results, Safety (clinical laboratory assessments of coagulation markers)"
COG-MSR0646,COG-STU002,source_and_compound_unique,COG-OLG060,COG-S029,thrombin_generation,prothrombin_fragment_1_2,unintended_lab_disturbance,ungraded,TRUE,FALSE,FALSE,FALSE,ATTRIBUTION_WEAK_locus_only,"Results, Safety (clinical laboratory assessments of coagulation markers)"
COG-MSR0647,COG-STU002,source_and_compound_unique,COG-OLG060,COG-S029,fibrinogen,fibrinogen,unintended_lab_disturbance,ungraded,TRUE,TRUE,FALSE,FALSE,ATTRIBUTION_SUPPORTED,"Results, Safety (clinical laboratory assessments of coagulation markers)"
COG-MSR0655,COG-STU049,source_and_compound_unique,COG-OLG060,COG-S030,anticoagulant_activity,antithrombin_activity_minimum_residual,unintended_lab_disturbance,ungraded,TRUE,TRUE,TRUE,FALSE,ATTRIBUTION_SUPPORTED,"Results, 3.4 Pharmacodynamics"
COG-MSR0661,COG-STU049,source_and_compound_unique,COG-OLG060,COG-S030,fibrinolysis_marker,D_dimer,unintended_lab_disturbance,ungraded,TRUE,FALSE,TRUE,FALSE,ATTRIBUTION_WEAK_locus_only,"Results, 3.2 Safety (D-dimer)"
COG-MSR0662,COG-STU049,source_and_compound_unique,COG-OLG060,COG-S030,fibrinolysis_marker,D_dimer,unintended_lab_disturbance,ungraded,TRUE,FALSE,TRUE,FALSE,ATTRIBUTION_WEAK_locus_only,"Results, 3.2 Safety (D-dimer)"
COG-MSR0664,COG-STU049,source_and_compound_unique,COG-OLG060,COG-S030,fibrinolysis_marker,D_dimer_adverse_event,unintended_lab_disturbance,ungraded,TRUE,TRUE,FALSE,FALSE,ATTRIBUTION_SUPPORTED,"Table 2 (Adverse events in the safety population), row ""Fibrin D-dimer increase"""
COG-MSR0665,COG-STU049,source_and_compound_unique,COG-OLG060,COG-S030,fibrinolysis_marker,D_dimer,unintended_lab_disturbance,ungraded,TRUE,TRUE,FALSE,FALSE,ATTRIBUTION_SUPPORTED,"Results, 3.2 Safety (individual D-dimer case, 50 mg group)"
COG-MSR0666,COG-STU049,source_and_compound_unique,COG-OLG060,COG-S030,fibrinolysis_marker,D_dimer,unintended_lab_disturbance,ungraded,TRUE,FALSE,FALSE,FALSE,ATTRIBUTION_WEAK_locus_only,"Results, 3.2 Safety (individual D-dimer case, 80 mg group)"
COG-MSR0667,COG-STU049,source_and_compound_unique,COG-OLG060,COG-S030,fibrinolysis_marker,D_dimer,unintended_lab_disturbance,ungraded,TRUE,TRUE,FALSE,FALSE,ATTRIBUTION_SUPPORTED,"Results, 3.2 Safety (individual D-dimer case, 80 mg group)"
COG-MSR0681,NOT_REPORTED,ambiguous_4_candidates,COG-OLG060,COG-S031,anticoagulant_activity,antithrombin_activity_to_antigen_ratio,unintended_lab_disturbance,ungraded,TRUE,TRUE,FALSE,FALSE,ATTRIBUTION_SUPPORTED,"Results, ""Relative increase of beta-AT over alpha-AT in fitusiran-treated patients"", Figure 3C"
COG-MSR1818,COG-STU053,source_and_compound_unique,COG-OLG113,COG-S038,bleeding_outcome,bleeding_event_major,adverse_outcome_source_attributed,ungraded,TRUE,TRUE,TRUE,TRUE,ATTRIBUTION_SUPPORTED,"Table 2 (Bleeding events (safety population)), row 'Major bleeding, n (%)'"
COG-MSR1819,COG-STU053,source_and_compound_unique,COG-OLG113,COG-S038,bleeding_outcome,bleeding_event_major,adverse_outcome_source_attributed,ungraded,TRUE,TRUE,FALSE,TRUE,ATTRIBUTION_SUPPORTED,"Table 2 (Bleeding events (safety population)), row 'Major bleeding, n (%)'"
COG-MSR1820,COG-STU053,source_and_compound_unique,COG-OLG113,COG-S038,bleeding_outcome,bleeding_event_major,adverse_outcome_source_attributed,ungraded,TRUE,TRUE,TRUE,TRUE,ATTRIBUTION_SUPPORTED,"Table 2 (Bleeding events (safety population)), row 'Major bleeding, n (%)'"
COG-MSR1821,COG-STU053,source_and_compound_unique,COG-OLG113,COG-S038,bleeding_outcome,bleeding_event_major,adverse_outcome_source_attributed,ungraded,TRUE,TRUE,TRUE,TRUE,ATTRIBUTION_SUPPORTED,"Table 2 (Bleeding events (safety population)), row 'Major bleeding, n (%)'"
COG-MSR1822,COG-STU053,source_and_compound_unique,COG-OLG113,COG-S038,bleeding_outcome,bleeding_event_minor,adverse_outcome_source_attributed,ungraded,TRUE,TRUE,TRUE,TRUE,ATTRIBUTION_SUPPORTED,"Table 2 (Bleeding events (safety population)), row 'Minor bleeding, n (%)'"
COG-MSR1823,COG-STU053,source_and_compound_unique,COG-OLG113,COG-S038,bleeding_outcome,bleeding_event_minor,adverse_outcome_source_attributed,ungraded,TRUE,TRUE,FALSE,TRUE,ATTRIBUTION_SUPPORTED,"Table 2 (Bleeding events (safety population)), row 'Minor bleeding, n (%)'"
COG-MSR1824,COG-STU053,source_and_compound_unique,COG-OLG113,COG-S038,bleeding_outcome,bleeding_event_minor,adverse_outcome_source_attributed,ungraded,TRUE,TRUE,TRUE,TRUE,ATTRIBUTION_SUPPORTED,"Table 2 (Bleeding events (safety population)), row 'Minor bleeding, n (%)'"
COG-MSR1825,COG-STU053,source_and_compound_unique,COG-OLG113,COG-S038,bleeding_outcome,bleeding_event_minor,adverse_outcome_source_attributed,ungraded,TRUE,TRUE,TRUE,TRUE,ATTRIBUTION_SUPPORTED,"Table 2 (Bleeding events (safety population)), row 'Minor bleeding, n (%)'"
COG-MSR1826,COG-STU053,source_and_compound_unique,COG-OLG113,COG-S038,bleeding_outcome,bleeding_event_any,adverse_outcome_source_attributed,ungraded,TRUE,TRUE,TRUE,TRUE,ATTRIBUTION_SUPPORTED,"Table 2 (Bleeding events (safety population)), row 'Any bleeding, n (%)'"
COG-MSR1827,COG-STU053,source_and_compound_unique,COG-OLG113,COG-S038,bleeding_outcome,bleeding_event_any,adverse_outcome_source_attributed,ungraded,TRUE,TRUE,FALSE,TRUE,ATTRIBUTION_SUPPORTED,"Table 2 (Bleeding events (safety population)), row 'Any bleeding, n (%)'"
COG-MSR1828,COG-STU053,source_and_compound_unique,COG-OLG113,COG-S038,bleeding_outcome,bleeding_event_any,adverse_outcome_source_attributed,ungraded,TRUE,TRUE,TRUE,TRUE,ATTRIBUTION_SUPPORTED,"Table 2 (Bleeding events (safety population)), row 'Any bleeding, n (%)'"
COG-MSR1829,COG-STU053,source_and_compound_unique,COG-OLG113,COG-S038,bleeding_outcome,bleeding_event_any,adverse_outcome_source_attributed,ungraded,TRUE,TRUE,TRUE,TRUE,ATTRIBUTION_SUPPORTED,"Table 2 (Bleeding events (safety population)), row 'Any bleeding, n (%)'"
COG-MSR1830,COG-STU053,source_and_compound_unique,COG-OLG113,COG-S038,bleeding_outcome,bleeding_event_minor_attribution,adverse_outcome_source_attributed,ungraded,TRUE,TRUE,FALSE,TRUE,ATTRIBUTION_SUPPORTED,"Discussion, limitations paragraph (final paragraph before the concluding paragraph)"
COG-MSR1833,COG-STU053,source_and_compound_unique,COG-OLG113,COG-S038,bleeding_outcome,arteriovenous_fistula_site_bleeding,adverse_outcome_source_attributed,ungraded,TRUE,TRUE,TRUE,FALSE,ATTRIBUTION_SUPPORTED,"Results, section 'Safety', sentence about vascular access site bleeding"
COG-MSR1834,COG-STU053,source_and_compound_unique,COG-OLG113,COG-S038,bleeding_outcome,arteriovenous_fistula_site_bleeding,adverse_outcome_source_attributed,ungraded,TRUE,TRUE,TRUE,FALSE,ATTRIBUTION_SUPPORTED,"Results, section 'Safety', sentence about vascular access site bleeding"
COG-MSR1835,COG-STU053,source_and_compound_unique,COG-OLG113,COG-S038,bleeding_outcome,arteriovenous_fistula_site_bleeding,adverse_outcome_source_attributed,ungraded,TRUE,TRUE,FALSE,FALSE,ATTRIBUTION_SUPPORTED,"Results, section 'Safety', sentence about vascular access site bleeding"
COG-MSR1836,COG-STU053,source_and_compound_unique,COG-OLG113,COG-S038,bleeding_outcome,bleeding_event_leading_to_discontinuation,adverse_outcome_source_attributed,ungraded,TRUE,TRUE,FALSE,FALSE,ATTRIBUTION_SUPPORTED,"Figure 1 caption (Disposition of study participants), final sentence of the adverse-event list"
COG-MSR1865,COG-STU108,source_and_compound_unique,COG-OLG113,COG-S039,bleeding_outcome,clinically_relevant_bleeding_composite,adverse_outcome_source_attributed,ungraded,TRUE,TRUE,TRUE,TRUE,ATTRIBUTION_SUPPORTED,"Table 2 (Efficacy and Safety Outcomes), safety block, row 'Principal safety outcome: major or clinically relevant nonmajor bleeding'"
COG-MSR1866,COG-STU108,source_and_compound_unique,COG-OLG113,COG-S039,bleeding_outcome,clinically_relevant_bleeding_composite,adverse_outcome_source_attributed,ungraded,TRUE,TRUE,TRUE,TRUE,ATTRIBUTION_SUPPORTED,"Table 2 (Efficacy and Safety Outcomes), safety block, row 'Principal safety outcome: major or clinically relevant nonmajor bleeding'"
COG-MSR1867,COG-STU108,source_and_compound_unique,COG-OLG113,COG-S039,bleeding_outcome,clinically_relevant_bleeding_composite,adverse_outcome_source_attributed,ungraded,TRUE,TRUE,FALSE,TRUE,ATTRIBUTION_SUPPORTED,"Table 2 (Efficacy and Safety Outcomes), safety block, row 'Principal safety outcome: major or clinically relevant nonmajor bleeding'"
COG-MSR1868,COG-STU108,source_and_compound_unique,COG-OLG113,COG-S039,bleeding_outcome,bleeding_event_major,adverse_outcome_source_attributed,ungraded,TRUE,TRUE,TRUE,TRUE,ATTRIBUTION_SUPPORTED,"Table 2 (Efficacy and Safety Outcomes), safety block, row 'Major bleeding'"
COG-MSR1869,COG-STU108,source_and_compound_unique,COG-OLG113,COG-S039,bleeding_outcome,bleeding_event_major,adverse_outcome_source_attributed,ungraded,TRUE,TRUE,TRUE,TRUE,ATTRIBUTION_SUPPORTED,"Table 2 (Efficacy and Safety Outcomes), safety block, row 'Major bleeding'"
COG-MSR1870,COG-STU108,source_and_compound_unique,COG-OLG113,COG-S039,bleeding_outcome,bleeding_event_major,adverse_outcome_source_attributed,ungraded,TRUE,TRUE,FALSE,TRUE,ATTRIBUTION_SUPPORTED,"Table 2 (Efficacy and Safety Outcomes), safety block, row 'Major bleeding'"
COG-MSR1871,COG-STU108,source_and_compound_unique,COG-OLG113,COG-S039,bleeding_outcome,clinically_relevant_nonmajor_bleeding,adverse_outcome_source_attributed,ungraded,TRUE,TRUE,TRUE,TRUE,ATTRIBUTION_SUPPORTED,"Table 2 (Efficacy and Safety Outcomes), safety block, row 'Clinically relevant nonmajor bleeding'"
COG-MSR1872,COG-STU108,source_and_compound_unique,COG-OLG113,COG-S039,bleeding_outcome,clinically_relevant_nonmajor_bleeding,adverse_outcome_source_attributed,ungraded,TRUE,TRUE,TRUE,TRUE,ATTRIBUTION_SUPPORTED,"Table 2 (Efficacy and Safety Outcomes), safety block, row 'Clinically relevant nonmajor bleeding'"
COG-MSR1873,COG-STU108,source_and_compound_unique,COG-OLG113,COG-S039,bleeding_outcome,clinically_relevant_nonmajor_bleeding,adverse_outcome_source_attributed,ungraded,TRUE,TRUE,FALSE,TRUE,ATTRIBUTION_SUPPORTED,"Table 2 (Efficacy and Safety Outcomes), safety block, row 'Clinically relevant nonmajor bleeding'"
COG-MSR1874,COG-STU108,source_and_compound_unique,COG-OLG113,COG-S039,bleeding_outcome,blood_transfusion,adverse_outcome_source_attributed,ungraded,TRUE,TRUE,TRUE,TRUE,ATTRIBUTION_SUPPORTED,"Table 2 (Efficacy and Safety Outcomes), safety block, row 'Receipt of blood transfusion'"
COG-MSR1875,COG-STU108,source_and_compound_unique,COG-OLG113,COG-S039,bleeding_outcome,blood_transfusion,adverse_outcome_source_attributed,ungraded,TRUE,TRUE,TRUE,TRUE,ATTRIBUTION_SUPPORTED,"Table 2 (Efficacy and Safety Outcomes), safety block, row 'Receipt of blood transfusion'"
COG-MSR1876,COG-STU108,source_and_compound_unique,COG-OLG113,COG-S039,bleeding_outcome,blood_transfusion,adverse_outcome_source_attributed,ungraded,TRUE,TRUE,FALSE,TRUE,ATTRIBUTION_SUPPORTED,"Table 2 (Efficacy and Safety Outcomes), safety block, row 'Receipt of blood transfusion'"
COG-MSR1925,NOT_REPORTED,ambiguous_3_candidates,COG-OLG115,COG-S041,bleeding_outcome,epistaxis,adverse_outcome_source_attributed,ungraded,TRUE,TRUE,FALSE,FALSE,ATTRIBUTION_SUPPORTED,"Results, section 'Safety and tolerability', second paragraph"
COG-MSR1926,NOT_REPORTED,ambiguous_3_candidates,COG-OLG115,COG-S041,bleeding_outcome,gingival_bleeding,adverse_outcome_source_attributed,ungraded,TRUE,TRUE,FALSE,FALSE,ATTRIBUTION_SUPPORTED,"Results, section 'Safety and tolerability', second paragraph, final sentence"
COG-MSR1935,COG-STU101,source_and_compound_unique,COG-OLG064,COG-S042,clotting_time,aPTT_standard,unintended_lab_disturbance,ungraded,TRUE,TRUE,FALSE,FALSE,ATTRIBUTION_SUPPORTED,"Results, section 'Safety and tolerability', final paragraph (Supplementary Fig. S6); Discussion, paragraph 4"
COG-MSR1951,COG-STU101,source_and_compound_unique,COG-OLG064,COG-S042,bleeding_outcome,contusion,adverse_outcome_source_attributed,ungraded,TRUE,TRUE,FALSE,FALSE,ATTRIBUTION_SUPPORTED,"Results, section 'Safety and tolerability', first paragraph"
COG-MSR1969,NOT_REPORTED,ambiguous_3_candidates,COG-OLG119,COG-S045,bleeding_outcome,fatal intracranial hemorrhage,adverse_outcome_source_attributed,ungraded,TRUE,TRUE,FALSE,FALSE,ATTRIBUTION_SUPPORTED,"BOXED WARNING 'WARNING: THROMBOCYTOPENIA AND GLOMERULONEPHRITIS', Thrombocytopenia paragraph (repeated in section 5.1)"
COG-MSR1970,NOT_REPORTED,ambiguous_3_candidates,COG-OLG119,COG-S045,platelet_coag_crosstalk,severe thrombocytopenia (platelet count below 25 x 10^9/L) with bleeding potential,unintended_lab_disturbance,ungraded,TRUE,TRUE,FALSE,FALSE,ATTRIBUTION_SUPPORTED,"Section 5.1 Thrombocytopenia, paragraph 2"
COG-MSR1971,NOT_REPORTED,ambiguous_3_candidates,COG-OLG119,COG-S045,platelet_coag_crosstalk,platelet count below 100 x 10^9/L,unintended_lab_disturbance,ungraded,TRUE,TRUE,FALSE,FALSE,ATTRIBUTION_SUPPORTED,"Section 5.1 Thrombocytopenia, paragraph 1"
COG-MSR1972,NOT_REPORTED,ambiguous_3_candidates,COG-OLG119,COG-S045,platelet_coag_crosstalk,platelet count below 75 x 10^9/L,unintended_lab_disturbance,ungraded,TRUE,TRUE,FALSE,FALSE,ATTRIBUTION_SUPPORTED,"Section 5.1 Thrombocytopenia, paragraph 1"
COG-MSR1973,NOT_REPORTED,ambiguous_3_candidates,COG-OLG119,COG-S045,bleeding_outcome,contusion (bruising) adverse reaction,adverse_outcome_source_attributed,ungraded,TRUE,TRUE,FALSE,FALSE,ATTRIBUTION_SUPPORTED,"Section 6.1, Table 2 (Adverse Reactions Reported in At Least 5% TEGSEDI-Treated Patients ...), row 'Contusion'"
COG-MSR1974,NOT_REPORTED,ambiguous_3_candidates,COG-OLG119,COG-S045,bleeding_outcome,serious bleeding risk (basis for REMS restricted distribution),adverse_outcome_source_attributed,ungraded,TRUE,TRUE,FALSE,FALSE,ATTRIBUTION_SUPPORTED,Section 5.3 TEGSEDI REMS Program (same wording in the BOXED WARNING)
COG-MSR1975,NOT_REPORTED,ambiguous_3_candidates,COG-OLG119,COG-S045,bleeding_outcome,bleeding risk from co-administered anticoagulants/antiplatelet drugs (drug-interaction warning),adverse_outcome_source_attributed,ungraded,TRUE,TRUE,FALSE,FALSE,ATTRIBUTION_SUPPORTED,"Section 5.1 Thrombocytopenia, subheading 'Concomitant Medications with Platelet Effects'; cross-referenced from section 7.1 Antiplatelet Drugs or Anticoagulant Medications"
COG-MSR1976,NOT_REPORTED,ambiguous_3_candidates,COG-OLG119,COG-S045,thrombotic_outcome,hypercoagulability with venous or arterial thrombosis (as a complication of drug-induced nephrotic syndrome),adverse_outcome_source_attributed,ungraded,TRUE,TRUE,FALSE,FALSE,ATTRIBUTION_SUPPORTED,"Section 5.2 Glomerulonephritis and Renal Toxicity, paragraph 2 (same sentence in the BOXED WARNING)"
COG-MSR1977,COG-STU025,source_and_compound_unique,COG-OLG120,COG-S046,clotting_time,PTT,unintended_lab_disturbance,ungraded,TRUE,TRUE,FALSE,FALSE,ATTRIBUTION_SUPPORTED,"Section 6.1, Table 6 (Select Laboratory Abnormalities (>=10%) That Worsened from Baseline ... in IMerge), row 'PTT prolonged'"
COG-MSR1978,COG-STU025,source_and_compound_unique,COG-OLG120,COG-S046,clotting_time,PTT,unintended_lab_disturbance,source_reported,TRUE,TRUE,FALSE,FALSE,ATTRIBUTION_SUPPORTED,"Section 6.1, Table 6 (Select Laboratory Abnormalities (>=10%) That Worsened from Baseline ... in IMerge), row 'PTT prolonged'"
COG-MSR1979,COG-STU025,source_and_compound_unique,COG-OLG120,COG-S046,bleeding_outcome,Grade 3 or 4 bleeding,adverse_outcome_source_attributed,source_reported,TRUE,TRUE,TRUE,FALSE,ATTRIBUTION_SUPPORTED,"Section 5.1 Thrombocytopenia, final paragraph"
COG-MSR1980,COG-STU025,source_and_compound_unique,COG-OLG120,COG-S046,bleeding_outcome,gastrointestinal bleeding (Grade 3 or 4),adverse_outcome_source_attributed,source_reported,TRUE,TRUE,TRUE,FALSE,ATTRIBUTION_SUPPORTED,"Section 5.1 Thrombocytopenia, final paragraph"
COG-MSR1981,COG-STU025,source_and_compound_unique,COG-OLG120,COG-S046,bleeding_outcome,hematuria (Grade 3 or 4),adverse_outcome_source_attributed,source_reported,TRUE,TRUE,TRUE,FALSE,ATTRIBUTION_SUPPORTED,"Section 5.1 Thrombocytopenia, final paragraph"
COG-MSR1982,COG-STU025,source_and_compound_unique,COG-OLG120,COG-S046,bleeding_outcome,haemorrhage as a serious adverse reaction,adverse_outcome_source_attributed,ungraded,TRUE,TRUE,FALSE,FALSE,ATTRIBUTION_SUPPORTED,"Section 6.1 Clinical Trials Experience, serious-adverse-reaction paragraph"
COG-MSR1983,COG-STU025,source_and_compound_unique,COG-OLG120,COG-S046,bleeding_outcome,epistaxis,adverse_outcome_source_attributed,ungraded,TRUE,TRUE,TRUE,FALSE,ATTRIBUTION_SUPPORTED,"Section 6.1, Table 5 (Adverse Reactions (>=5%) ... in IMerge), row 'Epistaxis' under 'Respiratory, thoracic and mediastinal disorders'"
COG-MSR1984,COG-STU025,source_and_compound_unique,COG-OLG120,COG-S046,bleeding_outcome,hematoma,adverse_outcome_source_attributed,ungraded,TRUE,TRUE,FALSE,FALSE,ATTRIBUTION_SUPPORTED,"Section 6.1, Table 5 (Adverse Reactions (>=5%) ... in IMerge), row 'Hematoma' under 'Vascular disorders'"
COG-MSR1985,COG-STU025,source_and_compound_unique,COG-OLG120,COG-S046,clotting_time,blood clotting time (lay wording in the Medication Guide),unintended_lab_disturbance,ungraded,FALSE,TRUE,FALSE,FALSE,ATTRIBUTION_WEAK_arm_only,"MEDICATION GUIDE, 'The most common side effects of RYTELO include' list"
COG-MSR1986,NOT_REPORTED,ambiguous_3_candidates,COG-OLG121,COG-S047,bleeding_outcome,bleeding adverse event (any),measured_negative,ungraded,TRUE,TRUE,FALSE,FALSE,ATTRIBUTION_SUPPORTED,"Section 6.1 Clinical Trials Experience, subsection 'Laboratory Tests', paragraph 'Decrease in Platelet Count'"
COG-MSR1987,NOT_REPORTED,ambiguous_3_candidates,COG-OLG121,COG-S047,bleeding_outcome,major bleeding event associated with low platelet count,measured_negative,ungraded,TRUE,TRUE,FALSE,FALSE,ATTRIBUTION_SUPPORTED,"Section 6.1 Clinical Trials Experience, subsection 'Laboratory Tests', paragraph 'Decrease in Platelet Count'"
COG-MSR1988,NOT_REPORTED,ambiguous_3_candidates,COG-OLG121,COG-S047,platelet_coag_crosstalk,"platelet count, mean percent change from baseline",unintended_lab_disturbance,ungraded,TRUE,TRUE,TRUE,FALSE,ATTRIBUTION_SUPPORTED,"Section 6.1 Clinical Trials Experience, subsection 'Laboratory Tests', paragraph 'Decrease in Platelet Count'"
COG-MSR1989,NOT_REPORTED,ambiguous_3_candidates,COG-OLG121,COG-S047,platelet_coag_crosstalk,"platelet count, mean percent change from baseline",unintended_lab_disturbance,ungraded,TRUE,TRUE,TRUE,FALSE,ATTRIBUTION_SUPPORTED,"Section 6.1 Clinical Trials Experience, subsection 'Laboratory Tests', paragraph 'Decrease in Platelet Count'"
COG-MSR1990,NOT_REPORTED,ambiguous_3_candidates,COG-OLG121,COG-S047,platelet_coag_crosstalk,decreased platelet count (adverse reaction),unintended_lab_disturbance,ungraded,TRUE,TRUE,FALSE,FALSE,ATTRIBUTION_SUPPORTED,"Section 6.1, Table 1 (Adverse Reactions That Occurred in >5% of Patients with FCS Treated with TRYNGOLZA and at >3% Higher Frequency than with Placebo (Trial 1)), row 'Decreased platelet count'"
COG-MSR1994,NOT_REPORTED,ambiguous_2_candidates,COG-OLG122,COG-S048,platelet_coag_crosstalk,"platelet count, mean percent change from baseline",unintended_lab_disturbance,ungraded,TRUE,TRUE,TRUE,FALSE,ATTRIBUTION_SUPPORTED,"Section 6.1 Clinical Trials Experience, subsection 'Laboratory Tests', paragraph 'Decrease in Platelet Count'"
COG-MSR1995,NOT_REPORTED,ambiguous_2_candidates,COG-OLG122,COG-S048,platelet_coag_crosstalk,"platelet count, mean percent change from baseline",unintended_lab_disturbance,ungraded,TRUE,TRUE,TRUE,FALSE,ATTRIBUTION_SUPPORTED,"Section 6.1 Clinical Trials Experience, subsection 'Laboratory Tests', paragraph 'Decrease in Platelet Count'"
COG-MSR1996,NOT_REPORTED,ambiguous_2_candidates,COG-OLG122,COG-S048,platelet_coag_crosstalk,"platelet count below 50,000/mm3",measured_negative,ungraded,TRUE,TRUE,TRUE,FALSE,ATTRIBUTION_SUPPORTED,"Section 6.1 Clinical Trials Experience, subsection 'Laboratory Tests', paragraph 'Decrease in Platelet Count'"
COG-MSR1997,NOT_REPORTED,ambiguous_2_candidates,COG-OLG122,COG-S048,bleeding_outcome,major bleeding event associated with a low platelet count,measured_negative,ungraded,TRUE,TRUE,TRUE,FALSE,ATTRIBUTION_SUPPORTED,"Section 6.1 Clinical Trials Experience, subsection 'Laboratory Tests', paragraph 'Decrease in Platelet Count'"
COG-MSR1998,NOT_REPORTED,ambiguous_5_candidates,COG-OLG054,COG-S049,clotting_time,coagulation abnormalities (unspecified),unintended_lab_disturbance,ungraded,TRUE,TRUE,FALSE,FALSE,ATTRIBUTION_SUPPORTED,"Section 5.1 Thrombocytopenia and Coagulation Abnormalities, first sentence"
COG-MSR1999,NOT_REPORTED,ambiguous_5_candidates,COG-OLG054,COG-S049,clotting_time,PT,unintended_lab_disturbance,ungraded,TRUE,TRUE,FALSE,FALSE,ATTRIBUTION_SUPPORTED,Section 2.4 Laboratory Testing and Monitoring to Assess Safety
COG-MSR2000,NOT_REPORTED,ambiguous_5_candidates,COG-OLG054,COG-S049,clotting_time,aPTT,unintended_lab_disturbance,ungraded,TRUE,TRUE,FALSE,FALSE,ATTRIBUTION_SUPPORTED,Section 2.4 Laboratory Testing and Monitoring to Assess Safety
COG-MSR2001,NOT_REPORTED,ambiguous_5_candidates,COG-OLG054,COG-S049,platelet_coag_crosstalk,platelet level below the lower limit of normal,measured_negative,ungraded,TRUE,TRUE,FALSE,FALSE,ATTRIBUTION_SUPPORTED,"Section 5.1 Thrombocytopenia and Coagulation Abnormalities, paragraph 2"
COG-MSR2002,NOT_REPORTED,ambiguous_5_candidates,COG-OLG054,COG-S049,platelet_coag_crosstalk,"platelet count less than 50,000 cells per microliter",unintended_lab_disturbance,ungraded,TRUE,TRUE,FALSE,FALSE,ATTRIBUTION_SUPPORTED,"Section 5.1 Thrombocytopenia and Coagulation Abnormalities, paragraph 2"
COG-MSR2003,NOT_REPORTED,ambiguous_5_candidates,COG-OLG054,COG-S049,bleeding_outcome,epistaxis,adverse_outcome_source_attributed,ungraded,TRUE,TRUE,FALSE,FALSE,ATTRIBUTION_SUPPORTED,"Section 6.1, Table 3 (Adverse Reactions that Occurred in at Least 5% of SPINRAZA Patients ... with Later-Onset SMA (Study 2)), row 'Epistaxis'"
COG-MSR2004,NOT_REPORTED,ambiguous_5_candidates,COG-OLG054,COG-S049,bleeding_outcome,bleeding risk (patient counselling),adverse_outcome_source_attributed,ungraded,TRUE,TRUE,FALSE,FALSE,ATTRIBUTION_SUPPORTED,"Section 17 PATIENT COUNSELING INFORMATION, subsection 'Thrombocytopenia and Coagulation Abnormalities'"
COG-MSR2026,NOT_REPORTED,ambiguous_6_candidates,COG-OLG134,COG-S056,clotting_time,PTT,unintended_lab_disturbance,ungraded,TRUE,TRUE,FALSE,FALSE,ATTRIBUTION_SUPPORTED,"PubMed abstract, RESULTS, final sentence"
COG-MSR2027,NOT_REPORTED,ambiguous_6_candidates,COG-OLG134,COG-S056,clotting_time,PTT,unintended_lab_disturbance,ungraded,TRUE,TRUE,FALSE,FALSE,ATTRIBUTION_SUPPORTED,"PubMed abstract, RESULTS, final sentence"
COG-MSR2028,NOT_REPORTED,ambiguous_6_candidates,COG-OLG134,COG-S056,clotting_time,PTT,unintended_lab_disturbance,ungraded,TRUE,TRUE,FALSE,FALSE,ATTRIBUTION_SUPPORTED,"PubMed abstract, RESULTS, final sentence"
COG-MSR2081,NOT_REPORTED,ambiguous_6_candidates,COG-OLG134,COG-S069,clotting_time,aPTT,unintended_lab_disturbance,ungraded,FALSE,TRUE,FALSE,FALSE,ATTRIBUTION_WEAK_arm_only,"PubMed abstract, sentences 1-2"
COG-MSR2082,COG-STU211,source_and_compound_unique,COG-OLG135,COG-S070,clotting_time,aPTT,unintended_lab_disturbance,ungraded,TRUE,TRUE,FALSE,FALSE,ATTRIBUTION_SUPPORTED,"PubMed abstract, adverse event sentence"
COG-MSR2389,COG-STU027,bare_protocol_code_in_row,COG-OLG055,COG-S076,bleeding_outcome,bleeding_event,adverse_outcome_source_attributed,ungraded,TRUE,TRUE,FALSE,FALSE,ATTRIBUTION_SUPPORTED,"Table 42 'Effects Table for Waylivra in the treatment of Familial chylomicronemia syndrome (data cut-off: June 2018)', Unfavourable Effects block, PDF p.114 (text lines 8404-8410)"
COG-MSR2390,COG-STU027,bare_protocol_code_in_row,COG-OLG055,COG-S076,bleeding_outcome,bleeding_event_count,adverse_outcome_source_attributed,ungraded,TRUE,TRUE,FALSE,FALSE,ATTRIBUTION_SUPPORTED,"Section 2.6.1 clinical safety, 'Bleeding events', PDF p.96 (text lines 7155-7160)"
COG-MSR2392,COG-STU027,bare_protocol_code_in_row,COG-OLG055,COG-S076,bleeding_outcome,bleeding_event_mechanism_attribution,adverse_outcome_source_attributed,ungraded,TRUE,FALSE,FALSE,FALSE,ATTRIBUTION_WEAK_locus_only,"Section 2.6.1 clinical safety, Study CS6 adverse events narrative, PDF p.86 (text lines 6505-6508)"
COG-MSR2393,COG-STU027,bare_protocol_code_in_row,COG-OLG055,COG-S076,bleeding_outcome,bleeding_event_epistaxis,adverse_outcome_source_attributed,ungraded,TRUE,TRUE,FALSE,FALSE,ATTRIBUTION_SUPPORTED,"Section 2.6.1 clinical safety, 'Bleeding events', PDF p.96 (text lines 7161-7164)"
COG-MSR2394,COG-STU027,bare_protocol_code_in_row,COG-OLG055,COG-S076,bleeding_outcome,bleeding_event_petechiae,adverse_outcome_source_attributed,ungraded,TRUE,TRUE,FALSE,FALSE,ATTRIBUTION_SUPPORTED,"Section 2.6.1 clinical safety, 'Bleeding events', PDF p.96 (text lines 7161-7164)"
COG-MSR2395,COG-STU027,bare_protocol_code_in_row,COG-OLG055,COG-S076,bleeding_outcome,bleeding_event_vaginal_haemorrhage,adverse_outcome_source_attributed,ungraded,TRUE,TRUE,FALSE,FALSE,ATTRIBUTION_SUPPORTED,"Section 2.6.1 clinical safety, 'Bleeding events', PDF p.96 (text lines 7161-7164)"
COG-MSR2396,NOT_REPORTED,ambiguous_8_candidates,COG-OLG055,COG-S076,bleeding_outcome,bleeding_event_injection_site_bruising,adverse_outcome_source_attributed,ungraded,TRUE,TRUE,FALSE,FALSE,ATTRIBUTION_SUPPORTED,"Section 3.4 'Unfavourable effects', PDF p.103 (text lines 7670-7674)"
COG-MSR2397,NOT_REPORTED,ambiguous_8_candidates,COG-OLG055,COG-S076,bleeding_outcome,bleeding_event_injection_site_haemorrhage,adverse_outcome_source_attributed,ungraded,TRUE,TRUE,FALSE,FALSE,ATTRIBUTION_SUPPORTED,"Section 3.4 'Unfavourable effects', PDF p.103 (text lines 7670-7674)"
COG-MSR2398,NOT_REPORTED,ambiguous_8_candidates,COG-OLG055,COG-S076,bleeding_outcome,bleeding_event_injection_site_haematoma,adverse_outcome_source_attributed,ungraded,TRUE,TRUE,FALSE,FALSE,ATTRIBUTION_SUPPORTED,"Section 3.4 'Unfavourable effects', PDF p.103 (text lines 7670-7674)"
COG-MSR2399,NOT_REPORTED,ambiguous_8_candidates,COG-OLG055,COG-S076,bleeding_outcome,non_major_bleeding_event,adverse_outcome_source_attributed,ungraded,TRUE,TRUE,FALSE,FALSE,ATTRIBUTION_SUPPORTED,"Section 3.4 'Unfavourable effects', PDF p.103 (text lines 7670-7674)"
COG-MSR2401,NOT_REPORTED,ambiguous_8_candidates,COG-OLG055,COG-S076,bleeding_outcome,bleeding_event,adverse_outcome_source_attributed,ungraded,TRUE,TRUE,FALSE,FALSE,ATTRIBUTION_SUPPORTED,"Section 3.4 'Unfavourable effects', PDF p.102 (text lines 7656-7661)"
COG-MSR2402,NOT_REPORTED,ambiguous_8_candidates,COG-OLG055,COG-S076,bleeding_outcome,bleeding_event,adverse_outcome_source_attributed,ungraded,TRUE,TRUE,TRUE,FALSE,ATTRIBUTION_SUPPORTED,"Section 3.4 'Unfavourable effects', supportive study CS16 paragraph, PDF p.112 (text lines 8265-8267)"
COG-MSR2403,NOT_REPORTED,ambiguous_8_candidates,COG-OLG055,COG-S076,clotting_time,INR,unintended_lab_disturbance,ungraded,TRUE,TRUE,FALSE,FALSE,ATTRIBUTION_SUPPORTED,"Adverse-reaction table, 'Investigations' system organ class, PDF p.91 (text lines 6900-6901)"
COG-MSR2405,COG-STU027,bare_protocol_code_in_row,COG-OLG055,COG-S076,platelet_coag_crosstalk,major_or_severe_bleeding_in_severe_thrombocytopenia,measured_negative,ungraded,TRUE,TRUE,FALSE,FALSE,ATTRIBUTION_SUPPORTED,"Section 3.4 'Unfavourable effects', PDF p.102 (text lines 7653-7655)"
COG-MSR2409,NOT_REPORTED,ambiguous_8_candidates,COG-OLG055,COG-S077,bleeding_outcome,contact_pathway_disruption_at_injection_site,adverse_outcome_source_attributed,ungraded,TRUE,TRUE,FALSE,FALSE,ATTRIBUTION_SUPPORTED,"Part II Module SVII.3.1, 'Important Identified Risk - Thrombocytopenia', Severity and nature of risk, PDF p.88 (text lines 9114-9118)"
COG-MSR2410,COG-STU027,bare_protocol_code_in_row,COG-OLG055,COG-S077,bleeding_outcome,major_bleeding_event,measured_negative,ungraded,TRUE,TRUE,FALSE,FALSE,ATTRIBUTION_SUPPORTED,"Part II Module SVII.3.1, 'Important Identified Risk - Thrombocytopenia', Severity and nature of risk, PDF p.88 (text lines 9119-9123)"
COG-MSR2411,NOT_REPORTED,ambiguous_8_candidates,COG-OLG055,COG-S077,bleeding_outcome,bleeding_event_by_preferred_term,adverse_outcome_source_attributed,ungraded,TRUE,TRUE,FALSE,FALSE,ATTRIBUTION_SUPPORTED,"Part II Module SVII.3.1, 'Important Identified Risk - Thrombocytopenia', Severity and nature of risk, PDF p.89 (text lines 9161-9168)"
COG-MSR2412,NOT_REPORTED,ambiguous_8_candidates,COG-OLG055,COG-S077,platelet_coag_crosstalk,major_bleeding_event_in_grade_4_thrombocytopenia,measured_negative,ungraded,TRUE,TRUE,FALSE,FALSE,ATTRIBUTION_SUPPORTED,"Part II Module SVII.3.1, 'Important Identified Risk - Thrombocytopenia', Seriousness/outcomes, PDF p.88 (text lines 9096-9100)"
COG-MSR2413,NOT_REPORTED,ambiguous_4_candidates,COG-OLG055,COG-S078,clotting_time,INR,unintended_lab_disturbance,ungraded,TRUE,TRUE,TRUE,FALSE,ATTRIBUTION_SUPPORTED,"Annex I Summary of Product Characteristics, section 4.8 'Undesirable effects', adverse reaction table, Investigations system organ class, 'Common' column, PDF p.9"
COG-MSR2414,NOT_REPORTED,ambiguous_4_candidates,COG-OLG055,COG-S078,clotting_time,clotting_time_lay_term,unintended_lab_disturbance,ungraded,TRUE,TRUE,FALSE,FALSE,ATTRIBUTION_SUPPORTED,"Annex III B Package Leaflet, section 4 'Possible side effects', 'Common (may affect up to 1 in 10 people)' list, 'Changes to the results of some blood tests, including:', PDF p.36"
COG-MSR2420,NOT_REPORTED,ambiguous_4_candidates,COG-OLG119,COG-S079,bleeding_outcome,bleeding_event_haematoma_subdermal_bleed,adverse_outcome_source_attributed,ungraded,TRUE,TRUE,FALSE,FALSE,ATTRIBUTION_SUPPORTED,"Section 2.6.1 clinical safety, other adverse events of interest, PDF p.100 (text lines 6354-6356)"
COG-MSR2422,COG-STU001,bare_protocol_code_in_row,COG-OLG119,COG-S079,bleeding_outcome,fatal_intracranial_haemorrhage,adverse_outcome_source_attributed,ungraded,TRUE,TRUE,FALSE,FALSE,ATTRIBUTION_SUPPORTED,"Section 2.6.1 clinical safety, other adverse events of interest, PDF p.100 (text lines 6360-6363)"
COG-MSR2423,NOT_REPORTED,ambiguous_4_candidates,COG-OLG119,COG-S079,platelet_coag_crosstalk,platelet_nadir_at_fatal_intracranial_haemorrhage,unintended_lab_disturbance,ungraded,TRUE,FALSE,FALSE,FALSE,ATTRIBUTION_WEAK_locus_only,"Section 2.6.1 clinical safety, thrombocytopenia narrative, PDF p.93 (text lines 5934-5937)"
COG-MSR2424,NOT_REPORTED,ambiguous_4_candidates,COG-OLG119,COG-S079,bleeding_outcome,bleeding_event_with_anticoagulant_comedication,adverse_outcome_source_attributed,ungraded,TRUE,TRUE,FALSE,FALSE,ATTRIBUTION_SUPPORTED,"Section 2.6.1 clinical safety, other adverse events of interest, PDF p.101 (text lines 6376-6379)"
COG-MSR2426,COG-STU001,bare_protocol_code_in_row,COG-OLG119,COG-S080,bleeding_outcome,bleeding_event,measured_negative,ungraded,TRUE,TRUE,FALSE,FALSE,ATTRIBUTION_SUPPORTED,"Section 8.5.6 'Hemorrhages', PDF p.192 of the review PDF (review's own page 110) (text lines 11001-11005)"
COG-MSR2427,NOT_REPORTED,ambiguous_3_candidates,COG-OLG119,COG-S080,bleeding_outcome,bleeding_event,adverse_outcome_source_attributed,ungraded,TRUE,TRUE,FALSE,FALSE,ATTRIBUTION_SUPPORTED,"Section 8.5.6 'Hemorrhages', PDF p.193 of the review PDF (review's own page 111) (text line 11019)"
COG-MSR2428,COG-STU008,bare_protocol_code_in_row,COG-OLG119,COG-S080,clotting_time,INR,unintended_lab_disturbance,ungraded,TRUE,TRUE,FALSE,FALSE,ATTRIBUTION_SUPPORTED,"Section 8.4 Safety Results, serious adverse event narratives, PDF p.121 of the review PDF (text lines 6038-6041)"
COG-MSR2429,COG-STU001,bare_protocol_code_in_row,COG-OLG119,COG-S080,platelet_coag_crosstalk,platelet_count_below_haemostatic_threshold_75e9_per_L,unintended_lab_disturbance,ungraded,TRUE,TRUE,FALSE,FALSE,ATTRIBUTION_SUPPORTED,"Section 8.5.1 Thrombocytopenia, PDF p.142 of the review PDF (review's own page 59) (text lines 7906-7908)"
COG-MSR2430,COG-STU001,bare_protocol_code_in_row,COG-OLG119,COG-S080,bleeding_outcome,bleeding_event_contusion,adverse_outcome_source_attributed,ungraded,TRUE,TRUE,FALSE,FALSE,ATTRIBUTION_SUPPORTED,"Table 16 'Adverse events that occurred in at least 5% of Study CS2 inotersen subjects and occurred at least 5% more frequently or at least 2 times as frequently as placebo subjects', PDF p.130 of the review PDF (review's own page 47) (text line 7053)"
COG-MSR2431,NOT_REPORTED,ambiguous_3_candidates,COG-OLG119,COG-S080,bleeding_outcome,mucocutaneous_bleeding_event,adverse_outcome_source_attributed,ungraded,TRUE,FALSE,FALSE,FALSE,ATTRIBUTION_WEAK_locus_only,"Section 8.5.1 Thrombocytopenia, clinical case narrative, PDF p.144 of the review PDF (review's own page 61) (text lines 8011-8013)"
COG-MSR2433,COG-STU001,bare_protocol_code_in_row,COG-OLG119,COG-S080,bleeding_outcome,fatal_intracranial_haemorrhage,adverse_outcome_source_attributed,ungraded,TRUE,TRUE,FALSE,FALSE,ATTRIBUTION_SUPPORTED,"Section 8.5.1 Thrombocytopenia, clinical case narrative for Study CS2 subject, PDF p.143 of the review PDF (review's own page 60) (text lines 7970-7972)"
COG-MSR2440,COG-STU046,bare_protocol_code_in_row,COG-OLG122,COG-S082,clotting_time,PT,unintended_lab_disturbance,ungraded,TRUE,TRUE,FALSE,FALSE,ATTRIBUTION_SUPPORTED,"Section 2.6.8.2 adverse events, 'Bleeding TEAEs', Phase 3 pivotal study CS5, PDF p.145 (text lines 6046-6051)"
COG-MSR2441,COG-STU046,bare_protocol_code_in_row,COG-OLG122,COG-S082,clotting_time,INR,unintended_lab_disturbance,ungraded,TRUE,FALSE,FALSE,FALSE,ATTRIBUTION_WEAK_locus_only,"Section 2.6.8.2 adverse events, 'Bleeding TEAEs', Phase 3 pivotal study CS5, PDF p.145 (text line 6049)"
COG-MSR2442,COG-STU046,bare_protocol_code_in_row,COG-OLG122,COG-S082,bleeding_outcome,bleeding_event,measured_negative,ungraded,TRUE,TRUE,TRUE,FALSE,ATTRIBUTION_SUPPORTED,"Section 2.6.8.9 CHMP discussion, 'Bleeding events', PDF p.167 (text lines 7150-7151); the same figures appear in section 2.6.8.2 at PDF p.145 (text lines 6042-6045)"
COG-MSR2444,NOT_REPORTED,ambiguous_6_candidates,COG-OLG122,COG-S082,bleeding_outcome,bleeding_event,adverse_outcome_source_attributed,ungraded,TRUE,TRUE,FALSE,FALSE,ATTRIBUTION_SUPPORTED,"Section 2.6.8.2 adverse events, 'Bleeding TEAEs', Pool 2, PDF p.146 (text lines 6063-6064)"
COG-MSR2448,NOT_REPORTED,ambiguous_6_candidates,COG-OLG122,COG-S082,thrombotic_outcome,deep_vein_thrombosis,adverse_outcome_source_attributed,ungraded,TRUE,TRUE,FALSE,FALSE,ATTRIBUTION_SUPPORTED,"Section 2.6.8.2 adverse events, severe TEAEs in Pool 2, PDF p.138 (text lines 5776-5780)"
COG-MSR2459,NOT_REPORTED,ambiguous_2_candidates,COG-OLG214,COG-S084,bleeding_outcome,bleeding_event — conjunctival hemorrhage,adverse_outcome_source_attributed,ungraded,TRUE,TRUE,TRUE,FALSE,ATTRIBUTION_SUPPORTED,"openFDA label record, adverse_reactions section 6.1 (SPL set_id 1642fe6a-dc26-4d20-ae6e-654af744e3bd, version 9)"
COG-MSR2460,NOT_REPORTED,ambiguous_2_candidates,COG-OLG214,COG-S084,bleeding_outcome,bleeding_event — conjunctival hemorrhage,adverse_outcome_source_attributed,ungraded,TRUE,TRUE,TRUE,FALSE,ATTRIBUTION_SUPPORTED,"openFDA label record, adverse_reactions section 6.1 (SPL set_id 1642fe6a-dc26-4d20-ae6e-654af744e3bd, version 9)"
COG-MSR2461,NOT_REPORTED,ambiguous_2_candidates,COG-OLG214,COG-S084,bleeding_outcome,bleeding_event — retinal hemorrhage,adverse_outcome_source_attributed,ungraded,TRUE,TRUE,TRUE,FALSE,ATTRIBUTION_SUPPORTED,"openFDA label record, adverse_reactions section 6.1 (SPL set_id 1642fe6a-dc26-4d20-ae6e-654af744e3bd, version 9)"
COG-MSR2462,NOT_REPORTED,ambiguous_2_candidates,COG-OLG214,COG-S084,bleeding_outcome,bleeding_event — vitreous hemorrhage,adverse_outcome_source_attributed,ungraded,TRUE,TRUE,FALSE,FALSE,ATTRIBUTION_SUPPORTED,"openFDA label record, adverse_reactions section 6.1 (SPL set_id 1642fe6a-dc26-4d20-ae6e-654af744e3bd, version 9)"
COG-MSR2465,COG-STU067,source_unique,COG-OLG060,COG-S085,fibrinolysis_marker,D_dimer,unintended_lab_disturbance,ungraded,TRUE,TRUE,FALSE,FALSE,ATTRIBUTION_SUPPORTED,"faers_coag_signal_table.csv, data row 2 of 57 (file line 3); compound=fitusiran, meddra_pt=FIBRIN D DIMER INCREASED"
COG-MSR2466,COG-STU067,source_unique,COG-OLG120,COG-S085,clotting_time,coagulation_time_unspecified,unintended_lab_disturbance,ungraded,TRUE,TRUE,FALSE,FALSE,ATTRIBUTION_SUPPORTED,"faers_coag_signal_table.csv, data row 3 of 57 (file line 4); compound=imetelstat, meddra_pt=COAGULATION TIME PROLONGED"
COG-MSR2468,COG-STU067,source_unique,COG-OLG215,COG-S085,anticoagulant_activity,antithrombin_activity,unintended_lab_disturbance,ungraded,TRUE,TRUE,FALSE,FALSE,ATTRIBUTION_SUPPORTED,"faers_coag_signal_table.csv, data row 5 of 57 (file line 6); compound=defibrotide, meddra_pt=ANTITHROMBIN III DECREASED"
COG-MSR2469,COG-STU067,source_unique,COG-OLG054,COG-S085,factor_activity,coagulation_factor_deficiency,unintended_lab_disturbance,ungraded,TRUE,TRUE,FALSE,FALSE,ATTRIBUTION_SUPPORTED,"faers_coag_signal_table.csv, data row 6 of 57 (file line 7); compound=nusinersen, meddra_pt=COAGULATION FACTOR DEFICIENCY"
COG-MSR2470,COG-STU067,source_unique,COG-OLG205,COG-S085,fibrinolysis_marker,D_dimer,unintended_lab_disturbance,ungraded,TRUE,TRUE,FALSE,FALSE,ATTRIBUTION_SUPPORTED,"faers_coag_signal_table.csv, data row 7 of 57 (file line 8); compound=pegaptanib_MACUGEN, meddra_pt=FIBRIN D DIMER INCREASED"
COG-MSR2471,COG-STU067,source_unique,COG-OLG054,COG-S085,clotting_time,aPTT,unintended_lab_disturbance,ungraded,TRUE,TRUE,FALSE,FALSE,ATTRIBUTION_SUPPORTED,"faers_coag_signal_table.csv, data row 8 of 57 (file line 9); compound=nusinersen, meddra_pt=ACTIVATED PARTIAL THROMBOPLASTIN TIME SHORTENED"
COG-MSR2472,COG-STU067,source_unique,COG-OLG054,COG-S085,clotting_time,aPTT,unintended_lab_disturbance,ungraded,TRUE,TRUE,FALSE,FALSE,ATTRIBUTION_SUPPORTED,"faers_coag_signal_table.csv, data row 9 of 57 (file line 10); compound=nusinersen, meddra_pt=ACTIVATED PARTIAL THROMBOPLASTIN TIME PROLONGED"
COG-MSR2473,COG-STU067,source_unique,COG-OLG205,COG-S085,clotting_time,aPTT,unintended_lab_disturbance,ungraded,TRUE,TRUE,FALSE,FALSE,ATTRIBUTION_SUPPORTED,"faers_coag_signal_table.csv, data row 10 of 57 (file line 11); compound=pegaptanib_MACUGEN, meddra_pt=ACTIVATED PARTIAL THROMBOPLASTIN TIME PROLONGED"
COG-MSR2474,COG-STU067,source_unique,COG-OLG215,COG-S085,clotting_time,aPTT,unintended_lab_disturbance,ungraded,TRUE,TRUE,FALSE,FALSE,ATTRIBUTION_SUPPORTED,"faers_coag_signal_table.csv, data row 11 of 57 (file line 12); compound=defibrotide, meddra_pt=ACTIVATED PARTIAL THROMBOPLASTIN TIME PROLONGED"
COG-MSR2475,COG-STU067,source_unique,COG-OLG215,COG-S085,bleeding_outcome,bleeding_event,adverse_outcome_source_attributed,ungraded,TRUE,TRUE,FALSE,FALSE,ATTRIBUTION_SUPPORTED,"faers_coag_signal_table.csv, data row 12 of 57 (file line 13); compound=defibrotide, meddra_pt=HAEMORRHAGE"
COG-MSR2476,COG-STU067,source_unique,COG-OLG205,COG-S085,clotting_time,PT,unintended_lab_disturbance,ungraded,TRUE,TRUE,FALSE,FALSE,ATTRIBUTION_SUPPORTED,"faers_coag_signal_table.csv, data row 13 of 57 (file line 14); compound=pegaptanib_MACUGEN, meddra_pt=PROTHROMBIN TIME PROLONGED"
COG-MSR2477,COG-STU067,source_unique,COG-OLG119,COG-S085,clotting_time,PT,unintended_lab_disturbance,ungraded,TRUE,TRUE,FALSE,FALSE,ATTRIBUTION_SUPPORTED,"faers_coag_signal_table.csv, data row 14 of 57 (file line 15); compound=inotersen_TEGSEDI, meddra_pt=PROTHROMBIN TIME SHORTENED"
COG-MSR2478,COG-STU067,source_unique,COG-OLG121,COG-S085,clotting_time,INR,unintended_lab_disturbance,ungraded,TRUE,TRUE,FALSE,FALSE,ATTRIBUTION_SUPPORTED,"faers_coag_signal_table.csv, data row 15 of 57 (file line 16); compound=olezarsen, meddra_pt=INTERNATIONAL NORMALISED RATIO DECREASED"
COG-MSR2479,COG-STU067,source_unique,COG-OLG205,COG-S085,clotting_time,INR,unintended_lab_disturbance,ungraded,TRUE,TRUE,FALSE,FALSE,ATTRIBUTION_SUPPORTED,"faers_coag_signal_table.csv, data row 16 of 57 (file line 17); compound=pegaptanib_MACUGEN, meddra_pt=INTERNATIONAL NORMALISED RATIO INCREASED"
COG-MSR2480,COG-STU067,source_unique,COG-OLG119,COG-S085,fibrinolysis_marker,D_dimer,unintended_lab_disturbance,ungraded,TRUE,TRUE,FALSE,FALSE,ATTRIBUTION_SUPPORTED,"faers_coag_signal_table.csv, data row 17 of 57 (file line 18); compound=inotersen_TEGSEDI, meddra_pt=FIBRIN D DIMER INCREASED"
COG-MSR2481,COG-STU067,source_unique,COG-OLG215,COG-S085,clotting_time,coagulopathy_clinical_diagnosis,unintended_lab_disturbance,ungraded,TRUE,TRUE,FALSE,FALSE,ATTRIBUTION_SUPPORTED,"faers_coag_signal_table.csv, data row 18 of 57 (file line 19); compound=defibrotide, meddra_pt=COAGULOPATHY"
COG-MSR2482,COG-STU067,source_unique,COG-OLG215,COG-S085,fibrinogen,fibrinogen,unintended_lab_disturbance,ungraded,TRUE,TRUE,FALSE,FALSE,ATTRIBUTION_SUPPORTED,"faers_coag_signal_table.csv, data row 19 of 57 (file line 20); compound=defibrotide, meddra_pt=BLOOD FIBRINOGEN DECREASED"
COG-MSR2483,COG-STU067,source_unique,COG-OLG054,COG-S085,clotting_time,coagulation_time_unspecified,unintended_lab_disturbance,ungraded,TRUE,TRUE,FALSE,FALSE,ATTRIBUTION_SUPPORTED,"faers_coag_signal_table.csv, data row 20 of 57 (file line 21); compound=nusinersen, meddra_pt=COAGULATION TIME PROLONGED"
COG-MSR2484,COG-STU067,source_unique,COG-OLG119,COG-S085,clotting_time,aPTT,unintended_lab_disturbance,ungraded,TRUE,TRUE,FALSE,FALSE,ATTRIBUTION_SUPPORTED,"faers_coag_signal_table.csv, data row 21 of 57 (file line 22); compound=inotersen_TEGSEDI, meddra_pt=ACTIVATED PARTIAL THROMBOPLASTIN TIME PROLONGED"
COG-MSR2485,COG-STU067,source_unique,COG-OLG215,COG-S085,thrombotic_outcome,disseminated_intravascular_coagulation,adverse_outcome_source_attributed,ungraded,TRUE,TRUE,FALSE,FALSE,ATTRIBUTION_SUPPORTED,"faers_coag_signal_table.csv, data row 22 of 57 (file line 23); compound=defibrotide, meddra_pt=DISSEMINATED INTRAVASCULAR COAGULATION"
COG-MSR2486,COG-STU067,source_unique,COG-OLG054,COG-S085,clotting_time,PT,unintended_lab_disturbance,ungraded,TRUE,TRUE,FALSE,FALSE,ATTRIBUTION_SUPPORTED,"faers_coag_signal_table.csv, data row 23 of 57 (file line 24); compound=nusinersen, meddra_pt=PROTHROMBIN TIME PROLONGED"
COG-MSR2487,COG-STU067,source_unique,COG-OLG215,COG-S085,clotting_time,PT,unintended_lab_disturbance,ungraded,TRUE,TRUE,FALSE,FALSE,ATTRIBUTION_SUPPORTED,"faers_coag_signal_table.csv, data row 24 of 57 (file line 25); compound=defibrotide, meddra_pt=PROTHROMBIN TIME SHORTENED"
COG-MSR2488,COG-STU067,source_unique,COG-OLG215,COG-S085,clotting_time,PT,unintended_lab_disturbance,ungraded,TRUE,TRUE,FALSE,FALSE,ATTRIBUTION_SUPPORTED,"faers_coag_signal_table.csv, data row 25 of 57 (file line 26); compound=defibrotide, meddra_pt=PROTHROMBIN TIME PROLONGED"
COG-MSR2489,COG-STU067,source_unique,COG-OLG053,COG-S085,clotting_time,coagulation_time_unspecified,unintended_lab_disturbance,ungraded,TRUE,TRUE,FALSE,FALSE,ATTRIBUTION_SUPPORTED,"faers_coag_signal_table.csv, data row 26 of 57 (file line 27); compound=inclisiran_LEQVIO, meddra_pt=COAGULATION TIME PROLONGED"
COG-MSR2490,COG-STU067,source_unique,COG-OLG129,COG-S085,clotting_time,INR,unintended_lab_disturbance,ungraded,TRUE,TRUE,FALSE,FALSE,ATTRIBUTION_SUPPORTED,"faers_coag_signal_table.csv, data row 27 of 57 (file line 28); compound=givosiran, meddra_pt=INTERNATIONAL NORMALISED RATIO DECREASED"
COG-MSR2491,COG-STU067,source_unique,COG-OLG119,COG-S085,clotting_time,INR,unintended_lab_disturbance,ungraded,TRUE,TRUE,FALSE,FALSE,ATTRIBUTION_SUPPORTED,"faers_coag_signal_table.csv, data row 28 of 57 (file line 29); compound=inotersen_TEGSEDI, meddra_pt=INTERNATIONAL NORMALISED RATIO DECREASED"
COG-MSR2492,COG-STU067,source_unique,COG-OLG053,COG-S085,clotting_time,INR,unintended_lab_disturbance,ungraded,TRUE,TRUE,FALSE,FALSE,ATTRIBUTION_SUPPORTED,"faers_coag_signal_table.csv, data row 29 of 57 (file line 30); compound=inclisiran_LEQVIO, meddra_pt=INTERNATIONAL NORMALISED RATIO DECREASED"
COG-MSR2493,COG-STU067,source_unique,COG-OLG125,COG-S085,fibrinolysis_marker,D_dimer,unintended_lab_disturbance,ungraded,TRUE,TRUE,FALSE,FALSE,ATTRIBUTION_SUPPORTED,"faers_coag_signal_table.csv, data row 30 of 57 (file line 31); compound=eteplirsen, meddra_pt=FIBRIN D DIMER INCREASED"
COG-MSR2494,COG-STU067,source_unique,COG-OLG122,COG-S085,clotting_time,INR,unintended_lab_disturbance,ungraded,TRUE,TRUE,FALSE,FALSE,ATTRIBUTION_SUPPORTED,"faers_coag_signal_table.csv, data row 31 of 57 (file line 32); compound=donidalorsen, meddra_pt=INTERNATIONAL NORMALISED RATIO INCREASED"
COG-MSR2495,COG-STU067,source_unique,COG-OLG129,COG-S085,clotting_time,PT,unintended_lab_disturbance,ungraded,TRUE,TRUE,FALSE,FALSE,ATTRIBUTION_SUPPORTED,"faers_coag_signal_table.csv, data row 32 of 57 (file line 33); compound=givosiran, meddra_pt=PROTHROMBIN TIME PROLONGED"
COG-MSR2496,COG-STU067,source_unique,COG-OLG124,COG-S085,fibrinolysis_marker,D_dimer,unintended_lab_disturbance,ungraded,TRUE,TRUE,FALSE,FALSE,ATTRIBUTION_SUPPORTED,"faers_coag_signal_table.csv, data row 33 of 57 (file line 34); compound=patisiran, meddra_pt=FIBRIN D DIMER INCREASED"
COG-MSR2497,COG-STU067,source_unique,COG-OLG119,COG-S085,clotting_time,INR,unintended_lab_disturbance,ungraded,TRUE,TRUE,FALSE,FALSE,ATTRIBUTION_SUPPORTED,"faers_coag_signal_table.csv, data row 34 of 57 (file line 35); compound=inotersen_TEGSEDI, meddra_pt=INTERNATIONAL NORMALISED RATIO INCREASED"
COG-MSR2498,COG-STU067,source_unique,COG-OLG119,COG-S085,clotting_time,PT,unintended_lab_disturbance,ungraded,TRUE,TRUE,FALSE,FALSE,ATTRIBUTION_SUPPORTED,"faers_coag_signal_table.csv, data row 35 of 57 (file line 36); compound=inotersen_TEGSEDI, meddra_pt=PROTHROMBIN TIME PROLONGED"
COG-MSR2499,COG-STU067,source_unique,COG-OLG129,COG-S085,clotting_time,INR,unintended_lab_disturbance,ungraded,TRUE,TRUE,FALSE,FALSE,ATTRIBUTION_SUPPORTED,"faers_coag_signal_table.csv, data row 36 of 57 (file line 37); compound=givosiran, meddra_pt=INTERNATIONAL NORMALISED RATIO INCREASED"
COG-MSR2500,COG-STU067,source_unique,COG-OLG119,COG-S085,clotting_time,coagulopathy_clinical_diagnosis,unintended_lab_disturbance,ungraded,TRUE,TRUE,FALSE,FALSE,ATTRIBUTION_SUPPORTED,"faers_coag_signal_table.csv, data row 37 of 57 (file line 38); compound=inotersen_TEGSEDI, meddra_pt=COAGULOPATHY"
COG-MSR2501,COG-STU067,source_unique,COG-OLG119,COG-S085,bleeding_outcome,bleeding_event,adverse_outcome_source_attributed,ungraded,TRUE,TRUE,FALSE,FALSE,ATTRIBUTION_SUPPORTED,"faers_coag_signal_table.csv, data row 38 of 57 (file line 39); compound=inotersen_TEGSEDI, meddra_pt=HAEMORRHAGE"
COG-MSR2502,COG-STU067,source_unique,COG-OLG124,COG-S085,clotting_time,INR,unintended_lab_disturbance,ungraded,TRUE,TRUE,FALSE,FALSE,ATTRIBUTION_SUPPORTED,"faers_coag_signal_table.csv, data row 39 of 57 (file line 40); compound=patisiran, meddra_pt=INTERNATIONAL NORMALISED RATIO INCREASED"
COG-MSR2503,COG-STU067,source_unique,COG-OLG054,COG-S085,thrombotic_outcome,disseminated_intravascular_coagulation,adverse_outcome_source_attributed,ungraded,TRUE,TRUE,FALSE,FALSE,ATTRIBUTION_SUPPORTED,"faers_coag_signal_table.csv, data row 40 of 57 (file line 41); compound=nusinersen, meddra_pt=DISSEMINATED INTRAVASCULAR COAGULATION"
COG-MSR2504,COG-STU067,source_unique,COG-OLG054,COG-S085,clotting_time,coagulopathy_clinical_diagnosis,unintended_lab_disturbance,ungraded,TRUE,TRUE,FALSE,FALSE,ATTRIBUTION_SUPPORTED,"faers_coag_signal_table.csv, data row 41 of 57 (file line 42); compound=nusinersen, meddra_pt=COAGULOPATHY"
COG-MSR2505,COG-STU067,source_unique,COG-OLG120,COG-S085,bleeding_outcome,bleeding_event,adverse_outcome_source_attributed,ungraded,TRUE,TRUE,FALSE,FALSE,ATTRIBUTION_SUPPORTED,"faers_coag_signal_table.csv, data row 42 of 57 (file line 43); compound=imetelstat, meddra_pt=HAEMORRHAGE"
COG-MSR2506,COG-STU067,source_unique,COG-OLG129,COG-S085,thrombotic_outcome,disseminated_intravascular_coagulation,adverse_outcome_source_attributed,ungraded,TRUE,TRUE,FALSE,FALSE,ATTRIBUTION_SUPPORTED,"faers_coag_signal_table.csv, data row 43 of 57 (file line 44); compound=givosiran, meddra_pt=DISSEMINATED INTRAVASCULAR COAGULATION"
COG-MSR2507,COG-STU067,source_unique,COG-OLG054,COG-S085,clotting_time,INR,unintended_lab_disturbance,ungraded,TRUE,TRUE,FALSE,FALSE,ATTRIBUTION_SUPPORTED,"faers_coag_signal_table.csv, data row 44 of 57 (file line 45); compound=nusinersen, meddra_pt=INTERNATIONAL NORMALISED RATIO INCREASED"
COG-MSR2508,COG-STU067,source_unique,COG-OLG053,COG-S085,fibrinolysis_marker,D_dimer,unintended_lab_disturbance,ungraded,TRUE,TRUE,FALSE,FALSE,ATTRIBUTION_SUPPORTED,"faers_coag_signal_table.csv, data row 45 of 57 (file line 46); compound=inclisiran_LEQVIO, meddra_pt=FIBRIN D DIMER INCREASED"
COG-MSR2509,COG-STU067,source_unique,COG-OLG053,COG-S085,bleeding_outcome,bleeding_event,adverse_outcome_source_attributed,ungraded,TRUE,TRUE,FALSE,FALSE,ATTRIBUTION_SUPPORTED,"faers_coag_signal_table.csv, data row 46 of 57 (file line 47); compound=inclisiran_LEQVIO, meddra_pt=HAEMORRHAGE"
COG-MSR2510,COG-STU067,source_unique,COG-OLG054,COG-S085,fibrinolysis_marker,D_dimer,unintended_lab_disturbance,ungraded,TRUE,TRUE,FALSE,FALSE,ATTRIBUTION_SUPPORTED,"faers_coag_signal_table.csv, data row 47 of 57 (file line 48); compound=nusinersen, meddra_pt=FIBRIN D DIMER INCREASED"
COG-MSR2511,COG-STU067,source_unique,COG-OLG215,COG-S085,clotting_time,INR,unintended_lab_disturbance,ungraded,TRUE,TRUE,FALSE,FALSE,ATTRIBUTION_SUPPORTED,"faers_coag_signal_table.csv, data row 48 of 57 (file line 49); compound=defibrotide, meddra_pt=INTERNATIONAL NORMALISED RATIO INCREASED"
COG-MSR2512,COG-STU067,source_unique,COG-OLG124,COG-S085,thrombotic_outcome,disseminated_intravascular_coagulation,adverse_outcome_source_attributed,ungraded,TRUE,TRUE,FALSE,FALSE,ATTRIBUTION_SUPPORTED,"faers_coag_signal_table.csv, data row 49 of 57 (file line 50); compound=patisiran, meddra_pt=DISSEMINATED INTRAVASCULAR COAGULATION"
COG-MSR2513,COG-STU067,source_unique,COG-OLG205,COG-S085,bleeding_outcome,bleeding_event,adverse_outcome_source_attributed,ungraded,TRUE,TRUE,FALSE,FALSE,ATTRIBUTION_SUPPORTED,"faers_coag_signal_table.csv, data row 50 of 57 (file line 51); compound=pegaptanib_MACUGEN, meddra_pt=HAEMORRHAGE"
COG-MSR2514,COG-STU067,source_unique,COG-OLG054,COG-S085,bleeding_outcome,bleeding_event,adverse_outcome_source_attributed,ungraded,TRUE,TRUE,FALSE,FALSE,ATTRIBUTION_SUPPORTED,"faers_coag_signal_table.csv, data row 51 of 57 (file line 52); compound=nusinersen, meddra_pt=HAEMORRHAGE"
COG-MSR2515,COG-STU067,source_unique,COG-OLG053,COG-S085,clotting_time,coagulopathy_clinical_diagnosis,unintended_lab_disturbance,ungraded,TRUE,TRUE,FALSE,FALSE,ATTRIBUTION_SUPPORTED,"faers_coag_signal_table.csv, data row 52 of 57 (file line 53); compound=inclisiran_LEQVIO, meddra_pt=COAGULOPATHY"
COG-MSR2516,COG-STU067,source_unique,COG-OLG131,COG-S085,bleeding_outcome,bleeding_event,adverse_outcome_source_attributed,ungraded,TRUE,TRUE,FALSE,FALSE,ATTRIBUTION_SUPPORTED,"faers_coag_signal_table.csv, data row 53 of 57 (file line 54); compound=vutrisiran, meddra_pt=HAEMORRHAGE"
COG-MSR2517,COG-STU067,source_unique,COG-OLG124,COG-S085,bleeding_outcome,bleeding_event,adverse_outcome_source_attributed,ungraded,TRUE,TRUE,FALSE,FALSE,ATTRIBUTION_SUPPORTED,"faers_coag_signal_table.csv, data row 54 of 57 (file line 55); compound=patisiran, meddra_pt=HAEMORRHAGE"
COG-MSR2518,COG-STU067,source_unique,COG-OLG053,COG-S085,thrombotic_outcome,disseminated_intravascular_coagulation,adverse_outcome_source_attributed,ungraded,TRUE,TRUE,FALSE,FALSE,ATTRIBUTION_SUPPORTED,"faers_coag_signal_table.csv, data row 55 of 57 (file line 56); compound=inclisiran_LEQVIO, meddra_pt=DISSEMINATED INTRAVASCULAR COAGULATION"
COG-MSR2519,COG-STU067,source_unique,COG-OLG125,COG-S085,bleeding_outcome,bleeding_event,adverse_outcome_source_attributed,ungraded,TRUE,TRUE,FALSE,FALSE,ATTRIBUTION_SUPPORTED,"faers_coag_signal_table.csv, data row 56 of 57 (file line 57); compound=eteplirsen, meddra_pt=HAEMORRHAGE"
COG-MSR2520,COG-STU067,source_unique,COG-OLG053,COG-S085,clotting_time,INR,unintended_lab_disturbance,ungraded,TRUE,TRUE,FALSE,FALSE,ATTRIBUTION_SUPPORTED,"faers_coag_signal_table.csv, data row 57 of 57 (file line 58); compound=inclisiran_LEQVIO, meddra_pt=INTERNATIONAL NORMALISED RATIO INCREASED"
COG-MSR2521,COG-STU121,source_unique,COG-OLG054,COG-S086,clotting_time,aPTT,unintended_lab_disturbance,ungraded,FALSE,TRUE,TRUE,FALSE,ATTRIBUTION_WEAK_arm_only,"faers_case_records.json, group key ""nusinersen||ACTIVATED PARTIAL THROMBOPLASTIN TIME PROLONGED"", record safetyreportid 13683967"
COG-MSR2522,COG-STU121,source_unique,COG-OLG054,COG-S086,clotting_time,aPTT,unintended_lab_disturbance,ungraded,FALSE,TRUE,FALSE,FALSE,ATTRIBUTION_WEAK_arm_only,"faers_case_records.json, group key ""nusinersen||ACTIVATED PARTIAL THROMBOPLASTIN TIME PROLONGED"", record safetyreportid 14191712"
COG-MSR2523,COG-STU121,source_unique,COG-OLG054,COG-S086,clotting_time,aPTT,unintended_lab_disturbance,ungraded,FALSE,TRUE,FALSE,FALSE,ATTRIBUTION_WEAK_arm_only,"faers_case_records.json, group key ""nusinersen||ACTIVATED PARTIAL THROMBOPLASTIN TIME PROLONGED"", record safetyreportid 14422470"
COG-MSR2524,COG-STU121,source_unique,COG-OLG054,COG-S086,clotting_time,aPTT,unintended_lab_disturbance,ungraded,FALSE,TRUE,FALSE,FALSE,ATTRIBUTION_WEAK_arm_only,"faers_case_records.json, group key ""nusinersen||ACTIVATED PARTIAL THROMBOPLASTIN TIME PROLONGED"", record safetyreportid 14567785"
COG-MSR2525,COG-STU121,source_unique,COG-OLG054,COG-S086,clotting_time,aPTT,unintended_lab_disturbance,ungraded,FALSE,TRUE,FALSE,FALSE,ATTRIBUTION_WEAK_arm_only,"faers_case_records.json, group key ""nusinersen||ACTIVATED PARTIAL THROMBOPLASTIN TIME PROLONGED"", record safetyreportid 17029487"
COG-MSR2526,COG-STU121,source_unique,COG-OLG054,COG-S086,thrombotic_outcome,disseminated_intravascular_coagulation,adverse_outcome_source_attributed,ungraded,FALSE,TRUE,FALSE,FALSE,ATTRIBUTION_WEAK_arm_only,"faers_case_records.json, group key ""nusinersen||DISSEMINATED INTRAVASCULAR COAGULATION"", record safetyreportid 16360794"
COG-MSR2527,COG-STU121,source_unique,COG-OLG054,COG-S086,thrombotic_outcome,disseminated_intravascular_coagulation,adverse_outcome_source_attributed,ungraded,FALSE,TRUE,FALSE,FALSE,ATTRIBUTION_WEAK_arm_only,"faers_case_records.json, group key ""nusinersen||DISSEMINATED INTRAVASCULAR COAGULATION"", record safetyreportid 17331725"
COG-MSR2528,COG-STU121,source_unique,COG-OLG054,COG-S086,thrombotic_outcome,disseminated_intravascular_coagulation,adverse_outcome_source_attributed,ungraded,FALSE,TRUE,TRUE,FALSE,ATTRIBUTION_WEAK_arm_only,"faers_case_records.json, group key ""nusinersen||DISSEMINATED INTRAVASCULAR COAGULATION"", record safetyreportid 18565407"
COG-MSR2529,COG-STU121,source_unique,COG-OLG054,COG-S086,thrombotic_outcome,disseminated_intravascular_coagulation,adverse_outcome_source_attributed,ungraded,FALSE,TRUE,FALSE,FALSE,ATTRIBUTION_WEAK_arm_only,"faers_case_records.json, group key ""nusinersen||DISSEMINATED INTRAVASCULAR COAGULATION"", record safetyreportid 19201121"
COG-MSR2530,COG-STU121,source_unique,COG-OLG054,COG-S086,thrombotic_outcome,disseminated_intravascular_coagulation,adverse_outcome_source_attributed,ungraded,FALSE,TRUE,FALSE,FALSE,ATTRIBUTION_WEAK_arm_only,"faers_case_records.json, group key ""nusinersen||DISSEMINATED INTRAVASCULAR COAGULATION"", record safetyreportid 19507297"
COG-MSR2531,COG-STU121,source_unique,COG-OLG054,COG-S086,clotting_time,coagulopathy_clinical_diagnosis,unintended_lab_disturbance,ungraded,FALSE,TRUE,TRUE,FALSE,ATTRIBUTION_WEAK_arm_only,"faers_case_records.json, group key ""nusinersen||COAGULOPATHY"", record safetyreportid 20365486"
COG-MSR2532,COG-STU121,source_unique,COG-OLG054,COG-S086,clotting_time,coagulopathy_clinical_diagnosis,unintended_lab_disturbance,ungraded,FALSE,TRUE,FALSE,FALSE,ATTRIBUTION_WEAK_arm_only,"faers_case_records.json, group key ""nusinersen||COAGULOPATHY"", record safetyreportid 21906798"
COG-MSR2533,COG-STU121,source_unique,COG-OLG054,COG-S086,clotting_time,coagulopathy_clinical_diagnosis,unintended_lab_disturbance,ungraded,FALSE,TRUE,FALSE,FALSE,ATTRIBUTION_WEAK_arm_only,"faers_case_records.json, group key ""nusinersen||COAGULOPATHY"", record safetyreportid 22149258"
COG-MSR2534,COG-STU121,source_unique,COG-OLG054,COG-S086,clotting_time,coagulopathy_clinical_diagnosis,unintended_lab_disturbance,ungraded,FALSE,TRUE,FALSE,FALSE,ATTRIBUTION_WEAK_arm_only,"faers_case_records.json, group key ""nusinersen||COAGULOPATHY"", record safetyreportid 24311105"
COG-MSR2535,COG-STU121,source_unique,COG-OLG054,COG-S086,clotting_time,coagulopathy_clinical_diagnosis,unintended_lab_disturbance,ungraded,FALSE,TRUE,FALSE,FALSE,ATTRIBUTION_WEAK_arm_only,"faers_case_records.json, group key ""nusinersen||COAGULOPATHY"", record safetyreportid 24314118"
COG-MSR2536,COG-STU121,source_unique,COG-OLG215,COG-S086,clotting_time,aPTT,unintended_lab_disturbance,ungraded,FALSE,TRUE,FALSE,FALSE,ATTRIBUTION_WEAK_arm_only,"faers_case_records.json, group key ""defibrotide||ACTIVATED PARTIAL THROMBOPLASTIN TIME PROLONGED"", record safetyreportid 20376804"
COG-MSR2537,COG-STU121,source_unique,COG-OLG215,COG-S086,clotting_time,aPTT,unintended_lab_disturbance,ungraded,FALSE,TRUE,FALSE,FALSE,ATTRIBUTION_WEAK_arm_only,"faers_case_records.json, group key ""defibrotide||ACTIVATED PARTIAL THROMBOPLASTIN TIME PROLONGED"", record safetyreportid 20453808"
COG-MSR2538,COG-STU121,source_unique,COG-OLG215,COG-S086,clotting_time,aPTT,unintended_lab_disturbance,ungraded,FALSE,TRUE,TRUE,FALSE,ATTRIBUTION_WEAK_arm_only,"faers_case_records.json, group key ""defibrotide||ACTIVATED PARTIAL THROMBOPLASTIN TIME PROLONGED"", record safetyreportid 20964605"
COG-MSR2539,COG-STU121,source_unique,COG-OLG215,COG-S086,clotting_time,aPTT,unintended_lab_disturbance,ungraded,FALSE,TRUE,TRUE,FALSE,ATTRIBUTION_WEAK_arm_only,"faers_case_records.json, group key ""defibrotide||ACTIVATED PARTIAL THROMBOPLASTIN TIME PROLONGED"", record safetyreportid 23065373"
COG-MSR2540,COG-STU121,source_unique,COG-OLG215,COG-S086,clotting_time,aPTT,unintended_lab_disturbance,ungraded,FALSE,TRUE,FALSE,FALSE,ATTRIBUTION_WEAK_arm_only,"faers_case_records.json, group key ""defibrotide||ACTIVATED PARTIAL THROMBOPLASTIN TIME PROLONGED"", record safetyreportid 23111050"
COG-MSR2541,COG-STU121,source_unique,COG-OLG215,COG-S086,thrombotic_outcome,disseminated_intravascular_coagulation,adverse_outcome_source_attributed,ungraded,FALSE,TRUE,TRUE,FALSE,ATTRIBUTION_WEAK_arm_only,"faers_case_records.json, group key ""defibrotide||DISSEMINATED INTRAVASCULAR COAGULATION"", record safetyreportid 15099557"
COG-MSR2542,COG-STU121,source_unique,COG-OLG215,COG-S086,thrombotic_outcome,disseminated_intravascular_coagulation,adverse_outcome_source_attributed,ungraded,FALSE,TRUE,TRUE,FALSE,ATTRIBUTION_WEAK_arm_only,"faers_case_records.json, group key ""defibrotide||DISSEMINATED INTRAVASCULAR COAGULATION"", record safetyreportid 15879786"
COG-MSR2543,COG-STU121,source_unique,COG-OLG215,COG-S086,thrombotic_outcome,disseminated_intravascular_coagulation,adverse_outcome_source_attributed,ungraded,FALSE,TRUE,TRUE,FALSE,ATTRIBUTION_WEAK_arm_only,"faers_case_records.json, group key ""defibrotide||DISSEMINATED INTRAVASCULAR COAGULATION"", record safetyreportid 16285311"
COG-MSR2544,COG-STU121,source_unique,COG-OLG215,COG-S086,thrombotic_outcome,disseminated_intravascular_coagulation,adverse_outcome_source_attributed,ungraded,FALSE,TRUE,TRUE,FALSE,ATTRIBUTION_WEAK_arm_only,"faers_case_records.json, group key ""defibrotide||DISSEMINATED INTRAVASCULAR COAGULATION"", record safetyreportid 16431229"
COG-MSR2545,COG-STU121,source_unique,COG-OLG215,COG-S086,thrombotic_outcome,disseminated_intravascular_coagulation,adverse_outcome_source_attributed,ungraded,FALSE,TRUE,TRUE,FALSE,ATTRIBUTION_WEAK_arm_only,"faers_case_records.json, group key ""defibrotide||DISSEMINATED INTRAVASCULAR COAGULATION"", record safetyreportid 16807136"
COG-MSR2546,COG-STU121,source_unique,COG-OLG119,COG-S086,clotting_time,coagulopathy_clinical_diagnosis,unintended_lab_disturbance,ungraded,FALSE,TRUE,TRUE,FALSE,ATTRIBUTION_WEAK_arm_only,"faers_case_records.json, group key ""inotersen||COAGULOPATHY"", record safetyreportid 17535181"
COG-MSR2547,COG-STU121,source_unique,COG-OLG119,COG-S086,clotting_time,coagulopathy_clinical_diagnosis,unintended_lab_disturbance,ungraded,FALSE,TRUE,FALSE,FALSE,ATTRIBUTION_WEAK_arm_only,"faers_case_records.json, group key ""inotersen||COAGULOPATHY"", record safetyreportid 18438069"
COG-MSR2548,COG-STU121,source_unique,COG-OLG119,COG-S086,clotting_time,aPTT,unintended_lab_disturbance,ungraded,FALSE,TRUE,TRUE,FALSE,ATTRIBUTION_WEAK_arm_only,"faers_case_records.json, group key ""inotersen||ACTIVATED PARTIAL THROMBOPLASTIN TIME PROLONGED"", record safetyreportid 22071673"
COG-MSR2549,COG-STU121,source_unique,COG-OLG119,COG-S086,clotting_time,aPTT,unintended_lab_disturbance,ungraded,FALSE,TRUE,FALSE,FALSE,ATTRIBUTION_WEAK_arm_only,"faers_case_records.json, group key ""inotersen||ACTIVATED PARTIAL THROMBOPLASTIN TIME PROLONGED"", record safetyreportid 22325931"
COG-MSR2551,COG-STU121,source_unique,COG-OLG124,COG-S086,thrombotic_outcome,disseminated_intravascular_coagulation,adverse_outcome_source_attributed,ungraded,FALSE,TRUE,TRUE,FALSE,ATTRIBUTION_WEAK_arm_only,"faers_case_records.json, group key ""patisiran||DISSEMINATED INTRAVASCULAR COAGULATION"", record safetyreportid 20918009"
COG-MSR2552,COG-STU121,source_unique,COG-OLG120,COG-S086,clotting_time,coagulation_time_unspecified,unintended_lab_disturbance,ungraded,FALSE,TRUE,TRUE,FALSE,ATTRIBUTION_WEAK_arm_only,"faers_case_records.json, group key ""imetelstat||COAGULATION TIME PROLONGED"", record safetyreportid 26387774"
COG-MSR2553,COG-STU110,source_and_compound_unique,COG-OLG205,COG-S087,clotting_time,INR,unintended_lab_disturbance,ungraded,FALSE,TRUE,TRUE,FALSE,ATTRIBUTION_WEAK_arm_only,"faers_pegaptanib_cases.json, group key ""INTERNATIONAL NORMALISED RATIO INCREASED"", record safetyreportid 5093151-2"
COG-MSR2554,COG-STU110,source_and_compound_unique,COG-OLG205,COG-S087,clotting_time,INR,unintended_lab_disturbance,ungraded,FALSE,TRUE,TRUE,FALSE,ATTRIBUTION_WEAK_arm_only,"faers_pegaptanib_cases.json, group key ""INTERNATIONAL NORMALISED RATIO INCREASED"", record safetyreportid 5506364-X"
COG-MSR2555,COG-STU110,source_and_compound_unique,COG-OLG205,COG-S087,clotting_time,INR,unintended_lab_disturbance,ungraded,FALSE,TRUE,FALSE,FALSE,ATTRIBUTION_WEAK_arm_only,"faers_pegaptanib_cases.json, group key ""INTERNATIONAL NORMALISED RATIO INCREASED"", record safetyreportid 5463519-0"
COG-MSR2556,COG-STU110,source_and_compound_unique,COG-OLG205,COG-S087,clotting_time,INR,unintended_lab_disturbance,ungraded,FALSE,TRUE,TRUE,FALSE,ATTRIBUTION_WEAK_arm_only,"faers_pegaptanib_cases.json, group key ""INTERNATIONAL NORMALISED RATIO INCREASED"", record safetyreportid 5468141-8"
COG-MSR2557,COG-STU110,source_and_compound_unique,COG-OLG205,COG-S087,clotting_time,aPTT,unintended_lab_disturbance,ungraded,FALSE,TRUE,FALSE,FALSE,ATTRIBUTION_WEAK_arm_only,"faers_pegaptanib_cases.json, group key ""ACTIVATED PARTIAL THROMBOPLASTIN TIME PROLONGED"", record safetyreportid 4878630-2"
COG-MSR2558,COG-STU110,source_and_compound_unique,COG-OLG205,COG-S087,clotting_time,PT,unintended_lab_disturbance,ungraded,FALSE,TRUE,TRUE,FALSE,ATTRIBUTION_WEAK_arm_only,"faers_pegaptanib_cases.json, group key ""PROTHROMBIN TIME PROLONGED"", record safetyreportid 5093151-2"
COG-MSR2559,COG-STU110,source_and_compound_unique,COG-OLG205,COG-S087,fibrinolysis_marker,D_dimer,unintended_lab_disturbance,ungraded,FALSE,TRUE,FALSE,FALSE,ATTRIBUTION_WEAK_arm_only,"faers_pegaptanib_cases.json, group key ""FIBRIN D DIMER INCREASED"", record safetyreportid 5285455-5"
COG-MSR2560,COG-STU011,protocol_code_in_row,COG-OLG216,COG-S088,clotting_time,aPTT,unintended_lab_disturbance,curator_derived_research_score,TRUE,TRUE,TRUE,FALSE,ATTRIBUTION_SUPPORTED,"S1 fda_kynamro_mipomersen_203568_MedR.pdf PDF p.171 (printed p.170), section 7.3.5.7 'Coagulation and Platelet Issues' (Reference ID 3221077)"
COG-MSR2561,COG-STU011,protocol_code_in_row,COG-OLG216,COG-S088,clotting_time,aPTT,unintended_lab_disturbance,curator_derived_research_score,TRUE,TRUE,TRUE,FALSE,ATTRIBUTION_SUPPORTED,"S1 fda_kynamro_mipomersen_203568_MedR.pdf PDF p.171 (printed p.170), section 7.3.5.7 'Coagulation and Platelet Issues' (Reference ID 3221077)"
COG-MSR2565,NOT_REPORTED,ambiguous_20_candidates,COG-OLG216,COG-S088,clotting_time,INR,measured_negative,curator_derived_research_score,TRUE,TRUE,TRUE,FALSE,ATTRIBUTION_SUPPORTED,"S1 fda_kynamro_mipomersen_203568_MedR.pdf PDF p.187 (printed p.186), section 7.4.2 laboratory findings narrative preceding Table 49 (Reference ID 3221077)"
COG-MSR2566,NOT_REPORTED,ambiguous_20_candidates,COG-OLG216,COG-S088,clotting_time,PT,measured_negative,curator_derived_research_score,TRUE,TRUE,TRUE,FALSE,ATTRIBUTION_SUPPORTED,"S1 fda_kynamro_mipomersen_203568_MedR.pdf PDF p.187 (printed p.186), section 7.4.2 laboratory findings narrative preceding Table 49 (Reference ID 3221077)"
COG-MSR2569,COG-STU023,protocol_code_in_row,COG-OLG216,COG-S088,clotting_time,PT,unintended_lab_disturbance,ungraded,TRUE,TRUE,FALSE,FALSE,ATTRIBUTION_SUPPORTED,"S1 fda_kynamro_mipomersen_203568_MedR.pdf PDF p.172 (printed p.171), section 7.3.5.7 'Coagulation and Platelet Issues' (Reference ID 3221077)"
COG-MSR2570,COG-STU023,protocol_code_in_row,COG-OLG216,COG-S088,clotting_time,PT_or_INR_protocol_monitoring_rule,unintended_lab_disturbance,ungraded,TRUE,TRUE,FALSE,FALSE,ATTRIBUTION_SUPPORTED,"S1 fda_kynamro_mipomersen_203568_MedR.pdf PDF p.172 (printed p.171), section 7.3.5.7 'Coagulation and Platelet Issues' (Reference ID 3221077)"
COG-MSR2571,COG-STU019,protocol_code_in_row,COG-OLG216,COG-S088,clotting_time,INR,unintended_lab_disturbance,curator_derived_research_score,TRUE,TRUE,FALSE,FALSE,ATTRIBUTION_SUPPORTED,"S1 fda_kynamro_mipomersen_203568_MedR.pdf PDF p.188 (printed p.187), Table 49 'Hematologic Adverse Events by System Organ Class and Preferred Term for ISIS 301012-CS5 and Pooled Phase 3 Placebo-Controlled Trials', Investigations SOC block; column order is CS5 Placebo (N=17) / CS5 Mipo (N=34) / TOTAL"
COG-MSR2572,COG-STU019,protocol_code_in_row,COG-OLG216,COG-S088,clotting_time,PT,measured_negative,curator_derived_research_score,TRUE,TRUE,FALSE,FALSE,ATTRIBUTION_SUPPORTED,"S1 fda_kynamro_mipomersen_203568_MedR.pdf PDF p.188 (printed p.187), Table 49 'Hematologic Adverse Events by System Organ Class and Preferred Term for ISIS 301012-CS5 and Pooled Phase 3 Placebo-Controlled Trials', Investigations SOC block; column order is CS5 Placebo (N=17) / CS5 Mipo (N=34) / TOTAL"
COG-MSR2573,COG-STU019,protocol_code_in_row,COG-OLG216,COG-S088,clotting_time,INR_and_PT_adverse_event_terms,measured_negative,ungraded,TRUE,TRUE,FALSE,FALSE,ATTRIBUTION_SUPPORTED,"S1 fda_kynamro_mipomersen_203568_MedR.pdf PDF p.188 (printed p.187), Table 49 'Hematologic Adverse Events by System Organ Class and Preferred Term for ISIS 301012-CS5 and Pooled Phase 3 Placebo-Controlled Trials', Investigations SOC block; column order is CS5 Placebo (N=17) / CS5 Mipo (N=34) / TOTAL"
COG-MSR2574,COG-STU019,protocol_code_in_row,COG-OLG216,COG-S088,platelet_coag_crosstalk,platelet_count_mean_change,unintended_lab_disturbance,ungraded,TRUE,TRUE,FALSE,FALSE,ATTRIBUTION_SUPPORTED,"S1 fda_kynamro_mipomersen_203568_MedR.pdf PDF p.172 (printed p.171), inside the named section 7.3.5.7 'Coagulation and Platelet Issues' (Reference ID 3221077)"
COG-MSR2575,NOT_REPORTED,ambiguous_20_candidates,COG-OLG216,COG-S088,platelet_coag_crosstalk,platelet_count_mean_change,unintended_lab_disturbance,ungraded,TRUE,TRUE,FALSE,FALSE,ATTRIBUTION_SUPPORTED,"S1 fda_kynamro_mipomersen_203568_MedR.pdf PDF p.172 (printed p.171), inside the named section 7.3.5.7 'Coagulation and Platelet Issues' (Reference ID 3221077)"
COG-MSR2576,NOT_REPORTED,ambiguous_20_candidates,COG-OLG216,COG-S089,clotting_time,INR,measured_negative,curator_derived_research_score,TRUE,TRUE,FALSE,FALSE,ATTRIBUTION_SUPPORTED,"S2 fda_kynamro_mipomersen_203568_ClinPharmR.pdf PDF p.32, Table 10 'Effect of mipomersen on the pharmacokinetics of co-administered drugs', block 'Warfarin (PD)', columns AUEC and MAX (Reference ID 3224357)"
COG-MSR2577,NOT_REPORTED,ambiguous_20_candidates,COG-OLG216,COG-S089,clotting_time,INR,unintended_lab_disturbance,curator_derived_research_score,TRUE,TRUE,FALSE,FALSE,ATTRIBUTION_SUPPORTED,"S2 fda_kynamro_mipomersen_203568_ClinPharmR.pdf PDF p.32, Table 10 'Effect of mipomersen on the pharmacokinetics of co-administered drugs', block 'Warfarin (PD)', columns AUEC and MAX (Reference ID 3224357)"
COG-MSR2580,NOT_REPORTED,ambiguous_20_candidates,COG-OLG216,COG-S088,clotting_time,aPTT_PT_INR_panel,measured_negative,ungraded,TRUE,TRUE,FALSE,TRUE,ATTRIBUTION_SUPPORTED,"S1 fda_kynamro_mipomersen_203568_MedR.pdf PDF p.100-101 (printed p.99-100), section 7.3.4 serious adverse event narrative for Patient 4000-1052; the same sentence is repeated in the Executive Summary region of the review (Reference ID 3221077)"
COG-MSR2582,COG-STU019,bare_protocol_code_in_row,COG-OLG216,COG-S088,thrombotic_outcome,thrombotic_event,adverse_outcome_source_attributed,ungraded,TRUE,TRUE,FALSE,FALSE,ATTRIBUTION_SUPPORTED,"S1 fda_kynamro_mipomersen_203568_MedR.pdf PDF p.102 (Table 21 begins on PDF p.101), Table 21 'On-Treatment Serious Adverse Events by System Organ Class and Preferred Term for CS5 and the Four Pooled Phase 3 Placebo-Controlled Trials', Respiratory, thoracic and mediastinal disorders SOC (Reference ID"
COG-MSR2583,NOT_REPORTED,ambiguous_16_candidates,COG-OLG216,COG-S091,thrombotic_outcome,thrombotic_event,adverse_outcome_source_attributed,ungraded,TRUE,TRUE,FALSE,FALSE,ATTRIBUTION_SUPPORTED,"S4 kynamro_AR.pdf PDF p.66, clinical safety - analysis of SAEs leading to hospitalisation including CV SAEs, provided on request of the CHMP"
COG-MSR2584,COG-STU170,bare_protocol_code_in_row,COG-OLG054,COG-S090,clotting_time,aPTT,unintended_lab_disturbance,ungraded,TRUE,TRUE,FALSE,FALSE,ATTRIBUTION_SUPPORTED,"S3 fda_spinraza_nusinersen_209531_MedR.pdf PDF p.78 (printed p.52), Clinical Safety Review section 8.4.6.3 'Coagulation Laboratory Measurements' (Reference ID 4027874)"
COG-MSR2585,NOT_REPORTED,ambiguous_10_candidates,COG-OLG054,COG-S090,clotting_time,INR,unintended_lab_disturbance,ungraded,TRUE,TRUE,FALSE,FALSE,ATTRIBUTION_SUPPORTED,"S3 fda_spinraza_nusinersen_209531_MedR.pdf PDF p.79 (printed p.53), Table 23 'Summary of Shifts from Baseline for Activated Partial Thromboplastin Time (aPTT) and International Normalized Ratio (INR)'"
COG-MSR2586,COG-STU170,bare_protocol_code_in_row,COG-OLG054,COG-S090,clotting_time,aPTT_PT_INR_panel,unintended_lab_disturbance,ungraded,TRUE,TRUE,FALSE,FALSE,ATTRIBUTION_SUPPORTED,"S3 fda_spinraza_nusinersen_209531_MedR.pdf, PDF p.58 (printed p.33), Clinical Safety Review section 8.3.3 'Routine Clinical Tests' (deficiency list) (Reference ID 4027874); repeated in the Safety Team Leader memorandum section 8.3 (Reference ID 4028770)"
COG-MSR2587,NOT_REPORTED,ambiguous_10_candidates,COG-OLG054,COG-S090,bleeding_outcome,bleeding_event,adverse_outcome_source_attributed,ungraded,TRUE,TRUE,FALSE,FALSE,ATTRIBUTION_SUPPORTED,"S3 fda_spinraza_nusinersen_209531_MedR.pdf PDF p.98, Clinical Safety Review, adverse events of the lumbar puncture procedure (Reference ID 4027874); the same figure appears in the review's Executive Summary and in the Safety Team Leader memorandum"
COG-MSR2588,COG-STU182,bare_protocol_code_in_row,COG-OLG054,COG-S092,bleeding_outcome,bleeding_event,adverse_outcome_source_attributed,ungraded,TRUE,TRUE,FALSE,FALSE,ATTRIBUTION_SUPPORTED,"S5 spinraza_AR.pdf PDF p.87, section 2.6 clinical safety, narrative for Study SM201 (CS5, pre-symptomatic subjects)"
COG-MSR2589,NOT_REPORTED,ambiguous_10_candidates,COG-OLG054,COG-S090,platelet_coag_crosstalk,platelet_count_below_LLN,unintended_lab_disturbance,ungraded,TRUE,TRUE,FALSE,FALSE,ATTRIBUTION_SUPPORTED,"S3 fda_spinraza_nusinersen_209531_MedR.pdf PDF p.77 (printed p.51), Clinical Safety Review section 8.4.6.2.1 'Thrombocytopenia' (Reference ID 4027874)"
COG-MSR2590,NOT_REPORTED,ambiguous_10_candidates,COG-OLG054,COG-S092,clotting_time,aPTT_PT_INR_panel,unintended_lab_disturbance,ungraded,TRUE,TRUE,FALSE,FALSE,ATTRIBUTION_SUPPORTED,"S5 spinraza_AR.pdf PDF p.112 (benefit-risk section 3.5 'Uncertainties and limitations about unfavourable effects'), with the risk also listed on PDF p.104 as an 'Important potential risk' in the Risk Management Plan summary (Table 13) and in the risk-minimisation table (Table 15)"
COG-MSR2591,NOT_REPORTED,ambiguous_10_candidates,COG-OLG054,COG-S092,platelet_coag_crosstalk,coagulation_and_platelet_screening_requirement,unintended_lab_disturbance,ungraded,TRUE,TRUE,FALSE,FALSE,ATTRIBUTION_SUPPORTED,"S5 spinraza_AR.pdf, PDF p.103, section 2.6.1 discussion on clinical safety"
COG-MSR2592,NOT_REPORTED,ambiguous_10_candidates,COG-OLG054,COG-S090,clotting_time,coagulation_monitoring_requirement,unintended_lab_disturbance,ungraded,TRUE,TRUE,FALSE,FALSE,ATTRIBUTION_SUPPORTED,"S3 fda_spinraza_nusinersen_209531_MedR.pdf PDF p.79 (printed p.53), subsection 'Coagulation Laboratory Measurements: Conclusion and Labeling Recommendation' within section 8.4.6.3 (Reference ID 4027874)"
COG-MSR2593,NOT_REPORTED,ambiguous_6_candidates,COG-OLG060,COG-S093,thrombotic_outcome,thrombotic_event,adverse_outcome_source_attributed,ungraded,TRUE,TRUE,FALSE,TRUE,ATTRIBUTION_SUPPORTED,"Section 7.6.1 Thromboembolic Events, Assessment, PDF p.122 (review p.101)"
COG-MSR2594,NOT_REPORTED,ambiguous_6_candidates,COG-OLG060,COG-S093,thrombotic_outcome,thrombotic_event,adverse_outcome_source_attributed,ungraded,TRUE,TRUE,TRUE,TRUE,ATTRIBUTION_SUPPORTED,"Section 7.6.1 Thromboembolic Events, Assessment, PDF p.122 (review p.101)"
COG-MSR2595,NOT_REPORTED,ambiguous_6_candidates,COG-OLG060,COG-S093,thrombotic_outcome,thrombotic_event,adverse_outcome_source_attributed,ungraded,TRUE,FALSE,FALSE,TRUE,ATTRIBUTION_WEAK_locus_only,"Section 7.6.1 Thromboembolic Events, Assessment, PDF p.122 (review p.101)"
COG-MSR2596,NOT_REPORTED,ambiguous_6_candidates,COG-OLG060,COG-S093,thrombotic_outcome,thrombotic_event,adverse_outcome_source_attributed,ungraded,TRUE,TRUE,FALSE,FALSE,ATTRIBUTION_SUPPORTED,"Section 7.6.1 Thromboembolic Events, Assessment, PDF p.122 (review p.101)"
COG-MSR2597,NOT_REPORTED,ambiguous_6_candidates,COG-OLG060,COG-S093,anticoagulant_activity,antithrombin_activity,unintended_lab_disturbance,ungraded,TRUE,FALSE,TRUE,FALSE,ATTRIBUTION_WEAK_locus_only,"Table 51. Summary of Thrombotic Events in Fitusiran Clinical Studies, PDF pp.123-125 (review pp.102-104)"
COG-MSR2598,NOT_REPORTED,ambiguous_6_candidates,COG-OLG060,COG-S093,anticoagulant_activity,antithrombin_activity,unintended_lab_disturbance,ungraded,TRUE,TRUE,TRUE,FALSE,ATTRIBUTION_SUPPORTED,"Table 51. Summary of Thrombotic Events in Fitusiran Clinical Studies, PDF pp.123-125 (review pp.102-104)"
COG-MSR2599,NOT_REPORTED,ambiguous_6_candidates,COG-OLG060,COG-S093,anticoagulant_activity,antithrombin_activity,unintended_lab_disturbance,ungraded,TRUE,FALSE,TRUE,FALSE,ATTRIBUTION_WEAK_locus_only,"Table 51. Summary of Thrombotic Events in Fitusiran Clinical Studies, PDF pp.123-125 (review pp.102-104)"
COG-MSR2600,NOT_REPORTED,ambiguous_6_candidates,COG-OLG060,COG-S093,anticoagulant_activity,antithrombin_activity,unintended_lab_disturbance,ungraded,TRUE,TRUE,TRUE,FALSE,ATTRIBUTION_SUPPORTED,"Table 51. Summary of Thrombotic Events in Fitusiran Clinical Studies, PDF pp.123-125 (review pp.102-104)"
COG-MSR2601,NOT_REPORTED,ambiguous_6_candidates,COG-OLG060,COG-S093,anticoagulant_activity,antithrombin_activity,unintended_lab_disturbance,ungraded,TRUE,FALSE,TRUE,FALSE,ATTRIBUTION_WEAK_locus_only,"Table 51. Summary of Thrombotic Events in Fitusiran Clinical Studies, PDF pp.123-125 (review pp.102-104)"
COG-MSR2602,NOT_REPORTED,ambiguous_6_candidates,COG-OLG060,COG-S093,anticoagulant_activity,antithrombin_activity,unintended_lab_disturbance,ungraded,TRUE,TRUE,TRUE,FALSE,ATTRIBUTION_SUPPORTED,"Table 51. Summary of Thrombotic Events in Fitusiran Clinical Studies, PDF pp.123-125 (review pp.102-104)"
COG-MSR2603,NOT_REPORTED,ambiguous_6_candidates,COG-OLG060,COG-S093,anticoagulant_activity,antithrombin_activity,unintended_lab_disturbance,ungraded,TRUE,TRUE,TRUE,FALSE,ATTRIBUTION_SUPPORTED,"Table 51. Summary of Thrombotic Events in Fitusiran Clinical Studies, PDF pp.123-125 (review pp.102-104)"
COG-MSR2604,NOT_REPORTED,ambiguous_6_candidates,COG-OLG060,COG-S093,anticoagulant_activity,antithrombin_activity,unintended_lab_disturbance,ungraded,TRUE,TRUE,TRUE,FALSE,ATTRIBUTION_SUPPORTED,"Table 51. Summary of Thrombotic Events in Fitusiran Clinical Studies, PDF pp.123-125 (review pp.102-104)"
COG-MSR2605,NOT_REPORTED,ambiguous_6_candidates,COG-OLG060,COG-S093,anticoagulant_activity,antithrombin_activity,unintended_lab_disturbance,ungraded,TRUE,FALSE,TRUE,FALSE,ATTRIBUTION_WEAK_locus_only,"Table 51. Summary of Thrombotic Events in Fitusiran Clinical Studies, PDF pp.123-125 (review pp.102-104)"
COG-MSR2606,NOT_REPORTED,ambiguous_6_candidates,COG-OLG060,COG-S093,anticoagulant_activity,antithrombin_activity,unintended_lab_disturbance,ungraded,TRUE,FALSE,TRUE,FALSE,ATTRIBUTION_WEAK_locus_only,"Table 51. Summary of Thrombotic Events in Fitusiran Clinical Studies, PDF pp.123-125 (review pp.102-104)"
COG-MSR2607,NOT_REPORTED,ambiguous_6_candidates,COG-OLG060,COG-S093,anticoagulant_activity,antithrombin_activity,unintended_lab_disturbance,ungraded,TRUE,FALSE,TRUE,FALSE,ATTRIBUTION_WEAK_locus_only,"Table 51. Summary of Thrombotic Events in Fitusiran Clinical Studies, PDF pp.123-125 (review pp.102-104)"
COG-MSR2608,NOT_REPORTED,ambiguous_6_candidates,COG-OLG060,COG-S093,thrombotic_outcome,thrombotic_event,adverse_outcome_source_attributed,ungraded,TRUE,TRUE,FALSE,FALSE,ATTRIBUTION_SUPPORTED,"Table 51. Summary of Thrombotic Events in Fitusiran Clinical Studies, PDF p.123 (review p.102)"
COG-MSR2609,NOT_REPORTED,ambiguous_6_candidates,COG-OLG060,COG-S093,thrombin_generation,prothrombin_fragment_1_2_increased,unintended_lab_disturbance,ungraded,TRUE,TRUE,FALSE,TRUE,ATTRIBUTION_SUPPORTED,"Table 43. Subjects With Common Adverse Events Occurring at >=5% Frequency, Safety Population, Pooled Trials LTE15174, LTE14762, and EFC15110, AT-DR Period, PDF p.105 (review p.84)"
COG-MSR2611,NOT_REPORTED,ambiguous_6_candidates,COG-OLG060,COG-S093,thrombotic_outcome,thrombotic_event,adverse_outcome_source_attributed,ungraded,TRUE,TRUE,TRUE,FALSE,ATTRIBUTION_SUPPORTED,"Table 44. Subjects With Adverse Events by System Organ Class and FDA Medical Query (Narrow) ... AT-DR Period - Vascular disorders (SOC), PDF p.108 (review p.87)"
COG-MSR2635,NOT_REPORTED,ambiguous_6_candidates,COG-OLG060,COG-S093,fibrinolysis_marker,D_dimer,unintended_lab_disturbance,ungraded,TRUE,TRUE,FALSE,FALSE,ATTRIBUTION_SUPPORTED,"Section 13 (nonclinical toxicology), 39-week monkey study D-dimer narrative, closing sentence, PDF p.163 (review p.142)"
COG-MSR2636,NOT_REPORTED,ambiguous_13_candidates,COG-OLG120,COG-S094,clotting_time,aPTT,unintended_lab_disturbance,both_source_reported_and_curator_derived,TRUE,TRUE,TRUE,FALSE,ATTRIBUTION_SUPPORTED,"Table 86: MDS3001 Phase 3: PTT and PT by study arm, PDF p.290 (review p.289)"
COG-MSR2637,NOT_REPORTED,ambiguous_13_candidates,COG-OLG120,COG-S094,clotting_time,aPTT,unintended_lab_disturbance,both_source_reported_and_curator_derived,TRUE,TRUE,FALSE,FALSE,ATTRIBUTION_SUPPORTED,"Table 86: MDS3001 Phase 3: PTT and PT by study arm, PDF p.290 (review p.289)"
COG-MSR2638,NOT_REPORTED,ambiguous_13_candidates,COG-OLG120,COG-S094,clotting_time,PT,unintended_lab_disturbance,both_source_reported_and_curator_derived,TRUE,TRUE,FALSE,FALSE,ATTRIBUTION_SUPPORTED,"Table 86: MDS3001 Phase 3: PTT and PT by study arm, PDF p.290 (review p.289)"
COG-MSR2639,NOT_REPORTED,ambiguous_13_candidates,COG-OLG120,COG-S094,clotting_time,aPTT,unintended_lab_disturbance,both_source_reported_and_curator_derived,TRUE,TRUE,FALSE,FALSE,ATTRIBUTION_SUPPORTED,"Table 77: Overview of common laboratory abnormalities in patients treated on the phase 3 portion of MDS3001, PDF p.283 (review p.282)"
COG-MSR2640,NOT_REPORTED,ambiguous_13_candidates,COG-OLG120,COG-S094,clotting_time,PT,unintended_lab_disturbance,both_source_reported_and_curator_derived,TRUE,TRUE,FALSE,FALSE,ATTRIBUTION_SUPPORTED,"Table 77: Overview of common laboratory abnormalities in patients treated on the phase 3 portion of MDS3001, PDF p.283 (review p.282)"
COG-MSR2641,NOT_REPORTED,ambiguous_13_candidates,COG-OLG120,COG-S094,clotting_time,aPTT,unintended_lab_disturbance,source_reported,TRUE,TRUE,FALSE,FALSE,ATTRIBUTION_SUPPORTED,"Section 8.2.4 Laboratory Findings, 'Overview' narrative preceding Table 77, PDF p.282 (review p.281)"
COG-MSR2642,NOT_REPORTED,ambiguous_13_candidates,COG-OLG120,COG-S094,clotting_time,aPTT,unintended_lab_disturbance,curator_derived_research_score,TRUE,TRUE,FALSE,TRUE,ATTRIBUTION_SUPPORTED,"Section 8.2.4 Laboratory Findings, 'Data'/'The Applicant's Position' subsection headed 'Coagulation', PDF p.281 (review p.280)"
COG-MSR2644,NOT_REPORTED,ambiguous_13_candidates,COG-OLG120,COG-S094,clotting_time,aPTT,unintended_lab_disturbance,curator_derived_research_score,TRUE,TRUE,TRUE,TRUE,ATTRIBUTION_SUPPORTED,"Section 8.2.4 Laboratory Findings, 'Coagulation' subsection, PDF p.281 (review p.280)"
COG-MSR2645,NOT_REPORTED,ambiguous_13_candidates,COG-OLG120,COG-S094,bleeding_outcome,bleeding_event,adverse_outcome_source_attributed,ungraded,TRUE,TRUE,FALSE,TRUE,ATTRIBUTION_SUPPORTED,"Table 73: Treatment emergent adverse events in overall development program by dose, row 'Hemorrhage3' (3 = Broad SMQ haemorrhage), PDF p.272 (review p.271)"
COG-MSR2646,NOT_REPORTED,ambiguous_9_candidates,COG-OLG120,COG-S099,bleeding_outcome,bleeding_event,adverse_outcome_source_attributed,source_reported,TRUE,TRUE,FALSE,FALSE,ATTRIBUTION_SUPPORTED,"EMA/13310/2025 section 2.6.8 clinical safety, 'Bleeding events' narrative, p.95"
COG-MSR2647,NOT_REPORTED,ambiguous_9_candidates,COG-OLG120,COG-S099,bleeding_outcome,bleeding_event_exposure_adjusted,adverse_outcome_source_attributed,ungraded,TRUE,TRUE,FALSE,FALSE,ATTRIBUTION_SUPPORTED,"EMA/13310/2025 Table 26: Exposure-Adjusted Incidence Rate for Treatment-emergent Adverse Events by MedDRA SMQ Haemorrhages; Phase 3, Treated Analysis Set (Study MDS3001), p.96"
COG-MSR2648,NOT_REPORTED,ambiguous_9_candidates,COG-OLG120,COG-S099,clotting_time,PT,unintended_lab_disturbance,ungraded,TRUE,TRUE,FALSE,FALSE,ATTRIBUTION_SUPPORTED,"EMA/13310/2025 Table 25: Treatment-emergent Adverse Events of Interest Per Protocol Criteria: Hepatic Event - Study MDS3001 - Phase 3 Imetelstat Versus Placebo, p.93"
COG-MSR2649,NOT_REPORTED,ambiguous_13_candidates,COG-OLG120,COG-S094,platelet_coag_crosstalk,bleeding_event_within_7_days_of_grade_3_4_thrombocytopenia,unintended_lab_disturbance,source_reported,TRUE,TRUE,TRUE,FALSE,ATTRIBUTION_SUPPORTED,"Applicant Table 95: Subjects with Grade 3 or Grade 4 Decrease in Platelets and Bleeding Events Within 7 Days - Study MDS3001 - Phase 2 and Phase 3 (Group B Treated Population), PDF p.306 (review p.305)"
COG-MSR2665,NOT_REPORTED,ambiguous_10_candidates,COG-OLG217,COG-S095,platelet_coag_crosstalk,platelet_count_decrease_with_bleeding_assessment,measured_negative,ungraded,TRUE,TRUE,FALSE,FALSE,ATTRIBUTION_SUPPORTED,"Section 7.7.2 Platelet Reductions and Bleeding Events, 'Platelet Values Over Time', PDF p.146 (review p.129)"
COG-MSR2666,NOT_REPORTED,ambiguous_10_candidates,COG-OLG055,COG-S095,bleeding_outcome,clinical_bleeding_event,adverse_outcome_source_attributed,ungraded,TRUE,TRUE,FALSE,FALSE,ATTRIBUTION_SUPPORTED,"Section 7.7.2 Platelet Reductions and Bleeding Events, 'Background', PDF p.146 (review p.129)"
COG-MSR2668,COG-STU055,protocol_code_in_row,COG-OLG218,COG-S096,clotting_time,aPTT,unintended_lab_disturbance,ungraded,TRUE,TRUE,FALSE,FALSE,ATTRIBUTION_SUPPORTED,"Table 50. Subjects With One or More Hematology Analyte Values Exceeding Specified Levels, Safety Population, Trial ION-682884-CS3 - 'Coagulation Studies' block, PTT, high (sec), Level 2 (>1.21X ULN), PDF p.90 (review p.89)"
COG-MSR2675,COG-STU055,protocol_code_in_row,COG-OLG119,COG-S096,bleeding_outcome,bleeding_event,adverse_outcome_source_attributed,ungraded,TRUE,TRUE,FALSE,FALSE,ATTRIBUTION_SUPPORTED,"Table 42. Other Adverse Events of Interest Assessment Related to Hemorrhages ... Trial ION-682884-CS3 Randomized Period, PDF p.76 (review p.75)"
COG-MSR2678,NOT_REPORTED,ambiguous_6_candidates,COG-OLG123,COG-S097,thrombotic_outcome,thrombotic_event,adverse_outcome_source_attributed,ungraded,TRUE,TRUE,FALSE,FALSE,ATTRIBUTION_SUPPORTED,"Table 22. Patients With Serious Adverse Events by System Organ Class and FDA Medical Query (Narrow), Safety Population, Study 233AS101 Part C - Blood and lymphatic system disorders (SOC), PDF p.89 (review p.88)"
COG-MSR2681,NOT_REPORTED,ambiguous_6_candidates,COG-OLG123,COG-S097,thrombotic_outcome,thrombotic_event_leading_to_discontinuation,adverse_outcome_source_attributed,ungraded,TRUE,TRUE,FALSE,FALSE,ATTRIBUTION_SUPPORTED,"Table 25. Patients With Adverse Events Leading to Treatment Discontinuation by System Organ Class and FDA Medical Query (Narrow), Safety Population, Study 233AS101 Part C, PDF p.90 (review p.89)"
COG-MSR2685,NOT_REPORTED,ambiguous_2_candidates,COG-OLG123,COG-S098,clotting_time,aPTT,unintended_lab_disturbance,ungraded,TRUE,TRUE,FALSE,FALSE,ATTRIBUTION_SUPPORTED,"EMA/276404/2024 section 2.6.8 clinical safety, subsection 'Coagulation abnormalities', p.139"
