measurement_id,oligo_id,study_type,species,system_model,tissue,delivery_method,dose_or_conc_value,dose_or_conc_unit,exposure_duration,readout_category,readout_name,readout_value,readout_unit,effect_direction,effect_vs_control,nephrotox_grade,is_kidney_specific,source_id,source_ref,source_table,redistribution,notes
MSR001,OLG001,clinical,human,patient_cohort,kidney,systemic_dose,284,mg,weekly,clinical_renal_outcome,crescentic_glomerulonephritis,3,pct_incidence,increase,3pct_vs_0pct_placebo,3,TRUE,A1,NEJM2018_NEJMoa1716793;FDA_label_211172,NEURO-TTR;label_sec5.2,public_domain,all_cases_V30M_carriers;grade_provisional
MSR002,OLG001,clinical,human,patient_cohort,kidney,systemic_dose,284,mg,weekly,functional,UPCR_proteinuria_gt5xULN,15,pct_incidence,increase,15pct_vs_8pct_placebo,2,TRUE,A1,FDA_label_211172,label_sec5.2,public_domain,grade_provisional
MSR003,OLG001,clinical,human,patient_cohort,kidney,systemic_dose,284,mg,weekly,functional,serum_creatinine_rise_gt0.5mgdL,11,pct_incidence,increase,11pct_vs_2pct_placebo,2,TRUE,A1,FDA_label_211172,label_sec5.2,public_domain,grade_provisional
MSR004,OLG001,clinical,human,case_report,kidney,systemic_dose,284,mg,chronic,histopathology,focal_segmental_glomerulosclerosis,TBD,NA,increase,single_biopsy_confirmed_case,3,TRUE,A2,AJKD2022_S0272-6386_22_00929-5,case_report,summary_stat,grade_provisional
MSR005,OLG002,clinical,human,healthy_volunteer,proximal_tubule,systemic_dose,5,mg,4_weekly_doses,clinical_renal_outcome,acute_tubular_necrosis_AKI,TBD,NA,increase,biopsy_confirmed,3,TRUE,A3,vanPoelgeest2013_10.1111_bcp.12738,case_biopsy,summary_stat,tubular_necrosis_plus_ASO_accumulation;recovered_44d;grade_provisional
MSR006,OLG002,clinical,human,healthy_volunteer,proximal_tubule,systemic_dose,5,mg,4_weekly_doses,injury_biomarker,KIM-1_urinary,TBD,NA,increase,elevated_after_4_doses,2,TRUE,A3,vanPoelgeest2013_10.1111_bcp.12738,results,summary_stat,grade_provisional
MSR007,OLG002,clinical,human,healthy_volunteer,proximal_tubule,systemic_dose,5,mg,4_weekly_doses,injury_biomarker,beta2_microglobulin_urinary,TBD,NA,increase,elevated;also_alpha-GST,2,TRUE,A3,vanPoelgeest2013_10.1111_bcp.12738,results,summary_stat,grade_provisional
MSR008,OLG002,in_vitro,human,proximal_tubule_on_chip,proximal_tubule,gymnotic_free_uptake,TBD,uM,TBD,injury_biomarker,KIM-1,2.5,fold_change,increase,2.5fold_perfusate,2,TRUE,A4,ArchToxicol2021_10.1007_s00204-021-03062-8,results,summary_stat,in_vitro_model_recapitulates_clinical_nephrotox;grade_provisional
MSR009,OLG003,clinical,human,patient_cohort,kidney,systemic_dose,2.5,mg/kg,monthly,functional,eGFR_decrease_creatinine_rise,15,pct_incidence,increase,15pct_vs_7pct_placebo;median_plus0.07mgdL,1,TRUE,A5,NEJM2019_NEJMoa1913147;FDA_label_Givlaari,ENVISION;label,public_domain,porphyria_baseline_CKD_confounder;grade_provisional
MSR010,OLG003,clinical,human,patient_cohort,kidney,systemic_dose,2.5,mg/kg,monthly_24mo,clinical_renal_outcome,CKD_onset_or_worsening,5,patients,increase,5_givosiran_patients,2,TRUE,A6,LiverInt2022_10.1111_liv.15090,ENVISION_24mo,summary_stat,grade_provisional
MSR011,OLG004,clinical,human,patient_cohort,kidney,intrathecal,12,mg,per_dose,functional,urine_protein_elevated,58,pct_incidence,increase,58pct_vs_34pct_sham,1,TRUE,A7,FDA_label_Spinraza,label_sec5.3;Study1_and_2,public_domain,mild_proteinuria;monitored_each_dose;grade_provisional
MSR012,OLG005,clinical,human,patient_cohort,kidney,systemic_dose,285,mg,weekly,functional,proteinuria,7.84,pct_incidence,increase,7.84pct_treatment_naive,2,TRUE,A8,EMA_SmPC_Waylivra;APPROACH_NCT02658175,SmPC_sec4.4_4.8,public_domain,grade_provisional
MSR013,OLG005,clinical,human,patient_cohort,kidney,systemic_dose,285,mg,weekly,histopathology,focal_segmental_glomerulosclerosis,7.14,pct_incidence,increase,1_of_14_previously_treated,3,TRUE,A8,EMA_SmPC_Waylivra,SmPC,public_domain,grade_provisional
MSR014,OLG006,clinical,human,patient_cohort,kidney,systemic_dose,200,mg,weekly,functional,proteinuria_dipstick_1plus,9,pct_incidence,increase,9pct_vs_3pct_placebo,1,TRUE,A9,FDA_label_203568;EMA_EPAR_Kynamro,label_sec5;EPAR,public_domain,kidney_principal_target_organ;grade_provisional
MSR015,OLG006,clinical,human,patient_cohort,kidney,systemic_dose,200,mg,chronic,clinical_renal_outcome,glomerulonephritis,TBD,NA,increase,single_OLE_case,3,TRUE,A9,FDA_label_203568;EMA_EPAR_Kynamro,open_label_extension,public_domain,isolated_case;grade_provisional
MSR016,OLG007,clinical,human,patient_cohort,kidney,systemic_dose,284,mg,q6month,functional,proteinuria,0,pct_incidence,no_change,not_among_common_AEs,0,TRUE,A10,FDA_label_Leqvio;Novartis_SmPC,label_sec6,public_domain,negative_control;no_renal_dose_adjustment;grade_provisional
MSR017,OLG008,clinical,human,DMD_patients_n12,kidney,systemic_dose,6,mg/kg,72_weeks,functional,urinary_total_protein,210,mg/L,increase,from80to210mgL_p_lt0.001_recovery190,1,TRUE,N2,Janssen2019_PMC6796739,Fig1A_study_DMD114673,summary_stat,mild_subclinical_below_300mgL;grade_provisional
MSR018,OLG008,clinical,human,DMD_patients_n12,kidney,systemic_dose,6,mg/kg,72_weeks,functional,urinary_A1M,36.4,mg/L,increase,belowLOD_to_36.4mgL_p_lt0.001_ULN12,1,TRUE,N2,Janssen2019_PMC6796739,Fig1D,summary_stat,reversible_to_5.65_after_8wk_interruption;grade_provisional
MSR019,OLG008,clinical,human,DMD_patients_n12,kidney,systemic_dose,6,mg/kg,intermittent_8on_4off,functional,urinary_A1M_reversibility,7.11,mg/L,decrease,on33.4_to_off7.11mgL_p_lt0.001,1,TRUE,N2,Janssen2019_PMC6796739,Fig1E,summary_stat,demonstrates_reversibility;grade_provisional
MSR020,OLG008,animal_invivo,monkey,cynomolgus_M_fascicularis,kidney,systemic_dose,12,mg/kg,39_weeks,functional,urinary_A1M,21,fold_change,increase,dose_dep_4x_6x_21x_at_2_6_12mgkg,1,TRUE,N2,Janssen2019_PMC6796739,results,summary_stat,correlates_kidney_accumulation_R2_0.98;grade_provisional
MSR021,OLG008,animal_invivo,monkey,cynomolgus_M_fascicularis,kidney,systemic_dose,12,mg/kg,39_weeks,histopathology,tubular_damage,none,NA,no_change,no_histopath_tubular_toxicity_at_necropsy,0,TRUE,N2,Janssen2019_PMC6796739,necropsy_39wk,summary_stat,functional_proteinuria_without_structural_injury;grade_provisional
MSR022,OLG008,in_vitro,human,ciPTEC,proximal_tubule,gymnotic_free_uptake,10,fold_Cmax,7_days,viability,cell_viability,no_change,pct_control,no_change,no_cytotoxicity_up_to_7d,0,TRUE,N2,Janssen2019_PMC6796739,results,summary_stat,key_no_viability_loss;grade_provisional
MSR023,OLG008,in_vitro,human,ciPTEC,proximal_tubule,gymnotic_free_uptake,10,fold_Cmax,4-24h,functional,A1M_albumin_RAP_uptake,reduced,pct_control,decrease,reduced_receptor_mediated_uptake,1,TRUE,N2,Janssen2019_PMC6796739,Fig5,summary_stat,competes_for_megalin_cubilin_endocytosis;grade_provisional
MSR024,OLG008,in_vitro,human,ciPTEC,proximal_tubule,gymnotic_free_uptake,10,fold_Cmax,4-24h,accumulation,lysosomal_accumulation,present,NA,increase,accumulates_in_lysosomes,0,TRUE,N2,Janssen2019_PMC6796739,results,summary_stat,mechanistic_uptake;grade_provisional
MSR025,OLG009,in_vitro,human,ciPTEC,proximal_tubule,gymnotic_free_uptake,10.8,uM,0.5-4h,functional,BSA_albumin_uptake,50,pct_reduction,decrease,up_to_50pct_inhibition_conc_dependent,1,TRUE,N2,Janssen2019_PMC6796739,Fig5E-G,summary_stat,AON1_range_0.32-10.8uM;grade_provisional
MSR026,OLG010,in_vitro,human,ciPTEC,proximal_tubule,gymnotic_free_uptake,11.4,uM,0.5-4h,functional,BSA_albumin_uptake,50,pct_reduction,decrease,up_to_50pct_inhibition_conc_dependent,1,TRUE,N2,Janssen2019_PMC6796739,Fig5E-G,summary_stat,AON2_range_0.34-11.4uM;grade_provisional
MSR027,OLG011,animal_invivo,multi_species,preclinical_mouse_rat_monkey,kidney,systemic_dose,TBD,NA,preclinical,histopathology,renal_toxicity_kidney_damage,present,NA,increase,kidney_damage_small_safety_margin_juvenile,2,TRUE,REV,Wu2022_PMC10174585;FDA_NCR_211970,golodirsen_section,summary_stat,FDA_renal_tox_warning;monitor_cystatinC_GFR;grade_provisional
MSR028,OLG012,animal_invivo,multi_species,preclinical_tox_studies,kidney,systemic_dose,TBD,NA,preclinical,histopathology,renal_toxicity,present,NA,increase,kidney_toxicity_preclinical,2,TRUE,REV,Wu2022_PMC10174585;FDA_NCR_213026,casimersen_section,summary_stat,FDA_renal_tox_warning;grade_provisional
MSR029,OLG013,animal_invivo,multi_species,preclinical_tox_studies,kidney,systemic_dose,TBD,NA,preclinical,histopathology,renal_toxicity_potential_glomerulonephritis,present,NA,increase,kidney_toxicity_preclinical,2,TRUE,REV,Wu2022_PMC10174585;FDA_label_Viltepso,viltolarsen_section,summary_stat,potential_GN_warning;monitor_cystatinC;grade_provisional
MSR030,OLG004,clinical,human,later_onset_SMA,kidney,intrathecal,12,mg,per_dose,functional,urine_protein_elevated,69,pct_incidence,increase,36of52_69pct_no_creatinine_or_cystatinC_rise,1,TRUE,REV,Wu2022_PMC10174585,nusinersen_section_FDA_label,summary_stat,renal_impairment_not_proven_controversial_possible_sampling_artifact;grade_provisional
MSR031,OLG014,animal_invivo,mouse,mouse_kidney,proximal_tubule,systemic_dose,50,mg/kg,TBD,histopathology,proximal_tubular_pathology,mild,qualitative,increase,mild_proximal_tubular_pathology_dose_responsive,2,TRUE,K1,Sandelius2020_PMID33084520,results_histopath,summary_stat,grade_provisional
MSR032,OLG014,animal_invivo,mouse,mouse_kidney,proximal_tubule,systemic_dose,50,mg/kg,TBD,injury_biomarker,KIM-1_urinary,elevated,qualitative,increase,elevated_vs_control_ASO,2,TRUE,K1,Sandelius2020_PMID33084520,results,summary_stat,KIM-1_most_associated_with_pathology;grade_provisional
MSR033,OLG014,animal_invivo,mouse,mouse_kidney,proximal_tubule,systemic_dose,50,mg/kg,TBD,injury_biomarker,clusterin_urinary,elevated,qualitative,increase,elevated_vs_control_ASO,2,TRUE,K1,Sandelius2020_PMID33084520,results,summary_stat,clusterin_most_associated_with_pathology;grade_provisional
MSR034,OLG014,animal_invivo,mouse,mouse_kidney,proximal_tubule,systemic_dose,50,mg/kg,TBD,injury_biomarker,NGAL_urinary,elevated,qualitative,increase,elevated_vs_control_ASO,2,TRUE,K1,Sandelius2020_PMID33084520,results,summary_stat,grade_provisional
MSR035,OLG014,animal_invivo,mouse,mouse_kidney,proximal_tubule,systemic_dose,50,mg/kg,TBD,injury_biomarker,cystatin_C_urinary,elevated,qualitative,increase,elevated_vs_control_ASO,2,TRUE,K1,Sandelius2020_PMID33084520,results,summary_stat,grade_provisional
MSR036,OLG015,animal_invivo,mouse,mouse_kidney,proximal_tubule,systemic_dose,TBD,mg/kg,TBD,histopathology,tubular_pathology,none,NA,no_change,no_histopathology,0,TRUE,K1,Sandelius2020_PMID33084520,results_histopath,summary_stat,control_ASO_same_chemistry;grade_provisional
MSR037,OLG015,animal_invivo,mouse,mouse_kidney,proximal_tubule,systemic_dose,TBD,mg/kg,TBD,injury_biomarker,KIM-1_urinary,mild_elevation,qualitative,increase,mild_despite_no_pathology,1,TRUE,K1,Sandelius2020_PMID33084520,results,summary_stat,biomarker_rise_without_injury;grade_provisional
MSR038,OLG015,animal_invivo,mouse,mouse_kidney,proximal_tubule,systemic_dose,TBD,mg/kg,TBD,injury_biomarker,NGAL_urinary,mild_elevation,qualitative,increase,mild_despite_no_pathology,1,TRUE,K1,Sandelius2020_PMID33084520,results,summary_stat,biomarker_rise_without_injury;grade_provisional
MSR039,OLG015,animal_invivo,mouse,mouse_kidney,proximal_tubule,systemic_dose,TBD,mg/kg,TBD,injury_biomarker,cystatin_C_urinary,mild_elevation,qualitative,increase,mild_despite_no_pathology,1,TRUE,K1,Sandelius2020_PMID33084520,results,summary_stat,biomarker_rise_without_injury;grade_provisional
MSR040,OLG016,clinical,human,DMD_patients,kidney,systemic_dose,30,mg/kg,weekly,functional,proteinuria,10.1,pct_incidence,increase,8of79_resolved_except_one_no_creatinine_cystatinC_rise,1,TRUE,WS,PROMOVI_PMC8673535;FDA_label_Exondys51,clinical_safety,public_domain,mild_no_interruption_no_renal_warning_label;grade_provisional
MSR041,OLG016,animal_invivo,rat,Sprague_Dawley,kidney,systemic_dose,TBD,mg/kg,subchronic,histopathology,microscopic_kidney_changes,mild,qualitative,increase,no_deaths_milder_than_golodirsen,1,TRUE,WS,FDA_NCR_211970_golodirsen_comparison,nonclinical,public_domain,no_severe_renal_impairment;grade_provisional
MSR042,OLG017,clinical,human,ALS_patients,kidney,intrathecal,100,mg,per_dose,functional,proteinuria,none,NA,no_change,no_tofersen_specific_renal_event_class_precaution_only,0,TRUE,WS,Qalsody_FDA_label;EMA_EPAR,label_warnings,public_domain,neuro_AEs_predominate_ASO_class_renal_statement;grade_provisional
MSR043,OLG018,clinical,human,ATTR_patients,kidney,systemic_dose,45,mg,monthly,functional,proteinuria,8.33,pct_incidence,increase,12of144,1,TRUE,WS,FDA_217388;Wainua_label,clinical_AE,public_domain,GalNAc_successor_to_inotersen_lower_renal_exposure;grade_provisional
MSR044,OLG019,clinical,human,ATTR_patients,kidney,systemic_dose,0.3,mg/kg,q3weeks,functional,renal_function_change,none,NA,no_change,no_clinically_significant_change_AKI_was_placebo_group,0,TRUE,WS,Onpattro_PI;NBK549761,clinical_review,public_domain,LNP_delivery_negative_control;grade_provisional
MSR045,OLG020,clinical,human,PH1_patients,kidney,systemic_dose,TBD,mg/kg,monthly,functional,renal_safety,no_signal,NA,no_change,kidney_protective_oxalate_lowering_no_nephrotox,0,TRUE,WS,Oxlumo_label;NBK588653;ILLUMINATE-B,clinical_safety,public_domain,kidney_indication_negative_control;grade_provisional
MSR046,OLG021,clinical,human,PH1_patients,kidney,systemic_dose,TBD,mg,monthly,functional,eGFR,2.5,pct_change,no_change,mean_eGFR_change_plus2.5pct_preserved,0,TRUE,WS,Rivfloza_label;PMC11068990_PHYOX3,clinical_safety,summary_stat,GalNAc_siRNA_negative_control;grade_provisional
MSR047,OLG022,clinical,human,ATTR_patients,kidney,systemic_dose,25,mg,q3months,functional,renal_safety,no_signal,NA,no_change,no_new_renal_safety_concern_similar_in_eGFR_lt30,0,TRUE,WS,Amvuttra_PI;HELIOS-A,clinical_safety,public_domain,GalNAc_siRNA_negative_control;grade_provisional
MSR048,OLG023,animal_invivo,multi_species,rat_and_monkey,proximal_tubule,systemic_dose,TBD,mg/kg,nonclinical,histopathology,basophilic_granules_proximal_tubule,present,NA,increase,reversible_not_adverse_typical_GalNAc_siRNA,1,TRUE,WS,NAT2019_PMC6987735,nonclinical_safety,summary_stat,ENDEAVOUR_mortality_separate_unexplained;grade_provisional
MSR049,OLG024,clinical,human,AMD_patients,kidney,intravitreal,0.3,mg,q6weeks,functional,systemic_renal_safety,no_signal,NA,no_change,no_systemic_nephrotox_no_renal_dose_adjustment,0,TRUE,WS,Macugen_FDA_label_021756;PMC11944999,label,public_domain,aptamer_intravitreal_local_negative_control;grade_provisional
MSR050,OLG025,animal_invivo,monkey,cynomolgus,proximal_tubule,systemic_dose,TBD,mg/kg,subchronic,histopathology,basophilic_granules_tubular_vacuolation,present,NA,increase,reversible_no_tubular_dysfunction_normal_serumchem_urinalysis,1,TRUE,WS,Yu2012_Toxicology_ISIS113715_monkey,nonclinical,summary_stat,representative_2-MOE_ASO_renal_uptake;grade_provisional
MSR051,OLG011,animal_invivo,rat,juvenile_Sprague_Dawley,kidney,systemic_dose,TBD,mg/kg,juvenile_high_dose,clinical_renal_outcome,renal_failure_premature_death,present,NA,increase,multiple_premature_deaths_tubular_degeneration_regeneration,3,TRUE,WS,FDA_NCR_211970_golodirsen,nonclinical_juvenile,public_domain,severe_juvenile_renal_toxicity;grade_provisional
MSR052,OLG013,animal_invivo,monkey,cynomolgus,proximal_tubule,systemic_dose,600,mg/kg,single_IV,histopathology,proximal_tubule_vacuolation,present,NA,increase,single_600mgkg_IV_dose,2,TRUE,WS,FDA_review_Viltepso,nonclinical,public_domain,viltolarsen_monkey_PT_vacuolation;grade_provisional
MSR053,OLG026,animal_invivo,monkey,cynomolgus,proximal_tubule,systemic_dose,20,mg/kg,weekly,histopathology,tubular_degeneration_basophilia_vacuolation,present,NA,increase,cortex_3500-4500ugg_atrophy_regeneration,2,TRUE,WS,Engelhardt2016_nat.2015.0598;PMID29846725,nonclinical,summary_stat,2-MOE_animal_overpredicts_vs_human;grade_provisional
MSR054,OLG027,animal_invivo,monkey,cynomolgus,kidney,systemic_dose,10,mg/kg,nonclinical,histopathology,renal_atrophy,present,NA,increase,atrophic_kidney_at_10mgkg_RBC_renal_lumen_at_50mgkg,2,TRUE,WS,Alicaforsen_review_ScienceDirect,nonclinical,summary_stat,first_gen_PS-DNA_ASO;grade_provisional
MSR055,OLG028,clinical,human,hemophilia_patients,kidney,systemic_dose,TBD,mg,monthly,functional,renal_safety,no_signal,NA,no_change,no_PK_impact_of_renal_impairment_no_renal_AE,0,TRUE,WS,Qfitlia_FDA_label_219019,label,public_domain,GalNAc_siRNA_negative_control;grade_provisional
MSR056,OLG029,clinical,human,Crohn_patients,kidney,oral,160,mg,daily,functional,renal_safety,no_signal,NA,no_change,oral_low_systemic_kidney_exposure_well_tolerated,0,TRUE,WS,NEJM2015_NEJMoa1407250,clinical_safety,summary_stat,oral_ASO_negative_control;grade_provisional
MSR057,OLG030,animal_invivo,multi_species,rat_and_monkey,proximal_tubule,systemic_dose,30,mg/kg,subacute,histopathology,basophilic_granules_proximal_tubule,present,NA,increase,at_ge30mgkg_no_degeneration_up_to_300mgkg,1,TRUE,WS,Janas2018_ToxPathol;Janas2019_NAR_PMC6468299,nonclinical_class,summary_stat,accumulation_without_injury_uptake_not_GalNAc_mediated;grade_provisional
MSR058,OLG031,clinical,human,pooled_2MOE_ASO_trials,kidney,systemic_dose,TBD,mg,chronic,functional,renal_function,no_significant_change,NA,no_change,no_significant_human_renal_dysfunction_animals_overpredict,0,TRUE,WS,Crooke2018_PMC5790433,pooled_human_analysis,summary_stat,class_level_human_reassurance;grade_provisional
MSR059,OLG012,animal_invivo,rat,Sprague_Dawley,kidney,systemic_dose,250,mg/kg,13_weeks,histopathology,renal_tubular_degeneration,present,NA,increase,at_all_doses_250to2000mgkg_BUN_rise_at_2000,2,TRUE,WS,FDA_NCR_213026_casimersen,nonclinical_rat,public_domain,tubular_degeneration_all_doses;grade_provisional
MSR060,OLG012,animal_invivo,monkey,cynomolgus,proximal_tubule,systemic_dose,640,mg/kg,nonclinical,histopathology,tubular_basophilia_vacuolation,present,NA,increase,all_doses_up_to_640mgkg,2,TRUE,WS,FDA_NCR_213026_casimersen,nonclinical_monkey,public_domain,cytoplasmic_basophilia_tubular_epithelium;grade_provisional
MSR061,OLG013,animal_invivo,multi_species,mouse_rat_monkey,kidney,systemic_dose,240,mg/kg,repeat_dose_4to39wk,histopathology,renal_tubule_effects,present,NA,increase,kidney_primary_target_ge240mouse_ge250rat_ge200monkey,2,TRUE,WS,FDA_review_Viltepso_212154,nonclinical,public_domain,kidney_primary_target_organ;grade_provisional
MSR062,OLG022,animal_invivo,multi_species,rat_and_monkey,kidney,systemic_dose,30,mg/kg,3to5_weeks,histopathology,basophilic_granules_kidney,present,NA,increase,nonadverse_reversible_correlates_PK,1,TRUE,WS,Janas2018_ToxPathol_PMC6249674,nonclinical_ALN-TTRSC02,summary_stat,vutrisiran_nonclinical_accumulation;grade_provisional
MSR063,OLG032,clinical,human,Lp(a)_patients,kidney,systemic_dose,TBD,mg,monthly,functional,nephrotoxicity_screen,no_signal,NA,no_change,no_excess_nephrotox_UTI_13pct_vs_6pct,0,TRUE,WS,PMC7577764_ClinKidneyJ,clinical_safety,summary_stat,GalNAc_2-MOE_ASO_negative;grade_provisional
MSR064,OLG033,clinical,human,hypertension_patients,kidney,systemic_dose,TBD,mg,q3to6month,functional,kidney_function,no_signal,NA,no_change,no_kidney_dysfunction_no_hyperkalemia_despite_RAAS,0,TRUE,WS,KARDIA_trials,clinical_safety,summary_stat,GalNAc_siRNA_negative;grade_provisional
MSR065,OLG034,clinical,human,Lp(a)_patients,kidney,systemic_dose,TBD,mg,q12week,functional,renal_AE,0.9,pct_incidence,no_change,0.9pct_olpasiran_vs_1.9pct_placebo,0,TRUE,WS,OCEANa-DOSE_NEJM2023_NEJMoa2211023,clinical_safety,summary_stat,GalNAc_siRNA_negative_lower_than_placebo;grade_provisional
MSR066,OLG035,clinical,human,IgA_nephropathy_patients,kidney,systemic_dose,TBD,mg,monthly,functional,renal_safety,no_signal,NA,no_change,favorable_safety_reduces_proteinuria_kidney_indication,0,TRUE,WS,CJASN2024_PMC11020434,phase2_IgAN,summary_stat,kidney_therapeutic_C5_siRNA;grade_provisional
MSR067,OLG036,clinical,human,HAE_patients,kidney,systemic_dose,TBD,mg,q4to8week,functional,renal_safety,no_signal,NA,no_change,only_injection_site_AEs_no_renal_signal,0,TRUE,WS,NEJM2024_NEJMoa2402478;Dawnzera_label,clinical_safety,public_domain,GalNAc_2-MOE_ASO_negative;grade_provisional
MSR068,OLG037,clinical,human,chronic_HBV_patients,kidney,systemic_dose,300,mg,weekly,functional,renal_dysfunction,mild,qualitative,increase,monitored_AE_no_serious_renal_injury,1,TRUE,WS,bepirovirsen_PMC9804925;B-Clear_NEJM,clinical_safety,summary_stat,unconjugated_2-MOE_ASO;grade_provisional
MSR069,OLG002,in_vitro,human,proximal_tubule_on_chip,proximal_tubule,gymnotic_free_uptake,TBD,uM,TBD,injury_biomarker,NGAL,3.9,fold_change,increase,3.9fold_perfusate,2,TRUE,A4,ArchToxicol2021_10.1007_s00204-021-03062-8,results,summary_stat,grade_provisional
MSR070,OLG002,in_vitro,human,proximal_tubule_on_chip,proximal_tubule,gymnotic_free_uptake,TBD,uM,TBD,injury_biomarker,clusterin,2.3,fold_change,increase,2.3fold_perfusate,2,TRUE,A4,ArchToxicol2021_10.1007_s00204-021-03062-8,results,summary_stat,grade_provisional
MSR071,OLG002,in_vitro,human,proximal_tubule_on_chip,proximal_tubule,gymnotic_free_uptake,TBD,uM,TBD,injury_biomarker,osteopontin,3.9,fold_change,increase,3.9fold_perfusate,2,TRUE,A4,ArchToxicol2021_10.1007_s00204-021-03062-8,results,summary_stat,grade_provisional
MSR072,OLG002,in_vitro,human,proximal_tubule_on_chip,proximal_tubule,gymnotic_free_uptake,TBD,uM,TBD,functional,VEGF,1.9,fold_change,increase,1.9fold_perfusate,1,TRUE,A4,ArchToxicol2021_10.1007_s00204-021-03062-8,results,summary_stat,milder_increase;grade_provisional
MSR073,OLG002,in_vitro,human,3D-RPTEC,proximal_tubule,gymnotic_free_uptake,TBD,uM,prolonged,viability,ATP_depletion,present,NA,decrease,after_prolonged_exposure_cytotoxicity,2,TRUE,WS,JTS_3D-RPTEC_jstage_jts51_75,results,summary_stat,ER_mitochondrial_stress_mechanism;grade_provisional
MSR074,OLG003,animal_invivo,rat,Sprague_Dawley,proximal_tubule,systemic_dose,30,mg/kg,subacute,histopathology,basophilic_granules_proximal_tubule,present,NA,increase,ge30mgkg_IHC_confirmed_drug,1,TRUE,WS,Janas2018_ToxPathol_PMC6249674,nonclinical_givosiran,summary_stat,accumulation_IHC_confirmed;grade_provisional
MSR075,OLG020,animal_invivo,rat,Sprague_Dawley,kidney,systemic_dose,TBD,mg/kg,subacute,histopathology,basophilic_granules_kidney,present,NA,increase,rat_kidney_basophilic_granules,1,TRUE,WS,Janas2018_ToxPathol_PMC6249674,nonclinical_lumasiran,summary_stat,accumulation;grade_provisional
MSR076,OLG001,animal_invivo,multi_species,CD1_mouse_6mo_monkey_9mo,kidney,systemic_dose,TBD,mg/kg,6to9_months,accumulation,kidney_tissue_accumulation,present,NA,increase,kidney_highest_conc_half_life_13.5d,1,TRUE,WS,FDA_PharmR_211172,nonclinical,public_domain,2-MOE_class_accumulation;grade_provisional
MSR077,OLG038,clinical,human,cardiac_surgery_AKI_risk,kidney,systemic_dose,10,mg/kg,single_dose,clinical_renal_outcome,AKI_incidence,reduced,NA,decrease,13pct_absolute_risk_reduction_protective,0,TRUE,WS,Circulation2021_CIRCULATIONAHA.120.053029,phase2,summary_stat,kidney_protective_p53_siRNA_reduces_AKI;grade_provisional
MSR078,OLG039,clinical,human,AATD_patients,kidney,systemic_dose,TBD,mg,q4to12week,functional,renal_safety,no_signal,NA,no_change,well_tolerated_no_renal_signal_reported,0,TRUE,WS,SEQUOIA_PMC12369710,clinical_safety,summary_stat,GalNAc_siRNA_negative;grade_provisional
MSR079,OLG040,clinical,human,dyslipidemia_patients,kidney,systemic_dose,TBD,mg,monthly,functional,renal_function_markers,no_change,NA,no_change,no_renal_function_change_vs_placebo,0,TRUE,WS,TRANSLATE-TIMI70_Circulation2022,clinical_safety,summary_stat,GalNAc_2-MOE_ASO_negative;grade_provisional
MSR080,OLG041,in_vitro,human,PTEC-TERT1,proximal_tubule,gymnotic_free_uptake,100,uM,9_days,viability,intracellular_ATP,no_change,pct_control,no_change,no_cytotoxicity_innocuous_scramble,0,TRUE,M1,Moisan2017_PMC5363415,Fig1-2,summary_stat,negative_control;grade_provisional
MSR081,OLG041,animal_invivo,rat,rat_kidney,kidney,systemic_dose,TBD,mg/kg,short_term,histopathology,renal_histopathology,none,NA,no_change,innocuous_profile,0,TRUE,M1,Moisan2017_PMC5363415,Table1,summary_stat,scramble_negative_control;grade_provisional
MSR082,OLG042,in_vitro,human,PTEC-TERT1,proximal_tubule,gymnotic_free_uptake,100,uM,9_days,viability,intracellular_ATP,reduced,pct_control,decrease,concentration_dependent_cytotoxicity,2,TRUE,M1,Moisan2017_PMC5363415,Fig2,summary_stat,severely_nephrotoxic_AON;grade_provisional
MSR083,OLG042,in_vitro,human,PTEC-TERT1,proximal_tubule,gymnotic_free_uptake,100,uM,3to9_days,injury_biomarker,extracellular_EGF,elevated,pct_control,increase,EGF_accumulation_biomarker_of_toxicity,2,TRUE,M1,Moisan2017_PMC5363415,Fig2D,summary_stat,EGF_in_vitro_biomarker;grade_provisional
MSR084,OLG042,animal_invivo,rat,rat_kidney,kidney,systemic_dose,TBD,mg/kg,short_term,histopathology,renal_histopathology,severe,NA,increase,severely_nephrotoxic,3,TRUE,M1,Moisan2017_PMC5363415,Table1,summary_stat,PCSK9_LNA;grade_provisional
MSR085,OLG043,in_vitro,human,PTEC-TERT1,proximal_tubule,gymnotic_free_uptake,100,uM,9_days,viability,intracellular_ATP,reduced,pct_control,decrease,mild_cytotoxicity,1,TRUE,M1,Moisan2017_PMC5363415,Fig2C,summary_stat,mildly_toxic_best_tolerated_of_PCSK9_series;grade_provisional
MSR086,OLG043,animal_invivo,rat,rat_kidney,kidney,systemic_dose,TBD,mg/kg,short_term,histopathology,renal_histopathology,mild,NA,increase,mildly_toxic,1,TRUE,M1,Moisan2017_PMC5363415,Table1,summary_stat,PCSK9_LNA_mild;grade_provisional
MSR087,OLG044,in_vitro,human,PTEC-TERT1,proximal_tubule,gymnotic_free_uptake,100,uM,9_days,viability,intracellular_ATP,reduced,pct_control,decrease,concentration_dependent,2,TRUE,M1,Moisan2017_PMC5363415,Fig2C,summary_stat,MYD88_AON;grade_provisional
MSR088,OLG044,in_vitro,human,PTEC-TERT1,proximal_tubule,gymnotic_free_uptake,100,uM,3to9_days,injury_biomarker,extracellular_EGF,elevated,pct_control,increase,EGF_accumulation,2,TRUE,M1,Moisan2017_PMC5363415,Fig2D,summary_stat,MYD88_AON_kidney_pathology;grade_provisional
MSR089,OLG002,in_vitro,human,PTEC-TERT1,proximal_tubule,gymnotic_free_uptake,100,uM,9_days,viability,intracellular_ATP,reduced,pct_control,decrease,concentration_dependent_cytotoxicity,2,TRUE,M1,Moisan2017_PMC5363415,Fig1C-2,summary_stat,SPC5001_is_Moisan_AON-B;grade_provisional
MSR090,OLG002,in_vitro,human,PTEC-TERT1,proximal_tubule,gymnotic_free_uptake,100,uM,3to9_days,injury_biomarker,extracellular_EGF,elevated,pct_control,increase,EGF_accumulation_biomarker,2,TRUE,M1,Moisan2017_PMC5363415,Fig2D,summary_stat,SPC5001_is_Moisan_AON-B;grade_provisional
MSR91,OLG045,animal_invivo,rat,rat_invivo_Wistar_Han_14day,kidney,systemic_dose,40,mg/kg,2_doses_d1_d8_necropsy_d15,clinical_renal_outcome,in_vivo_nephrotoxicity_composite,innocuous,class,no_change,innocuous_kidneywt_creatinine_urineprotein_KIM-1,0,TRUE,N3,US11105794B2,Table1,public_domain,"Roche_patent_panel_target_Scramble;grade_provisional; CORRECTED: source states Wistar Han male rats (not mouse), 40 mg/kg s.c. days 1+8, necropsy day 15"
MSR92,OLG046,animal_invivo,rat,rat_invivo_Wistar_Han_14day,kidney,systemic_dose,40,mg/kg,2_doses_d1_d8_necropsy_d15,clinical_renal_outcome,in_vivo_nephrotoxicity_composite,low,class,increase,low_kidneywt_creatinine_urineprotein_KIM-1,1,TRUE,N3,US11105794B2,Table1,public_domain,"Roche_patent_panel_target_PCSK9;grade_provisional; CORRECTED: source states Wistar Han male rats (not mouse), 40 mg/kg s.c. days 1+8, necropsy day 15"
MSR93,OLG047,animal_invivo,rat,rat_invivo_Wistar_Han_14day,kidney,systemic_dose,40,mg/kg,2_doses_d1_d8_necropsy_d15,clinical_renal_outcome,in_vivo_nephrotoxicity_composite,medium,class,increase,medium_kidneywt_creatinine_urineprotein_KIM-1,2,TRUE,N3,US11105794B2,Table1,public_domain,"Roche_patent_panel_target_PCSK9;grade_provisional; CORRECTED: source states Wistar Han male rats (not mouse), 40 mg/kg s.c. days 1+8, necropsy day 15"
MSR94,OLG048,animal_invivo,rat,rat_invivo_Wistar_Han_14day,kidney,systemic_dose,40,mg/kg,2_doses_d1_d8_necropsy_d15,clinical_renal_outcome,in_vivo_nephrotoxicity_composite,high,class,increase,high_kidneywt_creatinine_urineprotein_KIM-1,3,TRUE,N3,US11105794B2,Table1,public_domain,"Roche_patent_panel_target_PCSK9;grade_provisional; CORRECTED: source states Wistar Han male rats (not mouse), 40 mg/kg s.c. days 1+8, necropsy day 15"
MSR95,OLG049,animal_invivo,rat,rat_invivo_Wistar_Han_14day,kidney,systemic_dose,40,mg/kg,2_doses_d1_d8_necropsy_d15,clinical_renal_outcome,in_vivo_nephrotoxicity_composite,medium,class,increase,medium_kidneywt_creatinine_urineprotein_KIM-1,2,TRUE,N3,US11105794B2,Table1,public_domain,"Roche_patent_panel_target_Myd88;grade_provisional; CORRECTED: source states Wistar Han male rats (not mouse), 40 mg/kg s.c. days 1+8, necropsy day 15"
MSR96,OLG050,animal_invivo,rat,rat_invivo_Wistar_Han_14day,kidney,systemic_dose,40,mg/kg,2_doses_d1_d8_necropsy_d15,clinical_renal_outcome,in_vivo_nephrotoxicity_composite,innocuous,class,no_change,innocuous_kidneywt_creatinine_urineprotein_KIM-1,0,TRUE,N3,US11105794B2,Table1,public_domain,"Roche_patent_panel_target_Myd88;grade_provisional; CORRECTED: source states Wistar Han male rats (not mouse), 40 mg/kg s.c. days 1+8, necropsy day 15"
MSR97,OLG051,animal_invivo,rat,rat_invivo_Wistar_Han_14day,kidney,systemic_dose,40,mg/kg,2_doses_d1_d8_necropsy_d15,clinical_renal_outcome,in_vivo_nephrotoxicity_composite,innocuous,class,no_change,innocuous_kidneywt_creatinine_urineprotein_KIM-1,0,TRUE,N3,US11105794B2,Table1,public_domain,"Roche_patent_panel_target_Myd88;grade_provisional; CORRECTED: source states Wistar Han male rats (not mouse), 40 mg/kg s.c. days 1+8, necropsy day 15"
MSR98,OLG052,animal_invivo,rat,rat_invivo_Wistar_Han_14day,kidney,systemic_dose,40,mg/kg,2_doses_d1_d8_necropsy_d15,clinical_renal_outcome,in_vivo_nephrotoxicity_composite,high,class,increase,high_kidneywt_creatinine_urineprotein_KIM-1,3,TRUE,N3,US11105794B2,Table1,public_domain,"Roche_patent_panel_target_Myd88;grade_provisional; CORRECTED: source states Wistar Han male rats (not mouse), 40 mg/kg s.c. days 1+8, necropsy day 15"
MSR99,OLG053,animal_invivo,rat,rat_invivo_Wistar_Han_14day,kidney,systemic_dose,40,mg/kg,2_doses_d1_d8_necropsy_d15,clinical_renal_outcome,in_vivo_nephrotoxicity_composite,low_medium,class,increase,low_medium_kidneywt_creatinine_urineprotein_KIM-1,2,TRUE,N3,US11105794B2,Table1,public_domain,"Roche_patent_panel_target_Myd88;grade_provisional; CORRECTED: source states Wistar Han male rats (not mouse), 40 mg/kg s.c. days 1+8, necropsy day 15"
MSR100,OLG054,animal_invivo,rat,rat_invivo_Wistar_Han_14day,kidney,systemic_dose,40,mg/kg,2_doses_d1_d8_necropsy_d15,clinical_renal_outcome,in_vivo_nephrotoxicity_composite,medium,class,increase,medium_kidneywt_creatinine_urineprotein_KIM-1,2,TRUE,N3,US11105794B2,Table1,public_domain,"Roche_patent_panel_target_Myd88;grade_provisional; CORRECTED: source states Wistar Han male rats (not mouse), 40 mg/kg s.c. days 1+8, necropsy day 15"
MSR101,OLG055,animal_invivo,rat,rat_invivo_Wistar_Han_14day,kidney,systemic_dose,40,mg/kg,2_doses_d1_d8_necropsy_d15,clinical_renal_outcome,in_vivo_nephrotoxicity_composite,medium,class,increase,medium_kidneywt_creatinine_urineprotein_KIM-1,2,TRUE,N3,US11105794B2,Table1,public_domain,"Roche_patent_panel_target_Myd88;grade_provisional; CORRECTED: source states Wistar Han male rats (not mouse), 40 mg/kg s.c. days 1+8, necropsy day 15"
MSR102,OLG056,animal_invivo,rat,rat_invivo_Wistar_Han_14day,kidney,systemic_dose,40,mg/kg,2_doses_d1_d8_necropsy_d15,clinical_renal_outcome,in_vivo_nephrotoxicity_composite,high,class,increase,high_kidneywt_creatinine_urineprotein_KIM-1,3,TRUE,N3,US11105794B2,Table1,public_domain,"Roche_patent_panel_target_Myd88;grade_provisional; CORRECTED: source states Wistar Han male rats (not mouse), 40 mg/kg s.c. days 1+8, necropsy day 15"
MSR103,OLG057,animal_invivo,rat,rat_invivo_Wistar_Han_14day,kidney,systemic_dose,40,mg/kg,2_doses_d1_d8_necropsy_d15,clinical_renal_outcome,in_vivo_nephrotoxicity_composite,medium,class,increase,medium_kidneywt_creatinine_urineprotein_KIM-1,2,TRUE,N3,US11105794B2,Table1,public_domain,"Roche_patent_panel_target_Myd88;grade_provisional; CORRECTED: source states Wistar Han male rats (not mouse), 40 mg/kg s.c. days 1+8, necropsy day 15"
MSR104,OLG058,animal_invivo,rat,rat_invivo_Wistar_Han_14day,kidney,systemic_dose,40,mg/kg,2_doses_d1_d8_necropsy_d15,clinical_renal_outcome,in_vivo_nephrotoxicity_composite,high,class,increase,high_kidneywt_creatinine_urineprotein_KIM-1,3,TRUE,N3,US11105794B2,Table1,public_domain,"Roche_patent_panel_target_Myd88;grade_provisional; CORRECTED: source states Wistar Han male rats (not mouse), 40 mg/kg s.c. days 1+8, necropsy day 15"
MSR105,OLG059,animal_invivo,rat,rat_invivo_Wistar_Han_14day,kidney,systemic_dose,40,mg/kg,2_doses_d1_d8_necropsy_d15,clinical_renal_outcome,in_vivo_nephrotoxicity_composite,medium_high,class,increase,medium_high_kidneywt_creatinine_urineprotein_KIM-1,3,TRUE,N3,US11105794B2,Table1,public_domain,"Roche_patent_panel_target_BCL11A;grade_provisional; CORRECTED: source states Wistar Han male rats (not mouse), 40 mg/kg s.c. days 1+8, necropsy day 15"
MSR106,OLG060,animal_invivo,rat,rat_invivo_Wistar_Han_14day,kidney,systemic_dose,40,mg/kg,2_doses_d1_d8_necropsy_d15,clinical_renal_outcome,in_vivo_nephrotoxicity_composite,medium_high,class,increase,medium_high_kidneywt_creatinine_urineprotein_KIM-1,3,TRUE,N3,US11105794B2,Table1,public_domain,"Roche_patent_panel_target_BCL11A;grade_provisional; CORRECTED: source states Wistar Han male rats (not mouse), 40 mg/kg s.c. days 1+8, necropsy day 15"
MSR107,OLG061,animal_invivo,rat,rat_invivo_Wistar_Han_14day,kidney,systemic_dose,40,mg/kg,2_doses_d1_d8_necropsy_d15,clinical_renal_outcome,in_vivo_nephrotoxicity_composite,high,class,increase,high_kidneywt_creatinine_urineprotein_KIM-1,3,TRUE,N3,US11105794B2,Table1,public_domain,"Roche_patent_panel_target_BCL11A;grade_provisional; CORRECTED: source states Wistar Han male rats (not mouse), 40 mg/kg s.c. days 1+8, necropsy day 15"
MSR108,OLG062,animal_invivo,rat,rat_invivo_Wistar_Han_14day,kidney,systemic_dose,40,mg/kg,2_doses_d1_d8_necropsy_d15,clinical_renal_outcome,in_vivo_nephrotoxicity_composite,low,class,increase,low_kidneywt_creatinine_urineprotein_KIM-1,1,TRUE,N3,US11105794B2,Table1,public_domain,"Roche_patent_panel_target_BCL11A;grade_provisional; CORRECTED: source states Wistar Han male rats (not mouse), 40 mg/kg s.c. days 1+8, necropsy day 15"
MSR109,OLG063,animal_invivo,rat,rat_invivo_Wistar_Han_14day,kidney,systemic_dose,40,mg/kg,2_doses_d1_d8_necropsy_d15,clinical_renal_outcome,in_vivo_nephrotoxicity_composite,low_medium,class,increase,low_medium_kidneywt_creatinine_urineprotein_KIM-1,2,TRUE,N3,US11105794B2,Table1,public_domain,"Roche_patent_panel_target_BCL11A;grade_provisional; CORRECTED: source states Wistar Han male rats (not mouse), 40 mg/kg s.c. days 1+8, necropsy day 15"
MSR110,OLG064,animal_invivo,rat,rat_invivo_Wistar_Han_14day,kidney,systemic_dose,40,mg/kg,2_doses_d1_d8_necropsy_d15,clinical_renal_outcome,in_vivo_nephrotoxicity_composite,high,class,increase,high_kidneywt_creatinine_urineprotein_KIM-1,3,TRUE,N3,US11105794B2,Table1,public_domain,"Roche_patent_panel_target_BCL11A;grade_provisional; CORRECTED: source states Wistar Han male rats (not mouse), 40 mg/kg s.c. days 1+8, necropsy day 15"
MSR111,OLG065,animal_invivo,rat,rat_invivo_Wistar_Han_14day,kidney,systemic_dose,40,mg/kg,2_doses_d1_d8_necropsy_d15,clinical_renal_outcome,in_vivo_nephrotoxicity_composite,low_medium,class,increase,low_medium_kidneywt_creatinine_urineprotein_KIM-1,2,TRUE,N3,US11105794B2,Table1,public_domain,"Roche_patent_panel_target_SGLT2;grade_provisional; CORRECTED: source states Wistar Han male rats (not mouse), 40 mg/kg s.c. days 1+8, necropsy day 15"
MSR112,OLG045,in_vitro,human,primary_human_PTEC,proximal_tubule,gymnotic_free_uptake,3,uM,day 3,functional,EGF_supernatant,95.0,pct_of_saline,decrease,-5%,0,TRUE,N3,"US 11,105,794 B2",US11105794 TABLE 2,public_domain,"grade_provisional; in-vitro rubric extension (see schema.md): EGF_supernatant increase=toxicity, value 95.0 % of control -> grade 0; patent's own in-vivo grade for this compound: Innocuous; condition: primary PTEC"
MSR113,OLG045,in_vitro,human,primary_human_PTEC,proximal_tubule,gymnotic_free_uptake,3,uM,day 6,functional,EGF_supernatant,62.0,pct_of_saline,decrease,-38%,0,TRUE,N3,"US 11,105,794 B2",US11105794 TABLE 2,public_domain,"grade_provisional; in-vitro rubric extension (see schema.md): EGF_supernatant increase=toxicity, value 62.0 % of control -> grade 0; patent's own in-vivo grade for this compound: Innocuous; condition: primary PTEC"
MSR114,OLG045,in_vitro,human,PTEC_TERT1,proximal_tubule,gymnotic_free_uptake,3,uM,day 3,functional,EGF_supernatant,88.0,pct_of_saline,decrease,-12%,0,TRUE,N3,"US 11,105,794 B2",US11105794 TABLE 2,public_domain,"grade_provisional; in-vitro rubric extension (see schema.md): EGF_supernatant increase=toxicity, value 88.0 % of control -> grade 0; patent's own in-vivo grade for this compound: Innocuous; condition: PTEC-TERT1"
MSR115,OLG045,in_vitro,human,PTEC_TERT1,proximal_tubule,gymnotic_free_uptake,3,uM,day 6,functional,EGF_supernatant,124.0,pct_of_saline,increase,+24%,0,TRUE,N3,"US 11,105,794 B2",US11105794 TABLE 2,public_domain,"grade_provisional; in-vitro rubric extension (see schema.md): EGF_supernatant increase=toxicity, value 124.0 % of control -> grade 0; patent's own in-vivo grade for this compound: Innocuous; condition: PTEC-TERT1"
MSR116,OLG045,in_vitro,human,primary_human_PTEC,proximal_tubule,gymnotic_free_uptake,10,uM,day 3,functional,EGF_supernatant,99.0,pct_of_saline,decrease,-1%,0,TRUE,N3,"US 11,105,794 B2",US11105794 TABLE 2,public_domain,"grade_provisional; in-vitro rubric extension (see schema.md): EGF_supernatant increase=toxicity, value 99.0 % of control -> grade 0; patent's own in-vivo grade for this compound: Innocuous; condition: primary PTEC"
MSR117,OLG045,in_vitro,human,primary_human_PTEC,proximal_tubule,gymnotic_free_uptake,10,uM,day 6,functional,EGF_supernatant,71.0,pct_of_saline,decrease,-29%,0,TRUE,N3,"US 11,105,794 B2",US11105794 TABLE 2,public_domain,"grade_provisional; in-vitro rubric extension (see schema.md): EGF_supernatant increase=toxicity, value 71.0 % of control -> grade 0; patent's own in-vivo grade for this compound: Innocuous; condition: primary PTEC"
MSR118,OLG045,in_vitro,human,PTEC_TERT1,proximal_tubule,gymnotic_free_uptake,10,uM,day 3,functional,EGF_supernatant,93.0,pct_of_saline,decrease,-7%,0,TRUE,N3,"US 11,105,794 B2",US11105794 TABLE 2,public_domain,"grade_provisional; in-vitro rubric extension (see schema.md): EGF_supernatant increase=toxicity, value 93.0 % of control -> grade 0; patent's own in-vivo grade for this compound: Innocuous; condition: PTEC-TERT1"
MSR119,OLG045,in_vitro,human,PTEC_TERT1,proximal_tubule,gymnotic_free_uptake,10,uM,day 6,functional,EGF_supernatant,152.0,pct_of_saline,increase,+52%,1,TRUE,N3,"US 11,105,794 B2",US11105794 TABLE 2,public_domain,"grade_provisional; in-vitro rubric extension (see schema.md): EGF_supernatant increase=toxicity, value 152.0 % of control -> grade 1; patent's own in-vivo grade for this compound: Innocuous; condition: PTEC-TERT1"
MSR120,OLG045,in_vitro,human,primary_human_PTEC,proximal_tubule,gymnotic_free_uptake,30,uM,day 3,functional,EGF_supernatant,112.0,pct_of_saline,increase,+12%,0,TRUE,N3,"US 11,105,794 B2",US11105794 TABLE 2,public_domain,"grade_provisional; in-vitro rubric extension (see schema.md): EGF_supernatant increase=toxicity, value 112.0 % of control -> grade 0; patent's own in-vivo grade for this compound: Innocuous; condition: primary PTEC"
MSR121,OLG045,in_vitro,human,primary_human_PTEC,proximal_tubule,gymnotic_free_uptake,30,uM,day 6,functional,EGF_supernatant,77.0,pct_of_saline,decrease,-23%,0,TRUE,N3,"US 11,105,794 B2",US11105794 TABLE 2,public_domain,"grade_provisional; in-vitro rubric extension (see schema.md): EGF_supernatant increase=toxicity, value 77.0 % of control -> grade 0; patent's own in-vivo grade for this compound: Innocuous; condition: primary PTEC"
MSR122,OLG045,in_vitro,human,PTEC_TERT1,proximal_tubule,gymnotic_free_uptake,30,uM,day 3,functional,EGF_supernatant,108.0,pct_of_saline,increase,+8%,0,TRUE,N3,"US 11,105,794 B2",US11105794 TABLE 2,public_domain,"grade_provisional; in-vitro rubric extension (see schema.md): EGF_supernatant increase=toxicity, value 108.0 % of control -> grade 0; patent's own in-vivo grade for this compound: Innocuous; condition: PTEC-TERT1"
MSR123,OLG045,in_vitro,human,PTEC_TERT1,proximal_tubule,gymnotic_free_uptake,30,uM,day 6,functional,EGF_supernatant,180.0,pct_of_saline,increase,+80%,1,TRUE,N3,"US 11,105,794 B2",US11105794 TABLE 2,public_domain,"grade_provisional; in-vitro rubric extension (see schema.md): EGF_supernatant increase=toxicity, value 180.0 % of control -> grade 1; patent's own in-vivo grade for this compound: Innocuous; condition: PTEC-TERT1"
MSR124,OLG045,in_vitro,human,primary_human_PTEC,proximal_tubule,gymnotic_free_uptake,100,uM,day 3,functional,EGF_supernatant,120.0,pct_of_saline,increase,+20%,0,TRUE,N3,"US 11,105,794 B2",US11105794 TABLE 2,public_domain,"grade_provisional; in-vitro rubric extension (see schema.md): EGF_supernatant increase=toxicity, value 120.0 % of control -> grade 0; patent's own in-vivo grade for this compound: Innocuous; condition: primary PTEC"
MSR125,OLG045,in_vitro,human,primary_human_PTEC,proximal_tubule,gymnotic_free_uptake,100,uM,day 6,functional,EGF_supernatant,98.0,pct_of_saline,decrease,-2%,0,TRUE,N3,"US 11,105,794 B2",US11105794 TABLE 2,public_domain,"grade_provisional; in-vitro rubric extension (see schema.md): EGF_supernatant increase=toxicity, value 98.0 % of control -> grade 0; patent's own in-vivo grade for this compound: Innocuous; condition: primary PTEC"
MSR126,OLG045,in_vitro,human,PTEC_TERT1,proximal_tubule,gymnotic_free_uptake,100,uM,day 3,functional,EGF_supernatant,119.0,pct_of_saline,increase,+19%,0,TRUE,N3,"US 11,105,794 B2",US11105794 TABLE 2,public_domain,"grade_provisional; in-vitro rubric extension (see schema.md): EGF_supernatant increase=toxicity, value 119.0 % of control -> grade 0; patent's own in-vivo grade for this compound: Innocuous; condition: PTEC-TERT1"
MSR127,OLG045,in_vitro,human,PTEC_TERT1,proximal_tubule,gymnotic_free_uptake,100,uM,day 6,functional,EGF_supernatant,172.0,pct_of_saline,increase,+72%,1,TRUE,N3,"US 11,105,794 B2",US11105794 TABLE 2,public_domain,"grade_provisional; in-vitro rubric extension (see schema.md): EGF_supernatant increase=toxicity, value 172.0 % of control -> grade 1; patent's own in-vivo grade for this compound: Innocuous; condition: PTEC-TERT1"
MSR128,OLG047,in_vitro,human,primary_human_PTEC,proximal_tubule,gymnotic_free_uptake,3,uM,day 3,functional,EGF_supernatant,114.0,pct_of_saline,increase,+14%,0,TRUE,N3,"US 11,105,794 B2",US11105794 TABLE 2,public_domain,"grade_provisional; in-vitro rubric extension (see schema.md): EGF_supernatant increase=toxicity, value 114.0 % of control -> grade 0; patent's own in-vivo grade for this compound: Medium; condition: primary PTEC"
MSR129,OLG047,in_vitro,human,primary_human_PTEC,proximal_tubule,gymnotic_free_uptake,3,uM,day 6,functional,EGF_supernatant,152.0,pct_of_saline,increase,+52%,1,TRUE,N3,"US 11,105,794 B2",US11105794 TABLE 2,public_domain,"grade_provisional; in-vitro rubric extension (see schema.md): EGF_supernatant increase=toxicity, value 152.0 % of control -> grade 1; patent's own in-vivo grade for this compound: Medium; condition: primary PTEC"
MSR130,OLG047,in_vitro,human,PTEC_TERT1,proximal_tubule,gymnotic_free_uptake,3,uM,day 3,functional,EGF_supernatant,70.0,pct_of_saline,decrease,-30%,0,TRUE,N3,"US 11,105,794 B2",US11105794 TABLE 2,public_domain,"grade_provisional; in-vitro rubric extension (see schema.md): EGF_supernatant increase=toxicity, value 70.0 % of control -> grade 0; patent's own in-vivo grade for this compound: Medium; condition: PTEC-TERT1"
MSR131,OLG047,in_vitro,human,PTEC_TERT1,proximal_tubule,gymnotic_free_uptake,3,uM,day 6,functional,EGF_supernatant,124.0,pct_of_saline,increase,+24%,0,TRUE,N3,"US 11,105,794 B2",US11105794 TABLE 2,public_domain,"grade_provisional; in-vitro rubric extension (see schema.md): EGF_supernatant increase=toxicity, value 124.0 % of control -> grade 0; patent's own in-vivo grade for this compound: Medium; condition: PTEC-TERT1"
MSR132,OLG047,in_vitro,human,primary_human_PTEC,proximal_tubule,gymnotic_free_uptake,10,uM,day 3,functional,EGF_supernatant,139.0,pct_of_saline,increase,+39%,1,TRUE,N3,"US 11,105,794 B2",US11105794 TABLE 2,public_domain,"grade_provisional; in-vitro rubric extension (see schema.md): EGF_supernatant increase=toxicity, value 139.0 % of control -> grade 1; patent's own in-vivo grade for this compound: Medium; condition: primary PTEC"
MSR133,OLG047,in_vitro,human,primary_human_PTEC,proximal_tubule,gymnotic_free_uptake,10,uM,day 6,functional,EGF_supernatant,286.0,pct_of_saline,increase,+186%,2,TRUE,N3,"US 11,105,794 B2",US11105794 TABLE 2,public_domain,"grade_provisional; in-vitro rubric extension (see schema.md): EGF_supernatant increase=toxicity, value 286.0 % of control -> grade 2; patent's own in-vivo grade for this compound: Medium; condition: primary PTEC"
MSR134,OLG047,in_vitro,human,PTEC_TERT1,proximal_tubule,gymnotic_free_uptake,10,uM,day 3,functional,EGF_supernatant,75.0,pct_of_saline,decrease,-25%,0,TRUE,N3,"US 11,105,794 B2",US11105794 TABLE 2,public_domain,"grade_provisional; in-vitro rubric extension (see schema.md): EGF_supernatant increase=toxicity, value 75.0 % of control -> grade 0; patent's own in-vivo grade for this compound: Medium; condition: PTEC-TERT1"
MSR135,OLG047,in_vitro,human,PTEC_TERT1,proximal_tubule,gymnotic_free_uptake,10,uM,day 6,functional,EGF_supernatant,137.0,pct_of_saline,increase,+37%,1,TRUE,N3,"US 11,105,794 B2",US11105794 TABLE 2,public_domain,"grade_provisional; in-vitro rubric extension (see schema.md): EGF_supernatant increase=toxicity, value 137.0 % of control -> grade 1; patent's own in-vivo grade for this compound: Medium; condition: PTEC-TERT1"
MSR136,OLG047,in_vitro,human,primary_human_PTEC,proximal_tubule,gymnotic_free_uptake,30,uM,day 3,functional,EGF_supernatant,134.0,pct_of_saline,increase,+34%,1,TRUE,N3,"US 11,105,794 B2",US11105794 TABLE 2,public_domain,"grade_provisional; in-vitro rubric extension (see schema.md): EGF_supernatant increase=toxicity, value 134.0 % of control -> grade 1; patent's own in-vivo grade for this compound: Medium; condition: primary PTEC"
MSR137,OLG047,in_vitro,human,primary_human_PTEC,proximal_tubule,gymnotic_free_uptake,30,uM,day 6,functional,EGF_supernatant,653.0,pct_of_saline,increase,+553%,3,TRUE,N3,"US 11,105,794 B2",US11105794 TABLE 2,public_domain,"grade_provisional; in-vitro rubric extension (see schema.md): EGF_supernatant increase=toxicity, value 653.0 % of control -> grade 3; patent's own in-vivo grade for this compound: Medium; condition: primary PTEC"
MSR138,OLG047,in_vitro,human,PTEC_TERT1,proximal_tubule,gymnotic_free_uptake,30,uM,day 3,functional,EGF_supernatant,70.0,pct_of_saline,decrease,-30%,0,TRUE,N3,"US 11,105,794 B2",US11105794 TABLE 2,public_domain,"grade_provisional; in-vitro rubric extension (see schema.md): EGF_supernatant increase=toxicity, value 70.0 % of control -> grade 0; patent's own in-vivo grade for this compound: Medium; condition: PTEC-TERT1"
MSR139,OLG047,in_vitro,human,PTEC_TERT1,proximal_tubule,gymnotic_free_uptake,30,uM,day 6,functional,EGF_supernatant,231.0,pct_of_saline,increase,+131%,2,TRUE,N3,"US 11,105,794 B2",US11105794 TABLE 2,public_domain,"grade_provisional; in-vitro rubric extension (see schema.md): EGF_supernatant increase=toxicity, value 231.0 % of control -> grade 2; patent's own in-vivo grade for this compound: Medium; condition: PTEC-TERT1"
MSR140,OLG047,in_vitro,human,primary_human_PTEC,proximal_tubule,gymnotic_free_uptake,100,uM,day 3,functional,EGF_supernatant,269.0,pct_of_saline,increase,+169%,2,TRUE,N3,"US 11,105,794 B2",US11105794 TABLE 2,public_domain,"grade_provisional; in-vitro rubric extension (see schema.md): EGF_supernatant increase=toxicity, value 269.0 % of control -> grade 2; patent's own in-vivo grade for this compound: Medium; condition: primary PTEC"
MSR141,OLG047,in_vitro,human,primary_human_PTEC,proximal_tubule,gymnotic_free_uptake,100,uM,day 6,functional,EGF_supernatant,915.0,pct_of_saline,increase,+815%,3,TRUE,N3,"US 11,105,794 B2",US11105794 TABLE 2,public_domain,"grade_provisional; in-vitro rubric extension (see schema.md): EGF_supernatant increase=toxicity, value 915.0 % of control -> grade 3; patent's own in-vivo grade for this compound: Medium; condition: primary PTEC"
MSR142,OLG047,in_vitro,human,PTEC_TERT1,proximal_tubule,gymnotic_free_uptake,100,uM,day 3,functional,EGF_supernatant,128.0,pct_of_saline,increase,+28%,1,TRUE,N3,"US 11,105,794 B2",US11105794 TABLE 2,public_domain,"grade_provisional; in-vitro rubric extension (see schema.md): EGF_supernatant increase=toxicity, value 128.0 % of control -> grade 1; patent's own in-vivo grade for this compound: Medium; condition: PTEC-TERT1"
MSR143,OLG047,in_vitro,human,PTEC_TERT1,proximal_tubule,gymnotic_free_uptake,100,uM,day 6,functional,EGF_supernatant,2413.0,pct_of_saline,increase,+2313%,3,TRUE,N3,"US 11,105,794 B2",US11105794 TABLE 2,public_domain,"grade_provisional; in-vitro rubric extension (see schema.md): EGF_supernatant increase=toxicity, value 2413.0 % of control -> grade 3; patent's own in-vivo grade for this compound: Medium; condition: PTEC-TERT1"
MSR144,OLG048,in_vitro,human,primary_human_PTEC,proximal_tubule,gymnotic_free_uptake,3,uM,day 3,functional,EGF_supernatant,198.0,pct_of_saline,increase,+98%,1,TRUE,N3,"US 11,105,794 B2",US11105794 TABLE 2,public_domain,"grade_provisional; in-vitro rubric extension (see schema.md): EGF_supernatant increase=toxicity, value 198.0 % of control -> grade 1; patent's own in-vivo grade for this compound: high; condition: primary PTEC"
MSR145,OLG048,in_vitro,human,primary_human_PTEC,proximal_tubule,gymnotic_free_uptake,3,uM,day 6,functional,EGF_supernatant,525.0,pct_of_saline,increase,+425%,3,TRUE,N3,"US 11,105,794 B2",US11105794 TABLE 2,public_domain,"grade_provisional; in-vitro rubric extension (see schema.md): EGF_supernatant increase=toxicity, value 525.0 % of control -> grade 3; patent's own in-vivo grade for this compound: high; condition: primary PTEC"
MSR146,OLG048,in_vitro,human,PTEC_TERT1,proximal_tubule,gymnotic_free_uptake,3,uM,day 3,functional,EGF_supernatant,71.0,pct_of_saline,decrease,-29%,0,TRUE,N3,"US 11,105,794 B2",US11105794 TABLE 2,public_domain,"grade_provisional; in-vitro rubric extension (see schema.md): EGF_supernatant increase=toxicity, value 71.0 % of control -> grade 0; patent's own in-vivo grade for this compound: high; condition: PTEC-TERT1"
MSR147,OLG048,in_vitro,human,PTEC_TERT1,proximal_tubule,gymnotic_free_uptake,3,uM,day 6,functional,EGF_supernatant,37.0,pct_of_saline,decrease,-63%,0,TRUE,N3,"US 11,105,794 B2",US11105794 TABLE 2,public_domain,"grade_provisional; in-vitro rubric extension (see schema.md): EGF_supernatant increase=toxicity, value 37.0 % of control -> grade 0; patent's own in-vivo grade for this compound: high; condition: PTEC-TERT1"
MSR148,OLG048,in_vitro,human,primary_human_PTEC,proximal_tubule,gymnotic_free_uptake,10,uM,day 3,functional,EGF_supernatant,323.0,pct_of_saline,increase,+223%,2,TRUE,N3,"US 11,105,794 B2",US11105794 TABLE 2,public_domain,"grade_provisional; in-vitro rubric extension (see schema.md): EGF_supernatant increase=toxicity, value 323.0 % of control -> grade 2; patent's own in-vivo grade for this compound: high; condition: primary PTEC"
MSR149,OLG048,in_vitro,human,primary_human_PTEC,proximal_tubule,gymnotic_free_uptake,10,uM,day 6,functional,EGF_supernatant,1171.0,pct_of_saline,increase,+1071%,3,TRUE,N3,"US 11,105,794 B2",US11105794 TABLE 2,public_domain,"grade_provisional; in-vitro rubric extension (see schema.md): EGF_supernatant increase=toxicity, value 1171.0 % of control -> grade 3; patent's own in-vivo grade for this compound: high; condition: primary PTEC"
MSR150,OLG048,in_vitro,human,PTEC_TERT1,proximal_tubule,gymnotic_free_uptake,10,uM,day 3,functional,EGF_supernatant,116.0,pct_of_saline,increase,+16%,0,TRUE,N3,"US 11,105,794 B2",US11105794 TABLE 2,public_domain,"grade_provisional; in-vitro rubric extension (see schema.md): EGF_supernatant increase=toxicity, value 116.0 % of control -> grade 0; patent's own in-vivo grade for this compound: high; condition: PTEC-TERT1"
MSR151,OLG048,in_vitro,human,PTEC_TERT1,proximal_tubule,gymnotic_free_uptake,10,uM,day 6,functional,EGF_supernatant,222.0,pct_of_saline,increase,+122%,2,TRUE,N3,"US 11,105,794 B2",US11105794 TABLE 2,public_domain,"grade_provisional; in-vitro rubric extension (see schema.md): EGF_supernatant increase=toxicity, value 222.0 % of control -> grade 2; patent's own in-vivo grade for this compound: high; condition: PTEC-TERT1"
MSR152,OLG048,in_vitro,human,primary_human_PTEC,proximal_tubule,gymnotic_free_uptake,30,uM,day 3,functional,EGF_supernatant,373.0,pct_of_saline,increase,+273%,2,TRUE,N3,"US 11,105,794 B2",US11105794 TABLE 2,public_domain,"grade_provisional; in-vitro rubric extension (see schema.md): EGF_supernatant increase=toxicity, value 373.0 % of control -> grade 2; patent's own in-vivo grade for this compound: high; condition: primary PTEC"
MSR153,OLG048,in_vitro,human,primary_human_PTEC,proximal_tubule,gymnotic_free_uptake,30,uM,day 6,functional,EGF_supernatant,1588.0,pct_of_saline,increase,+1488%,3,TRUE,N3,"US 11,105,794 B2",US11105794 TABLE 2,public_domain,"grade_provisional; in-vitro rubric extension (see schema.md): EGF_supernatant increase=toxicity, value 1588.0 % of control -> grade 3; patent's own in-vivo grade for this compound: high; condition: primary PTEC"
MSR154,OLG048,in_vitro,human,PTEC_TERT1,proximal_tubule,gymnotic_free_uptake,30,uM,day 3,functional,EGF_supernatant,302.0,pct_of_saline,increase,+202%,2,TRUE,N3,"US 11,105,794 B2",US11105794 TABLE 2,public_domain,"grade_provisional; in-vitro rubric extension (see schema.md): EGF_supernatant increase=toxicity, value 302.0 % of control -> grade 2; patent's own in-vivo grade for this compound: high; condition: PTEC-TERT1"
MSR155,OLG048,in_vitro,human,PTEC_TERT1,proximal_tubule,gymnotic_free_uptake,30,uM,day 6,functional,EGF_supernatant,8398.0,pct_of_saline,increase,+8298%,3,TRUE,N3,"US 11,105,794 B2",US11105794 TABLE 2,public_domain,"grade_provisional; in-vitro rubric extension (see schema.md): EGF_supernatant increase=toxicity, value 8398.0 % of control -> grade 3; patent's own in-vivo grade for this compound: high; condition: PTEC-TERT1"
MSR156,OLG048,in_vitro,human,primary_human_PTEC,proximal_tubule,gymnotic_free_uptake,100,uM,day 3,functional,EGF_supernatant,631.0,pct_of_saline,increase,+531%,3,TRUE,N3,"US 11,105,794 B2",US11105794 TABLE 2,public_domain,"grade_provisional; in-vitro rubric extension (see schema.md): EGF_supernatant increase=toxicity, value 631.0 % of control -> grade 3; patent's own in-vivo grade for this compound: high; condition: primary PTEC"
MSR157,OLG048,in_vitro,human,primary_human_PTEC,proximal_tubule,gymnotic_free_uptake,100,uM,day 6,functional,EGF_supernatant,1403.0,pct_of_saline,increase,+1303%,3,TRUE,N3,"US 11,105,794 B2",US11105794 TABLE 2,public_domain,"grade_provisional; in-vitro rubric extension (see schema.md): EGF_supernatant increase=toxicity, value 1403.0 % of control -> grade 3; patent's own in-vivo grade for this compound: high; condition: primary PTEC"
MSR158,OLG048,in_vitro,human,PTEC_TERT1,proximal_tubule,gymnotic_free_uptake,100,uM,day 3,functional,EGF_supernatant,1572.0,pct_of_saline,increase,+1472%,3,TRUE,N3,"US 11,105,794 B2",US11105794 TABLE 2,public_domain,"grade_provisional; in-vitro rubric extension (see schema.md): EGF_supernatant increase=toxicity, value 1572.0 % of control -> grade 3; patent's own in-vivo grade for this compound: high; condition: PTEC-TERT1"
MSR159,OLG048,in_vitro,human,PTEC_TERT1,proximal_tubule,gymnotic_free_uptake,100,uM,day 6,functional,EGF_supernatant,8899.0,pct_of_saline,increase,+8799%,3,TRUE,N3,"US 11,105,794 B2",US11105794 TABLE 2,public_domain,"grade_provisional; in-vitro rubric extension (see schema.md): EGF_supernatant increase=toxicity, value 8899.0 % of control -> grade 3; patent's own in-vivo grade for this compound: high; condition: PTEC-TERT1"
MSR160,OLG045,in_vitro,human,PTEC_TERT1,proximal_tubule,gymnotic_free_uptake,11,uM,day 3,functional,EGF_supernatant,145.0,pct_of_saline,increase,+45%,1,TRUE,N3,"US 11,105,794 B2",US11105794 TABLE 3,public_domain,"grade_provisional; in-vitro rubric extension (see schema.md): EGF_supernatant increase=toxicity, value 145.0 % of control -> grade 1; patent's own in-vivo grade for this compound: Innocuous; condition: PTEC-TERT1"
MSR161,OLG045,in_vitro,human,PTEC_TERT1,proximal_tubule,gymnotic_free_uptake,11,uM,day 7,functional,EGF_supernatant,94.0,pct_of_saline,decrease,-6%,0,TRUE,N3,"US 11,105,794 B2",US11105794 TABLE 3,public_domain,"grade_provisional; in-vitro rubric extension (see schema.md): EGF_supernatant increase=toxicity, value 94.0 % of control -> grade 0; patent's own in-vivo grade for this compound: Innocuous; condition: PTEC-TERT1"
MSR162,OLG045,in_vitro,human,PTEC_TERT1,proximal_tubule,gymnotic_free_uptake,11,uM,day 10,functional,EGF_supernatant,32.0,pct_of_saline,decrease,-68%,0,TRUE,N3,"US 11,105,794 B2",US11105794 TABLE 3,public_domain,"grade_provisional; in-vitro rubric extension (see schema.md): EGF_supernatant increase=toxicity, value 32.0 % of control -> grade 0; patent's own in-vivo grade for this compound: Innocuous; condition: PTEC-TERT1"
MSR163,OLG045,in_vitro,human,PTEC_TERT1,proximal_tubule,gymnotic_free_uptake,33,uM,day 3,functional,EGF_supernatant,214.0,pct_of_saline,increase,+114%,2,TRUE,N3,"US 11,105,794 B2",US11105794 TABLE 3,public_domain,"grade_provisional; in-vitro rubric extension (see schema.md): EGF_supernatant increase=toxicity, value 214.0 % of control -> grade 2; patent's own in-vivo grade for this compound: Innocuous; condition: PTEC-TERT1"
MSR164,OLG045,in_vitro,human,PTEC_TERT1,proximal_tubule,gymnotic_free_uptake,33,uM,day 7,functional,EGF_supernatant,122.0,pct_of_saline,increase,+22%,0,TRUE,N3,"US 11,105,794 B2",US11105794 TABLE 3,public_domain,"grade_provisional; in-vitro rubric extension (see schema.md): EGF_supernatant increase=toxicity, value 122.0 % of control -> grade 0; patent's own in-vivo grade for this compound: Innocuous; condition: PTEC-TERT1"
MSR165,OLG045,in_vitro,human,PTEC_TERT1,proximal_tubule,gymnotic_free_uptake,33,uM,day 10,functional,EGF_supernatant,41.0,pct_of_saline,decrease,-59%,0,TRUE,N3,"US 11,105,794 B2",US11105794 TABLE 3,public_domain,"grade_provisional; in-vitro rubric extension (see schema.md): EGF_supernatant increase=toxicity, value 41.0 % of control -> grade 0; patent's own in-vivo grade for this compound: Innocuous; condition: PTEC-TERT1"
MSR166,OLG045,in_vitro,human,PTEC_TERT1,proximal_tubule,gymnotic_free_uptake,100,uM,day 3,functional,EGF_supernatant,137.0,pct_of_saline,increase,+37%,1,TRUE,N3,"US 11,105,794 B2",US11105794 TABLE 3,public_domain,"grade_provisional; in-vitro rubric extension (see schema.md): EGF_supernatant increase=toxicity, value 137.0 % of control -> grade 1; patent's own in-vivo grade for this compound: Innocuous; condition: PTEC-TERT1"
MSR167,OLG045,in_vitro,human,PTEC_TERT1,proximal_tubule,gymnotic_free_uptake,100,uM,day 7,functional,EGF_supernatant,135.0,pct_of_saline,increase,+35%,1,TRUE,N3,"US 11,105,794 B2",US11105794 TABLE 3,public_domain,"grade_provisional; in-vitro rubric extension (see schema.md): EGF_supernatant increase=toxicity, value 135.0 % of control -> grade 1; patent's own in-vivo grade for this compound: Innocuous; condition: PTEC-TERT1"
MSR168,OLG045,in_vitro,human,PTEC_TERT1,proximal_tubule,gymnotic_free_uptake,100,uM,day 10,functional,EGF_supernatant,59.0,pct_of_saline,decrease,-41%,0,TRUE,N3,"US 11,105,794 B2",US11105794 TABLE 3,public_domain,"grade_provisional; in-vitro rubric extension (see schema.md): EGF_supernatant increase=toxicity, value 59.0 % of control -> grade 0; patent's own in-vivo grade for this compound: Innocuous; condition: PTEC-TERT1"
MSR169,OLG046,in_vitro,human,PTEC_TERT1,proximal_tubule,gymnotic_free_uptake,11,uM,day 3,functional,EGF_supernatant,135.0,pct_of_saline,increase,+35%,1,TRUE,N3,"US 11,105,794 B2",US11105794 TABLE 3,public_domain,"grade_provisional; in-vitro rubric extension (see schema.md): EGF_supernatant increase=toxicity, value 135.0 % of control -> grade 1; patent's own in-vivo grade for this compound: Low; condition: PTEC-TERT1"
MSR170,OLG046,in_vitro,human,PTEC_TERT1,proximal_tubule,gymnotic_free_uptake,11,uM,day 7,functional,EGF_supernatant,69.0,pct_of_saline,decrease,-31%,0,TRUE,N3,"US 11,105,794 B2",US11105794 TABLE 3,public_domain,"grade_provisional; in-vitro rubric extension (see schema.md): EGF_supernatant increase=toxicity, value 69.0 % of control -> grade 0; patent's own in-vivo grade for this compound: Low; condition: PTEC-TERT1"
MSR171,OLG046,in_vitro,human,PTEC_TERT1,proximal_tubule,gymnotic_free_uptake,11,uM,day 10,functional,EGF_supernatant,47.0,pct_of_saline,decrease,-53%,0,TRUE,N3,"US 11,105,794 B2",US11105794 TABLE 3,public_domain,"grade_provisional; in-vitro rubric extension (see schema.md): EGF_supernatant increase=toxicity, value 47.0 % of control -> grade 0; patent's own in-vivo grade for this compound: Low; condition: PTEC-TERT1"
MSR172,OLG046,in_vitro,human,PTEC_TERT1,proximal_tubule,gymnotic_free_uptake,33,uM,day 3,functional,EGF_supernatant,192.0,pct_of_saline,increase,+92%,1,TRUE,N3,"US 11,105,794 B2",US11105794 TABLE 3,public_domain,"grade_provisional; in-vitro rubric extension (see schema.md): EGF_supernatant increase=toxicity, value 192.0 % of control -> grade 1; patent's own in-vivo grade for this compound: Low; condition: PTEC-TERT1"
MSR173,OLG046,in_vitro,human,PTEC_TERT1,proximal_tubule,gymnotic_free_uptake,33,uM,day 7,functional,EGF_supernatant,88.0,pct_of_saline,decrease,-12%,0,TRUE,N3,"US 11,105,794 B2",US11105794 TABLE 3,public_domain,"grade_provisional; in-vitro rubric extension (see schema.md): EGF_supernatant increase=toxicity, value 88.0 % of control -> grade 0; patent's own in-vivo grade for this compound: Low; condition: PTEC-TERT1"
MSR174,OLG046,in_vitro,human,PTEC_TERT1,proximal_tubule,gymnotic_free_uptake,33,uM,day 10,functional,EGF_supernatant,63.0,pct_of_saline,decrease,-37%,0,TRUE,N3,"US 11,105,794 B2",US11105794 TABLE 3,public_domain,"grade_provisional; in-vitro rubric extension (see schema.md): EGF_supernatant increase=toxicity, value 63.0 % of control -> grade 0; patent's own in-vivo grade for this compound: Low; condition: PTEC-TERT1"
MSR175,OLG046,in_vitro,human,PTEC_TERT1,proximal_tubule,gymnotic_free_uptake,100,uM,day 3,functional,EGF_supernatant,172.0,pct_of_saline,increase,+72%,1,TRUE,N3,"US 11,105,794 B2",US11105794 TABLE 3,public_domain,"grade_provisional; in-vitro rubric extension (see schema.md): EGF_supernatant increase=toxicity, value 172.0 % of control -> grade 1; patent's own in-vivo grade for this compound: Low; condition: PTEC-TERT1"
MSR176,OLG046,in_vitro,human,PTEC_TERT1,proximal_tubule,gymnotic_free_uptake,100,uM,day 7,functional,EGF_supernatant,117.0,pct_of_saline,increase,+17%,0,TRUE,N3,"US 11,105,794 B2",US11105794 TABLE 3,public_domain,"grade_provisional; in-vitro rubric extension (see schema.md): EGF_supernatant increase=toxicity, value 117.0 % of control -> grade 0; patent's own in-vivo grade for this compound: Low; condition: PTEC-TERT1"
MSR177,OLG046,in_vitro,human,PTEC_TERT1,proximal_tubule,gymnotic_free_uptake,100,uM,day 10,functional,EGF_supernatant,154.0,pct_of_saline,increase,+54%,1,TRUE,N3,"US 11,105,794 B2",US11105794 TABLE 3,public_domain,"grade_provisional; in-vitro rubric extension (see schema.md): EGF_supernatant increase=toxicity, value 154.0 % of control -> grade 1; patent's own in-vivo grade for this compound: Low; condition: PTEC-TERT1"
MSR178,OLG047,in_vitro,human,PTEC_TERT1,proximal_tubule,gymnotic_free_uptake,11,uM,day 3,functional,EGF_supernatant,151.0,pct_of_saline,increase,+51%,1,TRUE,N3,"US 11,105,794 B2",US11105794 TABLE 3,public_domain,"grade_provisional; in-vitro rubric extension (see schema.md): EGF_supernatant increase=toxicity, value 151.0 % of control -> grade 1; patent's own in-vivo grade for this compound: Medium; condition: PTEC-TERT1"
MSR179,OLG047,in_vitro,human,PTEC_TERT1,proximal_tubule,gymnotic_free_uptake,11,uM,day 7,functional,EGF_supernatant,168.0,pct_of_saline,increase,+68%,1,TRUE,N3,"US 11,105,794 B2",US11105794 TABLE 3,public_domain,"grade_provisional; in-vitro rubric extension (see schema.md): EGF_supernatant increase=toxicity, value 168.0 % of control -> grade 1; patent's own in-vivo grade for this compound: Medium; condition: PTEC-TERT1"
MSR180,OLG047,in_vitro,human,PTEC_TERT1,proximal_tubule,gymnotic_free_uptake,11,uM,day 10,functional,EGF_supernatant,41.0,pct_of_saline,decrease,-59%,0,TRUE,N3,"US 11,105,794 B2",US11105794 TABLE 3,public_domain,"grade_provisional; in-vitro rubric extension (see schema.md): EGF_supernatant increase=toxicity, value 41.0 % of control -> grade 0; patent's own in-vivo grade for this compound: Medium; condition: PTEC-TERT1"
MSR181,OLG047,in_vitro,human,PTEC_TERT1,proximal_tubule,gymnotic_free_uptake,33,uM,day 3,functional,EGF_supernatant,213.0,pct_of_saline,increase,+113%,2,TRUE,N3,"US 11,105,794 B2",US11105794 TABLE 3,public_domain,"grade_provisional; in-vitro rubric extension (see schema.md): EGF_supernatant increase=toxicity, value 213.0 % of control -> grade 2; patent's own in-vivo grade for this compound: Medium; condition: PTEC-TERT1"
MSR182,OLG047,in_vitro,human,PTEC_TERT1,proximal_tubule,gymnotic_free_uptake,33,uM,day 7,functional,EGF_supernatant,287.0,pct_of_saline,increase,+187%,2,TRUE,N3,"US 11,105,794 B2",US11105794 TABLE 3,public_domain,"grade_provisional; in-vitro rubric extension (see schema.md): EGF_supernatant increase=toxicity, value 287.0 % of control -> grade 2; patent's own in-vivo grade for this compound: Medium; condition: PTEC-TERT1"
MSR183,OLG047,in_vitro,human,PTEC_TERT1,proximal_tubule,gymnotic_free_uptake,33,uM,day 10,functional,EGF_supernatant,138.0,pct_of_saline,increase,+38%,1,TRUE,N3,"US 11,105,794 B2",US11105794 TABLE 3,public_domain,"grade_provisional; in-vitro rubric extension (see schema.md): EGF_supernatant increase=toxicity, value 138.0 % of control -> grade 1; patent's own in-vivo grade for this compound: Medium; condition: PTEC-TERT1"
MSR184,OLG047,in_vitro,human,PTEC_TERT1,proximal_tubule,gymnotic_free_uptake,100,uM,day 3,functional,EGF_supernatant,207.0,pct_of_saline,increase,+107%,2,TRUE,N3,"US 11,105,794 B2",US11105794 TABLE 3,public_domain,"grade_provisional; in-vitro rubric extension (see schema.md): EGF_supernatant increase=toxicity, value 207.0 % of control -> grade 2; patent's own in-vivo grade for this compound: Medium; condition: PTEC-TERT1"
MSR185,OLG047,in_vitro,human,PTEC_TERT1,proximal_tubule,gymnotic_free_uptake,100,uM,day 7,functional,EGF_supernatant,493.0,pct_of_saline,increase,+393%,3,TRUE,N3,"US 11,105,794 B2",US11105794 TABLE 3,public_domain,"grade_provisional; in-vitro rubric extension (see schema.md): EGF_supernatant increase=toxicity, value 493.0 % of control -> grade 3; patent's own in-vivo grade for this compound: Medium; condition: PTEC-TERT1"
MSR186,OLG047,in_vitro,human,PTEC_TERT1,proximal_tubule,gymnotic_free_uptake,100,uM,day 10,functional,EGF_supernatant,227.0,pct_of_saline,increase,+127%,2,TRUE,N3,"US 11,105,794 B2",US11105794 TABLE 3,public_domain,"grade_provisional; in-vitro rubric extension (see schema.md): EGF_supernatant increase=toxicity, value 227.0 % of control -> grade 2; patent's own in-vivo grade for this compound: Medium; condition: PTEC-TERT1"
MSR187,OLG048,in_vitro,human,PTEC_TERT1,proximal_tubule,gymnotic_free_uptake,11,uM,day 3,functional,EGF_supernatant,225.0,pct_of_saline,increase,+125%,2,TRUE,N3,"US 11,105,794 B2",US11105794 TABLE 3,public_domain,"grade_provisional; in-vitro rubric extension (see schema.md): EGF_supernatant increase=toxicity, value 225.0 % of control -> grade 2; patent's own in-vivo grade for this compound: High; condition: PTEC-TERT1"
MSR188,OLG048,in_vitro,human,PTEC_TERT1,proximal_tubule,gymnotic_free_uptake,11,uM,day 7,functional,EGF_supernatant,637.0,pct_of_saline,increase,+537%,3,TRUE,N3,"US 11,105,794 B2",US11105794 TABLE 3,public_domain,"grade_provisional; in-vitro rubric extension (see schema.md): EGF_supernatant increase=toxicity, value 637.0 % of control -> grade 3; patent's own in-vivo grade for this compound: High; condition: PTEC-TERT1"
MSR189,OLG048,in_vitro,human,PTEC_TERT1,proximal_tubule,gymnotic_free_uptake,11,uM,day 10,functional,EGF_supernatant,1177.0,pct_of_saline,increase,+1077%,3,TRUE,N3,"US 11,105,794 B2",US11105794 TABLE 3,public_domain,"grade_provisional; in-vitro rubric extension (see schema.md): EGF_supernatant increase=toxicity, value 1177.0 % of control -> grade 3; patent's own in-vivo grade for this compound: High; condition: PTEC-TERT1"
MSR190,OLG048,in_vitro,human,PTEC_TERT1,proximal_tubule,gymnotic_free_uptake,33,uM,day 3,functional,EGF_supernatant,368.0,pct_of_saline,increase,+268%,2,TRUE,N3,"US 11,105,794 B2",US11105794 TABLE 3,public_domain,"grade_provisional; in-vitro rubric extension (see schema.md): EGF_supernatant increase=toxicity, value 368.0 % of control -> grade 2; patent's own in-vivo grade for this compound: High; condition: PTEC-TERT1"
MSR191,OLG048,in_vitro,human,PTEC_TERT1,proximal_tubule,gymnotic_free_uptake,33,uM,day 7,functional,EGF_supernatant,983.0,pct_of_saline,increase,+883%,3,TRUE,N3,"US 11,105,794 B2",US11105794 TABLE 3,public_domain,"grade_provisional; in-vitro rubric extension (see schema.md): EGF_supernatant increase=toxicity, value 983.0 % of control -> grade 3; patent's own in-vivo grade for this compound: High; condition: PTEC-TERT1"
MSR192,OLG048,in_vitro,human,PTEC_TERT1,proximal_tubule,gymnotic_free_uptake,33,uM,day 10,functional,EGF_supernatant,1865.0,pct_of_saline,increase,+1765%,3,TRUE,N3,"US 11,105,794 B2",US11105794 TABLE 3,public_domain,"grade_provisional; in-vitro rubric extension (see schema.md): EGF_supernatant increase=toxicity, value 1865.0 % of control -> grade 3; patent's own in-vivo grade for this compound: High; condition: PTEC-TERT1"
MSR193,OLG048,in_vitro,human,PTEC_TERT1,proximal_tubule,gymnotic_free_uptake,100,uM,day 3,functional,EGF_supernatant,484.0,pct_of_saline,increase,+384%,3,TRUE,N3,"US 11,105,794 B2",US11105794 TABLE 3,public_domain,"grade_provisional; in-vitro rubric extension (see schema.md): EGF_supernatant increase=toxicity, value 484.0 % of control -> grade 3; patent's own in-vivo grade for this compound: High; condition: PTEC-TERT1"
MSR194,OLG048,in_vitro,human,PTEC_TERT1,proximal_tubule,gymnotic_free_uptake,100,uM,day 7,functional,EGF_supernatant,983.0,pct_of_saline,increase,+883%,3,TRUE,N3,"US 11,105,794 B2",US11105794 TABLE 3,public_domain,"grade_provisional; in-vitro rubric extension (see schema.md): EGF_supernatant increase=toxicity, value 983.0 % of control -> grade 3; patent's own in-vivo grade for this compound: High; condition: PTEC-TERT1"
MSR195,OLG048,in_vitro,human,PTEC_TERT1,proximal_tubule,gymnotic_free_uptake,100,uM,day 10,functional,EGF_supernatant,1792.0,pct_of_saline,increase,+1692%,3,TRUE,N3,"US 11,105,794 B2",US11105794 TABLE 3,public_domain,"grade_provisional; in-vitro rubric extension (see schema.md): EGF_supernatant increase=toxicity, value 1792.0 % of control -> grade 3; patent's own in-vivo grade for this compound: High; condition: PTEC-TERT1"
MSR196,OLG049,in_vitro,human,PTEC_TERT1,proximal_tubule,gymnotic_free_uptake,11,uM,day 3,functional,EGF_supernatant,174.0,pct_of_saline,increase,+74%,1,TRUE,N3,"US 11,105,794 B2",US11105794 TABLE 3,public_domain,"grade_provisional; in-vitro rubric extension (see schema.md): EGF_supernatant increase=toxicity, value 174.0 % of control -> grade 1; patent's own in-vivo grade for this compound: Medium; condition: PTEC-TERT1"
MSR197,OLG049,in_vitro,human,PTEC_TERT1,proximal_tubule,gymnotic_free_uptake,11,uM,day 7,functional,EGF_supernatant,158.0,pct_of_saline,increase,+58%,1,TRUE,N3,"US 11,105,794 B2",US11105794 TABLE 3,public_domain,"grade_provisional; in-vitro rubric extension (see schema.md): EGF_supernatant increase=toxicity, value 158.0 % of control -> grade 1; patent's own in-vivo grade for this compound: Medium; condition: PTEC-TERT1"
MSR198,OLG049,in_vitro,human,PTEC_TERT1,proximal_tubule,gymnotic_free_uptake,11,uM,day 10,functional,EGF_supernatant,54.0,pct_of_saline,decrease,-46%,0,TRUE,N3,"US 11,105,794 B2",US11105794 TABLE 3,public_domain,"grade_provisional; in-vitro rubric extension (see schema.md): EGF_supernatant increase=toxicity, value 54.0 % of control -> grade 0; patent's own in-vivo grade for this compound: Medium; condition: PTEC-TERT1"
MSR199,OLG049,in_vitro,human,PTEC_TERT1,proximal_tubule,gymnotic_free_uptake,33,uM,day 3,functional,EGF_supernatant,222.0,pct_of_saline,increase,+122%,2,TRUE,N3,"US 11,105,794 B2",US11105794 TABLE 3,public_domain,"grade_provisional; in-vitro rubric extension (see schema.md): EGF_supernatant increase=toxicity, value 222.0 % of control -> grade 2; patent's own in-vivo grade for this compound: Medium; condition: PTEC-TERT1"
MSR200,OLG049,in_vitro,human,PTEC_TERT1,proximal_tubule,gymnotic_free_uptake,33,uM,day 7,functional,EGF_supernatant,249.0,pct_of_saline,increase,+149%,2,TRUE,N3,"US 11,105,794 B2",US11105794 TABLE 3,public_domain,"grade_provisional; in-vitro rubric extension (see schema.md): EGF_supernatant increase=toxicity, value 249.0 % of control -> grade 2; patent's own in-vivo grade for this compound: Medium; condition: PTEC-TERT1"
MSR201,OLG049,in_vitro,human,PTEC_TERT1,proximal_tubule,gymnotic_free_uptake,33,uM,day 10,functional,EGF_supernatant,210.0,pct_of_saline,increase,+110%,2,TRUE,N3,"US 11,105,794 B2",US11105794 TABLE 3,public_domain,"grade_provisional; in-vitro rubric extension (see schema.md): EGF_supernatant increase=toxicity, value 210.0 % of control -> grade 2; patent's own in-vivo grade for this compound: Medium; condition: PTEC-TERT1"
MSR202,OLG049,in_vitro,human,PTEC_TERT1,proximal_tubule,gymnotic_free_uptake,100,uM,day 3,functional,EGF_supernatant,182.0,pct_of_saline,increase,+82%,1,TRUE,N3,"US 11,105,794 B2",US11105794 TABLE 3,public_domain,"grade_provisional; in-vitro rubric extension (see schema.md): EGF_supernatant increase=toxicity, value 182.0 % of control -> grade 1; patent's own in-vivo grade for this compound: Medium; condition: PTEC-TERT1"
MSR203,OLG049,in_vitro,human,PTEC_TERT1,proximal_tubule,gymnotic_free_uptake,100,uM,day 7,functional,EGF_supernatant,754.0,pct_of_saline,increase,+654%,3,TRUE,N3,"US 11,105,794 B2",US11105794 TABLE 3,public_domain,"grade_provisional; in-vitro rubric extension (see schema.md): EGF_supernatant increase=toxicity, value 754.0 % of control -> grade 3; patent's own in-vivo grade for this compound: Medium; condition: PTEC-TERT1"
MSR204,OLG049,in_vitro,human,PTEC_TERT1,proximal_tubule,gymnotic_free_uptake,100,uM,day 10,functional,EGF_supernatant,720.0,pct_of_saline,increase,+620%,3,TRUE,N3,"US 11,105,794 B2",US11105794 TABLE 3,public_domain,"grade_provisional; in-vitro rubric extension (see schema.md): EGF_supernatant increase=toxicity, value 720.0 % of control -> grade 3; patent's own in-vivo grade for this compound: Medium; condition: PTEC-TERT1"
MSR205,OLG050,in_vitro,human,PTEC_TERT1,proximal_tubule,gymnotic_free_uptake,10,uM,day 6,functional,EGF_supernatant,78.0,pct_of_saline,decrease,-22%,0,TRUE,N3,"US 11,105,794 B2",US11105794 TABLE 4,public_domain,"grade_provisional; in-vitro rubric extension (see schema.md): EGF_supernatant increase=toxicity, value 78.0 % of control -> grade 0; patent's own in-vivo grade for this compound: Innocuous; condition: PTEC-TERT1"
MSR206,OLG050,in_vitro,human,PTEC_TERT1,proximal_tubule,gymnotic_free_uptake,10,uM,day 6,injury_biomarker,KIM-1_protein,140.0,pct_of_saline,increase,+40%,0,TRUE,N3,"US 11,105,794 B2",US11105794 TABLE 4,public_domain,"grade_provisional; in-vitro rubric extension (see schema.md): KIM-1_protein increase=toxicity, value 140.0 % of control -> grade 0; patent's own in-vivo grade for this compound: Innocuous; condition: PTEC-TERT1"
MSR207,OLG050,in_vitro,human,PTEC_TERT1,proximal_tubule,gymnotic_free_uptake,10,uM,day 9,viability,ATP,93.0,pct_of_saline,decrease,-7%,0,TRUE,N3,"US 11,105,794 B2",US11105794 TABLE 4,public_domain,"grade_provisional; in-vitro rubric extension (see schema.md): ATP decrease=toxicity, value 93.0 % of control -> grade 0; patent's own in-vivo grade for this compound: Innocuous; condition: PTEC-TERT1"
MSR208,OLG050,in_vitro,human,PTEC_TERT1,proximal_tubule,gymnotic_free_uptake,30,uM,day 6,functional,EGF_supernatant,90.0,pct_of_saline,decrease,-10%,0,TRUE,N3,"US 11,105,794 B2",US11105794 TABLE 4,public_domain,"grade_provisional; in-vitro rubric extension (see schema.md): EGF_supernatant increase=toxicity, value 90.0 % of control -> grade 0; patent's own in-vivo grade for this compound: Innocuous; condition: PTEC-TERT1"
MSR209,OLG050,in_vitro,human,PTEC_TERT1,proximal_tubule,gymnotic_free_uptake,30,uM,day 6,injury_biomarker,KIM-1_protein,150.0,pct_of_saline,increase,+50%,1,TRUE,N3,"US 11,105,794 B2",US11105794 TABLE 4,public_domain,"grade_provisional; in-vitro rubric extension (see schema.md): KIM-1_protein increase=toxicity, value 150.0 % of control -> grade 1; patent's own in-vivo grade for this compound: Innocuous; condition: PTEC-TERT1"
MSR210,OLG050,in_vitro,human,PTEC_TERT1,proximal_tubule,gymnotic_free_uptake,30,uM,day 9,viability,ATP,99.0,pct_of_saline,decrease,-1%,0,TRUE,N3,"US 11,105,794 B2",US11105794 TABLE 4,public_domain,"grade_provisional; in-vitro rubric extension (see schema.md): ATP decrease=toxicity, value 99.0 % of control -> grade 0; patent's own in-vivo grade for this compound: Innocuous; condition: PTEC-TERT1"
MSR211,OLG050,in_vitro,human,PTEC_TERT1,proximal_tubule,gymnotic_free_uptake,100,uM,day 6,functional,EGF_supernatant,118.0,pct_of_saline,increase,+18%,0,TRUE,N3,"US 11,105,794 B2",US11105794 TABLE 4,public_domain,"grade_provisional; in-vitro rubric extension (see schema.md): EGF_supernatant increase=toxicity, value 118.0 % of control -> grade 0; patent's own in-vivo grade for this compound: Innocuous; condition: PTEC-TERT1"
MSR212,OLG050,in_vitro,human,PTEC_TERT1,proximal_tubule,gymnotic_free_uptake,100,uM,day 6,injury_biomarker,KIM-1_protein,122.0,pct_of_saline,increase,+22%,0,TRUE,N3,"US 11,105,794 B2",US11105794 TABLE 4,public_domain,"grade_provisional; in-vitro rubric extension (see schema.md): KIM-1_protein increase=toxicity, value 122.0 % of control -> grade 0; patent's own in-vivo grade for this compound: Innocuous; condition: PTEC-TERT1"
MSR213,OLG050,in_vitro,human,PTEC_TERT1,proximal_tubule,gymnotic_free_uptake,100,uM,day 9,viability,ATP,101.0,pct_of_saline,increase,+1%,0,TRUE,N3,"US 11,105,794 B2",US11105794 TABLE 4,public_domain,"grade_provisional; in-vitro rubric extension (see schema.md): ATP decrease=toxicity, value 101.0 % of control -> grade 0; patent's own in-vivo grade for this compound: Innocuous; condition: PTEC-TERT1"
MSR214,OLG051,in_vitro,human,PTEC_TERT1,proximal_tubule,gymnotic_free_uptake,10,uM,day 6,functional,EGF_supernatant,37.0,pct_of_saline,decrease,-63%,0,TRUE,N3,"US 11,105,794 B2",US11105794 TABLE 4,public_domain,"grade_provisional; in-vitro rubric extension (see schema.md): EGF_supernatant increase=toxicity, value 37.0 % of control -> grade 0; patent's own in-vivo grade for this compound: Innocuous; condition: PTEC-TERT1"
MSR215,OLG051,in_vitro,human,PTEC_TERT1,proximal_tubule,gymnotic_free_uptake,10,uM,day 6,injury_biomarker,KIM-1_protein,159.0,pct_of_saline,increase,+59%,1,TRUE,N3,"US 11,105,794 B2",US11105794 TABLE 4,public_domain,"grade_provisional; in-vitro rubric extension (see schema.md): KIM-1_protein increase=toxicity, value 159.0 % of control -> grade 1; patent's own in-vivo grade for this compound: Innocuous; condition: PTEC-TERT1"
MSR216,OLG051,in_vitro,human,PTEC_TERT1,proximal_tubule,gymnotic_free_uptake,10,uM,day 9,viability,ATP,113.0,pct_of_saline,increase,+13%,0,TRUE,N3,"US 11,105,794 B2",US11105794 TABLE 4,public_domain,"grade_provisional; in-vitro rubric extension (see schema.md): ATP decrease=toxicity, value 113.0 % of control -> grade 0; patent's own in-vivo grade for this compound: Innocuous; condition: PTEC-TERT1"
MSR217,OLG051,in_vitro,human,PTEC_TERT1,proximal_tubule,gymnotic_free_uptake,30,uM,day 6,functional,EGF_supernatant,40.0,pct_of_saline,decrease,-60%,0,TRUE,N3,"US 11,105,794 B2",US11105794 TABLE 4,public_domain,"grade_provisional; in-vitro rubric extension (see schema.md): EGF_supernatant increase=toxicity, value 40.0 % of control -> grade 0; patent's own in-vivo grade for this compound: Innocuous; condition: PTEC-TERT1"
MSR218,OLG051,in_vitro,human,PTEC_TERT1,proximal_tubule,gymnotic_free_uptake,30,uM,day 6,injury_biomarker,KIM-1_protein,127.0,pct_of_saline,increase,+27%,0,TRUE,N3,"US 11,105,794 B2",US11105794 TABLE 4,public_domain,"grade_provisional; in-vitro rubric extension (see schema.md): KIM-1_protein increase=toxicity, value 127.0 % of control -> grade 0; patent's own in-vivo grade for this compound: Innocuous; condition: PTEC-TERT1"
MSR219,OLG051,in_vitro,human,PTEC_TERT1,proximal_tubule,gymnotic_free_uptake,30,uM,day 9,viability,ATP,114.0,pct_of_saline,increase,+14%,0,TRUE,N3,"US 11,105,794 B2",US11105794 TABLE 4,public_domain,"grade_provisional; in-vitro rubric extension (see schema.md): ATP decrease=toxicity, value 114.0 % of control -> grade 0; patent's own in-vivo grade for this compound: Innocuous; condition: PTEC-TERT1"
MSR220,OLG051,in_vitro,human,PTEC_TERT1,proximal_tubule,gymnotic_free_uptake,100,uM,day 6,functional,EGF_supernatant,67.0,pct_of_saline,decrease,-33%,0,TRUE,N3,"US 11,105,794 B2",US11105794 TABLE 4,public_domain,"grade_provisional; in-vitro rubric extension (see schema.md): EGF_supernatant increase=toxicity, value 67.0 % of control -> grade 0; patent's own in-vivo grade for this compound: Innocuous; condition: PTEC-TERT1"
MSR221,OLG051,in_vitro,human,PTEC_TERT1,proximal_tubule,gymnotic_free_uptake,100,uM,day 6,injury_biomarker,KIM-1_protein,120.0,pct_of_saline,increase,+20%,0,TRUE,N3,"US 11,105,794 B2",US11105794 TABLE 4,public_domain,"grade_provisional; in-vitro rubric extension (see schema.md): KIM-1_protein increase=toxicity, value 120.0 % of control -> grade 0; patent's own in-vivo grade for this compound: Innocuous; condition: PTEC-TERT1"
MSR222,OLG051,in_vitro,human,PTEC_TERT1,proximal_tubule,gymnotic_free_uptake,100,uM,day 9,viability,ATP,107.0,pct_of_saline,increase,+7%,0,TRUE,N3,"US 11,105,794 B2",US11105794 TABLE 4,public_domain,"grade_provisional; in-vitro rubric extension (see schema.md): ATP decrease=toxicity, value 107.0 % of control -> grade 0; patent's own in-vivo grade for this compound: Innocuous; condition: PTEC-TERT1"
MSR223,OLG052,in_vitro,human,PTEC_TERT1,proximal_tubule,gymnotic_free_uptake,10,uM,day 6,functional,EGF_supernatant,1153.0,pct_of_saline,increase,+1053%,3,TRUE,N3,"US 11,105,794 B2",US11105794 TABLE 4,public_domain,"grade_provisional; in-vitro rubric extension (see schema.md): EGF_supernatant increase=toxicity, value 1153.0 % of control -> grade 3; patent's own in-vivo grade for this compound: High; condition: PTEC-TERT1"
MSR224,OLG052,in_vitro,human,PTEC_TERT1,proximal_tubule,gymnotic_free_uptake,10,uM,day 6,injury_biomarker,KIM-1_protein,78.0,pct_of_saline,decrease,-22%,0,TRUE,N3,"US 11,105,794 B2",US11105794 TABLE 4,public_domain,"grade_provisional; in-vitro rubric extension (see schema.md): KIM-1_protein increase=toxicity, value 78.0 % of control -> grade 0; patent's own in-vivo grade for this compound: High; condition: PTEC-TERT1"
MSR225,OLG052,in_vitro,human,PTEC_TERT1,proximal_tubule,gymnotic_free_uptake,10,uM,day 9,viability,ATP,59.0,pct_of_saline,decrease,-41%,2,TRUE,N3,"US 11,105,794 B2",US11105794 TABLE 4,public_domain,"grade_provisional; in-vitro rubric extension (see schema.md): ATP decrease=toxicity, value 59.0 % of control -> grade 2; patent's own in-vivo grade for this compound: High; condition: PTEC-TERT1"
MSR226,OLG052,in_vitro,human,PTEC_TERT1,proximal_tubule,gymnotic_free_uptake,30,uM,day 6,functional,EGF_supernatant,1359.0,pct_of_saline,increase,+1259%,3,TRUE,N3,"US 11,105,794 B2",US11105794 TABLE 4,public_domain,"grade_provisional; in-vitro rubric extension (see schema.md): EGF_supernatant increase=toxicity, value 1359.0 % of control -> grade 3; patent's own in-vivo grade for this compound: High; condition: PTEC-TERT1"
MSR227,OLG052,in_vitro,human,PTEC_TERT1,proximal_tubule,gymnotic_free_uptake,30,uM,day 6,injury_biomarker,KIM-1_protein,63.0,pct_of_saline,decrease,-37%,0,TRUE,N3,"US 11,105,794 B2",US11105794 TABLE 4,public_domain,"grade_provisional; in-vitro rubric extension (see schema.md): KIM-1_protein increase=toxicity, value 63.0 % of control -> grade 0; patent's own in-vivo grade for this compound: High; condition: PTEC-TERT1"
MSR228,OLG052,in_vitro,human,PTEC_TERT1,proximal_tubule,gymnotic_free_uptake,30,uM,day 9,viability,ATP,47.0,pct_of_saline,decrease,-53%,3,TRUE,N3,"US 11,105,794 B2",US11105794 TABLE 4,public_domain,"grade_provisional; in-vitro rubric extension (see schema.md): ATP decrease=toxicity, value 47.0 % of control -> grade 3; patent's own in-vivo grade for this compound: High; condition: PTEC-TERT1"
MSR229,OLG052,in_vitro,human,PTEC_TERT1,proximal_tubule,gymnotic_free_uptake,100,uM,day 6,functional,EGF_supernatant,1545.0,pct_of_saline,increase,+1445%,3,TRUE,N3,"US 11,105,794 B2",US11105794 TABLE 4,public_domain,"grade_provisional; in-vitro rubric extension (see schema.md): EGF_supernatant increase=toxicity, value 1545.0 % of control -> grade 3; patent's own in-vivo grade for this compound: High; condition: PTEC-TERT1"
MSR230,OLG052,in_vitro,human,PTEC_TERT1,proximal_tubule,gymnotic_free_uptake,100,uM,day 6,injury_biomarker,KIM-1_protein,54.0,pct_of_saline,decrease,-46%,0,TRUE,N3,"US 11,105,794 B2",US11105794 TABLE 4,public_domain,"grade_provisional; in-vitro rubric extension (see schema.md): KIM-1_protein increase=toxicity, value 54.0 % of control -> grade 0; patent's own in-vivo grade for this compound: High; condition: PTEC-TERT1"
MSR231,OLG052,in_vitro,human,PTEC_TERT1,proximal_tubule,gymnotic_free_uptake,100,uM,day 9,viability,ATP,43.0,pct_of_saline,decrease,-57%,3,TRUE,N3,"US 11,105,794 B2",US11105794 TABLE 4,public_domain,"grade_provisional; in-vitro rubric extension (see schema.md): ATP decrease=toxicity, value 43.0 % of control -> grade 3; patent's own in-vivo grade for this compound: High; condition: PTEC-TERT1"
MSR232,OLG053,in_vitro,human,PTEC_TERT1,proximal_tubule,gymnotic_free_uptake,10,uM,day 6,functional,EGF_supernatant,220.0,pct_of_saline,increase,+120%,2,TRUE,N3,"US 11,105,794 B2",US11105794 TABLE 4,public_domain,"grade_provisional; in-vitro rubric extension (see schema.md): EGF_supernatant increase=toxicity, value 220.0 % of control -> grade 2; patent's own in-vivo grade for this compound: Medium; condition: PTEC-TERT1"
MSR233,OLG053,in_vitro,human,PTEC_TERT1,proximal_tubule,gymnotic_free_uptake,10,uM,day 6,injury_biomarker,KIM-1_protein,151.0,pct_of_saline,increase,+51%,1,TRUE,N3,"US 11,105,794 B2",US11105794 TABLE 4,public_domain,"grade_provisional; in-vitro rubric extension (see schema.md): KIM-1_protein increase=toxicity, value 151.0 % of control -> grade 1; patent's own in-vivo grade for this compound: Medium; condition: PTEC-TERT1"
MSR234,OLG053,in_vitro,human,PTEC_TERT1,proximal_tubule,gymnotic_free_uptake,10,uM,day 9,viability,ATP,99.0,pct_of_saline,decrease,-1%,0,TRUE,N3,"US 11,105,794 B2",US11105794 TABLE 4,public_domain,"grade_provisional; in-vitro rubric extension (see schema.md): ATP decrease=toxicity, value 99.0 % of control -> grade 0; patent's own in-vivo grade for this compound: Medium; condition: PTEC-TERT1"
MSR235,OLG053,in_vitro,human,PTEC_TERT1,proximal_tubule,gymnotic_free_uptake,30,uM,day 6,functional,EGF_supernatant,284.0,pct_of_saline,increase,+184%,2,TRUE,N3,"US 11,105,794 B2",US11105794 TABLE 4,public_domain,"grade_provisional; in-vitro rubric extension (see schema.md): EGF_supernatant increase=toxicity, value 284.0 % of control -> grade 2; patent's own in-vivo grade for this compound: Medium; condition: PTEC-TERT1"
MSR236,OLG053,in_vitro,human,PTEC_TERT1,proximal_tubule,gymnotic_free_uptake,30,uM,day 6,injury_biomarker,KIM-1_protein,129.0,pct_of_saline,increase,+29%,0,TRUE,N3,"US 11,105,794 B2",US11105794 TABLE 4,public_domain,"grade_provisional; in-vitro rubric extension (see schema.md): KIM-1_protein increase=toxicity, value 129.0 % of control -> grade 0; patent's own in-vivo grade for this compound: Medium; condition: PTEC-TERT1"
MSR237,OLG053,in_vitro,human,PTEC_TERT1,proximal_tubule,gymnotic_free_uptake,30,uM,day 9,viability,ATP,101.0,pct_of_saline,increase,+1%,0,TRUE,N3,"US 11,105,794 B2",US11105794 TABLE 4,public_domain,"grade_provisional; in-vitro rubric extension (see schema.md): ATP decrease=toxicity, value 101.0 % of control -> grade 0; patent's own in-vivo grade for this compound: Medium; condition: PTEC-TERT1"
MSR238,OLG053,in_vitro,human,PTEC_TERT1,proximal_tubule,gymnotic_free_uptake,100,uM,day 6,functional,EGF_supernatant,1593.0,pct_of_saline,increase,+1493%,3,TRUE,N3,"US 11,105,794 B2",US11105794 TABLE 4,public_domain,"grade_provisional; in-vitro rubric extension (see schema.md): EGF_supernatant increase=toxicity, value 1593.0 % of control -> grade 3; patent's own in-vivo grade for this compound: Medium; condition: PTEC-TERT1"
MSR239,OLG053,in_vitro,human,PTEC_TERT1,proximal_tubule,gymnotic_free_uptake,100,uM,day 6,injury_biomarker,KIM-1_protein,116.0,pct_of_saline,increase,+16%,0,TRUE,N3,"US 11,105,794 B2",US11105794 TABLE 4,public_domain,"grade_provisional; in-vitro rubric extension (see schema.md): KIM-1_protein increase=toxicity, value 116.0 % of control -> grade 0; patent's own in-vivo grade for this compound: Medium; condition: PTEC-TERT1"
MSR240,OLG053,in_vitro,human,PTEC_TERT1,proximal_tubule,gymnotic_free_uptake,100,uM,day 9,viability,ATP,103.0,pct_of_saline,increase,+3%,0,TRUE,N3,"US 11,105,794 B2",US11105794 TABLE 4,public_domain,"grade_provisional; in-vitro rubric extension (see schema.md): ATP decrease=toxicity, value 103.0 % of control -> grade 0; patent's own in-vivo grade for this compound: Medium; condition: PTEC-TERT1"
MSR241,OLG054,in_vitro,human,PTEC_TERT1,proximal_tubule,gymnotic_free_uptake,10,uM,day 6,functional,EGF_supernatant,73.0,pct_of_saline,decrease,-27%,0,TRUE,N3,"US 11,105,794 B2",US11105794 TABLE 4,public_domain,"grade_provisional; in-vitro rubric extension (see schema.md): EGF_supernatant increase=toxicity, value 73.0 % of control -> grade 0; patent's own in-vivo grade for this compound: Medium; condition: PTEC-TERT1"
MSR242,OLG054,in_vitro,human,PTEC_TERT1,proximal_tubule,gymnotic_free_uptake,10,uM,day 6,injury_biomarker,KIM-1_protein,123.0,pct_of_saline,increase,+23%,0,TRUE,N3,"US 11,105,794 B2",US11105794 TABLE 4,public_domain,"grade_provisional; in-vitro rubric extension (see schema.md): KIM-1_protein increase=toxicity, value 123.0 % of control -> grade 0; patent's own in-vivo grade for this compound: Medium; condition: PTEC-TERT1"
MSR243,OLG054,in_vitro,human,PTEC_TERT1,proximal_tubule,gymnotic_free_uptake,10,uM,day 9,viability,ATP,87.0,pct_of_saline,decrease,-13%,0,TRUE,N3,"US 11,105,794 B2",US11105794 TABLE 4,public_domain,"grade_provisional; in-vitro rubric extension (see schema.md): ATP decrease=toxicity, value 87.0 % of control -> grade 0; patent's own in-vivo grade for this compound: Medium; condition: PTEC-TERT1"
MSR244,OLG054,in_vitro,human,PTEC_TERT1,proximal_tubule,gymnotic_free_uptake,30,uM,day 6,functional,EGF_supernatant,330.0,pct_of_saline,increase,+230%,2,TRUE,N3,"US 11,105,794 B2",US11105794 TABLE 4,public_domain,"grade_provisional; in-vitro rubric extension (see schema.md): EGF_supernatant increase=toxicity, value 330.0 % of control -> grade 2; patent's own in-vivo grade for this compound: Medium; condition: PTEC-TERT1"
MSR245,OLG054,in_vitro,human,PTEC_TERT1,proximal_tubule,gymnotic_free_uptake,30,uM,day 6,injury_biomarker,KIM-1_protein,77.0,pct_of_saline,decrease,-23%,0,TRUE,N3,"US 11,105,794 B2",US11105794 TABLE 4,public_domain,"grade_provisional; in-vitro rubric extension (see schema.md): KIM-1_protein increase=toxicity, value 77.0 % of control -> grade 0; patent's own in-vivo grade for this compound: Medium; condition: PTEC-TERT1"
MSR246,OLG054,in_vitro,human,PTEC_TERT1,proximal_tubule,gymnotic_free_uptake,30,uM,day 9,viability,ATP,66.0,pct_of_saline,decrease,-34%,2,TRUE,N3,"US 11,105,794 B2",US11105794 TABLE 4,public_domain,"grade_provisional; in-vitro rubric extension (see schema.md): ATP decrease=toxicity, value 66.0 % of control -> grade 2; patent's own in-vivo grade for this compound: Medium; condition: PTEC-TERT1"
MSR247,OLG054,in_vitro,human,PTEC_TERT1,proximal_tubule,gymnotic_free_uptake,100,uM,day 6,functional,EGF_supernatant,783.0,pct_of_saline,increase,+683%,3,TRUE,N3,"US 11,105,794 B2",US11105794 TABLE 4,public_domain,"grade_provisional; in-vitro rubric extension (see schema.md): EGF_supernatant increase=toxicity, value 783.0 % of control -> grade 3; patent's own in-vivo grade for this compound: Medium; condition: PTEC-TERT1"
MSR248,OLG054,in_vitro,human,PTEC_TERT1,proximal_tubule,gymnotic_free_uptake,100,uM,day 6,injury_biomarker,KIM-1_protein,65.0,pct_of_saline,decrease,-35%,0,TRUE,N3,"US 11,105,794 B2",US11105794 TABLE 4,public_domain,"grade_provisional; in-vitro rubric extension (see schema.md): KIM-1_protein increase=toxicity, value 65.0 % of control -> grade 0; patent's own in-vivo grade for this compound: Medium; condition: PTEC-TERT1"
MSR249,OLG054,in_vitro,human,PTEC_TERT1,proximal_tubule,gymnotic_free_uptake,100,uM,day 9,viability,ATP,60.0,pct_of_saline,decrease,-40%,2,TRUE,N3,"US 11,105,794 B2",US11105794 TABLE 4,public_domain,"grade_provisional; in-vitro rubric extension (see schema.md): ATP decrease=toxicity, value 60.0 % of control -> grade 2; patent's own in-vivo grade for this compound: Medium; condition: PTEC-TERT1"
MSR250,OLG055,in_vitro,human,PTEC_TERT1,proximal_tubule,gymnotic_free_uptake,10,uM,day 6,functional,EGF_supernatant,38.0,pct_of_saline,decrease,-62%,0,TRUE,N3,"US 11,105,794 B2",US11105794 TABLE 4,public_domain,"grade_provisional; in-vitro rubric extension (see schema.md): EGF_supernatant increase=toxicity, value 38.0 % of control -> grade 0; patent's own in-vivo grade for this compound: Medium; condition: PTEC-TERT1"
MSR251,OLG055,in_vitro,human,PTEC_TERT1,proximal_tubule,gymnotic_free_uptake,10,uM,day 6,injury_biomarker,KIM-1_protein,149.0,pct_of_saline,increase,+49%,0,TRUE,N3,"US 11,105,794 B2",US11105794 TABLE 4,public_domain,"grade_provisional; in-vitro rubric extension (see schema.md): KIM-1_protein increase=toxicity, value 149.0 % of control -> grade 0; patent's own in-vivo grade for this compound: Medium; condition: PTEC-TERT1"
MSR252,OLG055,in_vitro,human,PTEC_TERT1,proximal_tubule,gymnotic_free_uptake,10,uM,day 9,viability,ATP,136.0,pct_of_saline,increase,+36%,0,TRUE,N3,"US 11,105,794 B2",US11105794 TABLE 4,public_domain,"grade_provisional; in-vitro rubric extension (see schema.md): ATP decrease=toxicity, value 136.0 % of control -> grade 0; patent's own in-vivo grade for this compound: Medium; condition: PTEC-TERT1"
MSR253,OLG055,in_vitro,human,PTEC_TERT1,proximal_tubule,gymnotic_free_uptake,30,uM,day 6,functional,EGF_supernatant,127.0,pct_of_saline,increase,+27%,1,TRUE,N3,"US 11,105,794 B2",US11105794 TABLE 4,public_domain,"grade_provisional; in-vitro rubric extension (see schema.md): EGF_supernatant increase=toxicity, value 127.0 % of control -> grade 1; patent's own in-vivo grade for this compound: Medium; condition: PTEC-TERT1"
MSR254,OLG055,in_vitro,human,PTEC_TERT1,proximal_tubule,gymnotic_free_uptake,30,uM,day 6,injury_biomarker,KIM-1_protein,111.0,pct_of_saline,increase,+11%,0,TRUE,N3,"US 11,105,794 B2",US11105794 TABLE 4,public_domain,"grade_provisional; in-vitro rubric extension (see schema.md): KIM-1_protein increase=toxicity, value 111.0 % of control -> grade 0; patent's own in-vivo grade for this compound: Medium; condition: PTEC-TERT1"
MSR255,OLG055,in_vitro,human,PTEC_TERT1,proximal_tubule,gymnotic_free_uptake,30,uM,day 9,viability,ATP,135.0,pct_of_saline,increase,+35%,0,TRUE,N3,"US 11,105,794 B2",US11105794 TABLE 4,public_domain,"grade_provisional; in-vitro rubric extension (see schema.md): ATP decrease=toxicity, value 135.0 % of control -> grade 0; patent's own in-vivo grade for this compound: Medium; condition: PTEC-TERT1"
MSR256,OLG055,in_vitro,human,PTEC_TERT1,proximal_tubule,gymnotic_free_uptake,100,uM,day 6,functional,EGF_supernatant,371.0,pct_of_saline,increase,+271%,2,TRUE,N3,"US 11,105,794 B2",US11105794 TABLE 4,public_domain,"grade_provisional; in-vitro rubric extension (see schema.md): EGF_supernatant increase=toxicity, value 371.0 % of control -> grade 2; patent's own in-vivo grade for this compound: Medium; condition: PTEC-TERT1"
MSR257,OLG055,in_vitro,human,PTEC_TERT1,proximal_tubule,gymnotic_free_uptake,100,uM,day 6,injury_biomarker,KIM-1_protein,82.0,pct_of_saline,decrease,-18%,0,TRUE,N3,"US 11,105,794 B2",US11105794 TABLE 4,public_domain,"grade_provisional; in-vitro rubric extension (see schema.md): KIM-1_protein increase=toxicity, value 82.0 % of control -> grade 0; patent's own in-vivo grade for this compound: Medium; condition: PTEC-TERT1"
MSR258,OLG055,in_vitro,human,PTEC_TERT1,proximal_tubule,gymnotic_free_uptake,100,uM,day 9,viability,ATP,119.0,pct_of_saline,increase,+19%,0,TRUE,N3,"US 11,105,794 B2",US11105794 TABLE 4,public_domain,"grade_provisional; in-vitro rubric extension (see schema.md): ATP decrease=toxicity, value 119.0 % of control -> grade 0; patent's own in-vivo grade for this compound: Medium; condition: PTEC-TERT1"
MSR259,OLG056,in_vitro,human,PTEC_TERT1,proximal_tubule,gymnotic_free_uptake,10,uM,day 6,functional,EGF_supernatant,19.0,pct_of_saline,decrease,-81%,0,TRUE,N3,"US 11,105,794 B2",US11105794 TABLE 4,public_domain,"grade_provisional; in-vitro rubric extension (see schema.md): EGF_supernatant increase=toxicity, value 19.0 % of control -> grade 0; patent's own in-vivo grade for this compound: High; condition: PTEC-TERT1"
MSR260,OLG056,in_vitro,human,PTEC_TERT1,proximal_tubule,gymnotic_free_uptake,10,uM,day 6,injury_biomarker,KIM-1_protein,325.0,pct_of_saline,increase,+225%,2,TRUE,N3,"US 11,105,794 B2",US11105794 TABLE 4,public_domain,"grade_provisional; in-vitro rubric extension (see schema.md): KIM-1_protein increase=toxicity, value 325.0 % of control -> grade 2; patent's own in-vivo grade for this compound: High; condition: PTEC-TERT1"
MSR261,OLG056,in_vitro,human,PTEC_TERT1,proximal_tubule,gymnotic_free_uptake,10,uM,day 9,viability,ATP,132.0,pct_of_saline,increase,+32%,0,TRUE,N3,"US 11,105,794 B2",US11105794 TABLE 4,public_domain,"grade_provisional; in-vitro rubric extension (see schema.md): ATP decrease=toxicity, value 132.0 % of control -> grade 0; patent's own in-vivo grade for this compound: High; condition: PTEC-TERT1"
MSR262,OLG056,in_vitro,human,PTEC_TERT1,proximal_tubule,gymnotic_free_uptake,30,uM,day 6,functional,EGF_supernatant,27.0,pct_of_saline,decrease,-73%,0,TRUE,N3,"US 11,105,794 B2",US11105794 TABLE 4,public_domain,"grade_provisional; in-vitro rubric extension (see schema.md): EGF_supernatant increase=toxicity, value 27.0 % of control -> grade 0; patent's own in-vivo grade for this compound: High; condition: PTEC-TERT1"
MSR263,OLG056,in_vitro,human,PTEC_TERT1,proximal_tubule,gymnotic_free_uptake,30,uM,day 6,injury_biomarker,KIM-1_protein,379.0,pct_of_saline,increase,+279%,2,TRUE,N3,"US 11,105,794 B2",US11105794 TABLE 4,public_domain,"grade_provisional; in-vitro rubric extension (see schema.md): KIM-1_protein increase=toxicity, value 379.0 % of control -> grade 2; patent's own in-vivo grade for this compound: High; condition: PTEC-TERT1"
MSR264,OLG056,in_vitro,human,PTEC_TERT1,proximal_tubule,gymnotic_free_uptake,30,uM,day 9,viability,ATP,133.0,pct_of_saline,increase,+33%,0,TRUE,N3,"US 11,105,794 B2",US11105794 TABLE 4,public_domain,"grade_provisional; in-vitro rubric extension (see schema.md): ATP decrease=toxicity, value 133.0 % of control -> grade 0; patent's own in-vivo grade for this compound: High; condition: PTEC-TERT1"
MSR265,OLG056,in_vitro,human,PTEC_TERT1,proximal_tubule,gymnotic_free_uptake,100,uM,day 6,functional,EGF_supernatant,71.0,pct_of_saline,decrease,-29%,0,TRUE,N3,"US 11,105,794 B2",US11105794 TABLE 4,public_domain,"grade_provisional; in-vitro rubric extension (see schema.md): EGF_supernatant increase=toxicity, value 71.0 % of control -> grade 0; patent's own in-vivo grade for this compound: High; condition: PTEC-TERT1"
MSR266,OLG056,in_vitro,human,PTEC_TERT1,proximal_tubule,gymnotic_free_uptake,100,uM,day 6,injury_biomarker,KIM-1_protein,289.0,pct_of_saline,increase,+189%,2,TRUE,N3,"US 11,105,794 B2",US11105794 TABLE 4,public_domain,"grade_provisional; in-vitro rubric extension (see schema.md): KIM-1_protein increase=toxicity, value 289.0 % of control -> grade 2; patent's own in-vivo grade for this compound: High; condition: PTEC-TERT1"
MSR267,OLG056,in_vitro,human,PTEC_TERT1,proximal_tubule,gymnotic_free_uptake,100,uM,day 9,viability,ATP,90.0,pct_of_saline,decrease,-10%,0,TRUE,N3,"US 11,105,794 B2",US11105794 TABLE 4,public_domain,"grade_provisional; in-vitro rubric extension (see schema.md): ATP decrease=toxicity, value 90.0 % of control -> grade 0; patent's own in-vivo grade for this compound: High; condition: PTEC-TERT1"
MSR268,OLG057,in_vitro,human,PTEC_TERT1,proximal_tubule,gymnotic_free_uptake,10,uM,day 6,functional,EGF_supernatant,27.0,pct_of_saline,decrease,-73%,0,TRUE,N3,"US 11,105,794 B2",US11105794 TABLE 4,public_domain,"grade_provisional; in-vitro rubric extension (see schema.md): EGF_supernatant increase=toxicity, value 27.0 % of control -> grade 0; patent's own in-vivo grade for this compound: Medium; condition: PTEC-TERT1"
MSR269,OLG057,in_vitro,human,PTEC_TERT1,proximal_tubule,gymnotic_free_uptake,10,uM,day 6,injury_biomarker,KIM-1_protein,268.0,pct_of_saline,increase,+168%,2,TRUE,N3,"US 11,105,794 B2",US11105794 TABLE 4,public_domain,"grade_provisional; in-vitro rubric extension (see schema.md): KIM-1_protein increase=toxicity, value 268.0 % of control -> grade 2; patent's own in-vivo grade for this compound: Medium; condition: PTEC-TERT1"
MSR270,OLG057,in_vitro,human,PTEC_TERT1,proximal_tubule,gymnotic_free_uptake,10,uM,day 9,viability,ATP,124.0,pct_of_saline,increase,+24%,0,TRUE,N3,"US 11,105,794 B2",US11105794 TABLE 4,public_domain,"grade_provisional; in-vitro rubric extension (see schema.md): ATP decrease=toxicity, value 124.0 % of control -> grade 0; patent's own in-vivo grade for this compound: Medium; condition: PTEC-TERT1"
MSR271,OLG057,in_vitro,human,PTEC_TERT1,proximal_tubule,gymnotic_free_uptake,30,uM,day 6,functional,EGF_supernatant,29.0,pct_of_saline,decrease,-71%,0,TRUE,N3,"US 11,105,794 B2",US11105794 TABLE 4,public_domain,"grade_provisional; in-vitro rubric extension (see schema.md): EGF_supernatant increase=toxicity, value 29.0 % of control -> grade 0; patent's own in-vivo grade for this compound: Medium; condition: PTEC-TERT1"
MSR272,OLG057,in_vitro,human,PTEC_TERT1,proximal_tubule,gymnotic_free_uptake,30,uM,day 6,injury_biomarker,KIM-1_protein,242.0,pct_of_saline,increase,+142%,2,TRUE,N3,"US 11,105,794 B2",US11105794 TABLE 4,public_domain,"grade_provisional; in-vitro rubric extension (see schema.md): KIM-1_protein increase=toxicity, value 242.0 % of control -> grade 2; patent's own in-vivo grade for this compound: Medium; condition: PTEC-TERT1"
MSR273,OLG057,in_vitro,human,PTEC_TERT1,proximal_tubule,gymnotic_free_uptake,30,uM,day 9,viability,ATP,122.0,pct_of_saline,increase,+22%,0,TRUE,N3,"US 11,105,794 B2",US11105794 TABLE 4,public_domain,"grade_provisional; in-vitro rubric extension (see schema.md): ATP decrease=toxicity, value 122.0 % of control -> grade 0; patent's own in-vivo grade for this compound: Medium; condition: PTEC-TERT1"
MSR274,OLG057,in_vitro,human,PTEC_TERT1,proximal_tubule,gymnotic_free_uptake,100,uM,day 6,functional,EGF_supernatant,39.0,pct_of_saline,decrease,-61%,0,TRUE,N3,"US 11,105,794 B2",US11105794 TABLE 4,public_domain,"grade_provisional; in-vitro rubric extension (see schema.md): EGF_supernatant increase=toxicity, value 39.0 % of control -> grade 0; patent's own in-vivo grade for this compound: Medium; condition: PTEC-TERT1"
MSR275,OLG057,in_vitro,human,PTEC_TERT1,proximal_tubule,gymnotic_free_uptake,100,uM,day 6,injury_biomarker,KIM-1_protein,252.0,pct_of_saline,increase,+152%,2,TRUE,N3,"US 11,105,794 B2",US11105794 TABLE 4,public_domain,"grade_provisional; in-vitro rubric extension (see schema.md): KIM-1_protein increase=toxicity, value 252.0 % of control -> grade 2; patent's own in-vivo grade for this compound: Medium; condition: PTEC-TERT1"
MSR276,OLG057,in_vitro,human,PTEC_TERT1,proximal_tubule,gymnotic_free_uptake,100,uM,day 9,viability,ATP,114.0,pct_of_saline,increase,+14%,0,TRUE,N3,"US 11,105,794 B2",US11105794 TABLE 4,public_domain,"grade_provisional; in-vitro rubric extension (see schema.md): ATP decrease=toxicity, value 114.0 % of control -> grade 0; patent's own in-vivo grade for this compound: Medium; condition: PTEC-TERT1"
MSR277,OLG059,in_vitro,human,PTEC_TERT1,proximal_tubule,gymnotic_free_uptake,10,uM,day 6,functional,EGF_supernatant,38.0,pct_of_saline,decrease,-62%,0,TRUE,N3,"US 11,105,794 B2",US11105794 TABLE 4,public_domain,"grade_provisional; in-vitro rubric extension (see schema.md): EGF_supernatant increase=toxicity, value 38.0 % of control -> grade 0; patent's own in-vivo grade for this compound: Medium; condition: PTEC-TERT1"
MSR278,OLG059,in_vitro,human,PTEC_TERT1,proximal_tubule,gymnotic_free_uptake,10,uM,day 6,injury_biomarker,KIM-1_protein,43.0,pct_of_saline,decrease,-57%,0,TRUE,N3,"US 11,105,794 B2",US11105794 TABLE 4,public_domain,"grade_provisional; in-vitro rubric extension (see schema.md): KIM-1_protein increase=toxicity, value 43.0 % of control -> grade 0; patent's own in-vivo grade for this compound: Medium; condition: PTEC-TERT1"
MSR279,OLG059,in_vitro,human,PTEC_TERT1,proximal_tubule,gymnotic_free_uptake,10,uM,day 9,viability,ATP,101.0,pct_of_saline,increase,+1%,0,TRUE,N3,"US 11,105,794 B2",US11105794 TABLE 4,public_domain,"grade_provisional; in-vitro rubric extension (see schema.md): ATP decrease=toxicity, value 101.0 % of control -> grade 0; patent's own in-vivo grade for this compound: Medium; condition: PTEC-TERT1"
MSR280,OLG059,in_vitro,human,PTEC_TERT1,proximal_tubule,gymnotic_free_uptake,30,uM,day 6,functional,EGF_supernatant,76.0,pct_of_saline,decrease,-24%,0,TRUE,N3,"US 11,105,794 B2",US11105794 TABLE 4,public_domain,"grade_provisional; in-vitro rubric extension (see schema.md): EGF_supernatant increase=toxicity, value 76.0 % of control -> grade 0; patent's own in-vivo grade for this compound: Medium; condition: PTEC-TERT1"
MSR281,OLG059,in_vitro,human,PTEC_TERT1,proximal_tubule,gymnotic_free_uptake,30,uM,day 6,injury_biomarker,KIM-1_protein,34.0,pct_of_saline,decrease,-66%,0,TRUE,N3,"US 11,105,794 B2",US11105794 TABLE 4,public_domain,"grade_provisional; in-vitro rubric extension (see schema.md): KIM-1_protein increase=toxicity, value 34.0 % of control -> grade 0; patent's own in-vivo grade for this compound: Medium; condition: PTEC-TERT1"
MSR282,OLG059,in_vitro,human,PTEC_TERT1,proximal_tubule,gymnotic_free_uptake,30,uM,day 9,viability,ATP,92.0,pct_of_saline,decrease,-8%,0,TRUE,N3,"US 11,105,794 B2",US11105794 TABLE 4,public_domain,"grade_provisional; in-vitro rubric extension (see schema.md): ATP decrease=toxicity, value 92.0 % of control -> grade 0; patent's own in-vivo grade for this compound: Medium; condition: PTEC-TERT1"
MSR283,OLG059,in_vitro,human,PTEC_TERT1,proximal_tubule,gymnotic_free_uptake,100,uM,day 6,functional,EGF_supernatant,234.0,pct_of_saline,increase,+134%,2,TRUE,N3,"US 11,105,794 B2",US11105794 TABLE 4,public_domain,"grade_provisional; in-vitro rubric extension (see schema.md): EGF_supernatant increase=toxicity, value 234.0 % of control -> grade 2; patent's own in-vivo grade for this compound: Medium; condition: PTEC-TERT1"
MSR284,OLG059,in_vitro,human,PTEC_TERT1,proximal_tubule,gymnotic_free_uptake,100,uM,day 6,injury_biomarker,KIM-1_protein,25.0,pct_of_saline,decrease,-75%,0,TRUE,N3,"US 11,105,794 B2",US11105794 TABLE 4,public_domain,"grade_provisional; in-vitro rubric extension (see schema.md): KIM-1_protein increase=toxicity, value 25.0 % of control -> grade 0; patent's own in-vivo grade for this compound: Medium; condition: PTEC-TERT1"
MSR285,OLG059,in_vitro,human,PTEC_TERT1,proximal_tubule,gymnotic_free_uptake,100,uM,day 9,viability,ATP,52.0,pct_of_saline,decrease,-48%,2,TRUE,N3,"US 11,105,794 B2",US11105794 TABLE 4,public_domain,"grade_provisional; in-vitro rubric extension (see schema.md): ATP decrease=toxicity, value 52.0 % of control -> grade 2; patent's own in-vivo grade for this compound: Medium; condition: PTEC-TERT1"
MSR286,OLG062,in_vitro,human,PTEC_TERT1,proximal_tubule,gymnotic_free_uptake,10,uM,day 6,functional,EGF_supernatant,223.0,pct_of_saline,increase,+123%,2,TRUE,N3,"US 11,105,794 B2",US11105794 TABLE 4,public_domain,"grade_provisional; in-vitro rubric extension (see schema.md): EGF_supernatant increase=toxicity, value 223.0 % of control -> grade 2; patent's own in-vivo grade for this compound: Mild tox; condition: PTEC-TERT1"
MSR287,OLG062,in_vitro,human,PTEC_TERT1,proximal_tubule,gymnotic_free_uptake,10,uM,day 6,injury_biomarker,KIM-1_protein,188.0,pct_of_saline,increase,+88%,1,TRUE,N3,"US 11,105,794 B2",US11105794 TABLE 4,public_domain,"grade_provisional; in-vitro rubric extension (see schema.md): KIM-1_protein increase=toxicity, value 188.0 % of control -> grade 1; patent's own in-vivo grade for this compound: Mild tox; condition: PTEC-TERT1"
MSR288,OLG062,in_vitro,human,PTEC_TERT1,proximal_tubule,gymnotic_free_uptake,10,uM,day 9,viability,ATP,121.0,pct_of_saline,increase,+21%,0,TRUE,N3,"US 11,105,794 B2",US11105794 TABLE 4,public_domain,"grade_provisional; in-vitro rubric extension (see schema.md): ATP decrease=toxicity, value 121.0 % of control -> grade 0; patent's own in-vivo grade for this compound: Mild tox; condition: PTEC-TERT1"
MSR289,OLG062,in_vitro,human,PTEC_TERT1,proximal_tubule,gymnotic_free_uptake,30,uM,day 6,functional,EGF_supernatant,203.0,pct_of_saline,increase,+103%,2,TRUE,N3,"US 11,105,794 B2",US11105794 TABLE 4,public_domain,"grade_provisional; in-vitro rubric extension (see schema.md): EGF_supernatant increase=toxicity, value 203.0 % of control -> grade 2; patent's own in-vivo grade for this compound: Mild tox; condition: PTEC-TERT1"
MSR290,OLG062,in_vitro,human,PTEC_TERT1,proximal_tubule,gymnotic_free_uptake,30,uM,day 6,injury_biomarker,KIM-1_protein,193.0,pct_of_saline,increase,+93%,1,TRUE,N3,"US 11,105,794 B2",US11105794 TABLE 4,public_domain,"grade_provisional; in-vitro rubric extension (see schema.md): KIM-1_protein increase=toxicity, value 193.0 % of control -> grade 1; patent's own in-vivo grade for this compound: Mild tox; condition: PTEC-TERT1"
MSR291,OLG062,in_vitro,human,PTEC_TERT1,proximal_tubule,gymnotic_free_uptake,30,uM,day 9,viability,ATP,112.0,pct_of_saline,increase,+12%,0,TRUE,N3,"US 11,105,794 B2",US11105794 TABLE 4,public_domain,"grade_provisional; in-vitro rubric extension (see schema.md): ATP decrease=toxicity, value 112.0 % of control -> grade 0; patent's own in-vivo grade for this compound: Mild tox; condition: PTEC-TERT1"
MSR292,OLG062,in_vitro,human,PTEC_TERT1,proximal_tubule,gymnotic_free_uptake,100,uM,day 6,functional,EGF_supernatant,290.0,pct_of_saline,increase,+190%,2,TRUE,N3,"US 11,105,794 B2",US11105794 TABLE 4,public_domain,"grade_provisional; in-vitro rubric extension (see schema.md): EGF_supernatant increase=toxicity, value 290.0 % of control -> grade 2; patent's own in-vivo grade for this compound: Mild tox; condition: PTEC-TERT1"
MSR293,OLG062,in_vitro,human,PTEC_TERT1,proximal_tubule,gymnotic_free_uptake,100,uM,day 6,injury_biomarker,KIM-1_protein,181.0,pct_of_saline,increase,+81%,1,TRUE,N3,"US 11,105,794 B2",US11105794 TABLE 4,public_domain,"grade_provisional; in-vitro rubric extension (see schema.md): KIM-1_protein increase=toxicity, value 181.0 % of control -> grade 1; patent's own in-vivo grade for this compound: Mild tox; condition: PTEC-TERT1"
MSR294,OLG062,in_vitro,human,PTEC_TERT1,proximal_tubule,gymnotic_free_uptake,100,uM,day 9,viability,ATP,105.0,pct_of_saline,increase,+5%,0,TRUE,N3,"US 11,105,794 B2",US11105794 TABLE 4,public_domain,"grade_provisional; in-vitro rubric extension (see schema.md): ATP decrease=toxicity, value 105.0 % of control -> grade 0; patent's own in-vivo grade for this compound: Mild tox; condition: PTEC-TERT1"
MSR295,OLG063,in_vitro,human,PTEC_TERT1,proximal_tubule,gymnotic_free_uptake,10,uM,day 6,functional,EGF_supernatant,317.0,pct_of_saline,increase,+217%,2,TRUE,N3,"US 11,105,794 B2",US11105794 TABLE 4,public_domain,"grade_provisional; in-vitro rubric extension (see schema.md): EGF_supernatant increase=toxicity, value 317.0 % of control -> grade 2; patent's own in-vivo grade for this compound: Mild tox; condition: PTEC-TERT1"
MSR296,OLG063,in_vitro,human,PTEC_TERT1,proximal_tubule,gymnotic_free_uptake,10,uM,day 6,injury_biomarker,KIM-1_protein,120.0,pct_of_saline,increase,+20%,0,TRUE,N3,"US 11,105,794 B2",US11105794 TABLE 4,public_domain,"grade_provisional; in-vitro rubric extension (see schema.md): KIM-1_protein increase=toxicity, value 120.0 % of control -> grade 0; patent's own in-vivo grade for this compound: Mild tox; condition: PTEC-TERT1"
MSR297,OLG063,in_vitro,human,PTEC_TERT1,proximal_tubule,gymnotic_free_uptake,10,uM,day 9,viability,ATP,100.0,pct_of_saline,no_change,+0%,0,TRUE,N3,"US 11,105,794 B2",US11105794 TABLE 4,public_domain,"grade_provisional; in-vitro rubric extension (see schema.md): ATP decrease=toxicity, value 100.0 % of control -> grade 0; patent's own in-vivo grade for this compound: Mild tox; condition: PTEC-TERT1"
MSR298,OLG063,in_vitro,human,PTEC_TERT1,proximal_tubule,gymnotic_free_uptake,30,uM,day 6,functional,EGF_supernatant,310.0,pct_of_saline,increase,+210%,2,TRUE,N3,"US 11,105,794 B2",US11105794 TABLE 4,public_domain,"grade_provisional; in-vitro rubric extension (see schema.md): EGF_supernatant increase=toxicity, value 310.0 % of control -> grade 2; patent's own in-vivo grade for this compound: Mild tox; condition: PTEC-TERT1"
MSR299,OLG063,in_vitro,human,PTEC_TERT1,proximal_tubule,gymnotic_free_uptake,30,uM,day 6,injury_biomarker,KIM-1_protein,129.0,pct_of_saline,increase,+29%,0,TRUE,N3,"US 11,105,794 B2",US11105794 TABLE 4,public_domain,"grade_provisional; in-vitro rubric extension (see schema.md): KIM-1_protein increase=toxicity, value 129.0 % of control -> grade 0; patent's own in-vivo grade for this compound: Mild tox; condition: PTEC-TERT1"
MSR300,OLG063,in_vitro,human,PTEC_TERT1,proximal_tubule,gymnotic_free_uptake,30,uM,day 9,viability,ATP,90.0,pct_of_saline,decrease,-10%,0,TRUE,N3,"US 11,105,794 B2",US11105794 TABLE 4,public_domain,"grade_provisional; in-vitro rubric extension (see schema.md): ATP decrease=toxicity, value 90.0 % of control -> grade 0; patent's own in-vivo grade for this compound: Mild tox; condition: PTEC-TERT1"
MSR301,OLG063,in_vitro,human,PTEC_TERT1,proximal_tubule,gymnotic_free_uptake,100,uM,day 6,functional,EGF_supernatant,413.0,pct_of_saline,increase,+313%,3,TRUE,N3,"US 11,105,794 B2",US11105794 TABLE 4,public_domain,"grade_provisional; in-vitro rubric extension (see schema.md): EGF_supernatant increase=toxicity, value 413.0 % of control -> grade 3; patent's own in-vivo grade for this compound: Mild tox; condition: PTEC-TERT1"
MSR302,OLG063,in_vitro,human,PTEC_TERT1,proximal_tubule,gymnotic_free_uptake,100,uM,day 6,injury_biomarker,KIM-1_protein,77.0,pct_of_saline,decrease,-23%,0,TRUE,N3,"US 11,105,794 B2",US11105794 TABLE 4,public_domain,"grade_provisional; in-vitro rubric extension (see schema.md): KIM-1_protein increase=toxicity, value 77.0 % of control -> grade 0; patent's own in-vivo grade for this compound: Mild tox; condition: PTEC-TERT1"
MSR303,OLG063,in_vitro,human,PTEC_TERT1,proximal_tubule,gymnotic_free_uptake,100,uM,day 9,viability,ATP,76.0,pct_of_saline,decrease,-24%,1,TRUE,N3,"US 11,105,794 B2",US11105794 TABLE 4,public_domain,"grade_provisional; in-vitro rubric extension (see schema.md): ATP decrease=toxicity, value 76.0 % of control -> grade 1; patent's own in-vivo grade for this compound: Mild tox; condition: PTEC-TERT1"
MSR304,OLG060,in_vitro,human,PTEC_TERT1,proximal_tubule,gymnotic_free_uptake,10,uM,day 6,functional,EGF_supernatant,394.0,pct_of_saline,increase,+294%,2,TRUE,N3,"US 11,105,794 B2",US11105794 TABLE 4,public_domain,"grade_provisional; in-vitro rubric extension (see schema.md): EGF_supernatant increase=toxicity, value 394.0 % of control -> grade 2; patent's own in-vivo grade for this compound: Medium; condition: PTEC-TERT1"
MSR305,OLG060,in_vitro,human,PTEC_TERT1,proximal_tubule,gymnotic_free_uptake,10,uM,day 6,injury_biomarker,KIM-1_protein,160.0,pct_of_saline,increase,+60%,1,TRUE,N3,"US 11,105,794 B2",US11105794 TABLE 4,public_domain,"grade_provisional; in-vitro rubric extension (see schema.md): KIM-1_protein increase=toxicity, value 160.0 % of control -> grade 1; patent's own in-vivo grade for this compound: Medium; condition: PTEC-TERT1"
MSR306,OLG060,in_vitro,human,PTEC_TERT1,proximal_tubule,gymnotic_free_uptake,10,uM,day 9,viability,ATP,123.0,pct_of_saline,increase,+23%,0,TRUE,N3,"US 11,105,794 B2",US11105794 TABLE 4,public_domain,"grade_provisional; in-vitro rubric extension (see schema.md): ATP decrease=toxicity, value 123.0 % of control -> grade 0; patent's own in-vivo grade for this compound: Medium; condition: PTEC-TERT1"
MSR307,OLG060,in_vitro,human,PTEC_TERT1,proximal_tubule,gymnotic_free_uptake,30,uM,day 6,functional,EGF_supernatant,509.0,pct_of_saline,increase,+409%,3,TRUE,N3,"US 11,105,794 B2",US11105794 TABLE 4,public_domain,"grade_provisional; in-vitro rubric extension (see schema.md): EGF_supernatant increase=toxicity, value 509.0 % of control -> grade 3; patent's own in-vivo grade for this compound: Medium; condition: PTEC-TERT1"
MSR308,OLG060,in_vitro,human,PTEC_TERT1,proximal_tubule,gymnotic_free_uptake,30,uM,day 6,injury_biomarker,KIM-1_protein,164.0,pct_of_saline,increase,+64%,1,TRUE,N3,"US 11,105,794 B2",US11105794 TABLE 4,public_domain,"grade_provisional; in-vitro rubric extension (see schema.md): KIM-1_protein increase=toxicity, value 164.0 % of control -> grade 1; patent's own in-vivo grade for this compound: Medium; condition: PTEC-TERT1"
MSR309,OLG060,in_vitro,human,PTEC_TERT1,proximal_tubule,gymnotic_free_uptake,30,uM,day 9,viability,ATP,122.0,pct_of_saline,increase,+22%,0,TRUE,N3,"US 11,105,794 B2",US11105794 TABLE 4,public_domain,"grade_provisional; in-vitro rubric extension (see schema.md): ATP decrease=toxicity, value 122.0 % of control -> grade 0; patent's own in-vivo grade for this compound: Medium; condition: PTEC-TERT1"
MSR310,OLG060,in_vitro,human,PTEC_TERT1,proximal_tubule,gymnotic_free_uptake,100,uM,day 6,functional,EGF_supernatant,707.0,pct_of_saline,increase,+607%,3,TRUE,N3,"US 11,105,794 B2",US11105794 TABLE 4,public_domain,"grade_provisional; in-vitro rubric extension (see schema.md): EGF_supernatant increase=toxicity, value 707.0 % of control -> grade 3; patent's own in-vivo grade for this compound: Medium; condition: PTEC-TERT1"
MSR311,OLG060,in_vitro,human,PTEC_TERT1,proximal_tubule,gymnotic_free_uptake,100,uM,day 6,injury_biomarker,KIM-1_protein,129.0,pct_of_saline,increase,+29%,0,TRUE,N3,"US 11,105,794 B2",US11105794 TABLE 4,public_domain,"grade_provisional; in-vitro rubric extension (see schema.md): KIM-1_protein increase=toxicity, value 129.0 % of control -> grade 0; patent's own in-vivo grade for this compound: Medium; condition: PTEC-TERT1"
MSR312,OLG060,in_vitro,human,PTEC_TERT1,proximal_tubule,gymnotic_free_uptake,100,uM,day 9,viability,ATP,113.0,pct_of_saline,increase,+13%,0,TRUE,N3,"US 11,105,794 B2",US11105794 TABLE 4,public_domain,"grade_provisional; in-vitro rubric extension (see schema.md): ATP decrease=toxicity, value 113.0 % of control -> grade 0; patent's own in-vivo grade for this compound: Medium; condition: PTEC-TERT1"
MSR313,OLG064,in_vitro,human,PTEC_TERT1,proximal_tubule,gymnotic_free_uptake,10,uM,day 6,functional,EGF_supernatant,370.0,pct_of_saline,increase,+270%,2,TRUE,N3,"US 11,105,794 B2",US11105794 TABLE 4,public_domain,"grade_provisional; in-vitro rubric extension (see schema.md): EGF_supernatant increase=toxicity, value 370.0 % of control -> grade 2; patent's own in-vivo grade for this compound: High; condition: PTEC-TERT1"
MSR314,OLG064,in_vitro,human,PTEC_TERT1,proximal_tubule,gymnotic_free_uptake,10,uM,day 6,injury_biomarker,KIM-1_protein,75.0,pct_of_saline,decrease,-25%,0,TRUE,N3,"US 11,105,794 B2",US11105794 TABLE 4,public_domain,"grade_provisional; in-vitro rubric extension (see schema.md): KIM-1_protein increase=toxicity, value 75.0 % of control -> grade 0; patent's own in-vivo grade for this compound: High; condition: PTEC-TERT1"
MSR315,OLG064,in_vitro,human,PTEC_TERT1,proximal_tubule,gymnotic_free_uptake,10,uM,day 9,viability,ATP,67.0,pct_of_saline,decrease,-33%,2,TRUE,N3,"US 11,105,794 B2",US11105794 TABLE 4,public_domain,"grade_provisional; in-vitro rubric extension (see schema.md): ATP decrease=toxicity, value 67.0 % of control -> grade 2; patent's own in-vivo grade for this compound: High; condition: PTEC-TERT1"
MSR316,OLG064,in_vitro,human,PTEC_TERT1,proximal_tubule,gymnotic_free_uptake,30,uM,day 6,functional,EGF_supernatant,606.0,pct_of_saline,increase,+506%,3,TRUE,N3,"US 11,105,794 B2",US11105794 TABLE 4,public_domain,"grade_provisional; in-vitro rubric extension (see schema.md): EGF_supernatant increase=toxicity, value 606.0 % of control -> grade 3; patent's own in-vivo grade for this compound: High; condition: PTEC-TERT1"
MSR317,OLG064,in_vitro,human,PTEC_TERT1,proximal_tubule,gymnotic_free_uptake,30,uM,day 6,injury_biomarker,KIM-1_protein,57.0,pct_of_saline,decrease,-43%,0,TRUE,N3,"US 11,105,794 B2",US11105794 TABLE 4,public_domain,"grade_provisional; in-vitro rubric extension (see schema.md): KIM-1_protein increase=toxicity, value 57.0 % of control -> grade 0; patent's own in-vivo grade for this compound: High; condition: PTEC-TERT1"
MSR318,OLG064,in_vitro,human,PTEC_TERT1,proximal_tubule,gymnotic_free_uptake,30,uM,day 9,viability,ATP,54.0,pct_of_saline,decrease,-46%,2,TRUE,N3,"US 11,105,794 B2",US11105794 TABLE 4,public_domain,"grade_provisional; in-vitro rubric extension (see schema.md): ATP decrease=toxicity, value 54.0 % of control -> grade 2; patent's own in-vivo grade for this compound: High; condition: PTEC-TERT1"
MSR319,OLG064,in_vitro,human,PTEC_TERT1,proximal_tubule,gymnotic_free_uptake,100,uM,day 6,functional,EGF_supernatant,770.0,pct_of_saline,increase,+670%,3,TRUE,N3,"US 11,105,794 B2",US11105794 TABLE 4,public_domain,"grade_provisional; in-vitro rubric extension (see schema.md): EGF_supernatant increase=toxicity, value 770.0 % of control -> grade 3; patent's own in-vivo grade for this compound: High; condition: PTEC-TERT1"
MSR320,OLG064,in_vitro,human,PTEC_TERT1,proximal_tubule,gymnotic_free_uptake,100,uM,day 6,injury_biomarker,KIM-1_protein,28.0,pct_of_saline,decrease,-72%,0,TRUE,N3,"US 11,105,794 B2",US11105794 TABLE 4,public_domain,"grade_provisional; in-vitro rubric extension (see schema.md): KIM-1_protein increase=toxicity, value 28.0 % of control -> grade 0; patent's own in-vivo grade for this compound: High; condition: PTEC-TERT1"
MSR321,OLG064,in_vitro,human,PTEC_TERT1,proximal_tubule,gymnotic_free_uptake,100,uM,day 9,viability,ATP,40.0,pct_of_saline,decrease,-60%,3,TRUE,N3,"US 11,105,794 B2",US11105794 TABLE 4,public_domain,"grade_provisional; in-vitro rubric extension (see schema.md): ATP decrease=toxicity, value 40.0 % of control -> grade 3; patent's own in-vivo grade for this compound: High; condition: PTEC-TERT1"
MSR322,OLG061,in_vitro,human,PTEC_TERT1,proximal_tubule,gymnotic_free_uptake,10,uM,day 6,functional,EGF_supernatant,342.0,pct_of_saline,increase,+242%,2,TRUE,N3,"US 11,105,794 B2",US11105794 TABLE 4,public_domain,"grade_provisional; in-vitro rubric extension (see schema.md): EGF_supernatant increase=toxicity, value 342.0 % of control -> grade 2; patent's own in-vivo grade for this compound: High; condition: PTEC-TERT1"
MSR323,OLG061,in_vitro,human,PTEC_TERT1,proximal_tubule,gymnotic_free_uptake,10,uM,day 6,injury_biomarker,KIM-1_protein,167.0,pct_of_saline,increase,+67%,1,TRUE,N3,"US 11,105,794 B2",US11105794 TABLE 4,public_domain,"grade_provisional; in-vitro rubric extension (see schema.md): KIM-1_protein increase=toxicity, value 167.0 % of control -> grade 1; patent's own in-vivo grade for this compound: High; condition: PTEC-TERT1"
MSR324,OLG061,in_vitro,human,PTEC_TERT1,proximal_tubule,gymnotic_free_uptake,10,uM,day 9,viability,ATP,124.0,pct_of_saline,increase,+24%,0,TRUE,N3,"US 11,105,794 B2",US11105794 TABLE 4,public_domain,"grade_provisional; in-vitro rubric extension (see schema.md): ATP decrease=toxicity, value 124.0 % of control -> grade 0; patent's own in-vivo grade for this compound: High; condition: PTEC-TERT1"
MSR325,OLG061,in_vitro,human,PTEC_TERT1,proximal_tubule,gymnotic_free_uptake,30,uM,day 6,functional,EGF_supernatant,550.0,pct_of_saline,increase,+450%,3,TRUE,N3,"US 11,105,794 B2",US11105794 TABLE 4,public_domain,"grade_provisional; in-vitro rubric extension (see schema.md): EGF_supernatant increase=toxicity, value 550.0 % of control -> grade 3; patent's own in-vivo grade for this compound: High; condition: PTEC-TERT1"
MSR326,OLG061,in_vitro,human,PTEC_TERT1,proximal_tubule,gymnotic_free_uptake,30,uM,day 6,injury_biomarker,KIM-1_protein,202.0,pct_of_saline,increase,+102%,2,TRUE,N3,"US 11,105,794 B2",US11105794 TABLE 4,public_domain,"grade_provisional; in-vitro rubric extension (see schema.md): KIM-1_protein increase=toxicity, value 202.0 % of control -> grade 2; patent's own in-vivo grade for this compound: High; condition: PTEC-TERT1"
MSR327,OLG061,in_vitro,human,PTEC_TERT1,proximal_tubule,gymnotic_free_uptake,30,uM,day 9,viability,ATP,116.0,pct_of_saline,increase,+16%,0,TRUE,N3,"US 11,105,794 B2",US11105794 TABLE 4,public_domain,"grade_provisional; in-vitro rubric extension (see schema.md): ATP decrease=toxicity, value 116.0 % of control -> grade 0; patent's own in-vivo grade for this compound: High; condition: PTEC-TERT1"
MSR328,OLG061,in_vitro,human,PTEC_TERT1,proximal_tubule,gymnotic_free_uptake,100,uM,day 6,functional,EGF_supernatant,693.0,pct_of_saline,increase,+593%,3,TRUE,N3,"US 11,105,794 B2",US11105794 TABLE 4,public_domain,"grade_provisional; in-vitro rubric extension (see schema.md): EGF_supernatant increase=toxicity, value 693.0 % of control -> grade 3; patent's own in-vivo grade for this compound: High; condition: PTEC-TERT1"
MSR329,OLG061,in_vitro,human,PTEC_TERT1,proximal_tubule,gymnotic_free_uptake,100,uM,day 6,injury_biomarker,KIM-1_protein,140.0,pct_of_saline,increase,+40%,0,TRUE,N3,"US 11,105,794 B2",US11105794 TABLE 4,public_domain,"grade_provisional; in-vitro rubric extension (see schema.md): KIM-1_protein increase=toxicity, value 140.0 % of control -> grade 0; patent's own in-vivo grade for this compound: High; condition: PTEC-TERT1"
MSR330,OLG061,in_vitro,human,PTEC_TERT1,proximal_tubule,gymnotic_free_uptake,100,uM,day 9,viability,ATP,96.0,pct_of_saline,decrease,-4%,0,TRUE,N3,"US 11,105,794 B2",US11105794 TABLE 4,public_domain,"grade_provisional; in-vitro rubric extension (see schema.md): ATP decrease=toxicity, value 96.0 % of control -> grade 0; patent's own in-vivo grade for this compound: High; condition: PTEC-TERT1"
MSR331,OLG054,in_vitro,human,PTEC_TERT1,proximal_tubule,gymnotic_free_uptake,10,uM,day 6,functional,EGF_supernatant,305.0,pct_of_saline,increase,+205%,2,TRUE,N3,"US 11,105,794 B2",US11105794 TABLE 7,public_domain,"grade_provisional; in-vitro rubric extension (see schema.md): EGF_supernatant increase=toxicity, value 305.0 % of control -> grade 2; condition: PTEC-TERT1"
MSR332,OLG054,in_vitro,human,PTEC_TERT1,proximal_tubule,gymnotic_free_uptake,30,uM,day 6,functional,EGF_supernatant,1283.0,pct_of_saline,increase,+1183%,3,TRUE,N3,"US 11,105,794 B2",US11105794 TABLE 7,public_domain,"grade_provisional; in-vitro rubric extension (see schema.md): EGF_supernatant increase=toxicity, value 1283.0 % of control -> grade 3; condition: PTEC-TERT1"
MSR333,OLG068,in_vitro,human,PTEC_TERT1,proximal_tubule,gymnotic_free_uptake,10,uM,day 6,functional,EGF_supernatant,93.0,pct_of_saline,decrease,-7%,0,TRUE,N3,"US 11,105,794 B2",US11105794 TABLE 7,public_domain,"grade_provisional; in-vitro rubric extension (see schema.md): EGF_supernatant increase=toxicity, value 93.0 % of control -> grade 0; condition: PTEC-TERT1"
MSR334,OLG068,in_vitro,human,PTEC_TERT1,proximal_tubule,gymnotic_free_uptake,30,uM,day 6,functional,EGF_supernatant,156.0,pct_of_saline,increase,+56%,1,TRUE,N3,"US 11,105,794 B2",US11105794 TABLE 7,public_domain,"grade_provisional; in-vitro rubric extension (see schema.md): EGF_supernatant increase=toxicity, value 156.0 % of control -> grade 1; condition: PTEC-TERT1"
MSR335,OLG069,in_vitro,human,PTEC_TERT1,proximal_tubule,gymnotic_free_uptake,10,uM,day 6,functional,EGF_supernatant,248.0,pct_of_saline,increase,+148%,2,TRUE,N3,"US 11,105,794 B2",US11105794 TABLE 7,public_domain,"grade_provisional; in-vitro rubric extension (see schema.md): EGF_supernatant increase=toxicity, value 248.0 % of control -> grade 2; condition: PTEC-TERT1"
MSR336,OLG069,in_vitro,human,PTEC_TERT1,proximal_tubule,gymnotic_free_uptake,30,uM,day 6,functional,EGF_supernatant,1740.0,pct_of_saline,increase,+1640%,3,TRUE,N3,"US 11,105,794 B2",US11105794 TABLE 7,public_domain,"grade_provisional; in-vitro rubric extension (see schema.md): EGF_supernatant increase=toxicity, value 1740.0 % of control -> grade 3; condition: PTEC-TERT1"
MSR337,OLG070,in_vitro,human,PTEC_TERT1,proximal_tubule,gymnotic_free_uptake,10,uM,day 6,functional,EGF_supernatant,60.0,pct_of_saline,decrease,-40%,0,TRUE,N3,"US 11,105,794 B2",US11105794 TABLE 7,public_domain,"grade_provisional; in-vitro rubric extension (see schema.md): EGF_supernatant increase=toxicity, value 60.0 % of control -> grade 0; condition: PTEC-TERT1"
MSR338,OLG070,in_vitro,human,PTEC_TERT1,proximal_tubule,gymnotic_free_uptake,30,uM,day 6,functional,EGF_supernatant,157.0,pct_of_saline,increase,+57%,1,TRUE,N3,"US 11,105,794 B2",US11105794 TABLE 7,public_domain,"grade_provisional; in-vitro rubric extension (see schema.md): EGF_supernatant increase=toxicity, value 157.0 % of control -> grade 1; condition: PTEC-TERT1"
MSR339,OLG071,in_vitro,human,PTEC_TERT1,proximal_tubule,gymnotic_free_uptake,10,uM,day 6,functional,EGF_supernatant,369.0,pct_of_saline,increase,+269%,2,TRUE,N3,"US 11,105,794 B2",US11105794 TABLE 7,public_domain,"grade_provisional; in-vitro rubric extension (see schema.md): EGF_supernatant increase=toxicity, value 369.0 % of control -> grade 2; condition: PTEC-TERT1"
MSR340,OLG071,in_vitro,human,PTEC_TERT1,proximal_tubule,gymnotic_free_uptake,30,uM,day 6,functional,EGF_supernatant,1069.0,pct_of_saline,increase,+969%,3,TRUE,N3,"US 11,105,794 B2",US11105794 TABLE 7,public_domain,"grade_provisional; in-vitro rubric extension (see schema.md): EGF_supernatant increase=toxicity, value 1069.0 % of control -> grade 3; condition: PTEC-TERT1"
MSR341,OLG052,in_vitro,human,PTEC_TERT1,proximal_tubule,gymnotic_free_uptake,10,uM,day 6,functional,EGF_supernatant,8412.0,pct_of_saline,increase,+8312%,3,TRUE,N3,"US 11,105,794 B2",US11105794 TABLE 7,public_domain,"grade_provisional; in-vitro rubric extension (see schema.md): EGF_supernatant increase=toxicity, value 8412.0 % of control -> grade 3; condition: PTEC-TERT1"
MSR342,OLG052,in_vitro,human,PTEC_TERT1,proximal_tubule,gymnotic_free_uptake,30,uM,day 6,functional,EGF_supernatant,15126.0,pct_of_saline,increase,+15026%,3,TRUE,N3,"US 11,105,794 B2",US11105794 TABLE 7,public_domain,"grade_provisional; in-vitro rubric extension (see schema.md): EGF_supernatant increase=toxicity, value 15126.0 % of control -> grade 3; condition: PTEC-TERT1"
MSR343,OLG066,in_vitro,human,PTEC_TERT1,proximal_tubule,gymnotic_free_uptake,10,uM,day 6,functional,EGF_supernatant,5723.0,pct_of_saline,increase,+5623%,3,TRUE,N3,"US 11,105,794 B2",US11105794 TABLE 7,public_domain,"grade_provisional; in-vitro rubric extension (see schema.md): EGF_supernatant increase=toxicity, value 5723.0 % of control -> grade 3; condition: PTEC-TERT1"
MSR344,OLG066,in_vitro,human,PTEC_TERT1,proximal_tubule,gymnotic_free_uptake,30,uM,day 6,functional,EGF_supernatant,25199.0,pct_of_saline,increase,+25099%,3,TRUE,N3,"US 11,105,794 B2",US11105794 TABLE 7,public_domain,"grade_provisional; in-vitro rubric extension (see schema.md): EGF_supernatant increase=toxicity, value 25199.0 % of control -> grade 3; condition: PTEC-TERT1"
MSR345,OLG067,in_vitro,human,PTEC_TERT1,proximal_tubule,gymnotic_free_uptake,10,uM,day 6,functional,EGF_supernatant,869.0,pct_of_saline,increase,+769%,3,TRUE,N3,"US 11,105,794 B2",US11105794 TABLE 7,public_domain,"grade_provisional; in-vitro rubric extension (see schema.md): EGF_supernatant increase=toxicity, value 869.0 % of control -> grade 3; condition: PTEC-TERT1"
MSR346,OLG067,in_vitro,human,PTEC_TERT1,proximal_tubule,gymnotic_free_uptake,30,uM,day 6,functional,EGF_supernatant,3416.0,pct_of_saline,increase,+3316%,3,TRUE,N3,"US 11,105,794 B2",US11105794 TABLE 7,public_domain,"grade_provisional; in-vitro rubric extension (see schema.md): EGF_supernatant increase=toxicity, value 3416.0 % of control -> grade 3; condition: PTEC-TERT1"
MSR347,OLG048,in_vitro,human,PTEC_TERT1,proximal_tubule,gymnotic_free_uptake,10,uM,day 6,functional,EGF_supernatant,2622.0,pct_of_saline,increase,+2522%,3,TRUE,N3,"US 11,105,794 B2",US11105794 TABLE 7,public_domain,"grade_provisional; in-vitro rubric extension (see schema.md): EGF_supernatant increase=toxicity, value 2622.0 % of control -> grade 3; condition: PTEC-TERT1"
MSR348,OLG048,in_vitro,human,PTEC_TERT1,proximal_tubule,gymnotic_free_uptake,30,uM,day 6,functional,EGF_supernatant,7311.0,pct_of_saline,increase,+7211%,3,TRUE,N3,"US 11,105,794 B2",US11105794 TABLE 7,public_domain,"grade_provisional; in-vitro rubric extension (see schema.md): EGF_supernatant increase=toxicity, value 7311.0 % of control -> grade 3; condition: PTEC-TERT1"
MSR349,OLG046,in_vitro,human,PTEC_TERT1,proximal_tubule,gymnotic_free_uptake,100,uM,day 9,viability,ATP,85.0,pct_of_saline,decrease,-15%,0,TRUE,N3,"US 11,105,794 B2",US11105794 TABLE 10,public_domain,"grade_provisional; in-vitro rubric extension (see schema.md): ATP decrease=toxicity, value 85.0 % of control -> grade 0; condition: PTEC-TERT1 (0 ng/ml EGF in medium)"
MSR350,OLG046,in_vitro,human,PTEC_TERT1,proximal_tubule,gymnotic_free_uptake,100,uM,day 9,viability,ATP,89.0,pct_of_saline,decrease,-11%,0,TRUE,N3,"US 11,105,794 B2",US11105794 TABLE 10,public_domain,"grade_provisional; in-vitro rubric extension (see schema.md): ATP decrease=toxicity, value 89.0 % of control -> grade 0; condition: PTEC-TERT1 (1 ng/ml EGF in medium)"
MSR351,OLG046,in_vitro,human,PTEC_TERT1,proximal_tubule,gymnotic_free_uptake,100,uM,day 9,viability,ATP,104.0,pct_of_saline,increase,+4%,0,TRUE,N3,"US 11,105,794 B2",US11105794 TABLE 10,public_domain,"grade_provisional; in-vitro rubric extension (see schema.md): ATP decrease=toxicity, value 104.0 % of control -> grade 0; condition: PTEC-TERT1 (3 ng/ml EGF in medium)"
MSR352,OLG046,in_vitro,human,PTEC_TERT1,proximal_tubule,gymnotic_free_uptake,100,uM,day 9,viability,ATP,92.0,pct_of_saline,decrease,-8%,0,TRUE,N3,"US 11,105,794 B2",US11105794 TABLE 10,public_domain,"grade_provisional; in-vitro rubric extension (see schema.md): ATP decrease=toxicity, value 92.0 % of control -> grade 0; condition: PTEC-TERT1 (10 ng/ml EGF in medium)"
MSR353,OLG046,in_vitro,human,PTEC_TERT1,proximal_tubule,gymnotic_free_uptake,100,uM,day 9,viability,ATP,86.0,pct_of_saline,decrease,-14%,0,TRUE,N3,"US 11,105,794 B2",US11105794 TABLE 10,public_domain,"grade_provisional; in-vitro rubric extension (see schema.md): ATP decrease=toxicity, value 86.0 % of control -> grade 0; condition: PTEC-TERT1 (30 ng/ml EGF in medium)"
MSR354,OLG046,in_vitro,human,PTEC_TERT1,proximal_tubule,gymnotic_free_uptake,100,uM,day 9,viability,ATP,78.0,pct_of_saline,decrease,-22%,1,TRUE,N3,"US 11,105,794 B2",US11105794 TABLE 10,public_domain,"grade_provisional; in-vitro rubric extension (see schema.md): ATP decrease=toxicity, value 78.0 % of control -> grade 1; condition: PTEC-TERT1 (90 ng/ml EGF in medium)"
MSR355,OLG047,in_vitro,human,PTEC_TERT1,proximal_tubule,gymnotic_free_uptake,100,uM,day 9,viability,ATP,101.0,pct_of_saline,increase,+1%,0,TRUE,N3,"US 11,105,794 B2",US11105794 TABLE 10,public_domain,"grade_provisional; in-vitro rubric extension (see schema.md): ATP decrease=toxicity, value 101.0 % of control -> grade 0; condition: PTEC-TERT1 (0 ng/ml EGF in medium)"
MSR356,OLG047,in_vitro,human,PTEC_TERT1,proximal_tubule,gymnotic_free_uptake,100,uM,day 9,viability,ATP,106.0,pct_of_saline,increase,+6%,0,TRUE,N3,"US 11,105,794 B2",US11105794 TABLE 10,public_domain,"grade_provisional; in-vitro rubric extension (see schema.md): ATP decrease=toxicity, value 106.0 % of control -> grade 0; condition: PTEC-TERT1 (1 ng/ml EGF in medium)"
MSR357,OLG047,in_vitro,human,PTEC_TERT1,proximal_tubule,gymnotic_free_uptake,100,uM,day 9,viability,ATP,101.0,pct_of_saline,increase,+1%,0,TRUE,N3,"US 11,105,794 B2",US11105794 TABLE 10,public_domain,"grade_provisional; in-vitro rubric extension (see schema.md): ATP decrease=toxicity, value 101.0 % of control -> grade 0; condition: PTEC-TERT1 (3 ng/ml EGF in medium)"
MSR358,OLG047,in_vitro,human,PTEC_TERT1,proximal_tubule,gymnotic_free_uptake,100,uM,day 9,viability,ATP,63.0,pct_of_saline,decrease,-37%,2,TRUE,N3,"US 11,105,794 B2",US11105794 TABLE 10,public_domain,"grade_provisional; in-vitro rubric extension (see schema.md): ATP decrease=toxicity, value 63.0 % of control -> grade 2; condition: PTEC-TERT1 (10 ng/ml EGF in medium)"
MSR359,OLG047,in_vitro,human,PTEC_TERT1,proximal_tubule,gymnotic_free_uptake,100,uM,day 9,viability,ATP,59.0,pct_of_saline,decrease,-41%,2,TRUE,N3,"US 11,105,794 B2",US11105794 TABLE 10,public_domain,"grade_provisional; in-vitro rubric extension (see schema.md): ATP decrease=toxicity, value 59.0 % of control -> grade 2; condition: PTEC-TERT1 (30 ng/ml EGF in medium)"
MSR360,OLG047,in_vitro,human,PTEC_TERT1,proximal_tubule,gymnotic_free_uptake,100,uM,day 9,viability,ATP,56.0,pct_of_saline,decrease,-44%,2,TRUE,N3,"US 11,105,794 B2",US11105794 TABLE 10,public_domain,"grade_provisional; in-vitro rubric extension (see schema.md): ATP decrease=toxicity, value 56.0 % of control -> grade 2; condition: PTEC-TERT1 (90 ng/ml EGF in medium)"
MSR361,OLG048,in_vitro,human,PTEC_TERT1,proximal_tubule,gymnotic_free_uptake,100,uM,day 9,viability,ATP,88.0,pct_of_saline,decrease,-12%,0,TRUE,N3,"US 11,105,794 B2",US11105794 TABLE 10,public_domain,"grade_provisional; in-vitro rubric extension (see schema.md): ATP decrease=toxicity, value 88.0 % of control -> grade 0; condition: PTEC-TERT1 (0 ng/ml EGF in medium)"
MSR362,OLG048,in_vitro,human,PTEC_TERT1,proximal_tubule,gymnotic_free_uptake,100,uM,day 9,viability,ATP,95.0,pct_of_saline,decrease,-5%,0,TRUE,N3,"US 11,105,794 B2",US11105794 TABLE 10,public_domain,"grade_provisional; in-vitro rubric extension (see schema.md): ATP decrease=toxicity, value 95.0 % of control -> grade 0; condition: PTEC-TERT1 (1 ng/ml EGF in medium)"
MSR363,OLG048,in_vitro,human,PTEC_TERT1,proximal_tubule,gymnotic_free_uptake,100,uM,day 9,viability,ATP,62.0,pct_of_saline,decrease,-38%,2,TRUE,N3,"US 11,105,794 B2",US11105794 TABLE 10,public_domain,"grade_provisional; in-vitro rubric extension (see schema.md): ATP decrease=toxicity, value 62.0 % of control -> grade 2; condition: PTEC-TERT1 (3 ng/ml EGF in medium)"
MSR364,OLG048,in_vitro,human,PTEC_TERT1,proximal_tubule,gymnotic_free_uptake,100,uM,day 9,viability,ATP,29.0,pct_of_saline,decrease,-71%,3,TRUE,N3,"US 11,105,794 B2",US11105794 TABLE 10,public_domain,"grade_provisional; in-vitro rubric extension (see schema.md): ATP decrease=toxicity, value 29.0 % of control -> grade 3; condition: PTEC-TERT1 (10 ng/ml EGF in medium)"
MSR365,OLG048,in_vitro,human,PTEC_TERT1,proximal_tubule,gymnotic_free_uptake,100,uM,day 9,viability,ATP,30.0,pct_of_saline,decrease,-70%,3,TRUE,N3,"US 11,105,794 B2",US11105794 TABLE 10,public_domain,"grade_provisional; in-vitro rubric extension (see schema.md): ATP decrease=toxicity, value 30.0 % of control -> grade 3; condition: PTEC-TERT1 (30 ng/ml EGF in medium)"
MSR366,OLG048,in_vitro,human,PTEC_TERT1,proximal_tubule,gymnotic_free_uptake,100,uM,day 9,viability,ATP,30.0,pct_of_saline,decrease,-70%,3,TRUE,N3,"US 11,105,794 B2",US11105794 TABLE 10,public_domain,"grade_provisional; in-vitro rubric extension (see schema.md): ATP decrease=toxicity, value 30.0 % of control -> grade 3; condition: PTEC-TERT1 (90 ng/ml EGF in medium)"
MSR367,OLG045,in_vitro,human,PTEC_TERT1,proximal_tubule,gymnotic_free_uptake,100,uM,day 9,viability,ATP,108.61,pct_of_saline,increase,+9%,0,TRUE,N3,"US 11,105,794 B2",US11105794 TABLE 12,public_domain,"grade_provisional; in-vitro rubric extension (see schema.md): ATP decrease=toxicity, value 108.61 % of control -> grade 0; patent's own in-vivo grade for this compound: Innocuous; condition: PTEC-TERT1, gymnosis, 10 ng/ml EGF, no erlotinib"
MSR368,OLG045,in_vitro,human,PTEC_TERT1,proximal_tubule,gymnotic_free_uptake,100,uM,day 9,viability,ATP,95.54,pct_of_saline,decrease,-4%,0,TRUE,N3,"US 11,105,794 B2",US11105794 TABLE 12,public_domain,"grade_provisional; in-vitro rubric extension (see schema.md): ATP decrease=toxicity, value 95.54 % of control -> grade 0; patent's own in-vivo grade for this compound: Innocuous; condition: PTEC-TERT1, gymnosis, 10 ng/ml EGF, 5 uM erlotinib"
MSR369,OLG046,in_vitro,human,PTEC_TERT1,proximal_tubule,gymnotic_free_uptake,100,uM,day 9,viability,ATP,107.67,pct_of_saline,increase,+8%,0,TRUE,N3,"US 11,105,794 B2",US11105794 TABLE 12,public_domain,"grade_provisional; in-vitro rubric extension (see schema.md): ATP decrease=toxicity, value 107.67 % of control -> grade 0; patent's own in-vivo grade for this compound: low; condition: PTEC-TERT1, gymnosis, 10 ng/ml EGF, no erlotinib"
MSR370,OLG046,in_vitro,human,PTEC_TERT1,proximal_tubule,gymnotic_free_uptake,100,uM,day 9,viability,ATP,84.31,pct_of_saline,decrease,-16%,1,TRUE,N3,"US 11,105,794 B2",US11105794 TABLE 12,public_domain,"grade_provisional; in-vitro rubric extension (see schema.md): ATP decrease=toxicity, value 84.31 % of control -> grade 1; patent's own in-vivo grade for this compound: low; condition: PTEC-TERT1, gymnosis, 10 ng/ml EGF, 5 uM erlotinib"
MSR371,OLG050,in_vitro,human,PTEC_TERT1,proximal_tubule,gymnotic_free_uptake,100,uM,day 9,viability,ATP,102.45,pct_of_saline,increase,+2%,0,TRUE,N3,"US 11,105,794 B2",US11105794 TABLE 12,public_domain,"grade_provisional; in-vitro rubric extension (see schema.md): ATP decrease=toxicity, value 102.45 % of control -> grade 0; patent's own in-vivo grade for this compound: Innocuous; condition: PTEC-TERT1, gymnosis, 10 ng/ml EGF, no erlotinib"
MSR372,OLG050,in_vitro,human,PTEC_TERT1,proximal_tubule,gymnotic_free_uptake,100,uM,day 9,viability,ATP,104.16,pct_of_saline,increase,+4%,0,TRUE,N3,"US 11,105,794 B2",US11105794 TABLE 12,public_domain,"grade_provisional; in-vitro rubric extension (see schema.md): ATP decrease=toxicity, value 104.16 % of control -> grade 0; patent's own in-vivo grade for this compound: Innocuous; condition: PTEC-TERT1, gymnosis, 10 ng/ml EGF, 5 uM erlotinib"
MSR373,OLG047,in_vitro,human,PTEC_TERT1,proximal_tubule,gymnotic_free_uptake,100,uM,day 9,viability,ATP,87.67,pct_of_saline,decrease,-12%,0,TRUE,N3,"US 11,105,794 B2",US11105794 TABLE 12,public_domain,"grade_provisional; in-vitro rubric extension (see schema.md): ATP decrease=toxicity, value 87.67 % of control -> grade 0; patent's own in-vivo grade for this compound: Medium; condition: PTEC-TERT1, gymnosis, 10 ng/ml EGF, no erlotinib"
MSR374,OLG047,in_vitro,human,PTEC_TERT1,proximal_tubule,gymnotic_free_uptake,100,uM,day 9,viability,ATP,89.59,pct_of_saline,decrease,-10%,0,TRUE,N3,"US 11,105,794 B2",US11105794 TABLE 12,public_domain,"grade_provisional; in-vitro rubric extension (see schema.md): ATP decrease=toxicity, value 89.59 % of control -> grade 0; patent's own in-vivo grade for this compound: Medium; condition: PTEC-TERT1, gymnosis, 10 ng/ml EGF, 5 uM erlotinib"
MSR375,OLG049,in_vitro,human,PTEC_TERT1,proximal_tubule,gymnotic_free_uptake,100,uM,day 9,viability,ATP,82.9,pct_of_saline,decrease,-17%,1,TRUE,N3,"US 11,105,794 B2",US11105794 TABLE 12,public_domain,"grade_provisional; in-vitro rubric extension (see schema.md): ATP decrease=toxicity, value 82.9 % of control -> grade 1; patent's own in-vivo grade for this compound: High; condition: PTEC-TERT1, gymnosis, 10 ng/ml EGF, no erlotinib"
MSR376,OLG049,in_vitro,human,PTEC_TERT1,proximal_tubule,gymnotic_free_uptake,100,uM,day 9,viability,ATP,89.58,pct_of_saline,decrease,-10%,0,TRUE,N3,"US 11,105,794 B2",US11105794 TABLE 12,public_domain,"grade_provisional; in-vitro rubric extension (see schema.md): ATP decrease=toxicity, value 89.58 % of control -> grade 0; patent's own in-vivo grade for this compound: High; condition: PTEC-TERT1, gymnosis, 10 ng/ml EGF, 5 uM erlotinib"
MSR377,OLG048,in_vitro,human,PTEC_TERT1,proximal_tubule,gymnotic_free_uptake,100,uM,day 9,viability,ATP,65.71,pct_of_saline,decrease,-34%,2,TRUE,N3,"US 11,105,794 B2",US11105794 TABLE 12,public_domain,"grade_provisional; in-vitro rubric extension (see schema.md): ATP decrease=toxicity, value 65.71 % of control -> grade 2; patent's own in-vivo grade for this compound: High; condition: PTEC-TERT1, gymnosis, 10 ng/ml EGF, no erlotinib"
MSR378,OLG048,in_vitro,human,PTEC_TERT1,proximal_tubule,gymnotic_free_uptake,100,uM,day 9,viability,ATP,94.44,pct_of_saline,decrease,-6%,0,TRUE,N3,"US 11,105,794 B2",US11105794 TABLE 12,public_domain,"grade_provisional; in-vitro rubric extension (see schema.md): ATP decrease=toxicity, value 94.44 % of control -> grade 0; patent's own in-vivo grade for this compound: High; condition: PTEC-TERT1, gymnosis, 10 ng/ml EGF, 5 uM erlotinib"
MSR379,OLG052,in_vitro,human,PTEC_TERT1,proximal_tubule,gymnotic_free_uptake,100,uM,day 9,viability,ATP,50.28,pct_of_saline,decrease,-50%,2,TRUE,N3,"US 11,105,794 B2",US11105794 TABLE 12,public_domain,"grade_provisional; in-vitro rubric extension (see schema.md): ATP decrease=toxicity, value 50.28 % of control -> grade 2; patent's own in-vivo grade for this compound: High; condition: PTEC-TERT1, gymnosis, 10 ng/ml EGF, no erlotinib"
MSR380,OLG052,in_vitro,human,PTEC_TERT1,proximal_tubule,gymnotic_free_uptake,100,uM,day 9,viability,ATP,97.47,pct_of_saline,decrease,-3%,0,TRUE,N3,"US 11,105,794 B2",US11105794 TABLE 12,public_domain,"grade_provisional; in-vitro rubric extension (see schema.md): ATP decrease=toxicity, value 97.47 % of control -> grade 0; patent's own in-vivo grade for this compound: High; condition: PTEC-TERT1, gymnosis, 10 ng/ml EGF, 5 uM erlotinib"
MSR381,OLG045,in_vitro,human,PTEC_TERT1,proximal_tubule,gymnotic_free_uptake,3,uM,day 6,viability,ATP,97.84,pct_of_saline,decrease,-2%,0,TRUE,N3,"US 11,105,794 B2",US11105794 TABLE 13,public_domain,"grade_provisional; in-vitro rubric extension (see schema.md): ATP decrease=toxicity, value 97.84 % of control -> grade 0; patent's own in-vivo grade for this compound: Innocuous; condition: PTEC-TERT1, gymnosis, single treatment"
MSR382,OLG045,in_vitro,human,PTEC_TERT1,proximal_tubule,gymnotic_free_uptake,3,uM,day 9,viability,ATP,95.07,pct_of_saline,decrease,-5%,0,TRUE,N3,"US 11,105,794 B2",US11105794 TABLE 13,public_domain,"grade_provisional; in-vitro rubric extension (see schema.md): ATP decrease=toxicity, value 95.07 % of control -> grade 0; patent's own in-vivo grade for this compound: Innocuous; condition: PTEC-TERT1, gymnosis, single treatment"
MSR383,OLG045,in_vitro,human,PTEC_TERT1,proximal_tubule,gymnotic_free_uptake,10,uM,day 6,viability,ATP,98.29,pct_of_saline,decrease,-2%,0,TRUE,N3,"US 11,105,794 B2",US11105794 TABLE 13,public_domain,"grade_provisional; in-vitro rubric extension (see schema.md): ATP decrease=toxicity, value 98.29 % of control -> grade 0; patent's own in-vivo grade for this compound: Innocuous; condition: PTEC-TERT1, gymnosis, single treatment"
MSR384,OLG045,in_vitro,human,PTEC_TERT1,proximal_tubule,gymnotic_free_uptake,10,uM,day 9,viability,ATP,89.96,pct_of_saline,decrease,-10%,0,TRUE,N3,"US 11,105,794 B2",US11105794 TABLE 13,public_domain,"grade_provisional; in-vitro rubric extension (see schema.md): ATP decrease=toxicity, value 89.96 % of control -> grade 0; patent's own in-vivo grade for this compound: Innocuous; condition: PTEC-TERT1, gymnosis, single treatment"
MSR385,OLG045,in_vitro,human,PTEC_TERT1,proximal_tubule,gymnotic_free_uptake,30,uM,day 6,viability,ATP,99.61,pct_of_saline,decrease,-0%,0,TRUE,N3,"US 11,105,794 B2",US11105794 TABLE 13,public_domain,"grade_provisional; in-vitro rubric extension (see schema.md): ATP decrease=toxicity, value 99.61 % of control -> grade 0; patent's own in-vivo grade for this compound: Innocuous; condition: PTEC-TERT1, gymnosis, single treatment"
MSR386,OLG045,in_vitro,human,PTEC_TERT1,proximal_tubule,gymnotic_free_uptake,30,uM,day 9,viability,ATP,94.13,pct_of_saline,decrease,-6%,0,TRUE,N3,"US 11,105,794 B2",US11105794 TABLE 13,public_domain,"grade_provisional; in-vitro rubric extension (see schema.md): ATP decrease=toxicity, value 94.13 % of control -> grade 0; patent's own in-vivo grade for this compound: Innocuous; condition: PTEC-TERT1, gymnosis, single treatment"
MSR387,OLG045,in_vitro,human,PTEC_TERT1,proximal_tubule,gymnotic_free_uptake,100,uM,day 6,viability,ATP,94.98,pct_of_saline,decrease,-5%,0,TRUE,N3,"US 11,105,794 B2",US11105794 TABLE 13,public_domain,"grade_provisional; in-vitro rubric extension (see schema.md): ATP decrease=toxicity, value 94.98 % of control -> grade 0; patent's own in-vivo grade for this compound: Innocuous; condition: PTEC-TERT1, gymnosis, single treatment"
MSR388,OLG045,in_vitro,human,PTEC_TERT1,proximal_tubule,gymnotic_free_uptake,100,uM,day 9,viability,ATP,89.84,pct_of_saline,decrease,-10%,0,TRUE,N3,"US 11,105,794 B2",US11105794 TABLE 13,public_domain,"grade_provisional; in-vitro rubric extension (see schema.md): ATP decrease=toxicity, value 89.84 % of control -> grade 0; patent's own in-vivo grade for this compound: Innocuous; condition: PTEC-TERT1, gymnosis, single treatment"
MSR389,OLG047,in_vitro,human,PTEC_TERT1,proximal_tubule,gymnotic_free_uptake,3,uM,day 6,viability,ATP,114.58,pct_of_saline,increase,+15%,0,TRUE,N3,"US 11,105,794 B2",US11105794 TABLE 13,public_domain,"grade_provisional; in-vitro rubric extension (see schema.md): ATP decrease=toxicity, value 114.58 % of control -> grade 0; patent's own in-vivo grade for this compound: Medium; condition: PTEC-TERT1, gymnosis, single treatment"
MSR390,OLG047,in_vitro,human,PTEC_TERT1,proximal_tubule,gymnotic_free_uptake,3,uM,day 9,viability,ATP,100.99,pct_of_saline,increase,+1%,0,TRUE,N3,"US 11,105,794 B2",US11105794 TABLE 13,public_domain,"grade_provisional; in-vitro rubric extension (see schema.md): ATP decrease=toxicity, value 100.99 % of control -> grade 0; patent's own in-vivo grade for this compound: Medium; condition: PTEC-TERT1, gymnosis, single treatment"
MSR391,OLG047,in_vitro,human,PTEC_TERT1,proximal_tubule,gymnotic_free_uptake,10,uM,day 6,viability,ATP,122.34,pct_of_saline,increase,+22%,0,TRUE,N3,"US 11,105,794 B2",US11105794 TABLE 13,public_domain,"grade_provisional; in-vitro rubric extension (see schema.md): ATP decrease=toxicity, value 122.34 % of control -> grade 0; patent's own in-vivo grade for this compound: Medium; condition: PTEC-TERT1, gymnosis, single treatment"
MSR392,OLG047,in_vitro,human,PTEC_TERT1,proximal_tubule,gymnotic_free_uptake,10,uM,day 9,viability,ATP,106.57,pct_of_saline,increase,+7%,0,TRUE,N3,"US 11,105,794 B2",US11105794 TABLE 13,public_domain,"grade_provisional; in-vitro rubric extension (see schema.md): ATP decrease=toxicity, value 106.57 % of control -> grade 0; patent's own in-vivo grade for this compound: Medium; condition: PTEC-TERT1, gymnosis, single treatment"
MSR393,OLG047,in_vitro,human,PTEC_TERT1,proximal_tubule,gymnotic_free_uptake,30,uM,day 6,viability,ATP,114.36,pct_of_saline,increase,+14%,0,TRUE,N3,"US 11,105,794 B2",US11105794 TABLE 13,public_domain,"grade_provisional; in-vitro rubric extension (see schema.md): ATP decrease=toxicity, value 114.36 % of control -> grade 0; patent's own in-vivo grade for this compound: Medium; condition: PTEC-TERT1, gymnosis, single treatment"
MSR394,OLG047,in_vitro,human,PTEC_TERT1,proximal_tubule,gymnotic_free_uptake,30,uM,day 9,viability,ATP,105.09,pct_of_saline,increase,+5%,0,TRUE,N3,"US 11,105,794 B2",US11105794 TABLE 13,public_domain,"grade_provisional; in-vitro rubric extension (see schema.md): ATP decrease=toxicity, value 105.09 % of control -> grade 0; patent's own in-vivo grade for this compound: Medium; condition: PTEC-TERT1, gymnosis, single treatment"
MSR395,OLG047,in_vitro,human,PTEC_TERT1,proximal_tubule,gymnotic_free_uptake,100,uM,day 6,viability,ATP,105.44,pct_of_saline,increase,+5%,0,TRUE,N3,"US 11,105,794 B2",US11105794 TABLE 13,public_domain,"grade_provisional; in-vitro rubric extension (see schema.md): ATP decrease=toxicity, value 105.44 % of control -> grade 0; patent's own in-vivo grade for this compound: Medium; condition: PTEC-TERT1, gymnosis, single treatment"
MSR396,OLG047,in_vitro,human,PTEC_TERT1,proximal_tubule,gymnotic_free_uptake,100,uM,day 9,viability,ATP,89.54,pct_of_saline,decrease,-10%,0,TRUE,N3,"US 11,105,794 B2",US11105794 TABLE 13,public_domain,"grade_provisional; in-vitro rubric extension (see schema.md): ATP decrease=toxicity, value 89.54 % of control -> grade 0; patent's own in-vivo grade for this compound: Medium; condition: PTEC-TERT1, gymnosis, single treatment"
MSR397,OLG048,in_vitro,human,PTEC_TERT1,proximal_tubule,gymnotic_free_uptake,3,uM,day 6,viability,ATP,100.51,pct_of_saline,increase,+1%,0,TRUE,N3,"US 11,105,794 B2",US11105794 TABLE 13,public_domain,"grade_provisional; in-vitro rubric extension (see schema.md): ATP decrease=toxicity, value 100.51 % of control -> grade 0; patent's own in-vivo grade for this compound: High; condition: PTEC-TERT1, gymnosis, single treatment"
MSR398,OLG048,in_vitro,human,PTEC_TERT1,proximal_tubule,gymnotic_free_uptake,3,uM,day 9,viability,ATP,76.84,pct_of_saline,decrease,-23%,1,TRUE,N3,"US 11,105,794 B2",US11105794 TABLE 13,public_domain,"grade_provisional; in-vitro rubric extension (see schema.md): ATP decrease=toxicity, value 76.84 % of control -> grade 1; patent's own in-vivo grade for this compound: High; condition: PTEC-TERT1, gymnosis, single treatment"
MSR399,OLG048,in_vitro,human,PTEC_TERT1,proximal_tubule,gymnotic_free_uptake,10,uM,day 6,viability,ATP,96.6,pct_of_saline,decrease,-3%,0,TRUE,N3,"US 11,105,794 B2",US11105794 TABLE 13,public_domain,"grade_provisional; in-vitro rubric extension (see schema.md): ATP decrease=toxicity, value 96.6 % of control -> grade 0; patent's own in-vivo grade for this compound: High; condition: PTEC-TERT1, gymnosis, single treatment"
MSR400,OLG048,in_vitro,human,PTEC_TERT1,proximal_tubule,gymnotic_free_uptake,10,uM,day 9,viability,ATP,70.64,pct_of_saline,decrease,-29%,1,TRUE,N3,"US 11,105,794 B2",US11105794 TABLE 13,public_domain,"grade_provisional; in-vitro rubric extension (see schema.md): ATP decrease=toxicity, value 70.64 % of control -> grade 1; patent's own in-vivo grade for this compound: High; condition: PTEC-TERT1, gymnosis, single treatment"
MSR401,OLG048,in_vitro,human,PTEC_TERT1,proximal_tubule,gymnotic_free_uptake,30,uM,day 6,viability,ATP,83.98,pct_of_saline,decrease,-16%,1,TRUE,N3,"US 11,105,794 B2",US11105794 TABLE 13,public_domain,"grade_provisional; in-vitro rubric extension (see schema.md): ATP decrease=toxicity, value 83.98 % of control -> grade 1; patent's own in-vivo grade for this compound: High; condition: PTEC-TERT1, gymnosis, single treatment"
MSR402,OLG048,in_vitro,human,PTEC_TERT1,proximal_tubule,gymnotic_free_uptake,30,uM,day 9,viability,ATP,54.7,pct_of_saline,decrease,-45%,2,TRUE,N3,"US 11,105,794 B2",US11105794 TABLE 13,public_domain,"grade_provisional; in-vitro rubric extension (see schema.md): ATP decrease=toxicity, value 54.7 % of control -> grade 2; patent's own in-vivo grade for this compound: High; condition: PTEC-TERT1, gymnosis, single treatment"
MSR403,OLG048,in_vitro,human,PTEC_TERT1,proximal_tubule,gymnotic_free_uptake,100,uM,day 6,viability,ATP,62.39,pct_of_saline,decrease,-38%,2,TRUE,N3,"US 11,105,794 B2",US11105794 TABLE 13,public_domain,"grade_provisional; in-vitro rubric extension (see schema.md): ATP decrease=toxicity, value 62.39 % of control -> grade 2; patent's own in-vivo grade for this compound: High; condition: PTEC-TERT1, gymnosis, single treatment"
MSR404,OLG048,in_vitro,human,PTEC_TERT1,proximal_tubule,gymnotic_free_uptake,100,uM,day 9,viability,ATP,41.34,pct_of_saline,decrease,-59%,3,TRUE,N3,"US 11,105,794 B2",US11105794 TABLE 13,public_domain,"grade_provisional; in-vitro rubric extension (see schema.md): ATP decrease=toxicity, value 41.34 % of control -> grade 3; patent's own in-vivo grade for this compound: High; condition: PTEC-TERT1, gymnosis, single treatment"
MSR405,OLG045,in_vitro,human,PTEC_TERT1,proximal_tubule,gymnotic_free_uptake,3,uM,day 6,viability,ATP,94.25,pct_of_saline,decrease,-6%,0,TRUE,N3,"US 11,105,794 B2",US11105794 TABLE 14,public_domain,"grade_provisional; in-vitro rubric extension (see schema.md): ATP decrease=toxicity, value 94.25 % of control -> grade 0; patent's own in-vivo grade for this compound: Innocuous; condition: PTEC-TERT1"
MSR406,OLG045,in_vitro,human,PTEC_TERT1,proximal_tubule,gymnotic_free_uptake,3,uM,day 9,viability,ATP,92.28,pct_of_saline,decrease,-8%,0,TRUE,N3,"US 11,105,794 B2",US11105794 TABLE 14,public_domain,"grade_provisional; in-vitro rubric extension (see schema.md): ATP decrease=toxicity, value 92.28 % of control -> grade 0; patent's own in-vivo grade for this compound: Innocuous; condition: PTEC-TERT1"
MSR407,OLG045,in_vitro,human,PTEC_TERT1,proximal_tubule,gymnotic_free_uptake,10,uM,day 6,viability,ATP,96.43,pct_of_saline,decrease,-4%,0,TRUE,N3,"US 11,105,794 B2",US11105794 TABLE 14,public_domain,"grade_provisional; in-vitro rubric extension (see schema.md): ATP decrease=toxicity, value 96.43 % of control -> grade 0; patent's own in-vivo grade for this compound: Innocuous; condition: PTEC-TERT1"
MSR408,OLG045,in_vitro,human,PTEC_TERT1,proximal_tubule,gymnotic_free_uptake,10,uM,day 9,viability,ATP,90.75,pct_of_saline,decrease,-9%,0,TRUE,N3,"US 11,105,794 B2",US11105794 TABLE 14,public_domain,"grade_provisional; in-vitro rubric extension (see schema.md): ATP decrease=toxicity, value 90.75 % of control -> grade 0; patent's own in-vivo grade for this compound: Innocuous; condition: PTEC-TERT1"
MSR409,OLG045,in_vitro,human,PTEC_TERT1,proximal_tubule,gymnotic_free_uptake,30,uM,day 6,viability,ATP,98.37,pct_of_saline,decrease,-2%,0,TRUE,N3,"US 11,105,794 B2",US11105794 TABLE 14,public_domain,"grade_provisional; in-vitro rubric extension (see schema.md): ATP decrease=toxicity, value 98.37 % of control -> grade 0; patent's own in-vivo grade for this compound: Innocuous; condition: PTEC-TERT1"
MSR410,OLG045,in_vitro,human,PTEC_TERT1,proximal_tubule,gymnotic_free_uptake,30,uM,day 9,viability,ATP,90.76,pct_of_saline,decrease,-9%,0,TRUE,N3,"US 11,105,794 B2",US11105794 TABLE 14,public_domain,"grade_provisional; in-vitro rubric extension (see schema.md): ATP decrease=toxicity, value 90.76 % of control -> grade 0; patent's own in-vivo grade for this compound: Innocuous; condition: PTEC-TERT1"
MSR411,OLG045,in_vitro,human,PTEC_TERT1,proximal_tubule,gymnotic_free_uptake,100,uM,day 6,viability,ATP,98.16,pct_of_saline,decrease,-2%,0,TRUE,N3,"US 11,105,794 B2",US11105794 TABLE 14,public_domain,"grade_provisional; in-vitro rubric extension (see schema.md): ATP decrease=toxicity, value 98.16 % of control -> grade 0; patent's own in-vivo grade for this compound: Innocuous; condition: PTEC-TERT1"
MSR412,OLG045,in_vitro,human,PTEC_TERT1,proximal_tubule,gymnotic_free_uptake,100,uM,day 9,viability,ATP,92.26,pct_of_saline,decrease,-8%,0,TRUE,N3,"US 11,105,794 B2",US11105794 TABLE 14,public_domain,"grade_provisional; in-vitro rubric extension (see schema.md): ATP decrease=toxicity, value 92.26 % of control -> grade 0; patent's own in-vivo grade for this compound: Innocuous; condition: PTEC-TERT1"
MSR413,OLG047,in_vitro,human,PTEC_TERT1,proximal_tubule,gymnotic_free_uptake,3,uM,day 6,viability,ATP,112.48,pct_of_saline,increase,+12%,0,TRUE,N3,"US 11,105,794 B2",US11105794 TABLE 14,public_domain,"grade_provisional; in-vitro rubric extension (see schema.md): ATP decrease=toxicity, value 112.48 % of control -> grade 0; patent's own in-vivo grade for this compound: Medium; condition: PTEC-TERT1"
MSR414,OLG047,in_vitro,human,PTEC_TERT1,proximal_tubule,gymnotic_free_uptake,3,uM,day 9,viability,ATP,106.66,pct_of_saline,increase,+7%,0,TRUE,N3,"US 11,105,794 B2",US11105794 TABLE 14,public_domain,"grade_provisional; in-vitro rubric extension (see schema.md): ATP decrease=toxicity, value 106.66 % of control -> grade 0; patent's own in-vivo grade for this compound: Medium; condition: PTEC-TERT1"
MSR415,OLG047,in_vitro,human,PTEC_TERT1,proximal_tubule,gymnotic_free_uptake,10,uM,day 6,viability,ATP,110.21,pct_of_saline,increase,+10%,0,TRUE,N3,"US 11,105,794 B2",US11105794 TABLE 14,public_domain,"grade_provisional; in-vitro rubric extension (see schema.md): ATP decrease=toxicity, value 110.21 % of control -> grade 0; patent's own in-vivo grade for this compound: Medium; condition: PTEC-TERT1"
MSR416,OLG047,in_vitro,human,PTEC_TERT1,proximal_tubule,gymnotic_free_uptake,10,uM,day 9,viability,ATP,104.98,pct_of_saline,increase,+5%,0,TRUE,N3,"US 11,105,794 B2",US11105794 TABLE 14,public_domain,"grade_provisional; in-vitro rubric extension (see schema.md): ATP decrease=toxicity, value 104.98 % of control -> grade 0; patent's own in-vivo grade for this compound: Medium; condition: PTEC-TERT1"
MSR417,OLG047,in_vitro,human,PTEC_TERT1,proximal_tubule,gymnotic_free_uptake,30,uM,day 6,viability,ATP,106.47,pct_of_saline,increase,+6%,0,TRUE,N3,"US 11,105,794 B2",US11105794 TABLE 14,public_domain,"grade_provisional; in-vitro rubric extension (see schema.md): ATP decrease=toxicity, value 106.47 % of control -> grade 0; patent's own in-vivo grade for this compound: Medium; condition: PTEC-TERT1"
MSR418,OLG047,in_vitro,human,PTEC_TERT1,proximal_tubule,gymnotic_free_uptake,30,uM,day 9,viability,ATP,90.28,pct_of_saline,decrease,-10%,0,TRUE,N3,"US 11,105,794 B2",US11105794 TABLE 14,public_domain,"grade_provisional; in-vitro rubric extension (see schema.md): ATP decrease=toxicity, value 90.28 % of control -> grade 0; patent's own in-vivo grade for this compound: Medium; condition: PTEC-TERT1"
MSR419,OLG047,in_vitro,human,PTEC_TERT1,proximal_tubule,gymnotic_free_uptake,100,uM,day 6,viability,ATP,96.98,pct_of_saline,decrease,-3%,0,TRUE,N3,"US 11,105,794 B2",US11105794 TABLE 14,public_domain,"grade_provisional; in-vitro rubric extension (see schema.md): ATP decrease=toxicity, value 96.98 % of control -> grade 0; patent's own in-vivo grade for this compound: Medium; condition: PTEC-TERT1"
MSR420,OLG047,in_vitro,human,PTEC_TERT1,proximal_tubule,gymnotic_free_uptake,100,uM,day 9,viability,ATP,43.07,pct_of_saline,decrease,-57%,3,TRUE,N3,"US 11,105,794 B2",US11105794 TABLE 14,public_domain,"grade_provisional; in-vitro rubric extension (see schema.md): ATP decrease=toxicity, value 43.07 % of control -> grade 3; patent's own in-vivo grade for this compound: Medium; condition: PTEC-TERT1"
MSR421,OLG048,in_vitro,human,PTEC_TERT1,proximal_tubule,gymnotic_free_uptake,3,uM,day 6,viability,ATP,87.8,pct_of_saline,decrease,-12%,0,TRUE,N3,"US 11,105,794 B2",US11105794 TABLE 14,public_domain,"grade_provisional; in-vitro rubric extension (see schema.md): ATP decrease=toxicity, value 87.8 % of control -> grade 0; patent's own in-vivo grade for this compound: Sever tox; condition: PTEC-TERT1"
MSR422,OLG048,in_vitro,human,PTEC_TERT1,proximal_tubule,gymnotic_free_uptake,3,uM,day 9,viability,ATP,77.94,pct_of_saline,decrease,-22%,1,TRUE,N3,"US 11,105,794 B2",US11105794 TABLE 14,public_domain,"grade_provisional; in-vitro rubric extension (see schema.md): ATP decrease=toxicity, value 77.94 % of control -> grade 1; patent's own in-vivo grade for this compound: Sever tox; condition: PTEC-TERT1"
MSR423,OLG048,in_vitro,human,PTEC_TERT1,proximal_tubule,gymnotic_free_uptake,10,uM,day 6,viability,ATP,79.97,pct_of_saline,decrease,-20%,1,TRUE,N3,"US 11,105,794 B2",US11105794 TABLE 14,public_domain,"grade_provisional; in-vitro rubric extension (see schema.md): ATP decrease=toxicity, value 79.97 % of control -> grade 1; patent's own in-vivo grade for this compound: Sever tox; condition: PTEC-TERT1"
MSR424,OLG048,in_vitro,human,PTEC_TERT1,proximal_tubule,gymnotic_free_uptake,10,uM,day 9,viability,ATP,69.91,pct_of_saline,decrease,-30%,2,TRUE,N3,"US 11,105,794 B2",US11105794 TABLE 14,public_domain,"grade_provisional; in-vitro rubric extension (see schema.md): ATP decrease=toxicity, value 69.91 % of control -> grade 2; patent's own in-vivo grade for this compound: Sever tox; condition: PTEC-TERT1"
MSR425,OLG048,in_vitro,human,PTEC_TERT1,proximal_tubule,gymnotic_free_uptake,30,uM,day 6,viability,ATP,72.33,pct_of_saline,decrease,-28%,1,TRUE,N3,"US 11,105,794 B2",US11105794 TABLE 14,public_domain,"grade_provisional; in-vitro rubric extension (see schema.md): ATP decrease=toxicity, value 72.33 % of control -> grade 1; patent's own in-vivo grade for this compound: Sever tox; condition: PTEC-TERT1"
MSR426,OLG048,in_vitro,human,PTEC_TERT1,proximal_tubule,gymnotic_free_uptake,30,uM,day 9,viability,ATP,52.34,pct_of_saline,decrease,-48%,2,TRUE,N3,"US 11,105,794 B2",US11105794 TABLE 14,public_domain,"grade_provisional; in-vitro rubric extension (see schema.md): ATP decrease=toxicity, value 52.34 % of control -> grade 2; patent's own in-vivo grade for this compound: Sever tox; condition: PTEC-TERT1"
MSR427,OLG048,in_vitro,human,PTEC_TERT1,proximal_tubule,gymnotic_free_uptake,100,uM,day 6,viability,ATP,54.8,pct_of_saline,decrease,-45%,2,TRUE,N3,"US 11,105,794 B2",US11105794 TABLE 14,public_domain,"grade_provisional; in-vitro rubric extension (see schema.md): ATP decrease=toxicity, value 54.8 % of control -> grade 2; patent's own in-vivo grade for this compound: Sever tox; condition: PTEC-TERT1"
MSR428,OLG048,in_vitro,human,PTEC_TERT1,proximal_tubule,gymnotic_free_uptake,100,uM,day 9,viability,ATP,38.39,pct_of_saline,decrease,-62%,3,TRUE,N3,"US 11,105,794 B2",US11105794 TABLE 14,public_domain,"grade_provisional; in-vitro rubric extension (see schema.md): ATP decrease=toxicity, value 38.39 % of control -> grade 3; patent's own in-vivo grade for this compound: Sever tox; condition: PTEC-TERT1"
MSR429,OLG045,in_vitro,human,primary_human_PTEC,proximal_tubule,gymnotic_free_uptake,1.23,uM,day 9,viability,ATP,100.0,pct_of_saline,no_change,+0%,0,TRUE,N3,"US 11,105,794 B2",US11105794 TABLE 15,public_domain,"grade_provisional; in-vitro rubric extension (see schema.md): ATP decrease=toxicity, value 100.0 % of control -> grade 0; condition: primary human PTEC"
MSR430,OLG045,in_vitro,human,primary_human_PTEC,proximal_tubule,gymnotic_free_uptake,3.7,uM,day 9,viability,ATP,101.0,pct_of_saline,increase,+1%,0,TRUE,N3,"US 11,105,794 B2",US11105794 TABLE 15,public_domain,"grade_provisional; in-vitro rubric extension (see schema.md): ATP decrease=toxicity, value 101.0 % of control -> grade 0; condition: primary human PTEC"
MSR431,OLG045,in_vitro,human,primary_human_PTEC,proximal_tubule,gymnotic_free_uptake,11.11,uM,day 9,viability,ATP,103.0,pct_of_saline,increase,+3%,0,TRUE,N3,"US 11,105,794 B2",US11105794 TABLE 15,public_domain,"grade_provisional; in-vitro rubric extension (see schema.md): ATP decrease=toxicity, value 103.0 % of control -> grade 0; condition: primary human PTEC"
MSR432,OLG045,in_vitro,human,primary_human_PTEC,proximal_tubule,gymnotic_free_uptake,33.33,uM,day 9,viability,ATP,104.0,pct_of_saline,increase,+4%,0,TRUE,N3,"US 11,105,794 B2",US11105794 TABLE 15,public_domain,"grade_provisional; in-vitro rubric extension (see schema.md): ATP decrease=toxicity, value 104.0 % of control -> grade 0; condition: primary human PTEC"
MSR433,OLG045,in_vitro,human,primary_human_PTEC,proximal_tubule,gymnotic_free_uptake,100,uM,day 9,viability,ATP,104.0,pct_of_saline,increase,+4%,0,TRUE,N3,"US 11,105,794 B2",US11105794 TABLE 15,public_domain,"grade_provisional; in-vitro rubric extension (see schema.md): ATP decrease=toxicity, value 104.0 % of control -> grade 0; condition: primary human PTEC"
MSR434,OLG047,in_vitro,human,primary_human_PTEC,proximal_tubule,gymnotic_free_uptake,1.23,uM,day 9,viability,ATP,99.57,pct_of_saline,decrease,-0%,0,TRUE,N3,"US 11,105,794 B2",US11105794 TABLE 15,public_domain,"grade_provisional; in-vitro rubric extension (see schema.md): ATP decrease=toxicity, value 99.57 % of control -> grade 0; condition: primary human PTEC"
MSR435,OLG047,in_vitro,human,primary_human_PTEC,proximal_tubule,gymnotic_free_uptake,3.7,uM,day 9,viability,ATP,103.27,pct_of_saline,increase,+3%,0,TRUE,N3,"US 11,105,794 B2",US11105794 TABLE 15,public_domain,"grade_provisional; in-vitro rubric extension (see schema.md): ATP decrease=toxicity, value 103.27 % of control -> grade 0; condition: primary human PTEC"
MSR436,OLG047,in_vitro,human,primary_human_PTEC,proximal_tubule,gymnotic_free_uptake,11.11,uM,day 9,viability,ATP,102.67,pct_of_saline,increase,+3%,0,TRUE,N3,"US 11,105,794 B2",US11105794 TABLE 15,public_domain,"grade_provisional; in-vitro rubric extension (see schema.md): ATP decrease=toxicity, value 102.67 % of control -> grade 0; condition: primary human PTEC"
MSR437,OLG047,in_vitro,human,primary_human_PTEC,proximal_tubule,gymnotic_free_uptake,33.33,uM,day 9,viability,ATP,97.93,pct_of_saline,decrease,-2%,0,TRUE,N3,"US 11,105,794 B2",US11105794 TABLE 15,public_domain,"grade_provisional; in-vitro rubric extension (see schema.md): ATP decrease=toxicity, value 97.93 % of control -> grade 0; condition: primary human PTEC"
MSR438,OLG047,in_vitro,human,primary_human_PTEC,proximal_tubule,gymnotic_free_uptake,100,uM,day 9,viability,ATP,73.55,pct_of_saline,decrease,-26%,1,TRUE,N3,"US 11,105,794 B2",US11105794 TABLE 15,public_domain,"grade_provisional; in-vitro rubric extension (see schema.md): ATP decrease=toxicity, value 73.55 % of control -> grade 1; condition: primary human PTEC"
MSR439,OLG048,in_vitro,human,primary_human_PTEC,proximal_tubule,gymnotic_free_uptake,1.23,uM,day 9,viability,ATP,97.45,pct_of_saline,decrease,-3%,0,TRUE,N3,"US 11,105,794 B2",US11105794 TABLE 15,public_domain,"grade_provisional; in-vitro rubric extension (see schema.md): ATP decrease=toxicity, value 97.45 % of control -> grade 0; condition: primary human PTEC"
MSR440,OLG048,in_vitro,human,primary_human_PTEC,proximal_tubule,gymnotic_free_uptake,3.7,uM,day 9,viability,ATP,98.15,pct_of_saline,decrease,-2%,0,TRUE,N3,"US 11,105,794 B2",US11105794 TABLE 15,public_domain,"grade_provisional; in-vitro rubric extension (see schema.md): ATP decrease=toxicity, value 98.15 % of control -> grade 0; condition: primary human PTEC"
MSR441,OLG048,in_vitro,human,primary_human_PTEC,proximal_tubule,gymnotic_free_uptake,11.11,uM,day 9,viability,ATP,93.61,pct_of_saline,decrease,-6%,0,TRUE,N3,"US 11,105,794 B2",US11105794 TABLE 15,public_domain,"grade_provisional; in-vitro rubric extension (see schema.md): ATP decrease=toxicity, value 93.61 % of control -> grade 0; condition: primary human PTEC"
MSR442,OLG048,in_vitro,human,primary_human_PTEC,proximal_tubule,gymnotic_free_uptake,33.33,uM,day 9,viability,ATP,83.48,pct_of_saline,decrease,-17%,1,TRUE,N3,"US 11,105,794 B2",US11105794 TABLE 15,public_domain,"grade_provisional; in-vitro rubric extension (see schema.md): ATP decrease=toxicity, value 83.48 % of control -> grade 1; condition: primary human PTEC"
MSR443,OLG048,in_vitro,human,primary_human_PTEC,proximal_tubule,gymnotic_free_uptake,100,uM,day 9,viability,ATP,50.26,pct_of_saline,decrease,-50%,2,TRUE,N3,"US 11,105,794 B2",US11105794 TABLE 15,public_domain,"grade_provisional; in-vitro rubric extension (see schema.md): ATP decrease=toxicity, value 50.26 % of control -> grade 2; condition: primary human PTEC"
MSR444,OLG065,in_vitro,human,primary_human_PTEC,proximal_tubule,gymnotic_free_uptake,30,uM,day 6,functional,EGF_supernatant,338.0,pct_of_saline,increase,+238%,2,TRUE,N3,"US 11,105,794 B2",US11105794 TABLE 17,public_domain,"grade_provisional; in-vitro rubric extension (see schema.md): EGF_supernatant increase=toxicity, value 338.0 % of control -> grade 2"
MSR445,OLG065,in_vitro,human,primary_human_PTEC,proximal_tubule,gymnotic_free_uptake,30,uM,day 6,injury_biomarker,KIM-1_protein,134.0,pct_of_saline,increase,+34%,0,TRUE,N3,"US 11,105,794 B2",US11105794 TABLE 17,public_domain,"grade_provisional; in-vitro rubric extension (see schema.md): KIM-1_protein increase=toxicity, value 134.0 % of control -> grade 0"
MSR446,OLG065,in_vitro,human,primary_human_PTEC,proximal_tubule,gymnotic_free_uptake,30,uM,day 9,viability,ATP,101.0,pct_of_saline,increase,+1%,0,TRUE,N3,"US 11,105,794 B2",US11105794 TABLE 17,public_domain,"grade_provisional; in-vitro rubric extension (see schema.md): ATP decrease=toxicity, value 101.0 % of control -> grade 0"
MSR447,OLG065,in_vitro,human,primary_human_PTEC,proximal_tubule,gymnotic_free_uptake,100,uM,day 6,functional,EGF_supernatant,2445.0,pct_of_saline,increase,+2345%,3,TRUE,N3,"US 11,105,794 B2",US11105794 TABLE 17,public_domain,"grade_provisional; in-vitro rubric extension (see schema.md): EGF_supernatant increase=toxicity, value 2445.0 % of control -> grade 3"
MSR448,OLG065,in_vitro,human,primary_human_PTEC,proximal_tubule,gymnotic_free_uptake,100,uM,day 6,injury_biomarker,KIM-1_protein,157.0,pct_of_saline,increase,+57%,1,TRUE,N3,"US 11,105,794 B2",US11105794 TABLE 17,public_domain,"grade_provisional; in-vitro rubric extension (see schema.md): KIM-1_protein increase=toxicity, value 157.0 % of control -> grade 1"
MSR449,OLG065,in_vitro,human,primary_human_PTEC,proximal_tubule,gymnotic_free_uptake,100,uM,day 9,viability,ATP,95.0,pct_of_saline,decrease,-5%,0,TRUE,N3,"US 11,105,794 B2",US11105794 TABLE 17,public_domain,"grade_provisional; in-vitro rubric extension (see schema.md): ATP decrease=toxicity, value 95.0 % of control -> grade 0"
MSR450,OLG065,in_vitro,human,primary_human_PTEC,proximal_tubule,gymnotic_free_uptake,300,uM,day 6,functional,EGF_supernatant,2980.0,pct_of_saline,increase,+2880%,3,TRUE,N3,"US 11,105,794 B2",US11105794 TABLE 17,public_domain,"grade_provisional; in-vitro rubric extension (see schema.md): EGF_supernatant increase=toxicity, value 2980.0 % of control -> grade 3"
MSR451,OLG065,in_vitro,human,primary_human_PTEC,proximal_tubule,gymnotic_free_uptake,300,uM,day 6,injury_biomarker,KIM-1_protein,157.0,pct_of_saline,increase,+57%,1,TRUE,N3,"US 11,105,794 B2",US11105794 TABLE 17,public_domain,"grade_provisional; in-vitro rubric extension (see schema.md): KIM-1_protein increase=toxicity, value 157.0 % of control -> grade 1"
MSR452,OLG065,in_vitro,human,primary_human_PTEC,proximal_tubule,gymnotic_free_uptake,300,uM,day 9,viability,ATP,51.0,pct_of_saline,decrease,-49%,2,TRUE,N3,"US 11,105,794 B2",US11105794 TABLE 17,public_domain,"grade_provisional; in-vitro rubric extension (see schema.md): ATP decrease=toxicity, value 51.0 % of control -> grade 2"
MSR453,OLG065,in_vitro,human,primary_human_PTEC,proximal_tubule,gymnotic_free_uptake,400,uM,day 6,functional,EGF_supernatant,3484.0,pct_of_saline,increase,+3384%,3,TRUE,N3,"US 11,105,794 B2",US11105794 TABLE 17,public_domain,"grade_provisional; in-vitro rubric extension (see schema.md): EGF_supernatant increase=toxicity, value 3484.0 % of control -> grade 3"
MSR454,OLG065,in_vitro,human,primary_human_PTEC,proximal_tubule,gymnotic_free_uptake,400,uM,day 6,injury_biomarker,KIM-1_protein,147.0,pct_of_saline,increase,+47%,0,TRUE,N3,"US 11,105,794 B2",US11105794 TABLE 17,public_domain,"grade_provisional; in-vitro rubric extension (see schema.md): KIM-1_protein increase=toxicity, value 147.0 % of control -> grade 0"
MSR455,OLG065,in_vitro,human,primary_human_PTEC,proximal_tubule,gymnotic_free_uptake,400,uM,day 9,viability,ATP,41.0,pct_of_saline,decrease,-59%,3,TRUE,N3,"US 11,105,794 B2",US11105794 TABLE 17,public_domain,"grade_provisional; in-vitro rubric extension (see schema.md): ATP decrease=toxicity, value 41.0 % of control -> grade 3"
MSR456,OLG065,in_vitro,human,primary_human_PTEC,proximal_tubule,gymnotic_free_uptake,500,uM,day 6,functional,EGF_supernatant,5431.0,pct_of_saline,increase,+5331%,3,TRUE,N3,"US 11,105,794 B2",US11105794 TABLE 17,public_domain,"grade_provisional; in-vitro rubric extension (see schema.md): EGF_supernatant increase=toxicity, value 5431.0 % of control -> grade 3"
MSR457,OLG065,in_vitro,human,primary_human_PTEC,proximal_tubule,gymnotic_free_uptake,500,uM,day 6,injury_biomarker,KIM-1_protein,125.0,pct_of_saline,increase,+25%,0,TRUE,N3,"US 11,105,794 B2",US11105794 TABLE 17,public_domain,"grade_provisional; in-vitro rubric extension (see schema.md): KIM-1_protein increase=toxicity, value 125.0 % of control -> grade 0"
MSR458,OLG065,in_vitro,human,primary_human_PTEC,proximal_tubule,gymnotic_free_uptake,500,uM,day 9,viability,ATP,28.0,pct_of_saline,decrease,-72%,3,TRUE,N3,"US 11,105,794 B2",US11105794 TABLE 17,public_domain,"grade_provisional; in-vitro rubric extension (see schema.md): ATP decrease=toxicity, value 28.0 % of control -> grade 3"
MSR459,OLG065,in_vitro,human,PTEC_TERT1,proximal_tubule,gymnotic_free_uptake,30,uM,day 6,functional,EGF_supernatant,111.0,pct_of_saline,increase,+11%,0,TRUE,N3,"US 11,105,794 B2",US11105794 TABLE 18,public_domain,"grade_provisional; in-vitro rubric extension (see schema.md): EGF_supernatant increase=toxicity, value 111.0 % of control -> grade 0; condition: PTEC-TERT1"
MSR460,OLG065,in_vitro,human,PTEC_TERT1,proximal_tubule,gymnotic_free_uptake,30,uM,day 6,injury_biomarker,KIM-1_protein,199.0,pct_of_saline,increase,+99%,1,TRUE,N3,"US 11,105,794 B2",US11105794 TABLE 18,public_domain,"grade_provisional; in-vitro rubric extension (see schema.md): KIM-1_protein increase=toxicity, value 199.0 % of control -> grade 1; condition: PTEC-TERT1"
MSR461,OLG065,in_vitro,human,PTEC_TERT1,proximal_tubule,gymnotic_free_uptake,30,uM,day 9,viability,ATP,104.0,pct_of_saline,increase,+4%,0,TRUE,N3,"US 11,105,794 B2",US11105794 TABLE 18,public_domain,"grade_provisional; in-vitro rubric extension (see schema.md): ATP decrease=toxicity, value 104.0 % of control -> grade 0; condition: PTEC-TERT1"
MSR462,OLG065,in_vitro,human,PTEC_TERT1,proximal_tubule,gymnotic_free_uptake,100,uM,day 6,functional,EGF_supernatant,125.0,pct_of_saline,increase,+25%,0,TRUE,N3,"US 11,105,794 B2",US11105794 TABLE 18,public_domain,"grade_provisional; in-vitro rubric extension (see schema.md): EGF_supernatant increase=toxicity, value 125.0 % of control -> grade 0; condition: PTEC-TERT1"
MSR463,OLG065,in_vitro,human,PTEC_TERT1,proximal_tubule,gymnotic_free_uptake,100,uM,day 6,injury_biomarker,KIM-1_protein,273.0,pct_of_saline,increase,+173%,2,TRUE,N3,"US 11,105,794 B2",US11105794 TABLE 18,public_domain,"grade_provisional; in-vitro rubric extension (see schema.md): KIM-1_protein increase=toxicity, value 273.0 % of control -> grade 2; condition: PTEC-TERT1"
MSR464,OLG065,in_vitro,human,PTEC_TERT1,proximal_tubule,gymnotic_free_uptake,100,uM,day 9,viability,ATP,102.0,pct_of_saline,increase,+2%,0,TRUE,N3,"US 11,105,794 B2",US11105794 TABLE 18,public_domain,"grade_provisional; in-vitro rubric extension (see schema.md): ATP decrease=toxicity, value 102.0 % of control -> grade 0; condition: PTEC-TERT1"
MSR465,OLG065,in_vitro,human,PTEC_TERT1,proximal_tubule,gymnotic_free_uptake,300,uM,day 6,functional,EGF_supernatant,205.0,pct_of_saline,increase,+105%,2,TRUE,N3,"US 11,105,794 B2",US11105794 TABLE 18,public_domain,"grade_provisional; in-vitro rubric extension (see schema.md): EGF_supernatant increase=toxicity, value 205.0 % of control -> grade 2; condition: PTEC-TERT1"
MSR466,OLG065,in_vitro,human,PTEC_TERT1,proximal_tubule,gymnotic_free_uptake,300,uM,day 6,injury_biomarker,KIM-1_protein,352.0,pct_of_saline,increase,+252%,2,TRUE,N3,"US 11,105,794 B2",US11105794 TABLE 18,public_domain,"grade_provisional; in-vitro rubric extension (see schema.md): KIM-1_protein increase=toxicity, value 352.0 % of control -> grade 2; condition: PTEC-TERT1"
MSR467,OLG065,in_vitro,human,PTEC_TERT1,proximal_tubule,gymnotic_free_uptake,300,uM,day 9,viability,ATP,106.0,pct_of_saline,increase,+6%,0,TRUE,N3,"US 11,105,794 B2",US11105794 TABLE 18,public_domain,"grade_provisional; in-vitro rubric extension (see schema.md): ATP decrease=toxicity, value 106.0 % of control -> grade 0; condition: PTEC-TERT1"
MSR468,OLG065,in_vitro,human,PTEC_TERT1,proximal_tubule,gymnotic_free_uptake,400,uM,day 6,functional,EGF_supernatant,297.0,pct_of_saline,increase,+197%,2,TRUE,N3,"US 11,105,794 B2",US11105794 TABLE 18,public_domain,"grade_provisional; in-vitro rubric extension (see schema.md): EGF_supernatant increase=toxicity, value 297.0 % of control -> grade 2; condition: PTEC-TERT1"
MSR469,OLG065,in_vitro,human,PTEC_TERT1,proximal_tubule,gymnotic_free_uptake,400,uM,day 6,injury_biomarker,KIM-1_protein,375.0,pct_of_saline,increase,+275%,2,TRUE,N3,"US 11,105,794 B2",US11105794 TABLE 18,public_domain,"grade_provisional; in-vitro rubric extension (see schema.md): KIM-1_protein increase=toxicity, value 375.0 % of control -> grade 2; condition: PTEC-TERT1"
MSR470,OLG065,in_vitro,human,PTEC_TERT1,proximal_tubule,gymnotic_free_uptake,400,uM,day 9,viability,ATP,101.0,pct_of_saline,increase,+1%,0,TRUE,N3,"US 11,105,794 B2",US11105794 TABLE 18,public_domain,"grade_provisional; in-vitro rubric extension (see schema.md): ATP decrease=toxicity, value 101.0 % of control -> grade 0; condition: PTEC-TERT1"
MSR471,OLG065,in_vitro,human,PTEC_TERT1,proximal_tubule,gymnotic_free_uptake,500,uM,day 6,functional,EGF_supernatant,307.0,pct_of_saline,increase,+207%,2,TRUE,N3,"US 11,105,794 B2",US11105794 TABLE 18,public_domain,"grade_provisional; in-vitro rubric extension (see schema.md): EGF_supernatant increase=toxicity, value 307.0 % of control -> grade 2; condition: PTEC-TERT1"
MSR472,OLG065,in_vitro,human,PTEC_TERT1,proximal_tubule,gymnotic_free_uptake,500,uM,day 6,injury_biomarker,KIM-1_protein,400.0,pct_of_saline,increase,+300%,3,TRUE,N3,"US 11,105,794 B2",US11105794 TABLE 18,public_domain,"grade_provisional; in-vitro rubric extension (see schema.md): KIM-1_protein increase=toxicity, value 400.0 % of control -> grade 3; condition: PTEC-TERT1"
MSR473,OLG065,in_vitro,human,PTEC_TERT1,proximal_tubule,gymnotic_free_uptake,500,uM,day 9,viability,ATP,102.0,pct_of_saline,increase,+2%,0,TRUE,N3,"US 11,105,794 B2",US11105794 TABLE 18,public_domain,"grade_provisional; in-vitro rubric extension (see schema.md): ATP decrease=toxicity, value 102.0 % of control -> grade 0; condition: PTEC-TERT1"
MSR474,OLG045,in_vitro,human,primary_human_PTEC,proximal_tubule,gymnotic_free_uptake,3,uM,day 3,functional,EGF_supernatant,95.0,pct_of_saline,decrease,-5%,0,TRUE,N3,"US 11,105,794 B2",US11105794 TABLE 2,public_domain,"grade_provisional; in-vitro rubric extension (see schema.md): EGF_supernatant increase=toxicity, value 95.0 % of control -> grade 0; patent's own in-vivo grade for this compound: Innocuous"
MSR475,OLG045,in_vitro,human,primary_human_PTEC,proximal_tubule,gymnotic_free_uptake,3,uM,day 6,functional,EGF_supernatant,62.0,pct_of_saline,decrease,-38%,0,TRUE,N3,"US 11,105,794 B2",US11105794 TABLE 2,public_domain,"grade_provisional; in-vitro rubric extension (see schema.md): EGF_supernatant increase=toxicity, value 62.0 % of control -> grade 0; patent's own in-vivo grade for this compound: Innocuous"
MSR476,OLG045,in_vitro,human,PTEC_TERT1,proximal_tubule,gymnotic_free_uptake,3,uM,day 3,functional,EGF_supernatant,88.0,pct_of_saline,decrease,-12%,0,TRUE,N3,"US 11,105,794 B2",US11105794 TABLE 2,public_domain,"grade_provisional; in-vitro rubric extension (see schema.md): EGF_supernatant increase=toxicity, value 88.0 % of control -> grade 0; patent's own in-vivo grade for this compound: Innocuous; condition: PTEC-TERT1"
MSR477,OLG045,in_vitro,human,PTEC_TERT1,proximal_tubule,gymnotic_free_uptake,3,uM,day 6,functional,EGF_supernatant,124.0,pct_of_saline,increase,+24%,0,TRUE,N3,"US 11,105,794 B2",US11105794 TABLE 2,public_domain,"grade_provisional; in-vitro rubric extension (see schema.md): EGF_supernatant increase=toxicity, value 124.0 % of control -> grade 0; patent's own in-vivo grade for this compound: Innocuous; condition: PTEC-TERT1"
MSR478,OLG045,in_vitro,human,primary_human_PTEC,proximal_tubule,gymnotic_free_uptake,10,uM,day 3,functional,EGF_supernatant,99.0,pct_of_saline,decrease,-1%,0,TRUE,N3,"US 11,105,794 B2",US11105794 TABLE 2,public_domain,"grade_provisional; in-vitro rubric extension (see schema.md): EGF_supernatant increase=toxicity, value 99.0 % of control -> grade 0; patent's own in-vivo grade for this compound: Innocuous"
MSR479,OLG045,in_vitro,human,primary_human_PTEC,proximal_tubule,gymnotic_free_uptake,10,uM,day 6,functional,EGF_supernatant,71.0,pct_of_saline,decrease,-29%,0,TRUE,N3,"US 11,105,794 B2",US11105794 TABLE 2,public_domain,"grade_provisional; in-vitro rubric extension (see schema.md): EGF_supernatant increase=toxicity, value 71.0 % of control -> grade 0; patent's own in-vivo grade for this compound: Innocuous"
MSR480,OLG045,in_vitro,human,PTEC_TERT1,proximal_tubule,gymnotic_free_uptake,10,uM,day 3,functional,EGF_supernatant,93.0,pct_of_saline,decrease,-7%,0,TRUE,N3,"US 11,105,794 B2",US11105794 TABLE 2,public_domain,"grade_provisional; in-vitro rubric extension (see schema.md): EGF_supernatant increase=toxicity, value 93.0 % of control -> grade 0; patent's own in-vivo grade for this compound: Innocuous; condition: PTEC-TERT1"
MSR481,OLG045,in_vitro,human,PTEC_TERT1,proximal_tubule,gymnotic_free_uptake,10,uM,day 6,functional,EGF_supernatant,152.0,pct_of_saline,increase,+52%,1,TRUE,N3,"US 11,105,794 B2",US11105794 TABLE 2,public_domain,"grade_provisional; in-vitro rubric extension (see schema.md): EGF_supernatant increase=toxicity, value 152.0 % of control -> grade 1; patent's own in-vivo grade for this compound: Innocuous; condition: PTEC-TERT1"
MSR482,OLG045,in_vitro,human,primary_human_PTEC,proximal_tubule,gymnotic_free_uptake,30,uM,day 3,functional,EGF_supernatant,112.0,pct_of_saline,increase,+12%,0,TRUE,N3,"US 11,105,794 B2",US11105794 TABLE 2,public_domain,"grade_provisional; in-vitro rubric extension (see schema.md): EGF_supernatant increase=toxicity, value 112.0 % of control -> grade 0; patent's own in-vivo grade for this compound: Innocuous"
MSR483,OLG045,in_vitro,human,primary_human_PTEC,proximal_tubule,gymnotic_free_uptake,30,uM,day 6,functional,EGF_supernatant,77.0,pct_of_saline,decrease,-23%,0,TRUE,N3,"US 11,105,794 B2",US11105794 TABLE 2,public_domain,"grade_provisional; in-vitro rubric extension (see schema.md): EGF_supernatant increase=toxicity, value 77.0 % of control -> grade 0; patent's own in-vivo grade for this compound: Innocuous"
MSR484,OLG045,in_vitro,human,PTEC_TERT1,proximal_tubule,gymnotic_free_uptake,30,uM,day 3,functional,EGF_supernatant,108.0,pct_of_saline,increase,+8%,0,TRUE,N3,"US 11,105,794 B2",US11105794 TABLE 2,public_domain,"grade_provisional; in-vitro rubric extension (see schema.md): EGF_supernatant increase=toxicity, value 108.0 % of control -> grade 0; patent's own in-vivo grade for this compound: Innocuous; condition: PTEC-TERT1"
MSR485,OLG045,in_vitro,human,PTEC_TERT1,proximal_tubule,gymnotic_free_uptake,30,uM,day 6,functional,EGF_supernatant,180.0,pct_of_saline,increase,+80%,1,TRUE,N3,"US 11,105,794 B2",US11105794 TABLE 2,public_domain,"grade_provisional; in-vitro rubric extension (see schema.md): EGF_supernatant increase=toxicity, value 180.0 % of control -> grade 1; patent's own in-vivo grade for this compound: Innocuous; condition: PTEC-TERT1"
MSR486,OLG045,in_vitro,human,primary_human_PTEC,proximal_tubule,gymnotic_free_uptake,100,uM,day 3,functional,EGF_supernatant,120.0,pct_of_saline,increase,+20%,0,TRUE,N3,"US 11,105,794 B2",US11105794 TABLE 2,public_domain,"grade_provisional; in-vitro rubric extension (see schema.md): EGF_supernatant increase=toxicity, value 120.0 % of control -> grade 0; patent's own in-vivo grade for this compound: Innocuous"
MSR487,OLG045,in_vitro,human,primary_human_PTEC,proximal_tubule,gymnotic_free_uptake,100,uM,day 6,functional,EGF_supernatant,98.0,pct_of_saline,decrease,-2%,0,TRUE,N3,"US 11,105,794 B2",US11105794 TABLE 2,public_domain,"grade_provisional; in-vitro rubric extension (see schema.md): EGF_supernatant increase=toxicity, value 98.0 % of control -> grade 0; patent's own in-vivo grade for this compound: Innocuous"
MSR488,OLG045,in_vitro,human,PTEC_TERT1,proximal_tubule,gymnotic_free_uptake,100,uM,day 3,functional,EGF_supernatant,119.0,pct_of_saline,increase,+19%,0,TRUE,N3,"US 11,105,794 B2",US11105794 TABLE 2,public_domain,"grade_provisional; in-vitro rubric extension (see schema.md): EGF_supernatant increase=toxicity, value 119.0 % of control -> grade 0; patent's own in-vivo grade for this compound: Innocuous; condition: PTEC-TERT1"
MSR489,OLG045,in_vitro,human,PTEC_TERT1,proximal_tubule,gymnotic_free_uptake,100,uM,day 6,functional,EGF_supernatant,172.0,pct_of_saline,increase,+72%,1,TRUE,N3,"US 11,105,794 B2",US11105794 TABLE 2,public_domain,"grade_provisional; in-vitro rubric extension (see schema.md): EGF_supernatant increase=toxicity, value 172.0 % of control -> grade 1; patent's own in-vivo grade for this compound: Innocuous; condition: PTEC-TERT1"
MSR490,OLG047,in_vitro,human,primary_human_PTEC,proximal_tubule,gymnotic_free_uptake,3,uM,day 3,functional,EGF_supernatant,114.0,pct_of_saline,increase,+14%,0,TRUE,N3,"US 11,105,794 B2",US11105794 TABLE 2,public_domain,"grade_provisional; in-vitro rubric extension (see schema.md): EGF_supernatant increase=toxicity, value 114.0 % of control -> grade 0; patent's own in-vivo grade for this compound: Medium"
MSR491,OLG047,in_vitro,human,primary_human_PTEC,proximal_tubule,gymnotic_free_uptake,3,uM,day 6,functional,EGF_supernatant,152.0,pct_of_saline,increase,+52%,1,TRUE,N3,"US 11,105,794 B2",US11105794 TABLE 2,public_domain,"grade_provisional; in-vitro rubric extension (see schema.md): EGF_supernatant increase=toxicity, value 152.0 % of control -> grade 1; patent's own in-vivo grade for this compound: Medium"
MSR492,OLG047,in_vitro,human,PTEC_TERT1,proximal_tubule,gymnotic_free_uptake,3,uM,day 3,functional,EGF_supernatant,70.0,pct_of_saline,decrease,-30%,0,TRUE,N3,"US 11,105,794 B2",US11105794 TABLE 2,public_domain,"grade_provisional; in-vitro rubric extension (see schema.md): EGF_supernatant increase=toxicity, value 70.0 % of control -> grade 0; patent's own in-vivo grade for this compound: Medium; condition: PTEC-TERT1"
MSR493,OLG047,in_vitro,human,PTEC_TERT1,proximal_tubule,gymnotic_free_uptake,3,uM,day 6,functional,EGF_supernatant,124.0,pct_of_saline,increase,+24%,0,TRUE,N3,"US 11,105,794 B2",US11105794 TABLE 2,public_domain,"grade_provisional; in-vitro rubric extension (see schema.md): EGF_supernatant increase=toxicity, value 124.0 % of control -> grade 0; patent's own in-vivo grade for this compound: Medium; condition: PTEC-TERT1"
MSR494,OLG047,in_vitro,human,primary_human_PTEC,proximal_tubule,gymnotic_free_uptake,10,uM,day 3,functional,EGF_supernatant,139.0,pct_of_saline,increase,+39%,1,TRUE,N3,"US 11,105,794 B2",US11105794 TABLE 2,public_domain,"grade_provisional; in-vitro rubric extension (see schema.md): EGF_supernatant increase=toxicity, value 139.0 % of control -> grade 1; patent's own in-vivo grade for this compound: Medium"
MSR495,OLG047,in_vitro,human,primary_human_PTEC,proximal_tubule,gymnotic_free_uptake,10,uM,day 6,functional,EGF_supernatant,286.0,pct_of_saline,increase,+186%,2,TRUE,N3,"US 11,105,794 B2",US11105794 TABLE 2,public_domain,"grade_provisional; in-vitro rubric extension (see schema.md): EGF_supernatant increase=toxicity, value 286.0 % of control -> grade 2; patent's own in-vivo grade for this compound: Medium"
MSR496,OLG047,in_vitro,human,PTEC_TERT1,proximal_tubule,gymnotic_free_uptake,10,uM,day 3,functional,EGF_supernatant,75.0,pct_of_saline,decrease,-25%,0,TRUE,N3,"US 11,105,794 B2",US11105794 TABLE 2,public_domain,"grade_provisional; in-vitro rubric extension (see schema.md): EGF_supernatant increase=toxicity, value 75.0 % of control -> grade 0; patent's own in-vivo grade for this compound: Medium; condition: PTEC-TERT1"
MSR497,OLG047,in_vitro,human,PTEC_TERT1,proximal_tubule,gymnotic_free_uptake,10,uM,day 6,functional,EGF_supernatant,137.0,pct_of_saline,increase,+37%,1,TRUE,N3,"US 11,105,794 B2",US11105794 TABLE 2,public_domain,"grade_provisional; in-vitro rubric extension (see schema.md): EGF_supernatant increase=toxicity, value 137.0 % of control -> grade 1; patent's own in-vivo grade for this compound: Medium; condition: PTEC-TERT1"
MSR498,OLG047,in_vitro,human,primary_human_PTEC,proximal_tubule,gymnotic_free_uptake,30,uM,day 3,functional,EGF_supernatant,134.0,pct_of_saline,increase,+34%,1,TRUE,N3,"US 11,105,794 B2",US11105794 TABLE 2,public_domain,"grade_provisional; in-vitro rubric extension (see schema.md): EGF_supernatant increase=toxicity, value 134.0 % of control -> grade 1; patent's own in-vivo grade for this compound: Medium"
MSR499,OLG047,in_vitro,human,primary_human_PTEC,proximal_tubule,gymnotic_free_uptake,30,uM,day 6,functional,EGF_supernatant,653.0,pct_of_saline,increase,+553%,3,TRUE,N3,"US 11,105,794 B2",US11105794 TABLE 2,public_domain,"grade_provisional; in-vitro rubric extension (see schema.md): EGF_supernatant increase=toxicity, value 653.0 % of control -> grade 3; patent's own in-vivo grade for this compound: Medium"
MSR500,OLG047,in_vitro,human,PTEC_TERT1,proximal_tubule,gymnotic_free_uptake,30,uM,day 3,functional,EGF_supernatant,70.0,pct_of_saline,decrease,-30%,0,TRUE,N3,"US 11,105,794 B2",US11105794 TABLE 2,public_domain,"grade_provisional; in-vitro rubric extension (see schema.md): EGF_supernatant increase=toxicity, value 70.0 % of control -> grade 0; patent's own in-vivo grade for this compound: Medium; condition: PTEC-TERT1"
MSR501,OLG047,in_vitro,human,PTEC_TERT1,proximal_tubule,gymnotic_free_uptake,30,uM,day 6,functional,EGF_supernatant,231.0,pct_of_saline,increase,+131%,2,TRUE,N3,"US 11,105,794 B2",US11105794 TABLE 2,public_domain,"grade_provisional; in-vitro rubric extension (see schema.md): EGF_supernatant increase=toxicity, value 231.0 % of control -> grade 2; patent's own in-vivo grade for this compound: Medium; condition: PTEC-TERT1"
MSR502,OLG047,in_vitro,human,primary_human_PTEC,proximal_tubule,gymnotic_free_uptake,100,uM,day 3,functional,EGF_supernatant,269.0,pct_of_saline,increase,+169%,2,TRUE,N3,"US 11,105,794 B2",US11105794 TABLE 2,public_domain,"grade_provisional; in-vitro rubric extension (see schema.md): EGF_supernatant increase=toxicity, value 269.0 % of control -> grade 2; patent's own in-vivo grade for this compound: Medium"
MSR503,OLG047,in_vitro,human,primary_human_PTEC,proximal_tubule,gymnotic_free_uptake,100,uM,day 6,functional,EGF_supernatant,915.0,pct_of_saline,increase,+815%,3,TRUE,N3,"US 11,105,794 B2",US11105794 TABLE 2,public_domain,"grade_provisional; in-vitro rubric extension (see schema.md): EGF_supernatant increase=toxicity, value 915.0 % of control -> grade 3; patent's own in-vivo grade for this compound: Medium"
MSR504,OLG047,in_vitro,human,PTEC_TERT1,proximal_tubule,gymnotic_free_uptake,100,uM,day 3,functional,EGF_supernatant,128.0,pct_of_saline,increase,+28%,1,TRUE,N3,"US 11,105,794 B2",US11105794 TABLE 2,public_domain,"grade_provisional; in-vitro rubric extension (see schema.md): EGF_supernatant increase=toxicity, value 128.0 % of control -> grade 1; patent's own in-vivo grade for this compound: Medium; condition: PTEC-TERT1"
MSR505,OLG047,in_vitro,human,PTEC_TERT1,proximal_tubule,gymnotic_free_uptake,100,uM,day 6,functional,EGF_supernatant,2413.0,pct_of_saline,increase,+2313%,3,TRUE,N3,"US 11,105,794 B2",US11105794 TABLE 2,public_domain,"grade_provisional; in-vitro rubric extension (see schema.md): EGF_supernatant increase=toxicity, value 2413.0 % of control -> grade 3; patent's own in-vivo grade for this compound: Medium; condition: PTEC-TERT1"
MSR506,OLG048,in_vitro,human,primary_human_PTEC,proximal_tubule,gymnotic_free_uptake,3,uM,day 3,functional,EGF_supernatant,198.0,pct_of_saline,increase,+98%,1,TRUE,N3,"US 11,105,794 B2",US11105794 TABLE 2,public_domain,"grade_provisional; in-vitro rubric extension (see schema.md): EGF_supernatant increase=toxicity, value 198.0 % of control -> grade 1; patent's own in-vivo grade for this compound: high"
MSR507,OLG048,in_vitro,human,primary_human_PTEC,proximal_tubule,gymnotic_free_uptake,3,uM,day 6,functional,EGF_supernatant,525.0,pct_of_saline,increase,+425%,3,TRUE,N3,"US 11,105,794 B2",US11105794 TABLE 2,public_domain,"grade_provisional; in-vitro rubric extension (see schema.md): EGF_supernatant increase=toxicity, value 525.0 % of control -> grade 3; patent's own in-vivo grade for this compound: high"
MSR508,OLG048,in_vitro,human,PTEC_TERT1,proximal_tubule,gymnotic_free_uptake,3,uM,day 3,functional,EGF_supernatant,71.0,pct_of_saline,decrease,-29%,0,TRUE,N3,"US 11,105,794 B2",US11105794 TABLE 2,public_domain,"grade_provisional; in-vitro rubric extension (see schema.md): EGF_supernatant increase=toxicity, value 71.0 % of control -> grade 0; patent's own in-vivo grade for this compound: high; condition: PTEC-TERT1"
MSR509,OLG048,in_vitro,human,PTEC_TERT1,proximal_tubule,gymnotic_free_uptake,3,uM,day 6,functional,EGF_supernatant,37.0,pct_of_saline,decrease,-63%,0,TRUE,N3,"US 11,105,794 B2",US11105794 TABLE 2,public_domain,"grade_provisional; in-vitro rubric extension (see schema.md): EGF_supernatant increase=toxicity, value 37.0 % of control -> grade 0; patent's own in-vivo grade for this compound: high; condition: PTEC-TERT1"
MSR510,OLG048,in_vitro,human,primary_human_PTEC,proximal_tubule,gymnotic_free_uptake,10,uM,day 3,functional,EGF_supernatant,323.0,pct_of_saline,increase,+223%,2,TRUE,N3,"US 11,105,794 B2",US11105794 TABLE 2,public_domain,"grade_provisional; in-vitro rubric extension (see schema.md): EGF_supernatant increase=toxicity, value 323.0 % of control -> grade 2; patent's own in-vivo grade for this compound: high"
MSR511,OLG048,in_vitro,human,primary_human_PTEC,proximal_tubule,gymnotic_free_uptake,10,uM,day 6,functional,EGF_supernatant,1171.0,pct_of_saline,increase,+1071%,3,TRUE,N3,"US 11,105,794 B2",US11105794 TABLE 2,public_domain,"grade_provisional; in-vitro rubric extension (see schema.md): EGF_supernatant increase=toxicity, value 1171.0 % of control -> grade 3; patent's own in-vivo grade for this compound: high"
MSR512,OLG048,in_vitro,human,PTEC_TERT1,proximal_tubule,gymnotic_free_uptake,10,uM,day 3,functional,EGF_supernatant,116.0,pct_of_saline,increase,+16%,0,TRUE,N3,"US 11,105,794 B2",US11105794 TABLE 2,public_domain,"grade_provisional; in-vitro rubric extension (see schema.md): EGF_supernatant increase=toxicity, value 116.0 % of control -> grade 0; patent's own in-vivo grade for this compound: high; condition: PTEC-TERT1"
MSR513,OLG048,in_vitro,human,PTEC_TERT1,proximal_tubule,gymnotic_free_uptake,10,uM,day 6,functional,EGF_supernatant,222.0,pct_of_saline,increase,+122%,2,TRUE,N3,"US 11,105,794 B2",US11105794 TABLE 2,public_domain,"grade_provisional; in-vitro rubric extension (see schema.md): EGF_supernatant increase=toxicity, value 222.0 % of control -> grade 2; patent's own in-vivo grade for this compound: high; condition: PTEC-TERT1"
MSR514,OLG048,in_vitro,human,primary_human_PTEC,proximal_tubule,gymnotic_free_uptake,30,uM,day 3,functional,EGF_supernatant,373.0,pct_of_saline,increase,+273%,2,TRUE,N3,"US 11,105,794 B2",US11105794 TABLE 2,public_domain,"grade_provisional; in-vitro rubric extension (see schema.md): EGF_supernatant increase=toxicity, value 373.0 % of control -> grade 2; patent's own in-vivo grade for this compound: high"
MSR515,OLG048,in_vitro,human,primary_human_PTEC,proximal_tubule,gymnotic_free_uptake,30,uM,day 6,functional,EGF_supernatant,1588.0,pct_of_saline,increase,+1488%,3,TRUE,N3,"US 11,105,794 B2",US11105794 TABLE 2,public_domain,"grade_provisional; in-vitro rubric extension (see schema.md): EGF_supernatant increase=toxicity, value 1588.0 % of control -> grade 3; patent's own in-vivo grade for this compound: high"
MSR516,OLG048,in_vitro,human,PTEC_TERT1,proximal_tubule,gymnotic_free_uptake,30,uM,day 3,functional,EGF_supernatant,302.0,pct_of_saline,increase,+202%,2,TRUE,N3,"US 11,105,794 B2",US11105794 TABLE 2,public_domain,"grade_provisional; in-vitro rubric extension (see schema.md): EGF_supernatant increase=toxicity, value 302.0 % of control -> grade 2; patent's own in-vivo grade for this compound: high; condition: PTEC-TERT1"
MSR517,OLG048,in_vitro,human,PTEC_TERT1,proximal_tubule,gymnotic_free_uptake,30,uM,day 6,functional,EGF_supernatant,8398.0,pct_of_saline,increase,+8298%,3,TRUE,N3,"US 11,105,794 B2",US11105794 TABLE 2,public_domain,"grade_provisional; in-vitro rubric extension (see schema.md): EGF_supernatant increase=toxicity, value 8398.0 % of control -> grade 3; patent's own in-vivo grade for this compound: high; condition: PTEC-TERT1"
MSR518,OLG048,in_vitro,human,primary_human_PTEC,proximal_tubule,gymnotic_free_uptake,100,uM,day 3,functional,EGF_supernatant,631.0,pct_of_saline,increase,+531%,3,TRUE,N3,"US 11,105,794 B2",US11105794 TABLE 2,public_domain,"grade_provisional; in-vitro rubric extension (see schema.md): EGF_supernatant increase=toxicity, value 631.0 % of control -> grade 3; patent's own in-vivo grade for this compound: high"
MSR519,OLG048,in_vitro,human,primary_human_PTEC,proximal_tubule,gymnotic_free_uptake,100,uM,day 6,functional,EGF_supernatant,1403.0,pct_of_saline,increase,+1303%,3,TRUE,N3,"US 11,105,794 B2",US11105794 TABLE 2,public_domain,"grade_provisional; in-vitro rubric extension (see schema.md): EGF_supernatant increase=toxicity, value 1403.0 % of control -> grade 3; patent's own in-vivo grade for this compound: high"
MSR520,OLG048,in_vitro,human,PTEC_TERT1,proximal_tubule,gymnotic_free_uptake,100,uM,day 3,functional,EGF_supernatant,1572.0,pct_of_saline,increase,+1472%,3,TRUE,N3,"US 11,105,794 B2",US11105794 TABLE 2,public_domain,"grade_provisional; in-vitro rubric extension (see schema.md): EGF_supernatant increase=toxicity, value 1572.0 % of control -> grade 3; patent's own in-vivo grade for this compound: high; condition: PTEC-TERT1"
MSR521,OLG048,in_vitro,human,PTEC_TERT1,proximal_tubule,gymnotic_free_uptake,100,uM,day 6,functional,EGF_supernatant,8899.0,pct_of_saline,increase,+8799%,3,TRUE,N3,"US 11,105,794 B2",US11105794 TABLE 2,public_domain,"grade_provisional; in-vitro rubric extension (see schema.md): EGF_supernatant increase=toxicity, value 8899.0 % of control -> grade 3; patent's own in-vivo grade for this compound: high; condition: PTEC-TERT1"
MSR522,OLG048,in_vitro,human,PTEC_TERT1,proximal_tubule,gymnotic_free_uptake,30,uM,day 6,functional,EGFR_mRNA,60.0,pct_of_saline,decrease,-40%,1,TRUE,N4,"US 11,479,818 B2",US11479818 TABLE 4,public_domain,"grade_provisional; in-vitro rubric extension (see schema.md): EGFR_mRNA decrease=toxicity, value 60.0 % of control -> grade 1; patent's own in-vivo grade for this compound: High; condition: PTEC-TERT1"
MSR523,OLG048,in_vitro,human,PTEC_TERT1,proximal_tubule,gymnotic_free_uptake,30,uM,day 6,injury_biomarker,KIM-1_protein,43.0,pct_of_saline,decrease,-57%,0,TRUE,N4,"US 11,479,818 B2",US11479818 TABLE 4,public_domain,"grade_provisional; in-vitro rubric extension (see schema.md): KIM-1_protein increase=toxicity, value 43.0 % of control -> grade 0; patent's own in-vivo grade for this compound: High; condition: PTEC-TERT1"
MSR524,OLG048,in_vitro,human,PTEC_TERT1,proximal_tubule,gymnotic_free_uptake,100,uM,day 6,functional,EGFR_mRNA,44.0,pct_of_saline,decrease,-56%,2,TRUE,N4,"US 11,479,818 B2",US11479818 TABLE 4,public_domain,"grade_provisional; in-vitro rubric extension (see schema.md): EGFR_mRNA decrease=toxicity, value 44.0 % of control -> grade 2; patent's own in-vivo grade for this compound: High; condition: PTEC-TERT1"
MSR525,OLG048,in_vitro,human,PTEC_TERT1,proximal_tubule,gymnotic_free_uptake,100,uM,day 6,injury_biomarker,KIM-1_protein,1.0,pct_of_saline,decrease,-99%,0,TRUE,N4,"US 11,479,818 B2",US11479818 TABLE 4,public_domain,"grade_provisional; in-vitro rubric extension (see schema.md): KIM-1_protein increase=toxicity, value 1.0 % of control -> grade 0; patent's own in-vivo grade for this compound: High; condition: PTEC-TERT1"
MSR526,OLG050,in_vitro,human,PTEC_TERT1,proximal_tubule,gymnotic_free_uptake,10,uM,day 6,functional,EGFR_mRNA,105.0,pct_of_saline,increase,+5%,0,TRUE,N4,"US 11,479,818 B2",US11479818 TABLE 4,public_domain,"grade_provisional; in-vitro rubric extension (see schema.md): EGFR_mRNA decrease=toxicity, value 105.0 % of control -> grade 0; patent's own in-vivo grade for this compound: Innocuous; condition: PTEC-TERT1"
MSR527,OLG050,in_vitro,human,PTEC_TERT1,proximal_tubule,gymnotic_free_uptake,10,uM,day 6,injury_biomarker,KIM-1_protein,140.0,pct_of_saline,increase,+40%,0,TRUE,N4,"US 11,479,818 B2",US11479818 TABLE 4,public_domain,"grade_provisional; in-vitro rubric extension (see schema.md): KIM-1_protein increase=toxicity, value 140.0 % of control -> grade 0; patent's own in-vivo grade for this compound: Innocuous; condition: PTEC-TERT1"
MSR528,OLG050,in_vitro,human,PTEC_TERT1,proximal_tubule,gymnotic_free_uptake,10,uM,day 9,viability,ATP,93.0,pct_of_saline,decrease,-7%,0,TRUE,N4,"US 11,479,818 B2",US11479818 TABLE 4,public_domain,"grade_provisional; in-vitro rubric extension (see schema.md): ATP decrease=toxicity, value 93.0 % of control -> grade 0; patent's own in-vivo grade for this compound: Innocuous; condition: PTEC-TERT1"
MSR529,OLG050,in_vitro,human,PTEC_TERT1,proximal_tubule,gymnotic_free_uptake,30,uM,day 6,functional,EGFR_mRNA,102.0,pct_of_saline,increase,+2%,0,TRUE,N4,"US 11,479,818 B2",US11479818 TABLE 4,public_domain,"grade_provisional; in-vitro rubric extension (see schema.md): EGFR_mRNA decrease=toxicity, value 102.0 % of control -> grade 0; patent's own in-vivo grade for this compound: Innocuous; condition: PTEC-TERT1"
MSR530,OLG050,in_vitro,human,PTEC_TERT1,proximal_tubule,gymnotic_free_uptake,30,uM,day 6,injury_biomarker,KIM-1_protein,150.0,pct_of_saline,increase,+50%,1,TRUE,N4,"US 11,479,818 B2",US11479818 TABLE 4,public_domain,"grade_provisional; in-vitro rubric extension (see schema.md): KIM-1_protein increase=toxicity, value 150.0 % of control -> grade 1; patent's own in-vivo grade for this compound: Innocuous; condition: PTEC-TERT1"
MSR531,OLG050,in_vitro,human,PTEC_TERT1,proximal_tubule,gymnotic_free_uptake,30,uM,day 9,viability,ATP,99.0,pct_of_saline,decrease,-1%,0,TRUE,N4,"US 11,479,818 B2",US11479818 TABLE 4,public_domain,"grade_provisional; in-vitro rubric extension (see schema.md): ATP decrease=toxicity, value 99.0 % of control -> grade 0; patent's own in-vivo grade for this compound: Innocuous; condition: PTEC-TERT1"
MSR532,OLG050,in_vitro,human,PTEC_TERT1,proximal_tubule,gymnotic_free_uptake,100,uM,day 6,functional,EGFR_mRNA,115.0,pct_of_saline,increase,+15%,0,TRUE,N4,"US 11,479,818 B2",US11479818 TABLE 4,public_domain,"grade_provisional; in-vitro rubric extension (see schema.md): EGFR_mRNA decrease=toxicity, value 115.0 % of control -> grade 0; patent's own in-vivo grade for this compound: Innocuous; condition: PTEC-TERT1"
MSR533,OLG050,in_vitro,human,PTEC_TERT1,proximal_tubule,gymnotic_free_uptake,100,uM,day 6,injury_biomarker,KIM-1_protein,122.0,pct_of_saline,increase,+22%,0,TRUE,N4,"US 11,479,818 B2",US11479818 TABLE 4,public_domain,"grade_provisional; in-vitro rubric extension (see schema.md): KIM-1_protein increase=toxicity, value 122.0 % of control -> grade 0; patent's own in-vivo grade for this compound: Innocuous; condition: PTEC-TERT1"
MSR534,OLG050,in_vitro,human,PTEC_TERT1,proximal_tubule,gymnotic_free_uptake,100,uM,day 9,viability,ATP,101.0,pct_of_saline,increase,+1%,0,TRUE,N4,"US 11,479,818 B2",US11479818 TABLE 4,public_domain,"grade_provisional; in-vitro rubric extension (see schema.md): ATP decrease=toxicity, value 101.0 % of control -> grade 0; patent's own in-vivo grade for this compound: Innocuous; condition: PTEC-TERT1"
MSR535,OLG051,in_vitro,human,PTEC_TERT1,proximal_tubule,gymnotic_free_uptake,10,uM,day 6,functional,EGFR_mRNA,98.0,pct_of_saline,decrease,-2%,0,TRUE,N4,"US 11,479,818 B2",US11479818 TABLE 4,public_domain,"grade_provisional; in-vitro rubric extension (see schema.md): EGFR_mRNA decrease=toxicity, value 98.0 % of control -> grade 0; patent's own in-vivo grade for this compound: Innocuous; condition: PTEC-TERT1"
MSR536,OLG051,in_vitro,human,PTEC_TERT1,proximal_tubule,gymnotic_free_uptake,10,uM,day 6,injury_biomarker,KIM-1_protein,159.0,pct_of_saline,increase,+59%,1,TRUE,N4,"US 11,479,818 B2",US11479818 TABLE 4,public_domain,"grade_provisional; in-vitro rubric extension (see schema.md): KIM-1_protein increase=toxicity, value 159.0 % of control -> grade 1; patent's own in-vivo grade for this compound: Innocuous; condition: PTEC-TERT1"
MSR537,OLG051,in_vitro,human,PTEC_TERT1,proximal_tubule,gymnotic_free_uptake,10,uM,day 9,viability,ATP,113.0,pct_of_saline,increase,+13%,0,TRUE,N4,"US 11,479,818 B2",US11479818 TABLE 4,public_domain,"grade_provisional; in-vitro rubric extension (see schema.md): ATP decrease=toxicity, value 113.0 % of control -> grade 0; patent's own in-vivo grade for this compound: Innocuous; condition: PTEC-TERT1"
MSR538,OLG051,in_vitro,human,PTEC_TERT1,proximal_tubule,gymnotic_free_uptake,30,uM,day 6,functional,EGFR_mRNA,98.0,pct_of_saline,decrease,-2%,0,TRUE,N4,"US 11,479,818 B2",US11479818 TABLE 4,public_domain,"grade_provisional; in-vitro rubric extension (see schema.md): EGFR_mRNA decrease=toxicity, value 98.0 % of control -> grade 0; patent's own in-vivo grade for this compound: Innocuous; condition: PTEC-TERT1"
MSR539,OLG051,in_vitro,human,PTEC_TERT1,proximal_tubule,gymnotic_free_uptake,30,uM,day 6,injury_biomarker,KIM-1_protein,127.0,pct_of_saline,increase,+27%,0,TRUE,N4,"US 11,479,818 B2",US11479818 TABLE 4,public_domain,"grade_provisional; in-vitro rubric extension (see schema.md): KIM-1_protein increase=toxicity, value 127.0 % of control -> grade 0; patent's own in-vivo grade for this compound: Innocuous; condition: PTEC-TERT1"
MSR540,OLG051,in_vitro,human,PTEC_TERT1,proximal_tubule,gymnotic_free_uptake,30,uM,day 9,viability,ATP,114.0,pct_of_saline,increase,+14%,0,TRUE,N4,"US 11,479,818 B2",US11479818 TABLE 4,public_domain,"grade_provisional; in-vitro rubric extension (see schema.md): ATP decrease=toxicity, value 114.0 % of control -> grade 0; patent's own in-vivo grade for this compound: Innocuous; condition: PTEC-TERT1"
MSR541,OLG051,in_vitro,human,PTEC_TERT1,proximal_tubule,gymnotic_free_uptake,100,uM,day 6,functional,EGFR_mRNA,97.0,pct_of_saline,decrease,-3%,0,TRUE,N4,"US 11,479,818 B2",US11479818 TABLE 4,public_domain,"grade_provisional; in-vitro rubric extension (see schema.md): EGFR_mRNA decrease=toxicity, value 97.0 % of control -> grade 0; patent's own in-vivo grade for this compound: Innocuous; condition: PTEC-TERT1"
MSR542,OLG051,in_vitro,human,PTEC_TERT1,proximal_tubule,gymnotic_free_uptake,100,uM,day 6,injury_biomarker,KIM-1_protein,120.0,pct_of_saline,increase,+20%,0,TRUE,N4,"US 11,479,818 B2",US11479818 TABLE 4,public_domain,"grade_provisional; in-vitro rubric extension (see schema.md): KIM-1_protein increase=toxicity, value 120.0 % of control -> grade 0; patent's own in-vivo grade for this compound: Innocuous; condition: PTEC-TERT1"
MSR543,OLG051,in_vitro,human,PTEC_TERT1,proximal_tubule,gymnotic_free_uptake,100,uM,day 9,viability,ATP,107.0,pct_of_saline,increase,+7%,0,TRUE,N4,"US 11,479,818 B2",US11479818 TABLE 4,public_domain,"grade_provisional; in-vitro rubric extension (see schema.md): ATP decrease=toxicity, value 107.0 % of control -> grade 0; patent's own in-vivo grade for this compound: Innocuous; condition: PTEC-TERT1"
MSR544,OLG052,in_vitro,human,PTEC_TERT1,proximal_tubule,gymnotic_free_uptake,10,uM,day 6,functional,EGFR_mRNA,44.0,pct_of_saline,decrease,-56%,2,TRUE,N4,"US 11,479,818 B2",US11479818 TABLE 4,public_domain,"grade_provisional; in-vitro rubric extension (see schema.md): EGFR_mRNA decrease=toxicity, value 44.0 % of control -> grade 2; patent's own in-vivo grade for this compound: High; condition: PTEC-TERT1"
MSR545,OLG052,in_vitro,human,PTEC_TERT1,proximal_tubule,gymnotic_free_uptake,10,uM,day 6,injury_biomarker,KIM-1_protein,78.0,pct_of_saline,decrease,-22%,0,TRUE,N4,"US 11,479,818 B2",US11479818 TABLE 4,public_domain,"grade_provisional; in-vitro rubric extension (see schema.md): KIM-1_protein increase=toxicity, value 78.0 % of control -> grade 0; patent's own in-vivo grade for this compound: High; condition: PTEC-TERT1"
MSR546,OLG052,in_vitro,human,PTEC_TERT1,proximal_tubule,gymnotic_free_uptake,10,uM,day 9,viability,ATP,59.0,pct_of_saline,decrease,-41%,2,TRUE,N4,"US 11,479,818 B2",US11479818 TABLE 4,public_domain,"grade_provisional; in-vitro rubric extension (see schema.md): ATP decrease=toxicity, value 59.0 % of control -> grade 2; patent's own in-vivo grade for this compound: High; condition: PTEC-TERT1"
MSR547,OLG052,in_vitro,human,PTEC_TERT1,proximal_tubule,gymnotic_free_uptake,30,uM,day 6,functional,EGFR_mRNA,27.0,pct_of_saline,decrease,-73%,2,TRUE,N4,"US 11,479,818 B2",US11479818 TABLE 4,public_domain,"grade_provisional; in-vitro rubric extension (see schema.md): EGFR_mRNA decrease=toxicity, value 27.0 % of control -> grade 2; patent's own in-vivo grade for this compound: High; condition: PTEC-TERT1"
MSR548,OLG052,in_vitro,human,PTEC_TERT1,proximal_tubule,gymnotic_free_uptake,30,uM,day 6,injury_biomarker,KIM-1_protein,63.0,pct_of_saline,decrease,-37%,0,TRUE,N4,"US 11,479,818 B2",US11479818 TABLE 4,public_domain,"grade_provisional; in-vitro rubric extension (see schema.md): KIM-1_protein increase=toxicity, value 63.0 % of control -> grade 0; patent's own in-vivo grade for this compound: High; condition: PTEC-TERT1"
MSR549,OLG052,in_vitro,human,PTEC_TERT1,proximal_tubule,gymnotic_free_uptake,30,uM,day 9,viability,ATP,47.0,pct_of_saline,decrease,-53%,3,TRUE,N4,"US 11,479,818 B2",US11479818 TABLE 4,public_domain,"grade_provisional; in-vitro rubric extension (see schema.md): ATP decrease=toxicity, value 47.0 % of control -> grade 3; patent's own in-vivo grade for this compound: High; condition: PTEC-TERT1"
MSR550,OLG052,in_vitro,human,PTEC_TERT1,proximal_tubule,gymnotic_free_uptake,100,uM,day 6,functional,EGFR_mRNA,21.0,pct_of_saline,decrease,-79%,3,TRUE,N4,"US 11,479,818 B2",US11479818 TABLE 4,public_domain,"grade_provisional; in-vitro rubric extension (see schema.md): EGFR_mRNA decrease=toxicity, value 21.0 % of control -> grade 3; patent's own in-vivo grade for this compound: High; condition: PTEC-TERT1"
MSR551,OLG052,in_vitro,human,PTEC_TERT1,proximal_tubule,gymnotic_free_uptake,100,uM,day 6,injury_biomarker,KIM-1_protein,54.0,pct_of_saline,decrease,-46%,0,TRUE,N4,"US 11,479,818 B2",US11479818 TABLE 4,public_domain,"grade_provisional; in-vitro rubric extension (see schema.md): KIM-1_protein increase=toxicity, value 54.0 % of control -> grade 0; patent's own in-vivo grade for this compound: High; condition: PTEC-TERT1"
MSR552,OLG052,in_vitro,human,PTEC_TERT1,proximal_tubule,gymnotic_free_uptake,100,uM,day 9,viability,ATP,43.0,pct_of_saline,decrease,-57%,3,TRUE,N4,"US 11,479,818 B2",US11479818 TABLE 4,public_domain,"grade_provisional; in-vitro rubric extension (see schema.md): ATP decrease=toxicity, value 43.0 % of control -> grade 3; patent's own in-vivo grade for this compound: High; condition: PTEC-TERT1"
MSR553,OLG053,in_vitro,human,PTEC_TERT1,proximal_tubule,gymnotic_free_uptake,10,uM,day 6,functional,EGFR_mRNA,64.0,pct_of_saline,decrease,-36%,1,TRUE,N4,"US 11,479,818 B2",US11479818 TABLE 4,public_domain,"grade_provisional; in-vitro rubric extension (see schema.md): EGFR_mRNA decrease=toxicity, value 64.0 % of control -> grade 1; patent's own in-vivo grade for this compound: Medium; condition: PTEC-TERT1"
MSR554,OLG053,in_vitro,human,PTEC_TERT1,proximal_tubule,gymnotic_free_uptake,10,uM,day 6,injury_biomarker,KIM-1_protein,151.0,pct_of_saline,increase,+51%,1,TRUE,N4,"US 11,479,818 B2",US11479818 TABLE 4,public_domain,"grade_provisional; in-vitro rubric extension (see schema.md): KIM-1_protein increase=toxicity, value 151.0 % of control -> grade 1; patent's own in-vivo grade for this compound: Medium; condition: PTEC-TERT1"
MSR555,OLG053,in_vitro,human,PTEC_TERT1,proximal_tubule,gymnotic_free_uptake,10,uM,day 9,viability,ATP,99.0,pct_of_saline,decrease,-1%,0,TRUE,N4,"US 11,479,818 B2",US11479818 TABLE 4,public_domain,"grade_provisional; in-vitro rubric extension (see schema.md): ATP decrease=toxicity, value 99.0 % of control -> grade 0; patent's own in-vivo grade for this compound: Medium; condition: PTEC-TERT1"
MSR556,OLG053,in_vitro,human,PTEC_TERT1,proximal_tubule,gymnotic_free_uptake,30,uM,day 6,functional,EGFR_mRNA,53.0,pct_of_saline,decrease,-47%,1,TRUE,N4,"US 11,479,818 B2",US11479818 TABLE 4,public_domain,"grade_provisional; in-vitro rubric extension (see schema.md): EGFR_mRNA decrease=toxicity, value 53.0 % of control -> grade 1; patent's own in-vivo grade for this compound: Medium; condition: PTEC-TERT1"
MSR557,OLG053,in_vitro,human,PTEC_TERT1,proximal_tubule,gymnotic_free_uptake,30,uM,day 6,injury_biomarker,KIM-1_protein,129.0,pct_of_saline,increase,+29%,0,TRUE,N4,"US 11,479,818 B2",US11479818 TABLE 4,public_domain,"grade_provisional; in-vitro rubric extension (see schema.md): KIM-1_protein increase=toxicity, value 129.0 % of control -> grade 0; patent's own in-vivo grade for this compound: Medium; condition: PTEC-TERT1"
MSR558,OLG053,in_vitro,human,PTEC_TERT1,proximal_tubule,gymnotic_free_uptake,30,uM,day 9,viability,ATP,101.0,pct_of_saline,increase,+1%,0,TRUE,N4,"US 11,479,818 B2",US11479818 TABLE 4,public_domain,"grade_provisional; in-vitro rubric extension (see schema.md): ATP decrease=toxicity, value 101.0 % of control -> grade 0; patent's own in-vivo grade for this compound: Medium; condition: PTEC-TERT1"
MSR559,OLG053,in_vitro,human,PTEC_TERT1,proximal_tubule,gymnotic_free_uptake,100,uM,day 6,functional,EGFR_mRNA,50.0,pct_of_saline,decrease,-50%,1,TRUE,N4,"US 11,479,818 B2",US11479818 TABLE 4,public_domain,"grade_provisional; in-vitro rubric extension (see schema.md): EGFR_mRNA decrease=toxicity, value 50.0 % of control -> grade 1; patent's own in-vivo grade for this compound: Medium; condition: PTEC-TERT1"
MSR560,OLG053,in_vitro,human,PTEC_TERT1,proximal_tubule,gymnotic_free_uptake,100,uM,day 6,injury_biomarker,KIM-1_protein,116.0,pct_of_saline,increase,+16%,0,TRUE,N4,"US 11,479,818 B2",US11479818 TABLE 4,public_domain,"grade_provisional; in-vitro rubric extension (see schema.md): KIM-1_protein increase=toxicity, value 116.0 % of control -> grade 0; patent's own in-vivo grade for this compound: Medium; condition: PTEC-TERT1"
MSR561,OLG053,in_vitro,human,PTEC_TERT1,proximal_tubule,gymnotic_free_uptake,100,uM,day 9,viability,ATP,103.0,pct_of_saline,increase,+3%,0,TRUE,N4,"US 11,479,818 B2",US11479818 TABLE 4,public_domain,"grade_provisional; in-vitro rubric extension (see schema.md): ATP decrease=toxicity, value 103.0 % of control -> grade 0; patent's own in-vivo grade for this compound: Medium; condition: PTEC-TERT1"
MSR562,OLG054,in_vitro,human,PTEC_TERT1,proximal_tubule,gymnotic_free_uptake,10,uM,day 6,functional,EGFR_mRNA,80.0,pct_of_saline,decrease,-20%,0,TRUE,N4,"US 11,479,818 B2",US11479818 TABLE 4,public_domain,"grade_provisional; in-vitro rubric extension (see schema.md): EGFR_mRNA decrease=toxicity, value 80.0 % of control -> grade 0; patent's own in-vivo grade for this compound: Medium; condition: PTEC-TERT1"
MSR563,OLG054,in_vitro,human,PTEC_TERT1,proximal_tubule,gymnotic_free_uptake,10,uM,day 6,injury_biomarker,KIM-1_protein,123.0,pct_of_saline,increase,+23%,0,TRUE,N4,"US 11,479,818 B2",US11479818 TABLE 4,public_domain,"grade_provisional; in-vitro rubric extension (see schema.md): KIM-1_protein increase=toxicity, value 123.0 % of control -> grade 0; patent's own in-vivo grade for this compound: Medium; condition: PTEC-TERT1"
MSR564,OLG054,in_vitro,human,PTEC_TERT1,proximal_tubule,gymnotic_free_uptake,10,uM,day 9,viability,ATP,87.0,pct_of_saline,decrease,-13%,0,TRUE,N4,"US 11,479,818 B2",US11479818 TABLE 4,public_domain,"grade_provisional; in-vitro rubric extension (see schema.md): ATP decrease=toxicity, value 87.0 % of control -> grade 0; patent's own in-vivo grade for this compound: Medium; condition: PTEC-TERT1"
MSR565,OLG054,in_vitro,human,PTEC_TERT1,proximal_tubule,gymnotic_free_uptake,30,uM,day 6,functional,EGFR_mRNA,68.0,pct_of_saline,decrease,-32%,1,TRUE,N4,"US 11,479,818 B2",US11479818 TABLE 4,public_domain,"grade_provisional; in-vitro rubric extension (see schema.md): EGFR_mRNA decrease=toxicity, value 68.0 % of control -> grade 1; patent's own in-vivo grade for this compound: Medium; condition: PTEC-TERT1"
MSR566,OLG054,in_vitro,human,PTEC_TERT1,proximal_tubule,gymnotic_free_uptake,30,uM,day 6,injury_biomarker,KIM-1_protein,77.0,pct_of_saline,decrease,-23%,0,TRUE,N4,"US 11,479,818 B2",US11479818 TABLE 4,public_domain,"grade_provisional; in-vitro rubric extension (see schema.md): KIM-1_protein increase=toxicity, value 77.0 % of control -> grade 0; patent's own in-vivo grade for this compound: Medium; condition: PTEC-TERT1"
MSR567,OLG054,in_vitro,human,PTEC_TERT1,proximal_tubule,gymnotic_free_uptake,30,uM,day 9,viability,ATP,66.0,pct_of_saline,decrease,-34%,2,TRUE,N4,"US 11,479,818 B2",US11479818 TABLE 4,public_domain,"grade_provisional; in-vitro rubric extension (see schema.md): ATP decrease=toxicity, value 66.0 % of control -> grade 2; patent's own in-vivo grade for this compound: Medium; condition: PTEC-TERT1"
MSR568,OLG054,in_vitro,human,PTEC_TERT1,proximal_tubule,gymnotic_free_uptake,100,uM,day 6,functional,EGFR_mRNA,66.0,pct_of_saline,decrease,-34%,1,TRUE,N4,"US 11,479,818 B2",US11479818 TABLE 4,public_domain,"grade_provisional; in-vitro rubric extension (see schema.md): EGFR_mRNA decrease=toxicity, value 66.0 % of control -> grade 1; patent's own in-vivo grade for this compound: Medium; condition: PTEC-TERT1"
MSR569,OLG054,in_vitro,human,PTEC_TERT1,proximal_tubule,gymnotic_free_uptake,100,uM,day 6,injury_biomarker,KIM-1_protein,65.0,pct_of_saline,decrease,-35%,0,TRUE,N4,"US 11,479,818 B2",US11479818 TABLE 4,public_domain,"grade_provisional; in-vitro rubric extension (see schema.md): KIM-1_protein increase=toxicity, value 65.0 % of control -> grade 0; patent's own in-vivo grade for this compound: Medium; condition: PTEC-TERT1"
MSR570,OLG054,in_vitro,human,PTEC_TERT1,proximal_tubule,gymnotic_free_uptake,100,uM,day 9,viability,ATP,60.0,pct_of_saline,decrease,-40%,2,TRUE,N4,"US 11,479,818 B2",US11479818 TABLE 4,public_domain,"grade_provisional; in-vitro rubric extension (see schema.md): ATP decrease=toxicity, value 60.0 % of control -> grade 2; patent's own in-vivo grade for this compound: Medium; condition: PTEC-TERT1"
MSR571,OLG055,in_vitro,human,PTEC_TERT1,proximal_tubule,gymnotic_free_uptake,10,uM,day 6,functional,EGFR_mRNA,37.0,pct_of_saline,decrease,-63%,2,TRUE,N4,"US 11,479,818 B2",US11479818 TABLE 4,public_domain,"grade_provisional; in-vitro rubric extension (see schema.md): EGFR_mRNA decrease=toxicity, value 37.0 % of control -> grade 2; patent's own in-vivo grade for this compound: Medium; condition: PTEC-TERT1"
MSR572,OLG055,in_vitro,human,PTEC_TERT1,proximal_tubule,gymnotic_free_uptake,10,uM,day 6,injury_biomarker,KIM-1_protein,149.0,pct_of_saline,increase,+49%,0,TRUE,N4,"US 11,479,818 B2",US11479818 TABLE 4,public_domain,"grade_provisional; in-vitro rubric extension (see schema.md): KIM-1_protein increase=toxicity, value 149.0 % of control -> grade 0; patent's own in-vivo grade for this compound: Medium; condition: PTEC-TERT1"
MSR573,OLG055,in_vitro,human,PTEC_TERT1,proximal_tubule,gymnotic_free_uptake,10,uM,day 9,viability,ATP,136.0,pct_of_saline,increase,+36%,0,TRUE,N4,"US 11,479,818 B2",US11479818 TABLE 4,public_domain,"grade_provisional; in-vitro rubric extension (see schema.md): ATP decrease=toxicity, value 136.0 % of control -> grade 0; patent's own in-vivo grade for this compound: Medium; condition: PTEC-TERT1"
MSR574,OLG055,in_vitro,human,PTEC_TERT1,proximal_tubule,gymnotic_free_uptake,30,uM,day 6,functional,EGFR_mRNA,29.0,pct_of_saline,decrease,-71%,2,TRUE,N4,"US 11,479,818 B2",US11479818 TABLE 4,public_domain,"grade_provisional; in-vitro rubric extension (see schema.md): EGFR_mRNA decrease=toxicity, value 29.0 % of control -> grade 2; patent's own in-vivo grade for this compound: Medium; condition: PTEC-TERT1"
MSR575,OLG055,in_vitro,human,PTEC_TERT1,proximal_tubule,gymnotic_free_uptake,30,uM,day 6,injury_biomarker,KIM-1_protein,111.0,pct_of_saline,increase,+11%,0,TRUE,N4,"US 11,479,818 B2",US11479818 TABLE 4,public_domain,"grade_provisional; in-vitro rubric extension (see schema.md): KIM-1_protein increase=toxicity, value 111.0 % of control -> grade 0; patent's own in-vivo grade for this compound: Medium; condition: PTEC-TERT1"
MSR576,OLG055,in_vitro,human,PTEC_TERT1,proximal_tubule,gymnotic_free_uptake,30,uM,day 9,viability,ATP,135.0,pct_of_saline,increase,+35%,0,TRUE,N4,"US 11,479,818 B2",US11479818 TABLE 4,public_domain,"grade_provisional; in-vitro rubric extension (see schema.md): ATP decrease=toxicity, value 135.0 % of control -> grade 0; patent's own in-vivo grade for this compound: Medium; condition: PTEC-TERT1"
MSR577,OLG055,in_vitro,human,PTEC_TERT1,proximal_tubule,gymnotic_free_uptake,100,uM,day 6,functional,EGFR_mRNA,18.0,pct_of_saline,decrease,-82%,3,TRUE,N4,"US 11,479,818 B2",US11479818 TABLE 4,public_domain,"grade_provisional; in-vitro rubric extension (see schema.md): EGFR_mRNA decrease=toxicity, value 18.0 % of control -> grade 3; patent's own in-vivo grade for this compound: Medium; condition: PTEC-TERT1"
MSR578,OLG055,in_vitro,human,PTEC_TERT1,proximal_tubule,gymnotic_free_uptake,100,uM,day 6,injury_biomarker,KIM-1_protein,82.0,pct_of_saline,decrease,-18%,0,TRUE,N4,"US 11,479,818 B2",US11479818 TABLE 4,public_domain,"grade_provisional; in-vitro rubric extension (see schema.md): KIM-1_protein increase=toxicity, value 82.0 % of control -> grade 0; patent's own in-vivo grade for this compound: Medium; condition: PTEC-TERT1"
MSR579,OLG055,in_vitro,human,PTEC_TERT1,proximal_tubule,gymnotic_free_uptake,100,uM,day 9,viability,ATP,119.0,pct_of_saline,increase,+19%,0,TRUE,N4,"US 11,479,818 B2",US11479818 TABLE 4,public_domain,"grade_provisional; in-vitro rubric extension (see schema.md): ATP decrease=toxicity, value 119.0 % of control -> grade 0; patent's own in-vivo grade for this compound: Medium; condition: PTEC-TERT1"
MSR580,OLG056,in_vitro,human,PTEC_TERT1,proximal_tubule,gymnotic_free_uptake,10,uM,day 6,functional,EGFR_mRNA,102.0,pct_of_saline,increase,+2%,0,TRUE,N4,"US 11,479,818 B2",US11479818 TABLE 4,public_domain,"grade_provisional; in-vitro rubric extension (see schema.md): EGFR_mRNA decrease=toxicity, value 102.0 % of control -> grade 0; patent's own in-vivo grade for this compound: High; condition: PTEC-TERT1"
MSR581,OLG056,in_vitro,human,PTEC_TERT1,proximal_tubule,gymnotic_free_uptake,10,uM,day 6,injury_biomarker,KIM-1_protein,325.0,pct_of_saline,increase,+225%,2,TRUE,N4,"US 11,479,818 B2",US11479818 TABLE 4,public_domain,"grade_provisional; in-vitro rubric extension (see schema.md): KIM-1_protein increase=toxicity, value 325.0 % of control -> grade 2; patent's own in-vivo grade for this compound: High; condition: PTEC-TERT1"
MSR582,OLG056,in_vitro,human,PTEC_TERT1,proximal_tubule,gymnotic_free_uptake,10,uM,day 9,viability,ATP,132.0,pct_of_saline,increase,+32%,0,TRUE,N4,"US 11,479,818 B2",US11479818 TABLE 4,public_domain,"grade_provisional; in-vitro rubric extension (see schema.md): ATP decrease=toxicity, value 132.0 % of control -> grade 0; patent's own in-vivo grade for this compound: High; condition: PTEC-TERT1"
MSR583,OLG056,in_vitro,human,PTEC_TERT1,proximal_tubule,gymnotic_free_uptake,30,uM,day 6,functional,EGFR_mRNA,104.0,pct_of_saline,increase,+4%,0,TRUE,N4,"US 11,479,818 B2",US11479818 TABLE 4,public_domain,"grade_provisional; in-vitro rubric extension (see schema.md): EGFR_mRNA decrease=toxicity, value 104.0 % of control -> grade 0; patent's own in-vivo grade for this compound: High; condition: PTEC-TERT1"
MSR584,OLG056,in_vitro,human,PTEC_TERT1,proximal_tubule,gymnotic_free_uptake,30,uM,day 6,injury_biomarker,KIM-1_protein,379.0,pct_of_saline,increase,+279%,2,TRUE,N4,"US 11,479,818 B2",US11479818 TABLE 4,public_domain,"grade_provisional; in-vitro rubric extension (see schema.md): KIM-1_protein increase=toxicity, value 379.0 % of control -> grade 2; patent's own in-vivo grade for this compound: High; condition: PTEC-TERT1"
MSR585,OLG056,in_vitro,human,PTEC_TERT1,proximal_tubule,gymnotic_free_uptake,30,uM,day 9,viability,ATP,133.0,pct_of_saline,increase,+33%,0,TRUE,N4,"US 11,479,818 B2",US11479818 TABLE 4,public_domain,"grade_provisional; in-vitro rubric extension (see schema.md): ATP decrease=toxicity, value 133.0 % of control -> grade 0; patent's own in-vivo grade for this compound: High; condition: PTEC-TERT1"
MSR586,OLG056,in_vitro,human,PTEC_TERT1,proximal_tubule,gymnotic_free_uptake,100,uM,day 6,functional,EGFR_mRNA,94.0,pct_of_saline,decrease,-6%,0,TRUE,N4,"US 11,479,818 B2",US11479818 TABLE 4,public_domain,"grade_provisional; in-vitro rubric extension (see schema.md): EGFR_mRNA decrease=toxicity, value 94.0 % of control -> grade 0; patent's own in-vivo grade for this compound: High; condition: PTEC-TERT1"
MSR587,OLG056,in_vitro,human,PTEC_TERT1,proximal_tubule,gymnotic_free_uptake,100,uM,day 6,injury_biomarker,KIM-1_protein,289.0,pct_of_saline,increase,+189%,2,TRUE,N4,"US 11,479,818 B2",US11479818 TABLE 4,public_domain,"grade_provisional; in-vitro rubric extension (see schema.md): KIM-1_protein increase=toxicity, value 289.0 % of control -> grade 2; patent's own in-vivo grade for this compound: High; condition: PTEC-TERT1"
MSR588,OLG056,in_vitro,human,PTEC_TERT1,proximal_tubule,gymnotic_free_uptake,100,uM,day 9,viability,ATP,90.0,pct_of_saline,decrease,-10%,0,TRUE,N4,"US 11,479,818 B2",US11479818 TABLE 4,public_domain,"grade_provisional; in-vitro rubric extension (see schema.md): ATP decrease=toxicity, value 90.0 % of control -> grade 0; patent's own in-vivo grade for this compound: High; condition: PTEC-TERT1"
MSR589,OLG057,in_vitro,human,PTEC_TERT1,proximal_tubule,gymnotic_free_uptake,10,uM,day 6,functional,EGFR_mRNA,115.0,pct_of_saline,increase,+15%,0,TRUE,N4,"US 11,479,818 B2",US11479818 TABLE 4,public_domain,"grade_provisional; in-vitro rubric extension (see schema.md): EGFR_mRNA decrease=toxicity, value 115.0 % of control -> grade 0; patent's own in-vivo grade for this compound: Medium; condition: PTEC-TERT1"
MSR590,OLG057,in_vitro,human,PTEC_TERT1,proximal_tubule,gymnotic_free_uptake,10,uM,day 6,injury_biomarker,KIM-1_protein,268.0,pct_of_saline,increase,+168%,2,TRUE,N4,"US 11,479,818 B2",US11479818 TABLE 4,public_domain,"grade_provisional; in-vitro rubric extension (see schema.md): KIM-1_protein increase=toxicity, value 268.0 % of control -> grade 2; patent's own in-vivo grade for this compound: Medium; condition: PTEC-TERT1"
MSR591,OLG057,in_vitro,human,PTEC_TERT1,proximal_tubule,gymnotic_free_uptake,10,uM,day 9,viability,ATP,124.0,pct_of_saline,increase,+24%,0,TRUE,N4,"US 11,479,818 B2",US11479818 TABLE 4,public_domain,"grade_provisional; in-vitro rubric extension (see schema.md): ATP decrease=toxicity, value 124.0 % of control -> grade 0; patent's own in-vivo grade for this compound: Medium; condition: PTEC-TERT1"
MSR592,OLG057,in_vitro,human,PTEC_TERT1,proximal_tubule,gymnotic_free_uptake,30,uM,day 6,functional,EGFR_mRNA,115.0,pct_of_saline,increase,+15%,0,TRUE,N4,"US 11,479,818 B2",US11479818 TABLE 4,public_domain,"grade_provisional; in-vitro rubric extension (see schema.md): EGFR_mRNA decrease=toxicity, value 115.0 % of control -> grade 0; patent's own in-vivo grade for this compound: Medium; condition: PTEC-TERT1"
MSR593,OLG057,in_vitro,human,PTEC_TERT1,proximal_tubule,gymnotic_free_uptake,30,uM,day 6,injury_biomarker,KIM-1_protein,242.0,pct_of_saline,increase,+142%,2,TRUE,N4,"US 11,479,818 B2",US11479818 TABLE 4,public_domain,"grade_provisional; in-vitro rubric extension (see schema.md): KIM-1_protein increase=toxicity, value 242.0 % of control -> grade 2; patent's own in-vivo grade for this compound: Medium; condition: PTEC-TERT1"
MSR594,OLG057,in_vitro,human,PTEC_TERT1,proximal_tubule,gymnotic_free_uptake,30,uM,day 9,viability,ATP,122.0,pct_of_saline,increase,+22%,0,TRUE,N4,"US 11,479,818 B2",US11479818 TABLE 4,public_domain,"grade_provisional; in-vitro rubric extension (see schema.md): ATP decrease=toxicity, value 122.0 % of control -> grade 0; patent's own in-vivo grade for this compound: Medium; condition: PTEC-TERT1"
MSR595,OLG057,in_vitro,human,PTEC_TERT1,proximal_tubule,gymnotic_free_uptake,100,uM,day 6,functional,EGFR_mRNA,114.0,pct_of_saline,increase,+14%,0,TRUE,N4,"US 11,479,818 B2",US11479818 TABLE 4,public_domain,"grade_provisional; in-vitro rubric extension (see schema.md): EGFR_mRNA decrease=toxicity, value 114.0 % of control -> grade 0; patent's own in-vivo grade for this compound: Medium; condition: PTEC-TERT1"
MSR596,OLG057,in_vitro,human,PTEC_TERT1,proximal_tubule,gymnotic_free_uptake,100,uM,day 6,injury_biomarker,KIM-1_protein,252.0,pct_of_saline,increase,+152%,2,TRUE,N4,"US 11,479,818 B2",US11479818 TABLE 4,public_domain,"grade_provisional; in-vitro rubric extension (see schema.md): KIM-1_protein increase=toxicity, value 252.0 % of control -> grade 2; patent's own in-vivo grade for this compound: Medium; condition: PTEC-TERT1"
MSR597,OLG057,in_vitro,human,PTEC_TERT1,proximal_tubule,gymnotic_free_uptake,100,uM,day 9,viability,ATP,114.0,pct_of_saline,increase,+14%,0,TRUE,N4,"US 11,479,818 B2",US11479818 TABLE 4,public_domain,"grade_provisional; in-vitro rubric extension (see schema.md): ATP decrease=toxicity, value 114.0 % of control -> grade 0; patent's own in-vivo grade for this compound: Medium; condition: PTEC-TERT1"
MSR598,OLG059,in_vitro,human,PTEC_TERT1,proximal_tubule,gymnotic_free_uptake,10,uM,day 6,functional,EGFR_mRNA,68.0,pct_of_saline,decrease,-32%,1,TRUE,N4,"US 11,479,818 B2",US11479818 TABLE 4,public_domain,"grade_provisional; in-vitro rubric extension (see schema.md): EGFR_mRNA decrease=toxicity, value 68.0 % of control -> grade 1; patent's own in-vivo grade for this compound: Medium; condition: PTEC-TERT1"
MSR599,OLG059,in_vitro,human,PTEC_TERT1,proximal_tubule,gymnotic_free_uptake,10,uM,day 6,injury_biomarker,KIM-1_protein,43.0,pct_of_saline,decrease,-57%,0,TRUE,N4,"US 11,479,818 B2",US11479818 TABLE 4,public_domain,"grade_provisional; in-vitro rubric extension (see schema.md): KIM-1_protein increase=toxicity, value 43.0 % of control -> grade 0; patent's own in-vivo grade for this compound: Medium; condition: PTEC-TERT1"
MSR600,OLG059,in_vitro,human,PTEC_TERT1,proximal_tubule,gymnotic_free_uptake,10,uM,day 9,viability,ATP,101.0,pct_of_saline,increase,+1%,0,TRUE,N4,"US 11,479,818 B2",US11479818 TABLE 4,public_domain,"grade_provisional; in-vitro rubric extension (see schema.md): ATP decrease=toxicity, value 101.0 % of control -> grade 0; patent's own in-vivo grade for this compound: Medium; condition: PTEC-TERT1"
MSR601,OLG059,in_vitro,human,PTEC_TERT1,proximal_tubule,gymnotic_free_uptake,30,uM,day 6,functional,EGFR_mRNA,59.0,pct_of_saline,decrease,-41%,1,TRUE,N4,"US 11,479,818 B2",US11479818 TABLE 4,public_domain,"grade_provisional; in-vitro rubric extension (see schema.md): EGFR_mRNA decrease=toxicity, value 59.0 % of control -> grade 1; patent's own in-vivo grade for this compound: Medium; condition: PTEC-TERT1"
MSR602,OLG059,in_vitro,human,PTEC_TERT1,proximal_tubule,gymnotic_free_uptake,30,uM,day 6,injury_biomarker,KIM-1_protein,34.0,pct_of_saline,decrease,-66%,0,TRUE,N4,"US 11,479,818 B2",US11479818 TABLE 4,public_domain,"grade_provisional; in-vitro rubric extension (see schema.md): KIM-1_protein increase=toxicity, value 34.0 % of control -> grade 0; patent's own in-vivo grade for this compound: Medium; condition: PTEC-TERT1"
MSR603,OLG059,in_vitro,human,PTEC_TERT1,proximal_tubule,gymnotic_free_uptake,30,uM,day 9,viability,ATP,92.0,pct_of_saline,decrease,-8%,0,TRUE,N4,"US 11,479,818 B2",US11479818 TABLE 4,public_domain,"grade_provisional; in-vitro rubric extension (see schema.md): ATP decrease=toxicity, value 92.0 % of control -> grade 0; patent's own in-vivo grade for this compound: Medium; condition: PTEC-TERT1"
MSR604,OLG059,in_vitro,human,PTEC_TERT1,proximal_tubule,gymnotic_free_uptake,100,uM,day 6,functional,EGFR_mRNA,65.0,pct_of_saline,decrease,-35%,1,TRUE,N4,"US 11,479,818 B2",US11479818 TABLE 4,public_domain,"grade_provisional; in-vitro rubric extension (see schema.md): EGFR_mRNA decrease=toxicity, value 65.0 % of control -> grade 1; patent's own in-vivo grade for this compound: Medium; condition: PTEC-TERT1"
MSR605,OLG059,in_vitro,human,PTEC_TERT1,proximal_tubule,gymnotic_free_uptake,100,uM,day 6,injury_biomarker,KIM-1_protein,25.0,pct_of_saline,decrease,-75%,0,TRUE,N4,"US 11,479,818 B2",US11479818 TABLE 4,public_domain,"grade_provisional; in-vitro rubric extension (see schema.md): KIM-1_protein increase=toxicity, value 25.0 % of control -> grade 0; patent's own in-vivo grade for this compound: Medium; condition: PTEC-TERT1"
MSR606,OLG059,in_vitro,human,PTEC_TERT1,proximal_tubule,gymnotic_free_uptake,100,uM,day 9,viability,ATP,52.0,pct_of_saline,decrease,-48%,2,TRUE,N4,"US 11,479,818 B2",US11479818 TABLE 4,public_domain,"grade_provisional; in-vitro rubric extension (see schema.md): ATP decrease=toxicity, value 52.0 % of control -> grade 2; patent's own in-vivo grade for this compound: Medium; condition: PTEC-TERT1"
MSR607,OLG062,in_vitro,human,PTEC_TERT1,proximal_tubule,gymnotic_free_uptake,10,uM,day 6,functional,EGFR_mRNA,96.0,pct_of_saline,decrease,-4%,0,TRUE,N4,"US 11,479,818 B2",US11479818 TABLE 4,public_domain,"grade_provisional; in-vitro rubric extension (see schema.md): EGFR_mRNA decrease=toxicity, value 96.0 % of control -> grade 0; patent's own in-vivo grade for this compound: Mild tox; condition: PTEC-TERT1"
MSR608,OLG062,in_vitro,human,PTEC_TERT1,proximal_tubule,gymnotic_free_uptake,10,uM,day 6,injury_biomarker,KIM-1_protein,188.0,pct_of_saline,increase,+88%,1,TRUE,N4,"US 11,479,818 B2",US11479818 TABLE 4,public_domain,"grade_provisional; in-vitro rubric extension (see schema.md): KIM-1_protein increase=toxicity, value 188.0 % of control -> grade 1; patent's own in-vivo grade for this compound: Mild tox; condition: PTEC-TERT1"
MSR609,OLG062,in_vitro,human,PTEC_TERT1,proximal_tubule,gymnotic_free_uptake,10,uM,day 9,viability,ATP,121.0,pct_of_saline,increase,+21%,0,TRUE,N4,"US 11,479,818 B2",US11479818 TABLE 4,public_domain,"grade_provisional; in-vitro rubric extension (see schema.md): ATP decrease=toxicity, value 121.0 % of control -> grade 0; patent's own in-vivo grade for this compound: Mild tox; condition: PTEC-TERT1"
MSR610,OLG062,in_vitro,human,PTEC_TERT1,proximal_tubule,gymnotic_free_uptake,30,uM,day 6,functional,EGFR_mRNA,104.0,pct_of_saline,increase,+4%,0,TRUE,N4,"US 11,479,818 B2",US11479818 TABLE 4,public_domain,"grade_provisional; in-vitro rubric extension (see schema.md): EGFR_mRNA decrease=toxicity, value 104.0 % of control -> grade 0; patent's own in-vivo grade for this compound: Mild tox; condition: PTEC-TERT1"
MSR611,OLG062,in_vitro,human,PTEC_TERT1,proximal_tubule,gymnotic_free_uptake,30,uM,day 6,injury_biomarker,KIM-1_protein,193.0,pct_of_saline,increase,+93%,1,TRUE,N4,"US 11,479,818 B2",US11479818 TABLE 4,public_domain,"grade_provisional; in-vitro rubric extension (see schema.md): KIM-1_protein increase=toxicity, value 193.0 % of control -> grade 1; patent's own in-vivo grade for this compound: Mild tox; condition: PTEC-TERT1"
MSR612,OLG062,in_vitro,human,PTEC_TERT1,proximal_tubule,gymnotic_free_uptake,30,uM,day 9,viability,ATP,112.0,pct_of_saline,increase,+12%,0,TRUE,N4,"US 11,479,818 B2",US11479818 TABLE 4,public_domain,"grade_provisional; in-vitro rubric extension (see schema.md): ATP decrease=toxicity, value 112.0 % of control -> grade 0; patent's own in-vivo grade for this compound: Mild tox; condition: PTEC-TERT1"
MSR613,OLG062,in_vitro,human,PTEC_TERT1,proximal_tubule,gymnotic_free_uptake,100,uM,day 6,functional,EGFR_mRNA,98.0,pct_of_saline,decrease,-2%,0,TRUE,N4,"US 11,479,818 B2",US11479818 TABLE 4,public_domain,"grade_provisional; in-vitro rubric extension (see schema.md): EGFR_mRNA decrease=toxicity, value 98.0 % of control -> grade 0; patent's own in-vivo grade for this compound: Mild tox; condition: PTEC-TERT1"
MSR614,OLG062,in_vitro,human,PTEC_TERT1,proximal_tubule,gymnotic_free_uptake,100,uM,day 6,injury_biomarker,KIM-1_protein,181.0,pct_of_saline,increase,+81%,1,TRUE,N4,"US 11,479,818 B2",US11479818 TABLE 4,public_domain,"grade_provisional; in-vitro rubric extension (see schema.md): KIM-1_protein increase=toxicity, value 181.0 % of control -> grade 1; patent's own in-vivo grade for this compound: Mild tox; condition: PTEC-TERT1"
MSR615,OLG062,in_vitro,human,PTEC_TERT1,proximal_tubule,gymnotic_free_uptake,100,uM,day 9,viability,ATP,105.0,pct_of_saline,increase,+5%,0,TRUE,N4,"US 11,479,818 B2",US11479818 TABLE 4,public_domain,"grade_provisional; in-vitro rubric extension (see schema.md): ATP decrease=toxicity, value 105.0 % of control -> grade 0; patent's own in-vivo grade for this compound: Mild tox; condition: PTEC-TERT1"
MSR616,OLG063,in_vitro,human,PTEC_TERT1,proximal_tubule,gymnotic_free_uptake,10,uM,day 6,functional,EGFR_mRNA,86.0,pct_of_saline,decrease,-14%,0,TRUE,N4,"US 11,479,818 B2",US11479818 TABLE 4,public_domain,"grade_provisional; in-vitro rubric extension (see schema.md): EGFR_mRNA decrease=toxicity, value 86.0 % of control -> grade 0; patent's own in-vivo grade for this compound: Mild tox; condition: PTEC-TERT1"
MSR617,OLG063,in_vitro,human,PTEC_TERT1,proximal_tubule,gymnotic_free_uptake,10,uM,day 6,injury_biomarker,KIM-1_protein,120.0,pct_of_saline,increase,+20%,0,TRUE,N4,"US 11,479,818 B2",US11479818 TABLE 4,public_domain,"grade_provisional; in-vitro rubric extension (see schema.md): KIM-1_protein increase=toxicity, value 120.0 % of control -> grade 0; patent's own in-vivo grade for this compound: Mild tox; condition: PTEC-TERT1"
MSR618,OLG063,in_vitro,human,PTEC_TERT1,proximal_tubule,gymnotic_free_uptake,10,uM,day 9,viability,ATP,100.0,pct_of_saline,no_change,+0%,0,TRUE,N4,"US 11,479,818 B2",US11479818 TABLE 4,public_domain,"grade_provisional; in-vitro rubric extension (see schema.md): ATP decrease=toxicity, value 100.0 % of control -> grade 0; patent's own in-vivo grade for this compound: Mild tox; condition: PTEC-TERT1"
MSR619,OLG063,in_vitro,human,PTEC_TERT1,proximal_tubule,gymnotic_free_uptake,30,uM,day 6,functional,EGFR_mRNA,76.0,pct_of_saline,decrease,-24%,0,TRUE,N4,"US 11,479,818 B2",US11479818 TABLE 4,public_domain,"grade_provisional; in-vitro rubric extension (see schema.md): EGFR_mRNA decrease=toxicity, value 76.0 % of control -> grade 0; patent's own in-vivo grade for this compound: Mild tox; condition: PTEC-TERT1"
MSR620,OLG063,in_vitro,human,PTEC_TERT1,proximal_tubule,gymnotic_free_uptake,30,uM,day 6,injury_biomarker,KIM-1_protein,129.0,pct_of_saline,increase,+29%,0,TRUE,N4,"US 11,479,818 B2",US11479818 TABLE 4,public_domain,"grade_provisional; in-vitro rubric extension (see schema.md): KIM-1_protein increase=toxicity, value 129.0 % of control -> grade 0; patent's own in-vivo grade for this compound: Mild tox; condition: PTEC-TERT1"
MSR621,OLG063,in_vitro,human,PTEC_TERT1,proximal_tubule,gymnotic_free_uptake,30,uM,day 9,viability,ATP,90.0,pct_of_saline,decrease,-10%,0,TRUE,N4,"US 11,479,818 B2",US11479818 TABLE 4,public_domain,"grade_provisional; in-vitro rubric extension (see schema.md): ATP decrease=toxicity, value 90.0 % of control -> grade 0; patent's own in-vivo grade for this compound: Mild tox; condition: PTEC-TERT1"
MSR622,OLG063,in_vitro,human,PTEC_TERT1,proximal_tubule,gymnotic_free_uptake,100,uM,day 6,functional,EGFR_mRNA,64.0,pct_of_saline,decrease,-36%,1,TRUE,N4,"US 11,479,818 B2",US11479818 TABLE 4,public_domain,"grade_provisional; in-vitro rubric extension (see schema.md): EGFR_mRNA decrease=toxicity, value 64.0 % of control -> grade 1; patent's own in-vivo grade for this compound: Mild tox; condition: PTEC-TERT1"
MSR623,OLG063,in_vitro,human,PTEC_TERT1,proximal_tubule,gymnotic_free_uptake,100,uM,day 6,injury_biomarker,KIM-1_protein,77.0,pct_of_saline,decrease,-23%,0,TRUE,N4,"US 11,479,818 B2",US11479818 TABLE 4,public_domain,"grade_provisional; in-vitro rubric extension (see schema.md): KIM-1_protein increase=toxicity, value 77.0 % of control -> grade 0; patent's own in-vivo grade for this compound: Mild tox; condition: PTEC-TERT1"
MSR624,OLG063,in_vitro,human,PTEC_TERT1,proximal_tubule,gymnotic_free_uptake,100,uM,day 9,viability,ATP,76.0,pct_of_saline,decrease,-24%,1,TRUE,N4,"US 11,479,818 B2",US11479818 TABLE 4,public_domain,"grade_provisional; in-vitro rubric extension (see schema.md): ATP decrease=toxicity, value 76.0 % of control -> grade 1; patent's own in-vivo grade for this compound: Mild tox; condition: PTEC-TERT1"
MSR625,OLG060,in_vitro,human,PTEC_TERT1,proximal_tubule,gymnotic_free_uptake,10,uM,day 6,functional,EGFR_mRNA,91.0,pct_of_saline,decrease,-9%,0,TRUE,N4,"US 11,479,818 B2",US11479818 TABLE 4,public_domain,"grade_provisional; in-vitro rubric extension (see schema.md): EGFR_mRNA decrease=toxicity, value 91.0 % of control -> grade 0; patent's own in-vivo grade for this compound: Medium; condition: PTEC-TERT1"
MSR626,OLG060,in_vitro,human,PTEC_TERT1,proximal_tubule,gymnotic_free_uptake,10,uM,day 6,injury_biomarker,KIM-1_protein,160.0,pct_of_saline,increase,+60%,1,TRUE,N4,"US 11,479,818 B2",US11479818 TABLE 4,public_domain,"grade_provisional; in-vitro rubric extension (see schema.md): KIM-1_protein increase=toxicity, value 160.0 % of control -> grade 1; patent's own in-vivo grade for this compound: Medium; condition: PTEC-TERT1"
MSR627,OLG060,in_vitro,human,PTEC_TERT1,proximal_tubule,gymnotic_free_uptake,10,uM,day 9,viability,ATP,123.0,pct_of_saline,increase,+23%,0,TRUE,N4,"US 11,479,818 B2",US11479818 TABLE 4,public_domain,"grade_provisional; in-vitro rubric extension (see schema.md): ATP decrease=toxicity, value 123.0 % of control -> grade 0; patent's own in-vivo grade for this compound: Medium; condition: PTEC-TERT1"
MSR628,OLG060,in_vitro,human,PTEC_TERT1,proximal_tubule,gymnotic_free_uptake,30,uM,day 6,functional,EGFR_mRNA,75.0,pct_of_saline,decrease,-25%,0,TRUE,N4,"US 11,479,818 B2",US11479818 TABLE 4,public_domain,"grade_provisional; in-vitro rubric extension (see schema.md): EGFR_mRNA decrease=toxicity, value 75.0 % of control -> grade 0; patent's own in-vivo grade for this compound: Medium; condition: PTEC-TERT1"
MSR629,OLG060,in_vitro,human,PTEC_TERT1,proximal_tubule,gymnotic_free_uptake,30,uM,day 6,injury_biomarker,KIM-1_protein,164.0,pct_of_saline,increase,+64%,1,TRUE,N4,"US 11,479,818 B2",US11479818 TABLE 4,public_domain,"grade_provisional; in-vitro rubric extension (see schema.md): KIM-1_protein increase=toxicity, value 164.0 % of control -> grade 1; patent's own in-vivo grade for this compound: Medium; condition: PTEC-TERT1"
MSR630,OLG060,in_vitro,human,PTEC_TERT1,proximal_tubule,gymnotic_free_uptake,30,uM,day 9,viability,ATP,122.0,pct_of_saline,increase,+22%,0,TRUE,N4,"US 11,479,818 B2",US11479818 TABLE 4,public_domain,"grade_provisional; in-vitro rubric extension (see schema.md): ATP decrease=toxicity, value 122.0 % of control -> grade 0; patent's own in-vivo grade for this compound: Medium; condition: PTEC-TERT1"
MSR631,OLG060,in_vitro,human,PTEC_TERT1,proximal_tubule,gymnotic_free_uptake,100,uM,day 6,functional,EGFR_mRNA,72.0,pct_of_saline,decrease,-28%,1,TRUE,N4,"US 11,479,818 B2",US11479818 TABLE 4,public_domain,"grade_provisional; in-vitro rubric extension (see schema.md): EGFR_mRNA decrease=toxicity, value 72.0 % of control -> grade 1; patent's own in-vivo grade for this compound: Medium; condition: PTEC-TERT1"
MSR632,OLG060,in_vitro,human,PTEC_TERT1,proximal_tubule,gymnotic_free_uptake,100,uM,day 6,injury_biomarker,KIM-1_protein,129.0,pct_of_saline,increase,+29%,0,TRUE,N4,"US 11,479,818 B2",US11479818 TABLE 4,public_domain,"grade_provisional; in-vitro rubric extension (see schema.md): KIM-1_protein increase=toxicity, value 129.0 % of control -> grade 0; patent's own in-vivo grade for this compound: Medium; condition: PTEC-TERT1"
MSR633,OLG060,in_vitro,human,PTEC_TERT1,proximal_tubule,gymnotic_free_uptake,100,uM,day 9,viability,ATP,113.0,pct_of_saline,increase,+13%,0,TRUE,N4,"US 11,479,818 B2",US11479818 TABLE 4,public_domain,"grade_provisional; in-vitro rubric extension (see schema.md): ATP decrease=toxicity, value 113.0 % of control -> grade 0; patent's own in-vivo grade for this compound: Medium; condition: PTEC-TERT1"
MSR634,OLG064,in_vitro,human,PTEC_TERT1,proximal_tubule,gymnotic_free_uptake,10,uM,day 6,functional,EGFR_mRNA,69.0,pct_of_saline,decrease,-31%,1,TRUE,N4,"US 11,479,818 B2",US11479818 TABLE 4,public_domain,"grade_provisional; in-vitro rubric extension (see schema.md): EGFR_mRNA decrease=toxicity, value 69.0 % of control -> grade 1; patent's own in-vivo grade for this compound: High; condition: PTEC-TERT1"
MSR635,OLG064,in_vitro,human,PTEC_TERT1,proximal_tubule,gymnotic_free_uptake,10,uM,day 6,injury_biomarker,KIM-1_protein,75.0,pct_of_saline,decrease,-25%,0,TRUE,N4,"US 11,479,818 B2",US11479818 TABLE 4,public_domain,"grade_provisional; in-vitro rubric extension (see schema.md): KIM-1_protein increase=toxicity, value 75.0 % of control -> grade 0; patent's own in-vivo grade for this compound: High; condition: PTEC-TERT1"
MSR636,OLG064,in_vitro,human,PTEC_TERT1,proximal_tubule,gymnotic_free_uptake,10,uM,day 9,viability,ATP,67.0,pct_of_saline,decrease,-33%,2,TRUE,N4,"US 11,479,818 B2",US11479818 TABLE 4,public_domain,"grade_provisional; in-vitro rubric extension (see schema.md): ATP decrease=toxicity, value 67.0 % of control -> grade 2; patent's own in-vivo grade for this compound: High; condition: PTEC-TERT1"
MSR637,OLG064,in_vitro,human,PTEC_TERT1,proximal_tubule,gymnotic_free_uptake,30,uM,day 6,functional,EGFR_mRNA,56.0,pct_of_saline,decrease,-44%,1,TRUE,N4,"US 11,479,818 B2",US11479818 TABLE 4,public_domain,"grade_provisional; in-vitro rubric extension (see schema.md): EGFR_mRNA decrease=toxicity, value 56.0 % of control -> grade 1; patent's own in-vivo grade for this compound: High; condition: PTEC-TERT1"
MSR638,OLG064,in_vitro,human,PTEC_TERT1,proximal_tubule,gymnotic_free_uptake,30,uM,day 6,injury_biomarker,KIM-1_protein,57.0,pct_of_saline,decrease,-43%,0,TRUE,N4,"US 11,479,818 B2",US11479818 TABLE 4,public_domain,"grade_provisional; in-vitro rubric extension (see schema.md): KIM-1_protein increase=toxicity, value 57.0 % of control -> grade 0; patent's own in-vivo grade for this compound: High; condition: PTEC-TERT1"
MSR639,OLG064,in_vitro,human,PTEC_TERT1,proximal_tubule,gymnotic_free_uptake,30,uM,day 9,viability,ATP,54.0,pct_of_saline,decrease,-46%,2,TRUE,N4,"US 11,479,818 B2",US11479818 TABLE 4,public_domain,"grade_provisional; in-vitro rubric extension (see schema.md): ATP decrease=toxicity, value 54.0 % of control -> grade 2; patent's own in-vivo grade for this compound: High; condition: PTEC-TERT1"
MSR640,OLG064,in_vitro,human,PTEC_TERT1,proximal_tubule,gymnotic_free_uptake,100,uM,day 6,functional,EGFR_mRNA,66.0,pct_of_saline,decrease,-34%,1,TRUE,N4,"US 11,479,818 B2",US11479818 TABLE 4,public_domain,"grade_provisional; in-vitro rubric extension (see schema.md): EGFR_mRNA decrease=toxicity, value 66.0 % of control -> grade 1; patent's own in-vivo grade for this compound: High; condition: PTEC-TERT1"
MSR641,OLG064,in_vitro,human,PTEC_TERT1,proximal_tubule,gymnotic_free_uptake,100,uM,day 6,injury_biomarker,KIM-1_protein,28.0,pct_of_saline,decrease,-72%,0,TRUE,N4,"US 11,479,818 B2",US11479818 TABLE 4,public_domain,"grade_provisional; in-vitro rubric extension (see schema.md): KIM-1_protein increase=toxicity, value 28.0 % of control -> grade 0; patent's own in-vivo grade for this compound: High; condition: PTEC-TERT1"
MSR642,OLG064,in_vitro,human,PTEC_TERT1,proximal_tubule,gymnotic_free_uptake,100,uM,day 9,viability,ATP,40.0,pct_of_saline,decrease,-60%,3,TRUE,N4,"US 11,479,818 B2",US11479818 TABLE 4,public_domain,"grade_provisional; in-vitro rubric extension (see schema.md): ATP decrease=toxicity, value 40.0 % of control -> grade 3; patent's own in-vivo grade for this compound: High; condition: PTEC-TERT1"
MSR643,OLG061,in_vitro,human,PTEC_TERT1,proximal_tubule,gymnotic_free_uptake,10,uM,day 6,functional,EGFR_mRNA,77.0,pct_of_saline,decrease,-23%,0,TRUE,N4,"US 11,479,818 B2",US11479818 TABLE 4,public_domain,"grade_provisional; in-vitro rubric extension (see schema.md): EGFR_mRNA decrease=toxicity, value 77.0 % of control -> grade 0; patent's own in-vivo grade for this compound: High; condition: PTEC-TERT1"
MSR644,OLG061,in_vitro,human,PTEC_TERT1,proximal_tubule,gymnotic_free_uptake,10,uM,day 6,injury_biomarker,KIM-1_protein,167.0,pct_of_saline,increase,+67%,1,TRUE,N4,"US 11,479,818 B2",US11479818 TABLE 4,public_domain,"grade_provisional; in-vitro rubric extension (see schema.md): KIM-1_protein increase=toxicity, value 167.0 % of control -> grade 1; patent's own in-vivo grade for this compound: High; condition: PTEC-TERT1"
MSR645,OLG061,in_vitro,human,PTEC_TERT1,proximal_tubule,gymnotic_free_uptake,10,uM,day 9,viability,ATP,124.0,pct_of_saline,increase,+24%,0,TRUE,N4,"US 11,479,818 B2",US11479818 TABLE 4,public_domain,"grade_provisional; in-vitro rubric extension (see schema.md): ATP decrease=toxicity, value 124.0 % of control -> grade 0; patent's own in-vivo grade for this compound: High; condition: PTEC-TERT1"
MSR646,OLG061,in_vitro,human,PTEC_TERT1,proximal_tubule,gymnotic_free_uptake,30,uM,day 6,functional,EGFR_mRNA,64.0,pct_of_saline,decrease,-36%,1,TRUE,N4,"US 11,479,818 B2",US11479818 TABLE 4,public_domain,"grade_provisional; in-vitro rubric extension (see schema.md): EGFR_mRNA decrease=toxicity, value 64.0 % of control -> grade 1; patent's own in-vivo grade for this compound: High; condition: PTEC-TERT1"
MSR647,OLG061,in_vitro,human,PTEC_TERT1,proximal_tubule,gymnotic_free_uptake,30,uM,day 6,injury_biomarker,KIM-1_protein,202.0,pct_of_saline,increase,+102%,2,TRUE,N4,"US 11,479,818 B2",US11479818 TABLE 4,public_domain,"grade_provisional; in-vitro rubric extension (see schema.md): KIM-1_protein increase=toxicity, value 202.0 % of control -> grade 2; patent's own in-vivo grade for this compound: High; condition: PTEC-TERT1"
MSR648,OLG061,in_vitro,human,PTEC_TERT1,proximal_tubule,gymnotic_free_uptake,30,uM,day 9,viability,ATP,116.0,pct_of_saline,increase,+16%,0,TRUE,N4,"US 11,479,818 B2",US11479818 TABLE 4,public_domain,"grade_provisional; in-vitro rubric extension (see schema.md): ATP decrease=toxicity, value 116.0 % of control -> grade 0; patent's own in-vivo grade for this compound: High; condition: PTEC-TERT1"
MSR649,OLG061,in_vitro,human,PTEC_TERT1,proximal_tubule,gymnotic_free_uptake,100,uM,day 6,functional,EGFR_mRNA,64.0,pct_of_saline,decrease,-36%,1,TRUE,N4,"US 11,479,818 B2",US11479818 TABLE 4,public_domain,"grade_provisional; in-vitro rubric extension (see schema.md): EGFR_mRNA decrease=toxicity, value 64.0 % of control -> grade 1; patent's own in-vivo grade for this compound: High; condition: PTEC-TERT1"
MSR650,OLG061,in_vitro,human,PTEC_TERT1,proximal_tubule,gymnotic_free_uptake,100,uM,day 6,injury_biomarker,KIM-1_protein,140.0,pct_of_saline,increase,+40%,0,TRUE,N4,"US 11,479,818 B2",US11479818 TABLE 4,public_domain,"grade_provisional; in-vitro rubric extension (see schema.md): KIM-1_protein increase=toxicity, value 140.0 % of control -> grade 0; patent's own in-vivo grade for this compound: High; condition: PTEC-TERT1"
MSR651,OLG061,in_vitro,human,PTEC_TERT1,proximal_tubule,gymnotic_free_uptake,100,uM,day 9,viability,ATP,96.0,pct_of_saline,decrease,-4%,0,TRUE,N4,"US 11,479,818 B2",US11479818 TABLE 4,public_domain,"grade_provisional; in-vitro rubric extension (see schema.md): ATP decrease=toxicity, value 96.0 % of control -> grade 0; patent's own in-vivo grade for this compound: High; condition: PTEC-TERT1"
MSR652,OLG045,in_vitro,rat,primary_rat_PTEC,proximal_tubule,gymnotic_free_uptake,1,uM,day 3,functional,EGFR_mRNA,100.0,pct_of_comp_1-1,no_change,+0%,0,TRUE,N4,"US 11,479,818 B2",US11479818 TABLE 5,public_domain,"grade_provisional; in-vitro rubric extension (see schema.md): EGFR_mRNA decrease=toxicity, value 100.0 % of control -> grade 0; patent's own in-vivo grade for this compound: Innocuous; condition: primary rat PTEC"
MSR653,OLG045,in_vitro,rat,primary_rat_PTEC,proximal_tubule,gymnotic_free_uptake,1,uM,day 3,injury_biomarker,KIM-1_mRNA,100.0,pct_of_comp_1-1,no_change,+0%,0,TRUE,N4,"US 11,479,818 B2",US11479818 TABLE 5,public_domain,"grade_provisional; in-vitro rubric extension (see schema.md): KIM-1_mRNA increase=toxicity, value 100.0 % of control -> grade 0; patent's own in-vivo grade for this compound: Innocuous; condition: primary rat PTEC"
MSR654,OLG045,in_vitro,rat,primary_rat_PTEC,proximal_tubule,gymnotic_free_uptake,1,uM,day 3,injury_biomarker,KIM-1_protein,100.0,pct_of_comp_1-1,no_change,+0%,0,TRUE,N4,"US 11,479,818 B2",US11479818 TABLE 5,public_domain,"grade_provisional; in-vitro rubric extension (see schema.md): KIM-1_protein increase=toxicity, value 100.0 % of control -> grade 0; patent's own in-vivo grade for this compound: Innocuous; condition: primary rat PTEC"
MSR655,OLG045,in_vitro,rat,primary_rat_PTEC,proximal_tubule,gymnotic_free_uptake,10,uM,day 3,functional,EGFR_mRNA,100.0,pct_of_comp_1-1,no_change,+0%,0,TRUE,N4,"US 11,479,818 B2",US11479818 TABLE 5,public_domain,"grade_provisional; in-vitro rubric extension (see schema.md): EGFR_mRNA decrease=toxicity, value 100.0 % of control -> grade 0; patent's own in-vivo grade for this compound: Innocuous; condition: primary rat PTEC"
MSR656,OLG045,in_vitro,rat,primary_rat_PTEC,proximal_tubule,gymnotic_free_uptake,10,uM,day 3,injury_biomarker,KIM-1_mRNA,100.0,pct_of_comp_1-1,no_change,+0%,0,TRUE,N4,"US 11,479,818 B2",US11479818 TABLE 5,public_domain,"grade_provisional; in-vitro rubric extension (see schema.md): KIM-1_mRNA increase=toxicity, value 100.0 % of control -> grade 0; patent's own in-vivo grade for this compound: Innocuous; condition: primary rat PTEC"
MSR657,OLG045,in_vitro,rat,primary_rat_PTEC,proximal_tubule,gymnotic_free_uptake,10,uM,day 3,injury_biomarker,KIM-1_protein,100.0,pct_of_comp_1-1,no_change,+0%,0,TRUE,N4,"US 11,479,818 B2",US11479818 TABLE 5,public_domain,"grade_provisional; in-vitro rubric extension (see schema.md): KIM-1_protein increase=toxicity, value 100.0 % of control -> grade 0; patent's own in-vivo grade for this compound: Innocuous; condition: primary rat PTEC"
MSR658,OLG045,in_vitro,rat,primary_rat_PTEC,proximal_tubule,gymnotic_free_uptake,100,uM,day 3,functional,EGFR_mRNA,100.0,pct_of_comp_1-1,no_change,+0%,0,TRUE,N4,"US 11,479,818 B2",US11479818 TABLE 5,public_domain,"grade_provisional; in-vitro rubric extension (see schema.md): EGFR_mRNA decrease=toxicity, value 100.0 % of control -> grade 0; patent's own in-vivo grade for this compound: Innocuous; condition: primary rat PTEC"
MSR659,OLG045,in_vitro,rat,primary_rat_PTEC,proximal_tubule,gymnotic_free_uptake,100,uM,day 3,injury_biomarker,KIM-1_mRNA,100.0,pct_of_comp_1-1,no_change,+0%,0,TRUE,N4,"US 11,479,818 B2",US11479818 TABLE 5,public_domain,"grade_provisional; in-vitro rubric extension (see schema.md): KIM-1_mRNA increase=toxicity, value 100.0 % of control -> grade 0; patent's own in-vivo grade for this compound: Innocuous; condition: primary rat PTEC"
MSR660,OLG045,in_vitro,rat,primary_rat_PTEC,proximal_tubule,gymnotic_free_uptake,100,uM,day 3,injury_biomarker,KIM-1_protein,100.0,pct_of_comp_1-1,no_change,+0%,0,TRUE,N4,"US 11,479,818 B2",US11479818 TABLE 5,public_domain,"grade_provisional; in-vitro rubric extension (see schema.md): KIM-1_protein increase=toxicity, value 100.0 % of control -> grade 0; patent's own in-vivo grade for this compound: Innocuous; condition: primary rat PTEC"
MSR661,OLG047,in_vitro,rat,primary_rat_PTEC,proximal_tubule,gymnotic_free_uptake,1,uM,day 3,functional,EGFR_mRNA,67.0,pct_of_comp_1-1,decrease,-33%,1,TRUE,N4,"US 11,479,818 B2",US11479818 TABLE 5,public_domain,"grade_provisional; in-vitro rubric extension (see schema.md): EGFR_mRNA decrease=toxicity, value 67.0 % of control -> grade 1; patent's own in-vivo grade for this compound: medium; condition: primary rat PTEC"
MSR662,OLG047,in_vitro,rat,primary_rat_PTEC,proximal_tubule,gymnotic_free_uptake,1,uM,day 3,injury_biomarker,KIM-1_mRNA,1321.0,pct_of_comp_1-1,increase,+1221%,2,TRUE,N4,"US 11,479,818 B2",US11479818 TABLE 5,public_domain,"grade_provisional; in-vitro rubric extension (see schema.md): KIM-1_mRNA increase=toxicity, value 1321.0 % of control -> grade 2; patent's own in-vivo grade for this compound: medium; condition: primary rat PTEC"
MSR663,OLG047,in_vitro,rat,primary_rat_PTEC,proximal_tubule,gymnotic_free_uptake,1,uM,day 3,injury_biomarker,KIM-1_protein,262.0,pct_of_comp_1-1,increase,+162%,2,TRUE,N4,"US 11,479,818 B2",US11479818 TABLE 5,public_domain,"grade_provisional; in-vitro rubric extension (see schema.md): KIM-1_protein increase=toxicity, value 262.0 % of control -> grade 2; patent's own in-vivo grade for this compound: medium; condition: primary rat PTEC"
MSR664,OLG047,in_vitro,rat,primary_rat_PTEC,proximal_tubule,gymnotic_free_uptake,10,uM,day 3,functional,EGFR_mRNA,84.0,pct_of_comp_1-1,decrease,-16%,0,TRUE,N4,"US 11,479,818 B2",US11479818 TABLE 5,public_domain,"grade_provisional; in-vitro rubric extension (see schema.md): EGFR_mRNA decrease=toxicity, value 84.0 % of control -> grade 0; patent's own in-vivo grade for this compound: medium; condition: primary rat PTEC"
MSR665,OLG047,in_vitro,rat,primary_rat_PTEC,proximal_tubule,gymnotic_free_uptake,10,uM,day 3,injury_biomarker,KIM-1_mRNA,3622.0,pct_of_comp_1-1,increase,+3522%,3,TRUE,N4,"US 11,479,818 B2",US11479818 TABLE 5,public_domain,"grade_provisional; in-vitro rubric extension (see schema.md): KIM-1_mRNA increase=toxicity, value 3622.0 % of control -> grade 3; patent's own in-vivo grade for this compound: medium; condition: primary rat PTEC"
MSR666,OLG047,in_vitro,rat,primary_rat_PTEC,proximal_tubule,gymnotic_free_uptake,10,uM,day 3,injury_biomarker,KIM-1_protein,433.0,pct_of_comp_1-1,increase,+333%,3,TRUE,N4,"US 11,479,818 B2",US11479818 TABLE 5,public_domain,"grade_provisional; in-vitro rubric extension (see schema.md): KIM-1_protein increase=toxicity, value 433.0 % of control -> grade 3; patent's own in-vivo grade for this compound: medium; condition: primary rat PTEC"
MSR667,OLG047,in_vitro,rat,primary_rat_PTEC,proximal_tubule,gymnotic_free_uptake,100,uM,day 3,functional,EGFR_mRNA,99.0,pct_of_comp_1-1,decrease,-1%,0,TRUE,N4,"US 11,479,818 B2",US11479818 TABLE 5,public_domain,"grade_provisional; in-vitro rubric extension (see schema.md): EGFR_mRNA decrease=toxicity, value 99.0 % of control -> grade 0; patent's own in-vivo grade for this compound: medium; condition: primary rat PTEC"
MSR668,OLG047,in_vitro,rat,primary_rat_PTEC,proximal_tubule,gymnotic_free_uptake,100,uM,day 3,injury_biomarker,KIM-1_mRNA,2874.0,pct_of_comp_1-1,increase,+2774%,2,TRUE,N4,"US 11,479,818 B2",US11479818 TABLE 5,public_domain,"grade_provisional; in-vitro rubric extension (see schema.md): KIM-1_mRNA increase=toxicity, value 2874.0 % of control -> grade 2; patent's own in-vivo grade for this compound: medium; condition: primary rat PTEC"
MSR669,OLG047,in_vitro,rat,primary_rat_PTEC,proximal_tubule,gymnotic_free_uptake,100,uM,day 3,injury_biomarker,KIM-1_protein,65.0,pct_of_comp_1-1,decrease,-35%,0,TRUE,N4,"US 11,479,818 B2",US11479818 TABLE 5,public_domain,"grade_provisional; in-vitro rubric extension (see schema.md): KIM-1_protein increase=toxicity, value 65.0 % of control -> grade 0; patent's own in-vivo grade for this compound: medium; condition: primary rat PTEC"
MSR670,OLG048,in_vitro,rat,primary_rat_PTEC,proximal_tubule,gymnotic_free_uptake,1,uM,day 3,functional,EGFR_mRNA,23.0,pct_of_comp_1-1,decrease,-77%,3,TRUE,N4,"US 11,479,818 B2",US11479818 TABLE 5,public_domain,"grade_provisional; in-vitro rubric extension (see schema.md): EGFR_mRNA decrease=toxicity, value 23.0 % of control -> grade 3; patent's own in-vivo grade for this compound: High; condition: primary rat PTEC"
MSR671,OLG048,in_vitro,rat,primary_rat_PTEC,proximal_tubule,gymnotic_free_uptake,1,uM,day 3,injury_biomarker,KIM-1_mRNA,213.0,pct_of_comp_1-1,increase,+113%,0,TRUE,N4,"US 11,479,818 B2",US11479818 TABLE 5,public_domain,"grade_provisional; in-vitro rubric extension (see schema.md): KIM-1_mRNA increase=toxicity, value 213.0 % of control -> grade 0; patent's own in-vivo grade for this compound: High; condition: primary rat PTEC"
MSR672,OLG048,in_vitro,rat,primary_rat_PTEC,proximal_tubule,gymnotic_free_uptake,1,uM,day 3,injury_biomarker,KIM-1_protein,99.0,pct_of_comp_1-1,decrease,-1%,0,TRUE,N4,"US 11,479,818 B2",US11479818 TABLE 5,public_domain,"grade_provisional; in-vitro rubric extension (see schema.md): KIM-1_protein increase=toxicity, value 99.0 % of control -> grade 0; patent's own in-vivo grade for this compound: High; condition: primary rat PTEC"
MSR673,OLG048,in_vitro,rat,primary_rat_PTEC,proximal_tubule,gymnotic_free_uptake,10,uM,day 3,functional,EGFR_mRNA,12.0,pct_of_comp_1-1,decrease,-88%,3,TRUE,N4,"US 11,479,818 B2",US11479818 TABLE 5,public_domain,"grade_provisional; in-vitro rubric extension (see schema.md): EGFR_mRNA decrease=toxicity, value 12.0 % of control -> grade 3; patent's own in-vivo grade for this compound: High; condition: primary rat PTEC"
MSR674,OLG048,in_vitro,rat,primary_rat_PTEC,proximal_tubule,gymnotic_free_uptake,10,uM,day 3,injury_biomarker,KIM-1_mRNA,254.0,pct_of_comp_1-1,increase,+154%,0,TRUE,N4,"US 11,479,818 B2",US11479818 TABLE 5,public_domain,"grade_provisional; in-vitro rubric extension (see schema.md): KIM-1_mRNA increase=toxicity, value 254.0 % of control -> grade 0; patent's own in-vivo grade for this compound: High; condition: primary rat PTEC"
MSR675,OLG048,in_vitro,rat,primary_rat_PTEC,proximal_tubule,gymnotic_free_uptake,10,uM,day 3,injury_biomarker,KIM-1_protein,98.0,pct_of_comp_1-1,decrease,-2%,0,TRUE,N4,"US 11,479,818 B2",US11479818 TABLE 5,public_domain,"grade_provisional; in-vitro rubric extension (see schema.md): KIM-1_protein increase=toxicity, value 98.0 % of control -> grade 0; patent's own in-vivo grade for this compound: High; condition: primary rat PTEC"
MSR676,OLG048,in_vitro,rat,primary_rat_PTEC,proximal_tubule,gymnotic_free_uptake,100,uM,day 3,functional,EGFR_mRNA,11.0,pct_of_comp_1-1,decrease,-89%,3,TRUE,N4,"US 11,479,818 B2",US11479818 TABLE 5,public_domain,"grade_provisional; in-vitro rubric extension (see schema.md): EGFR_mRNA decrease=toxicity, value 11.0 % of control -> grade 3; patent's own in-vivo grade for this compound: High; condition: primary rat PTEC"
MSR677,OLG048,in_vitro,rat,primary_rat_PTEC,proximal_tubule,gymnotic_free_uptake,100,uM,day 3,injury_biomarker,KIM-1_mRNA,67.0,pct_of_comp_1-1,decrease,-33%,0,TRUE,N4,"US 11,479,818 B2",US11479818 TABLE 5,public_domain,"grade_provisional; in-vitro rubric extension (see schema.md): KIM-1_mRNA increase=toxicity, value 67.0 % of control -> grade 0; patent's own in-vivo grade for this compound: High; condition: primary rat PTEC"
MSR678,OLG048,in_vitro,rat,primary_rat_PTEC,proximal_tubule,gymnotic_free_uptake,100,uM,day 3,injury_biomarker,KIM-1_protein,92.0,pct_of_comp_1-1,decrease,-8%,0,TRUE,N4,"US 11,479,818 B2",US11479818 TABLE 5,public_domain,"grade_provisional; in-vitro rubric extension (see schema.md): KIM-1_protein increase=toxicity, value 92.0 % of control -> grade 0; patent's own in-vivo grade for this compound: High; condition: primary rat PTEC"
MSR679,OLG059,in_vitro,rat,primary_rat_PTEC,proximal_tubule,gymnotic_free_uptake,1,uM,day 3,functional,EGFR_mRNA,39.0,pct_of_comp_1-1,decrease,-61%,2,TRUE,N4,"US 11,479,818 B2",US11479818 TABLE 5,public_domain,"grade_provisional; in-vitro rubric extension (see schema.md): EGFR_mRNA decrease=toxicity, value 39.0 % of control -> grade 2; patent's own in-vivo grade for this compound: Medium/high; condition: primary rat PTEC"
MSR680,OLG059,in_vitro,rat,primary_rat_PTEC,proximal_tubule,gymnotic_free_uptake,1,uM,day 3,injury_biomarker,KIM-1_mRNA,299.0,pct_of_comp_1-1,increase,+199%,0,TRUE,N4,"US 11,479,818 B2",US11479818 TABLE 5,public_domain,"grade_provisional; in-vitro rubric extension (see schema.md): KIM-1_mRNA increase=toxicity, value 299.0 % of control -> grade 0; patent's own in-vivo grade for this compound: Medium/high; condition: primary rat PTEC"
MSR681,OLG059,in_vitro,rat,primary_rat_PTEC,proximal_tubule,gymnotic_free_uptake,1,uM,day 3,injury_biomarker,KIM-1_protein,103.0,pct_of_comp_1-1,increase,+3%,0,TRUE,N4,"US 11,479,818 B2",US11479818 TABLE 5,public_domain,"grade_provisional; in-vitro rubric extension (see schema.md): KIM-1_protein increase=toxicity, value 103.0 % of control -> grade 0; patent's own in-vivo grade for this compound: Medium/high; condition: primary rat PTEC"
MSR682,OLG059,in_vitro,rat,primary_rat_PTEC,proximal_tubule,gymnotic_free_uptake,10,uM,day 3,functional,EGFR_mRNA,29.0,pct_of_comp_1-1,decrease,-71%,2,TRUE,N4,"US 11,479,818 B2",US11479818 TABLE 5,public_domain,"grade_provisional; in-vitro rubric extension (see schema.md): EGFR_mRNA decrease=toxicity, value 29.0 % of control -> grade 2; patent's own in-vivo grade for this compound: Medium/high; condition: primary rat PTEC"
MSR683,OLG059,in_vitro,rat,primary_rat_PTEC,proximal_tubule,gymnotic_free_uptake,10,uM,day 3,injury_biomarker,KIM-1_mRNA,354.0,pct_of_comp_1-1,increase,+254%,1,TRUE,N4,"US 11,479,818 B2",US11479818 TABLE 5,public_domain,"grade_provisional; in-vitro rubric extension (see schema.md): KIM-1_mRNA increase=toxicity, value 354.0 % of control -> grade 1; patent's own in-vivo grade for this compound: Medium/high; condition: primary rat PTEC"
MSR684,OLG059,in_vitro,rat,primary_rat_PTEC,proximal_tubule,gymnotic_free_uptake,10,uM,day 3,injury_biomarker,KIM-1_protein,114.0,pct_of_comp_1-1,increase,+14%,0,TRUE,N4,"US 11,479,818 B2",US11479818 TABLE 5,public_domain,"grade_provisional; in-vitro rubric extension (see schema.md): KIM-1_protein increase=toxicity, value 114.0 % of control -> grade 0; patent's own in-vivo grade for this compound: Medium/high; condition: primary rat PTEC"
MSR685,OLG059,in_vitro,rat,primary_rat_PTEC,proximal_tubule,gymnotic_free_uptake,100,uM,day 3,functional,EGFR_mRNA,68.0,pct_of_comp_1-1,decrease,-32%,1,TRUE,N4,"US 11,479,818 B2",US11479818 TABLE 5,public_domain,"grade_provisional; in-vitro rubric extension (see schema.md): EGFR_mRNA decrease=toxicity, value 68.0 % of control -> grade 1; patent's own in-vivo grade for this compound: Medium/high; condition: primary rat PTEC"
MSR686,OLG059,in_vitro,rat,primary_rat_PTEC,proximal_tubule,gymnotic_free_uptake,100,uM,day 3,injury_biomarker,KIM-1_mRNA,151.0,pct_of_comp_1-1,increase,+51%,0,TRUE,N4,"US 11,479,818 B2",US11479818 TABLE 5,public_domain,"grade_provisional; in-vitro rubric extension (see schema.md): KIM-1_mRNA increase=toxicity, value 151.0 % of control -> grade 0; patent's own in-vivo grade for this compound: Medium/high; condition: primary rat PTEC"
MSR687,OLG059,in_vitro,rat,primary_rat_PTEC,proximal_tubule,gymnotic_free_uptake,100,uM,day 3,injury_biomarker,KIM-1_protein,152.0,pct_of_comp_1-1,increase,+52%,1,TRUE,N4,"US 11,479,818 B2",US11479818 TABLE 5,public_domain,"grade_provisional; in-vitro rubric extension (see schema.md): KIM-1_protein increase=toxicity, value 152.0 % of control -> grade 1; patent's own in-vivo grade for this compound: Medium/high; condition: primary rat PTEC"
MSR688,OLG060,in_vitro,rat,primary_rat_PTEC,proximal_tubule,gymnotic_free_uptake,1,uM,day 3,functional,EGFR_mRNA,83.0,pct_of_comp_1-1,decrease,-17%,0,TRUE,N4,"US 11,479,818 B2",US11479818 TABLE 5,public_domain,"grade_provisional; in-vitro rubric extension (see schema.md): EGFR_mRNA decrease=toxicity, value 83.0 % of control -> grade 0; patent's own in-vivo grade for this compound: Medium/high; condition: primary rat PTEC"
MSR689,OLG060,in_vitro,rat,primary_rat_PTEC,proximal_tubule,gymnotic_free_uptake,1,uM,day 3,injury_biomarker,KIM-1_mRNA,188.0,pct_of_comp_1-1,increase,+88%,0,TRUE,N4,"US 11,479,818 B2",US11479818 TABLE 5,public_domain,"grade_provisional; in-vitro rubric extension (see schema.md): KIM-1_mRNA increase=toxicity, value 188.0 % of control -> grade 0; patent's own in-vivo grade for this compound: Medium/high; condition: primary rat PTEC"
MSR690,OLG060,in_vitro,rat,primary_rat_PTEC,proximal_tubule,gymnotic_free_uptake,1,uM,day 3,injury_biomarker,KIM-1_protein,122.0,pct_of_comp_1-1,increase,+22%,0,TRUE,N4,"US 11,479,818 B2",US11479818 TABLE 5,public_domain,"grade_provisional; in-vitro rubric extension (see schema.md): KIM-1_protein increase=toxicity, value 122.0 % of control -> grade 0; patent's own in-vivo grade for this compound: Medium/high; condition: primary rat PTEC"
MSR691,OLG060,in_vitro,rat,primary_rat_PTEC,proximal_tubule,gymnotic_free_uptake,10,uM,day 3,functional,EGFR_mRNA,90.0,pct_of_comp_1-1,decrease,-10%,0,TRUE,N4,"US 11,479,818 B2",US11479818 TABLE 5,public_domain,"grade_provisional; in-vitro rubric extension (see schema.md): EGFR_mRNA decrease=toxicity, value 90.0 % of control -> grade 0; patent's own in-vivo grade for this compound: Medium/high; condition: primary rat PTEC"
MSR692,OLG060,in_vitro,rat,primary_rat_PTEC,proximal_tubule,gymnotic_free_uptake,10,uM,day 3,injury_biomarker,KIM-1_mRNA,356.0,pct_of_comp_1-1,increase,+256%,1,TRUE,N4,"US 11,479,818 B2",US11479818 TABLE 5,public_domain,"grade_provisional; in-vitro rubric extension (see schema.md): KIM-1_mRNA increase=toxicity, value 356.0 % of control -> grade 1; patent's own in-vivo grade for this compound: Medium/high; condition: primary rat PTEC"
MSR693,OLG060,in_vitro,rat,primary_rat_PTEC,proximal_tubule,gymnotic_free_uptake,10,uM,day 3,injury_biomarker,KIM-1_protein,140.0,pct_of_comp_1-1,increase,+40%,0,TRUE,N4,"US 11,479,818 B2",US11479818 TABLE 5,public_domain,"grade_provisional; in-vitro rubric extension (see schema.md): KIM-1_protein increase=toxicity, value 140.0 % of control -> grade 0; patent's own in-vivo grade for this compound: Medium/high; condition: primary rat PTEC"
MSR694,OLG060,in_vitro,rat,primary_rat_PTEC,proximal_tubule,gymnotic_free_uptake,100,uM,day 3,functional,EGFR_mRNA,104.0,pct_of_comp_1-1,increase,+4%,0,TRUE,N4,"US 11,479,818 B2",US11479818 TABLE 5,public_domain,"grade_provisional; in-vitro rubric extension (see schema.md): EGFR_mRNA decrease=toxicity, value 104.0 % of control -> grade 0; patent's own in-vivo grade for this compound: Medium/high; condition: primary rat PTEC"
MSR695,OLG060,in_vitro,rat,primary_rat_PTEC,proximal_tubule,gymnotic_free_uptake,100,uM,day 3,injury_biomarker,KIM-1_mRNA,226.0,pct_of_comp_1-1,increase,+126%,0,TRUE,N4,"US 11,479,818 B2",US11479818 TABLE 5,public_domain,"grade_provisional; in-vitro rubric extension (see schema.md): KIM-1_mRNA increase=toxicity, value 226.0 % of control -> grade 0; patent's own in-vivo grade for this compound: Medium/high; condition: primary rat PTEC"
MSR696,OLG060,in_vitro,rat,primary_rat_PTEC,proximal_tubule,gymnotic_free_uptake,100,uM,day 3,injury_biomarker,KIM-1_protein,141.0,pct_of_comp_1-1,increase,+41%,0,TRUE,N4,"US 11,479,818 B2",US11479818 TABLE 5,public_domain,"grade_provisional; in-vitro rubric extension (see schema.md): KIM-1_protein increase=toxicity, value 141.0 % of control -> grade 0; patent's own in-vivo grade for this compound: Medium/high; condition: primary rat PTEC"
MSR697,OLG061,in_vitro,rat,primary_rat_PTEC,proximal_tubule,gymnotic_free_uptake,1,uM,day 3,functional,EGFR_mRNA,83.0,pct_of_comp_1-1,decrease,-17%,0,TRUE,N4,"US 11,479,818 B2",US11479818 TABLE 5,public_domain,"grade_provisional; in-vitro rubric extension (see schema.md): EGFR_mRNA decrease=toxicity, value 83.0 % of control -> grade 0; patent's own in-vivo grade for this compound: High; condition: primary rat PTEC"
MSR698,OLG061,in_vitro,rat,primary_rat_PTEC,proximal_tubule,gymnotic_free_uptake,1,uM,day 3,injury_biomarker,KIM-1_mRNA,306.0,pct_of_comp_1-1,increase,+206%,1,TRUE,N4,"US 11,479,818 B2",US11479818 TABLE 5,public_domain,"grade_provisional; in-vitro rubric extension (see schema.md): KIM-1_mRNA increase=toxicity, value 306.0 % of control -> grade 1; patent's own in-vivo grade for this compound: High; condition: primary rat PTEC"
MSR699,OLG061,in_vitro,rat,primary_rat_PTEC,proximal_tubule,gymnotic_free_uptake,1,uM,day 3,injury_biomarker,KIM-1_protein,108.0,pct_of_comp_1-1,increase,+8%,0,TRUE,N4,"US 11,479,818 B2",US11479818 TABLE 5,public_domain,"grade_provisional; in-vitro rubric extension (see schema.md): KIM-1_protein increase=toxicity, value 108.0 % of control -> grade 0; patent's own in-vivo grade for this compound: High; condition: primary rat PTEC"
MSR700,OLG061,in_vitro,rat,primary_rat_PTEC,proximal_tubule,gymnotic_free_uptake,10,uM,day 3,functional,EGFR_mRNA,83.0,pct_of_comp_1-1,decrease,-17%,0,TRUE,N4,"US 11,479,818 B2",US11479818 TABLE 5,public_domain,"grade_provisional; in-vitro rubric extension (see schema.md): EGFR_mRNA decrease=toxicity, value 83.0 % of control -> grade 0; patent's own in-vivo grade for this compound: High; condition: primary rat PTEC"
MSR701,OLG061,in_vitro,rat,primary_rat_PTEC,proximal_tubule,gymnotic_free_uptake,10,uM,day 3,injury_biomarker,KIM-1_mRNA,405.0,pct_of_comp_1-1,increase,+305%,1,TRUE,N4,"US 11,479,818 B2",US11479818 TABLE 5,public_domain,"grade_provisional; in-vitro rubric extension (see schema.md): KIM-1_mRNA increase=toxicity, value 405.0 % of control -> grade 1; patent's own in-vivo grade for this compound: High; condition: primary rat PTEC"
MSR702,OLG061,in_vitro,rat,primary_rat_PTEC,proximal_tubule,gymnotic_free_uptake,10,uM,day 3,injury_biomarker,KIM-1_protein,151.0,pct_of_comp_1-1,increase,+51%,1,TRUE,N4,"US 11,479,818 B2",US11479818 TABLE 5,public_domain,"grade_provisional; in-vitro rubric extension (see schema.md): KIM-1_protein increase=toxicity, value 151.0 % of control -> grade 1; patent's own in-vivo grade for this compound: High; condition: primary rat PTEC"
MSR703,OLG061,in_vitro,rat,primary_rat_PTEC,proximal_tubule,gymnotic_free_uptake,100,uM,day 3,functional,EGFR_mRNA,95.0,pct_of_comp_1-1,decrease,-5%,0,TRUE,N4,"US 11,479,818 B2",US11479818 TABLE 5,public_domain,"grade_provisional; in-vitro rubric extension (see schema.md): EGFR_mRNA decrease=toxicity, value 95.0 % of control -> grade 0; patent's own in-vivo grade for this compound: High; condition: primary rat PTEC"
MSR704,OLG061,in_vitro,rat,primary_rat_PTEC,proximal_tubule,gymnotic_free_uptake,100,uM,day 3,injury_biomarker,KIM-1_mRNA,422.0,pct_of_comp_1-1,increase,+322%,1,TRUE,N4,"US 11,479,818 B2",US11479818 TABLE 5,public_domain,"grade_provisional; in-vitro rubric extension (see schema.md): KIM-1_mRNA increase=toxicity, value 422.0 % of control -> grade 1; patent's own in-vivo grade for this compound: High; condition: primary rat PTEC"
MSR705,OLG061,in_vitro,rat,primary_rat_PTEC,proximal_tubule,gymnotic_free_uptake,100,uM,day 3,injury_biomarker,KIM-1_protein,184.0,pct_of_comp_1-1,increase,+84%,1,TRUE,N4,"US 11,479,818 B2",US11479818 TABLE 5,public_domain,"grade_provisional; in-vitro rubric extension (see schema.md): KIM-1_protein increase=toxicity, value 184.0 % of control -> grade 1; patent's own in-vivo grade for this compound: High; condition: primary rat PTEC"
MSR706,OLG062,in_vitro,rat,primary_rat_PTEC,proximal_tubule,gymnotic_free_uptake,1,uM,day 3,functional,EGFR_mRNA,64.0,pct_of_comp_1-1,decrease,-36%,1,TRUE,N4,"US 11,479,818 B2",US11479818 TABLE 5,public_domain,"grade_provisional; in-vitro rubric extension (see schema.md): EGFR_mRNA decrease=toxicity, value 64.0 % of control -> grade 1; patent's own in-vivo grade for this compound: Low; condition: primary rat PTEC"
MSR707,OLG062,in_vitro,rat,primary_rat_PTEC,proximal_tubule,gymnotic_free_uptake,1,uM,day 3,injury_biomarker,KIM-1_mRNA,423.0,pct_of_comp_1-1,increase,+323%,1,TRUE,N4,"US 11,479,818 B2",US11479818 TABLE 5,public_domain,"grade_provisional; in-vitro rubric extension (see schema.md): KIM-1_mRNA increase=toxicity, value 423.0 % of control -> grade 1; patent's own in-vivo grade for this compound: Low; condition: primary rat PTEC"
MSR708,OLG062,in_vitro,rat,primary_rat_PTEC,proximal_tubule,gymnotic_free_uptake,1,uM,day 3,injury_biomarker,KIM-1_protein,137.0,pct_of_comp_1-1,increase,+37%,0,TRUE,N4,"US 11,479,818 B2",US11479818 TABLE 5,public_domain,"grade_provisional; in-vitro rubric extension (see schema.md): KIM-1_protein increase=toxicity, value 137.0 % of control -> grade 0; patent's own in-vivo grade for this compound: Low; condition: primary rat PTEC"
MSR709,OLG062,in_vitro,rat,primary_rat_PTEC,proximal_tubule,gymnotic_free_uptake,10,uM,day 3,functional,EGFR_mRNA,42.0,pct_of_comp_1-1,decrease,-58%,2,TRUE,N4,"US 11,479,818 B2",US11479818 TABLE 5,public_domain,"grade_provisional; in-vitro rubric extension (see schema.md): EGFR_mRNA decrease=toxicity, value 42.0 % of control -> grade 2; patent's own in-vivo grade for this compound: Low; condition: primary rat PTEC"
MSR710,OLG062,in_vitro,rat,primary_rat_PTEC,proximal_tubule,gymnotic_free_uptake,10,uM,day 3,injury_biomarker,KIM-1_mRNA,556.0,pct_of_comp_1-1,increase,+456%,1,TRUE,N4,"US 11,479,818 B2",US11479818 TABLE 5,public_domain,"grade_provisional; in-vitro rubric extension (see schema.md): KIM-1_mRNA increase=toxicity, value 556.0 % of control -> grade 1; patent's own in-vivo grade for this compound: Low; condition: primary rat PTEC"
MSR711,OLG062,in_vitro,rat,primary_rat_PTEC,proximal_tubule,gymnotic_free_uptake,10,uM,day 3,injury_biomarker,KIM-1_protein,159.0,pct_of_comp_1-1,increase,+59%,1,TRUE,N4,"US 11,479,818 B2",US11479818 TABLE 5,public_domain,"grade_provisional; in-vitro rubric extension (see schema.md): KIM-1_protein increase=toxicity, value 159.0 % of control -> grade 1; patent's own in-vivo grade for this compound: Low; condition: primary rat PTEC"
MSR712,OLG062,in_vitro,rat,primary_rat_PTEC,proximal_tubule,gymnotic_free_uptake,100,uM,day 3,functional,EGFR_mRNA,51.0,pct_of_comp_1-1,decrease,-49%,1,TRUE,N4,"US 11,479,818 B2",US11479818 TABLE 5,public_domain,"grade_provisional; in-vitro rubric extension (see schema.md): EGFR_mRNA decrease=toxicity, value 51.0 % of control -> grade 1; patent's own in-vivo grade for this compound: Low; condition: primary rat PTEC"
MSR713,OLG062,in_vitro,rat,primary_rat_PTEC,proximal_tubule,gymnotic_free_uptake,100,uM,day 3,injury_biomarker,KIM-1_mRNA,526.0,pct_of_comp_1-1,increase,+426%,1,TRUE,N4,"US 11,479,818 B2",US11479818 TABLE 5,public_domain,"grade_provisional; in-vitro rubric extension (see schema.md): KIM-1_mRNA increase=toxicity, value 526.0 % of control -> grade 1; patent's own in-vivo grade for this compound: Low; condition: primary rat PTEC"
MSR714,OLG062,in_vitro,rat,primary_rat_PTEC,proximal_tubule,gymnotic_free_uptake,100,uM,day 3,injury_biomarker,KIM-1_protein,174.0,pct_of_comp_1-1,increase,+74%,1,TRUE,N4,"US 11,479,818 B2",US11479818 TABLE 5,public_domain,"grade_provisional; in-vitro rubric extension (see schema.md): KIM-1_protein increase=toxicity, value 174.0 % of control -> grade 1; patent's own in-vivo grade for this compound: Low; condition: primary rat PTEC"
MSR715,OLG063,in_vitro,rat,primary_rat_PTEC,proximal_tubule,gymnotic_free_uptake,1,uM,day 3,functional,EGFR_mRNA,53.0,pct_of_comp_1-1,decrease,-47%,1,TRUE,N4,"US 11,479,818 B2",US11479818 TABLE 5,public_domain,"grade_provisional; in-vitro rubric extension (see schema.md): EGFR_mRNA decrease=toxicity, value 53.0 % of control -> grade 1; patent's own in-vivo grade for this compound: Low/medium; condition: primary rat PTEC"
MSR716,OLG063,in_vitro,rat,primary_rat_PTEC,proximal_tubule,gymnotic_free_uptake,1,uM,day 3,injury_biomarker,KIM-1_mRNA,1676.0,pct_of_comp_1-1,increase,+1576%,2,TRUE,N4,"US 11,479,818 B2",US11479818 TABLE 5,public_domain,"grade_provisional; in-vitro rubric extension (see schema.md): KIM-1_mRNA increase=toxicity, value 1676.0 % of control -> grade 2; patent's own in-vivo grade for this compound: Low/medium; condition: primary rat PTEC"
MSR717,OLG063,in_vitro,rat,primary_rat_PTEC,proximal_tubule,gymnotic_free_uptake,1,uM,day 3,injury_biomarker,KIM-1_protein,185.0,pct_of_comp_1-1,increase,+85%,1,TRUE,N4,"US 11,479,818 B2",US11479818 TABLE 5,public_domain,"grade_provisional; in-vitro rubric extension (see schema.md): KIM-1_protein increase=toxicity, value 185.0 % of control -> grade 1; patent's own in-vivo grade for this compound: Low/medium; condition: primary rat PTEC"
MSR718,OLG063,in_vitro,rat,primary_rat_PTEC,proximal_tubule,gymnotic_free_uptake,10,uM,day 3,functional,EGFR_mRNA,48.0,pct_of_comp_1-1,decrease,-52%,2,TRUE,N4,"US 11,479,818 B2",US11479818 TABLE 5,public_domain,"grade_provisional; in-vitro rubric extension (see schema.md): EGFR_mRNA decrease=toxicity, value 48.0 % of control -> grade 2; patent's own in-vivo grade for this compound: Low/medium; condition: primary rat PTEC"
MSR719,OLG063,in_vitro,rat,primary_rat_PTEC,proximal_tubule,gymnotic_free_uptake,10,uM,day 3,injury_biomarker,KIM-1_mRNA,1991.0,pct_of_comp_1-1,increase,+1891%,2,TRUE,N4,"US 11,479,818 B2",US11479818 TABLE 5,public_domain,"grade_provisional; in-vitro rubric extension (see schema.md): KIM-1_mRNA increase=toxicity, value 1991.0 % of control -> grade 2; patent's own in-vivo grade for this compound: Low/medium; condition: primary rat PTEC"
MSR720,OLG063,in_vitro,rat,primary_rat_PTEC,proximal_tubule,gymnotic_free_uptake,10,uM,day 3,injury_biomarker,KIM-1_protein,231.0,pct_of_comp_1-1,increase,+131%,2,TRUE,N4,"US 11,479,818 B2",US11479818 TABLE 5,public_domain,"grade_provisional; in-vitro rubric extension (see schema.md): KIM-1_protein increase=toxicity, value 231.0 % of control -> grade 2; patent's own in-vivo grade for this compound: Low/medium; condition: primary rat PTEC"
MSR721,OLG063,in_vitro,rat,primary_rat_PTEC,proximal_tubule,gymnotic_free_uptake,100,uM,day 3,functional,EGFR_mRNA,35.0,pct_of_comp_1-1,decrease,-65%,2,TRUE,N4,"US 11,479,818 B2",US11479818 TABLE 5,public_domain,"grade_provisional; in-vitro rubric extension (see schema.md): EGFR_mRNA decrease=toxicity, value 35.0 % of control -> grade 2; patent's own in-vivo grade for this compound: Low/medium; condition: primary rat PTEC"
MSR722,OLG063,in_vitro,rat,primary_rat_PTEC,proximal_tubule,gymnotic_free_uptake,100,uM,day 3,injury_biomarker,KIM-1_mRNA,1437.0,pct_of_comp_1-1,increase,+1337%,2,TRUE,N4,"US 11,479,818 B2",US11479818 TABLE 5,public_domain,"grade_provisional; in-vitro rubric extension (see schema.md): KIM-1_mRNA increase=toxicity, value 1437.0 % of control -> grade 2; patent's own in-vivo grade for this compound: Low/medium; condition: primary rat PTEC"
MSR723,OLG063,in_vitro,rat,primary_rat_PTEC,proximal_tubule,gymnotic_free_uptake,100,uM,day 3,injury_biomarker,KIM-1_protein,345.0,pct_of_comp_1-1,increase,+245%,2,TRUE,N4,"US 11,479,818 B2",US11479818 TABLE 5,public_domain,"grade_provisional; in-vitro rubric extension (see schema.md): KIM-1_protein increase=toxicity, value 345.0 % of control -> grade 2; patent's own in-vivo grade for this compound: Low/medium; condition: primary rat PTEC"
MSR724,OLG064,in_vitro,rat,primary_rat_PTEC,proximal_tubule,gymnotic_free_uptake,1,uM,day 3,functional,EGFR_mRNA,25.0,pct_of_comp_1-1,decrease,-75%,2,TRUE,N4,"US 11,479,818 B2",US11479818 TABLE 5,public_domain,"grade_provisional; in-vitro rubric extension (see schema.md): EGFR_mRNA decrease=toxicity, value 25.0 % of control -> grade 2; patent's own in-vivo grade for this compound: High; condition: primary rat PTEC"
MSR725,OLG064,in_vitro,rat,primary_rat_PTEC,proximal_tubule,gymnotic_free_uptake,1,uM,day 3,injury_biomarker,KIM-1_mRNA,5139.0,pct_of_comp_1-1,increase,+5039%,3,TRUE,N4,"US 11,479,818 B2",US11479818 TABLE 5,public_domain,"grade_provisional; in-vitro rubric extension (see schema.md): KIM-1_mRNA increase=toxicity, value 5139.0 % of control -> grade 3; patent's own in-vivo grade for this compound: High; condition: primary rat PTEC"
MSR726,OLG064,in_vitro,rat,primary_rat_PTEC,proximal_tubule,gymnotic_free_uptake,1,uM,day 3,injury_biomarker,KIM-1_protein,502.0,pct_of_comp_1-1,increase,+402%,3,TRUE,N4,"US 11,479,818 B2",US11479818 TABLE 5,public_domain,"grade_provisional; in-vitro rubric extension (see schema.md): KIM-1_protein increase=toxicity, value 502.0 % of control -> grade 3; patent's own in-vivo grade for this compound: High; condition: primary rat PTEC"
MSR727,OLG064,in_vitro,rat,primary_rat_PTEC,proximal_tubule,gymnotic_free_uptake,10,uM,day 3,functional,EGFR_mRNA,10.0,pct_of_comp_1-1,decrease,-90%,3,TRUE,N4,"US 11,479,818 B2",US11479818 TABLE 5,public_domain,"grade_provisional; in-vitro rubric extension (see schema.md): EGFR_mRNA decrease=toxicity, value 10.0 % of control -> grade 3; patent's own in-vivo grade for this compound: High; condition: primary rat PTEC"
MSR728,OLG064,in_vitro,rat,primary_rat_PTEC,proximal_tubule,gymnotic_free_uptake,10,uM,day 3,injury_biomarker,KIM-1_mRNA,5361.0,pct_of_comp_1-1,increase,+5261%,3,TRUE,N4,"US 11,479,818 B2",US11479818 TABLE 5,public_domain,"grade_provisional; in-vitro rubric extension (see schema.md): KIM-1_mRNA increase=toxicity, value 5361.0 % of control -> grade 3; patent's own in-vivo grade for this compound: High; condition: primary rat PTEC"
MSR729,OLG064,in_vitro,rat,primary_rat_PTEC,proximal_tubule,gymnotic_free_uptake,10,uM,day 3,injury_biomarker,KIM-1_protein,712.0,pct_of_comp_1-1,increase,+612%,3,TRUE,N4,"US 11,479,818 B2",US11479818 TABLE 5,public_domain,"grade_provisional; in-vitro rubric extension (see schema.md): KIM-1_protein increase=toxicity, value 712.0 % of control -> grade 3; patent's own in-vivo grade for this compound: High; condition: primary rat PTEC"
MSR730,OLG064,in_vitro,rat,primary_rat_PTEC,proximal_tubule,gymnotic_free_uptake,100,uM,day 3,functional,EGFR_mRNA,6.0,pct_of_comp_1-1,decrease,-94%,3,TRUE,N4,"US 11,479,818 B2",US11479818 TABLE 5,public_domain,"grade_provisional; in-vitro rubric extension (see schema.md): EGFR_mRNA decrease=toxicity, value 6.0 % of control -> grade 3; patent's own in-vivo grade for this compound: High; condition: primary rat PTEC"
MSR731,OLG064,in_vitro,rat,primary_rat_PTEC,proximal_tubule,gymnotic_free_uptake,100,uM,day 3,injury_biomarker,KIM-1_mRNA,2367.0,pct_of_comp_1-1,increase,+2267%,2,TRUE,N4,"US 11,479,818 B2",US11479818 TABLE 5,public_domain,"grade_provisional; in-vitro rubric extension (see schema.md): KIM-1_mRNA increase=toxicity, value 2367.0 % of control -> grade 2; patent's own in-vivo grade for this compound: High; condition: primary rat PTEC"
MSR732,OLG064,in_vitro,rat,primary_rat_PTEC,proximal_tubule,gymnotic_free_uptake,100,uM,day 3,injury_biomarker,KIM-1_protein,566.0,pct_of_comp_1-1,increase,+466%,3,TRUE,N4,"US 11,479,818 B2",US11479818 TABLE 5,public_domain,"grade_provisional; in-vitro rubric extension (see schema.md): KIM-1_protein increase=toxicity, value 566.0 % of control -> grade 3; patent's own in-vivo grade for this compound: High; condition: primary rat PTEC"
MSR733,OLG045,in_vitro,human,PTEC_TERT1,proximal_tubule,gymnotic_free_uptake,100,uM,day 9,viability,ATP,108.61,pct_of_saline,increase,+9%,0,TRUE,N4,"US 11,479,818 B2",US11479818 TABLE 10,public_domain,"grade_provisional; in-vitro rubric extension (see schema.md): ATP decrease=toxicity, value 108.61 % of control -> grade 0; patent's own in-vivo grade for this compound: Innocuous; condition: PTEC-TERT1, gymnosis, no erlotinib, 10 ng/ml EGF"
MSR734,OLG045,in_vitro,human,PTEC_TERT1,proximal_tubule,gymnotic_free_uptake,100,uM,day 9,viability,ATP,95.54,pct_of_saline,decrease,-4%,0,TRUE,N4,"US 11,479,818 B2",US11479818 TABLE 10,public_domain,"grade_provisional; in-vitro rubric extension (see schema.md): ATP decrease=toxicity, value 95.54 % of control -> grade 0; patent's own in-vivo grade for this compound: Innocuous; condition: PTEC-TERT1, gymnosis, 5 uM erlotinib, 10 ng/ml EGF"
MSR735,OLG046,in_vitro,human,PTEC_TERT1,proximal_tubule,gymnotic_free_uptake,100,uM,day 9,viability,ATP,107.67,pct_of_saline,increase,+8%,0,TRUE,N4,"US 11,479,818 B2",US11479818 TABLE 10,public_domain,"grade_provisional; in-vitro rubric extension (see schema.md): ATP decrease=toxicity, value 107.67 % of control -> grade 0; patent's own in-vivo grade for this compound: low; condition: PTEC-TERT1, gymnosis, no erlotinib, 10 ng/ml EGF"
MSR736,OLG046,in_vitro,human,PTEC_TERT1,proximal_tubule,gymnotic_free_uptake,100,uM,day 9,viability,ATP,84.31,pct_of_saline,decrease,-16%,1,TRUE,N4,"US 11,479,818 B2",US11479818 TABLE 10,public_domain,"grade_provisional; in-vitro rubric extension (see schema.md): ATP decrease=toxicity, value 84.31 % of control -> grade 1; patent's own in-vivo grade for this compound: low; condition: PTEC-TERT1, gymnosis, 5 uM erlotinib, 10 ng/ml EGF"
MSR737,OLG050,in_vitro,human,PTEC_TERT1,proximal_tubule,gymnotic_free_uptake,100,uM,day 9,viability,ATP,102.45,pct_of_saline,increase,+2%,0,TRUE,N4,"US 11,479,818 B2",US11479818 TABLE 10,public_domain,"grade_provisional; in-vitro rubric extension (see schema.md): ATP decrease=toxicity, value 102.45 % of control -> grade 0; patent's own in-vivo grade for this compound: Innocuous; condition: PTEC-TERT1, gymnosis, no erlotinib, 10 ng/ml EGF"
MSR738,OLG050,in_vitro,human,PTEC_TERT1,proximal_tubule,gymnotic_free_uptake,100,uM,day 9,viability,ATP,104.16,pct_of_saline,increase,+4%,0,TRUE,N4,"US 11,479,818 B2",US11479818 TABLE 10,public_domain,"grade_provisional; in-vitro rubric extension (see schema.md): ATP decrease=toxicity, value 104.16 % of control -> grade 0; patent's own in-vivo grade for this compound: Innocuous; condition: PTEC-TERT1, gymnosis, 5 uM erlotinib, 10 ng/ml EGF"
MSR739,OLG047,in_vitro,human,PTEC_TERT1,proximal_tubule,gymnotic_free_uptake,100,uM,day 9,viability,ATP,87.67,pct_of_saline,decrease,-12%,0,TRUE,N4,"US 11,479,818 B2",US11479818 TABLE 10,public_domain,"grade_provisional; in-vitro rubric extension (see schema.md): ATP decrease=toxicity, value 87.67 % of control -> grade 0; patent's own in-vivo grade for this compound: Medium; condition: PTEC-TERT1, gymnosis, no erlotinib, 10 ng/ml EGF"
MSR740,OLG047,in_vitro,human,PTEC_TERT1,proximal_tubule,gymnotic_free_uptake,100,uM,day 9,viability,ATP,89.59,pct_of_saline,decrease,-10%,0,TRUE,N4,"US 11,479,818 B2",US11479818 TABLE 10,public_domain,"grade_provisional; in-vitro rubric extension (see schema.md): ATP decrease=toxicity, value 89.59 % of control -> grade 0; patent's own in-vivo grade for this compound: Medium; condition: PTEC-TERT1, gymnosis, 5 uM erlotinib, 10 ng/ml EGF"
MSR741,OLG049,in_vitro,human,PTEC_TERT1,proximal_tubule,gymnotic_free_uptake,100,uM,day 9,viability,ATP,82.9,pct_of_saline,decrease,-17%,1,TRUE,N4,"US 11,479,818 B2",US11479818 TABLE 10,public_domain,"grade_provisional; in-vitro rubric extension (see schema.md): ATP decrease=toxicity, value 82.9 % of control -> grade 1; patent's own in-vivo grade for this compound: High; condition: PTEC-TERT1, gymnosis, no erlotinib, 10 ng/ml EGF"
MSR742,OLG049,in_vitro,human,PTEC_TERT1,proximal_tubule,gymnotic_free_uptake,100,uM,day 9,viability,ATP,89.58,pct_of_saline,decrease,-10%,0,TRUE,N4,"US 11,479,818 B2",US11479818 TABLE 10,public_domain,"grade_provisional; in-vitro rubric extension (see schema.md): ATP decrease=toxicity, value 89.58 % of control -> grade 0; patent's own in-vivo grade for this compound: High; condition: PTEC-TERT1, gymnosis, 5 uM erlotinib, 10 ng/ml EGF"
MSR743,OLG048,in_vitro,human,PTEC_TERT1,proximal_tubule,gymnotic_free_uptake,100,uM,day 9,viability,ATP,65.71,pct_of_saline,decrease,-34%,2,TRUE,N4,"US 11,479,818 B2",US11479818 TABLE 10,public_domain,"grade_provisional; in-vitro rubric extension (see schema.md): ATP decrease=toxicity, value 65.71 % of control -> grade 2; patent's own in-vivo grade for this compound: High; condition: PTEC-TERT1, gymnosis, no erlotinib, 10 ng/ml EGF"
MSR744,OLG048,in_vitro,human,PTEC_TERT1,proximal_tubule,gymnotic_free_uptake,100,uM,day 9,viability,ATP,94.44,pct_of_saline,decrease,-6%,0,TRUE,N4,"US 11,479,818 B2",US11479818 TABLE 10,public_domain,"grade_provisional; in-vitro rubric extension (see schema.md): ATP decrease=toxicity, value 94.44 % of control -> grade 0; patent's own in-vivo grade for this compound: High; condition: PTEC-TERT1, gymnosis, 5 uM erlotinib, 10 ng/ml EGF"
MSR745,OLG052,in_vitro,human,PTEC_TERT1,proximal_tubule,gymnotic_free_uptake,100,uM,day 9,viability,ATP,50.28,pct_of_saline,decrease,-50%,2,TRUE,N4,"US 11,479,818 B2",US11479818 TABLE 10,public_domain,"grade_provisional; in-vitro rubric extension (see schema.md): ATP decrease=toxicity, value 50.28 % of control -> grade 2; patent's own in-vivo grade for this compound: High; condition: PTEC-TERT1, gymnosis, no erlotinib, 10 ng/ml EGF"
MSR746,OLG052,in_vitro,human,PTEC_TERT1,proximal_tubule,gymnotic_free_uptake,100,uM,day 9,viability,ATP,97.47,pct_of_saline,decrease,-3%,0,TRUE,N4,"US 11,479,818 B2",US11479818 TABLE 10,public_domain,"grade_provisional; in-vitro rubric extension (see schema.md): ATP decrease=toxicity, value 97.47 % of control -> grade 0; patent's own in-vivo grade for this compound: High; condition: PTEC-TERT1, gymnosis, 5 uM erlotinib, 10 ng/ml EGF"
MSR747,OLG046,in_vitro,human,PTEC_TERT1,proximal_tubule,gymnotic_free_uptake,100,uM,day 9,viability,ATP,85.0,pct_of_saline,decrease,-15%,0,TRUE,N4,"US 11,479,818 B2",US11479818 TABLE 11,public_domain,"grade_provisional; in-vitro rubric extension (see schema.md): ATP decrease=toxicity, value 85.0 % of control -> grade 0; condition: PTEC-TERT1, gymnosis, EGF 0 ng/ml"
MSR748,OLG046,in_vitro,human,PTEC_TERT1,proximal_tubule,gymnotic_free_uptake,100,uM,day 9,viability,ATP,89.0,pct_of_saline,decrease,-11%,0,TRUE,N4,"US 11,479,818 B2",US11479818 TABLE 11,public_domain,"grade_provisional; in-vitro rubric extension (see schema.md): ATP decrease=toxicity, value 89.0 % of control -> grade 0; condition: PTEC-TERT1, gymnosis, EGF 1 ng/ml"
MSR749,OLG046,in_vitro,human,PTEC_TERT1,proximal_tubule,gymnotic_free_uptake,100,uM,day 9,viability,ATP,104.0,pct_of_saline,increase,+4%,0,TRUE,N4,"US 11,479,818 B2",US11479818 TABLE 11,public_domain,"grade_provisional; in-vitro rubric extension (see schema.md): ATP decrease=toxicity, value 104.0 % of control -> grade 0; condition: PTEC-TERT1, gymnosis, EGF 3 ng/ml"
MSR750,OLG046,in_vitro,human,PTEC_TERT1,proximal_tubule,gymnotic_free_uptake,100,uM,day 9,viability,ATP,92.0,pct_of_saline,decrease,-8%,0,TRUE,N4,"US 11,479,818 B2",US11479818 TABLE 11,public_domain,"grade_provisional; in-vitro rubric extension (see schema.md): ATP decrease=toxicity, value 92.0 % of control -> grade 0; condition: PTEC-TERT1, gymnosis, EGF 10 ng/ml"
MSR751,OLG046,in_vitro,human,PTEC_TERT1,proximal_tubule,gymnotic_free_uptake,100,uM,day 9,viability,ATP,86.0,pct_of_saline,decrease,-14%,0,TRUE,N4,"US 11,479,818 B2",US11479818 TABLE 11,public_domain,"grade_provisional; in-vitro rubric extension (see schema.md): ATP decrease=toxicity, value 86.0 % of control -> grade 0; condition: PTEC-TERT1, gymnosis, EGF 30 ng/ml"
MSR752,OLG046,in_vitro,human,PTEC_TERT1,proximal_tubule,gymnotic_free_uptake,100,uM,day 9,viability,ATP,78.0,pct_of_saline,decrease,-22%,1,TRUE,N4,"US 11,479,818 B2",US11479818 TABLE 11,public_domain,"grade_provisional; in-vitro rubric extension (see schema.md): ATP decrease=toxicity, value 78.0 % of control -> grade 1; condition: PTEC-TERT1, gymnosis, EGF 90 ng/ml"
MSR753,OLG047,in_vitro,human,PTEC_TERT1,proximal_tubule,gymnotic_free_uptake,100,uM,day 9,viability,ATP,101.0,pct_of_saline,increase,+1%,0,TRUE,N4,"US 11,479,818 B2",US11479818 TABLE 11,public_domain,"grade_provisional; in-vitro rubric extension (see schema.md): ATP decrease=toxicity, value 101.0 % of control -> grade 0; condition: PTEC-TERT1, gymnosis, EGF 0 ng/ml"
MSR754,OLG047,in_vitro,human,PTEC_TERT1,proximal_tubule,gymnotic_free_uptake,100,uM,day 9,viability,ATP,106.0,pct_of_saline,increase,+6%,0,TRUE,N4,"US 11,479,818 B2",US11479818 TABLE 11,public_domain,"grade_provisional; in-vitro rubric extension (see schema.md): ATP decrease=toxicity, value 106.0 % of control -> grade 0; condition: PTEC-TERT1, gymnosis, EGF 1 ng/ml"
MSR755,OLG047,in_vitro,human,PTEC_TERT1,proximal_tubule,gymnotic_free_uptake,100,uM,day 9,viability,ATP,101.0,pct_of_saline,increase,+1%,0,TRUE,N4,"US 11,479,818 B2",US11479818 TABLE 11,public_domain,"grade_provisional; in-vitro rubric extension (see schema.md): ATP decrease=toxicity, value 101.0 % of control -> grade 0; condition: PTEC-TERT1, gymnosis, EGF 3 ng/ml"
MSR756,OLG047,in_vitro,human,PTEC_TERT1,proximal_tubule,gymnotic_free_uptake,100,uM,day 9,viability,ATP,63.0,pct_of_saline,decrease,-37%,2,TRUE,N4,"US 11,479,818 B2",US11479818 TABLE 11,public_domain,"grade_provisional; in-vitro rubric extension (see schema.md): ATP decrease=toxicity, value 63.0 % of control -> grade 2; condition: PTEC-TERT1, gymnosis, EGF 10 ng/ml"
MSR757,OLG047,in_vitro,human,PTEC_TERT1,proximal_tubule,gymnotic_free_uptake,100,uM,day 9,viability,ATP,59.0,pct_of_saline,decrease,-41%,2,TRUE,N4,"US 11,479,818 B2",US11479818 TABLE 11,public_domain,"grade_provisional; in-vitro rubric extension (see schema.md): ATP decrease=toxicity, value 59.0 % of control -> grade 2; condition: PTEC-TERT1, gymnosis, EGF 30 ng/ml"
MSR758,OLG047,in_vitro,human,PTEC_TERT1,proximal_tubule,gymnotic_free_uptake,100,uM,day 9,viability,ATP,56.0,pct_of_saline,decrease,-44%,2,TRUE,N4,"US 11,479,818 B2",US11479818 TABLE 11,public_domain,"grade_provisional; in-vitro rubric extension (see schema.md): ATP decrease=toxicity, value 56.0 % of control -> grade 2; condition: PTEC-TERT1, gymnosis, EGF 90 ng/ml"
MSR759,OLG048,in_vitro,human,PTEC_TERT1,proximal_tubule,gymnotic_free_uptake,100,uM,day 9,viability,ATP,88.0,pct_of_saline,decrease,-12%,0,TRUE,N4,"US 11,479,818 B2",US11479818 TABLE 11,public_domain,"grade_provisional; in-vitro rubric extension (see schema.md): ATP decrease=toxicity, value 88.0 % of control -> grade 0; condition: PTEC-TERT1, gymnosis, EGF 0 ng/ml"
MSR760,OLG048,in_vitro,human,PTEC_TERT1,proximal_tubule,gymnotic_free_uptake,100,uM,day 9,viability,ATP,95.0,pct_of_saline,decrease,-5%,0,TRUE,N4,"US 11,479,818 B2",US11479818 TABLE 11,public_domain,"grade_provisional; in-vitro rubric extension (see schema.md): ATP decrease=toxicity, value 95.0 % of control -> grade 0; condition: PTEC-TERT1, gymnosis, EGF 1 ng/ml"
MSR761,OLG048,in_vitro,human,PTEC_TERT1,proximal_tubule,gymnotic_free_uptake,100,uM,day 9,viability,ATP,62.0,pct_of_saline,decrease,-38%,2,TRUE,N4,"US 11,479,818 B2",US11479818 TABLE 11,public_domain,"grade_provisional; in-vitro rubric extension (see schema.md): ATP decrease=toxicity, value 62.0 % of control -> grade 2; condition: PTEC-TERT1, gymnosis, EGF 3 ng/ml"
MSR762,OLG048,in_vitro,human,PTEC_TERT1,proximal_tubule,gymnotic_free_uptake,100,uM,day 9,viability,ATP,29.0,pct_of_saline,decrease,-71%,3,TRUE,N4,"US 11,479,818 B2",US11479818 TABLE 11,public_domain,"grade_provisional; in-vitro rubric extension (see schema.md): ATP decrease=toxicity, value 29.0 % of control -> grade 3; condition: PTEC-TERT1, gymnosis, EGF 10 ng/ml"
MSR763,OLG048,in_vitro,human,PTEC_TERT1,proximal_tubule,gymnotic_free_uptake,100,uM,day 9,viability,ATP,30.0,pct_of_saline,decrease,-70%,3,TRUE,N4,"US 11,479,818 B2",US11479818 TABLE 11,public_domain,"grade_provisional; in-vitro rubric extension (see schema.md): ATP decrease=toxicity, value 30.0 % of control -> grade 3; condition: PTEC-TERT1, gymnosis, EGF 30 ng/ml"
MSR764,OLG048,in_vitro,human,PTEC_TERT1,proximal_tubule,gymnotic_free_uptake,100,uM,day 9,viability,ATP,30.0,pct_of_saline,decrease,-70%,3,TRUE,N4,"US 11,479,818 B2",US11479818 TABLE 11,public_domain,"grade_provisional; in-vitro rubric extension (see schema.md): ATP decrease=toxicity, value 30.0 % of control -> grade 3; condition: PTEC-TERT1, gymnosis, EGF 90 ng/ml"
MSR765,OLG065,in_vitro,human,PTEC_TERT1,proximal_tubule,gymnotic_free_uptake,30,uM,day 9,functional,EGFR_mRNA,90.0,pct_of_saline,decrease,-10%,0,TRUE,N4,"US 11,479,818 B2",US11479818 TABLE 12,public_domain,"grade_provisional; in-vitro rubric extension (see schema.md): EGFR_mRNA decrease=toxicity, value 90.0 % of control -> grade 0; condition: PTEC-TERT1"
MSR766,OLG065,in_vitro,human,PTEC_TERT1,proximal_tubule,gymnotic_free_uptake,100,uM,day 9,functional,EGFR_mRNA,72.0,pct_of_saline,decrease,-28%,1,TRUE,N4,"US 11,479,818 B2",US11479818 TABLE 12,public_domain,"grade_provisional; in-vitro rubric extension (see schema.md): EGFR_mRNA decrease=toxicity, value 72.0 % of control -> grade 1; condition: PTEC-TERT1"
MSR767,OLG065,in_vitro,human,PTEC_TERT1,proximal_tubule,gymnotic_free_uptake,300,uM,day 9,functional,EGFR_mRNA,61.0,pct_of_saline,decrease,-39%,1,TRUE,N4,"US 11,479,818 B2",US11479818 TABLE 12,public_domain,"grade_provisional; in-vitro rubric extension (see schema.md): EGFR_mRNA decrease=toxicity, value 61.0 % of control -> grade 1; condition: PTEC-TERT1"
MSR768,OLG065,in_vitro,human,PTEC_TERT1,proximal_tubule,gymnotic_free_uptake,400,uM,day 9,functional,EGFR_mRNA,59.0,pct_of_saline,decrease,-41%,1,TRUE,N4,"US 11,479,818 B2",US11479818 TABLE 12,public_domain,"grade_provisional; in-vitro rubric extension (see schema.md): EGFR_mRNA decrease=toxicity, value 59.0 % of control -> grade 1; condition: PTEC-TERT1"
MSR769,OLG065,in_vitro,human,PTEC_TERT1,proximal_tubule,gymnotic_free_uptake,500,uM,day 9,functional,EGFR_mRNA,60.0,pct_of_saline,decrease,-40%,1,TRUE,N4,"US 11,479,818 B2",US11479818 TABLE 12,public_domain,"grade_provisional; in-vitro rubric extension (see schema.md): EGFR_mRNA decrease=toxicity, value 60.0 % of control -> grade 1; condition: PTEC-TERT1"
