endpoint_tier,evidence_type,title,identifier,expected_rows,redistribution,oligos_named,retrieval_route,exact_loci,caveats
A,pharmacovigilance,"EudraVigilance DAP — per-PT outcome, reporter-qualification and age/sex breakdowns for the hydrocephalus/CSF terms",EMA DAP analyses /shared/PHV DAP/DAP/DAP_Individual Cases by Reaction Outcome SOC PT SUB and .../DAP_Individual Cases by ReporterGroup SOC PT SUB,140,cc_by,nusinersen; tofersen,"Same guest session as above, then https://dap.ema.europa.eu/analytics/saw.dll?Go&Path=%2Fshared%2FPHV%20DAP%2FDAP%2FDAP_Individual%20Cases%20by%20Reaction%20Outcome%20SOC%20PT%20SUB&Action=Extract&Format=csv&P0=3&P1=eq&P",CSV column 'Cases' by 'Reaction Outcome' (7 categories: Fatal / Not Recovered-Not Resolved / Not Specified / Recovered-Resolved / Recovered-Resolved With Sequelae / Recovering-Resolving / Unknown) and by 'Primary Source Qualification' (Healthcare Professional / Non Healthcare Professional / Not Spec,"Outcome is reporter-assigned and 13 of 28 are 'Unknown', so the graded outcome is only interpretable for 15 cases. Age/sex cells are counts of cases, and the 'Not Specified' sex stratum overlaps the age strata, so the three marginal tables must not be cross-multiplied. Breakdowns were pulled only for 7 PTs x 2 substances, not for the full 77-row endpoint list."
A,pharmacovigilance,"WHO VigiBase via VigiAccess — reported ADR counts by MedDRA SOC and PT for 14 oligonucleotide actives, dataset date 2026-08-23",VigiAccess (Uppsala Monitoring Centre) Fable.Remoting API VigiAccessGui.Shared.IProtocol; dataSetDate = 2026-08-23,110,verify,nusinersen; tofersen; inotersen; eplontersen; patisiran; givosiran; inclisiran; eteplirsen; golodirsen; viltolarsen; casimersen; tominersen; volanesorsen; vutrisiran,"Three chained JSON POSTs, no browser needed. Headers: 'Content-Type: application/json; charset=utf-8' and 'x-remoting-proxy: true'; responses are application/vnd.msgpack. (1) POST https://vigiaccess.org/protocol/IProtoco","VigiAccess 'distribution' response: field TotalCount, and the Reaction array of {SocId, Description, Count} — i.e. the 'Nervous system disorders' row of the SOC accordion. VigiAccess 'primaryTerm' response: the Pts array of (PT description, count) under that SOC, i.e. the expanded PT list shown when","VigiAccess counts ADR occurrences, not unique reports, so its numbers are NOT the same unit as FAERS reports or EudraVigilance cases and must not be pooled with them. The UI gates search behind an 'I confirm that I have read and understood the above statements' caveat checkbox; I called the API directly and so did not pass through that screen — the UMC caveats (no confirmed causal link, possible d"
A,pharmacovigilance,"EudraVigilance Data Analysis System (DAP) — substance-level reaction PT case counts for NUSINERSEN and TOFERSEN, data lock 23/08/2026",EMA DAP Substance High Level Code 12676156 (NUSINERSEN); 35379873 (TOFERSEN); catalog analysis /shared/PHV DAP/DAP/DAP_Individual Cases by AgeGroup An,77,cc_by,nusinersen; tofersen,"Two steps, session-cookie required. (1) GET https://dap.ema.europa.eu/analytics/saw.dll?PortalPages&PortalPath=%2Fshared%2FPHV%20DAP%2F_portal%2FDAP&Action=Navigate&P0=1&P1=eq&P2=%22Line%20Listing%20Objects%22.%22Substan","EudraVigilance DAP dashboard page 'Number of Individual Cases for a selected Reaction', underlying analysis /shared/PHV DAP/DAP/DAP_Individual Cases by AgeGroup And Sex SOC PT SUB, column 'Cases'; filter columns ""Line Listing Objects"".""Substance High Level Code"", ""Line Listing Objects"".""Reaction SOC","Counts are 'individual cases', not reactions, and a case may carry several PTs, so PTs do not sum to the SOC total. EMA states these are suspected, unconfirmed associations with no exposure denominator. The PT filter column is the '- 2nd' variant: the plainly-named ""Reaction PT"" and ""Reaction PT (not linked to ID)"" columns are silently ignored by the analysis and return the SOC-level total (649) i"
A,pharmacovigilance,openFDA FAERS — nusinersen (SPINRAZA) Tier A hydrocephalus / ventricular case series,"FAERS safetyreportid: 13565474, 13711639, 13792631, 14398512, 14657721, 14845172, 15032058, 15252426, 15438107, 15577640, 15618912, 15630736, 15695650",37,public_domain,nusinersen,https://api.fda.gov/drug/event.json?search=(patient.drug.medicinalproduct:%22SPINRAZA%22+OR+patient.drug.openfda.generic_name:%22nusinersen%22)+AND+(patient.reaction.reactionmeddrapt.exact:%22HYDROCEPHALUS%22+OR+patient.,JSON response body: meta.results.total = 37; results[].safetyreportid; results[].patient.reaction[].reactionmeddrapt; results[].patient.patientonsetage / patientonsetageunit / patientsex; results[].patient.drug[].drugadministrationroute / drugindication; results[].serious; results[].seriousnesshospi,"FAERS is a spontaneous, unvalidated, voluntary reporting system: reports are not verified, duplicates are known to occur (a reportduplicate field exists but I did not de-duplicate), and the denominator is a count of REPORTS, not patient-years of exposure. The crude PRR of ~11.1 is hypothesis-generating only — it is not an incidence, a risk ratio, or evidence of causation. Severe confounding by ind"
A,pharmacovigilance,"openFDA FAERS route-controlled comparison of hydrocephalus and CSF-dynamics preferred terms across SMA and ALS therapies (my own query, computed this ","openFDA drug/event endpoint, no publication identifier; results retrieved 2026-08-29T00:35Z",32,public_domain,nusinersen; tofersen,"Totals: curl -sS -G 'https://api.fda.gov/drug/event.json' --data-urlencode 'search=patient.drug.openfda.generic_name:""nusinersen""' --data-urlencode 'limit=1' (repeat for risdiplam, tofersen, onasemnogene). Per-PT counts:","Saved verbatim in /home/user/oligos/hydrocephalus/sources/raw/sweep7_openfda_route_control_matrix.txt. Denominators (total ICSRs by openfda.generic_name): nusinersen 7655, risdiplam 4081, onasemnogene 2272, tofersen 503. HYDROCEPHALUS: nusinersen 22, risdiplam 5, onasemnogene 10, tofersen 1. CEREBRA","Spontaneous reporting data. Counts are individual case safety reports, not patients and not exposure-adjusted; there is no person-time denominator and no way to compute incidence. Reporting is subject to notoriety bias, and nusinersen hydrocephalus was the subject of a 2018 Biogen Dear-Healthcare-Professional letter, which biases nusinersen reporting UPWARD relative to comparators — making the mod"
A,background_incidence,The incidence of hydrocephalus among patients with and without spinal muscular atrophy (SMA): Results from a US electronic health records study,PMID 33962637 / PMCID PMC8105953 / DOI 10.1186/s13023-021-01822-4,24,cc_by,nusinersen,"https://www.ebi.ac.uk/europepmc/webservices/rest/PMC8105953/fullTextXML (83,717 bytes; metadata cross-checked via https://www.ebi.ac.uk/europepmc/webservices/rest/search?query=PMCID:PMC8105953&resultType=core&format=json","Table 1 'Patient demographics' (n and % by age band and sex for SMA cases N=5354, SMA cases developing hydrocephalus N=42, matched non-SMA controls N=5354, controls developing hydrocephalus N=9); Table 2 'Hydrocephalus incidence rates' (overall IR 15.5 [11.2-20.9] vs 3.3 [1.5-6.3] per 100,000 person","Diagnostic-code-based case definition only; no imaging adjudication, no SMA type, no cause of hydrocephalus. The authors themselves raise surveillance bias (SMA patients get more MRI) and cannot exclude it. Cohort age distribution is markedly unrepresentative of true SMA epidemiology (44% of cases were >50y at index; only ~4% <2y) because of survival bias in the pre-treatment era and because index"
A,regulatory_label,"Qalsody (tofersen) — CHMP Assessment report, EPAR public assessment report","EMA/276404/2024 · Procedure No. EMEA/H/C/005493/0000 · PDF SHA256 2cb906d6838645d3c0c7361b609a953f357a45bce9e1910dbd8b1fd68eb857e0 (5,528,410 bytes, 1",24,cc_by,tofersen; nusinersen; tominersen,"curl -s -L 'https://www.ema.europa.eu/en/documents/assessment-report/qalsody-epar-public-assessment-report_en.pdf' — HTTP 200, 5,528,410 bytes, SHA256 verified this session; text extracted with pymupdf and page-marked","Table 42 'Effects table for Qalsody' (pp. 167-170), which carries its own discrete row 'Risk of Hydrocephalus' with the strength-of-evidence cell 'Reported with intrathecally administered ASOs, i.e. tominersen (secondary to aseptic meningitis), nusinersen' (row structure confirmed by pymupdf find_ta","Two incidence figures for papilloedema coexist and must not be merged: Table 37 gives 7/147 (4.8%) for the PTs papilloedema + intracranial pressure increased, while Table 42 and p.165 give 8/147 (5.4%) because they additionally count one non-serious AE of 'CSF pressure increased' (footnote * on p.170 states this explicitly). The GAP-FILL brief described Table 42 as carrying a row labelled 'ASO cla"
A,pharmacovigilance,FDA SrLC dated negative audit across 22 oligonucleotide therapeutics — nusinersen is the only one with any CSF/ventricular safety labeling change,"FDA SrLC DrugNameIDs: nusinersen 1373, eteplirsen 1452, golodirsen 2405, viltolarsen 2428, casimersen 2746, inotersen 2100, eplontersen 3278, patisira",22,public_domain,nusinersen; tofersen; eteplirsen; golodirsen; viltolarsen; casimersen; inotersen; eplontersen; patisiran; givosiran; lumasiran; inclisiran; nedosiran; vutrisiran; fomivirsen; mipomersen; defibrotide; ,"Same verified POST route as source 1, looped over 22 generic names: curl -sS -L -A '<Chrome UA>' -e 'https://www.accessdata.fda.gov/scripts/cder/safetylabelingchanges/' --data-urlencode 'drug_name=<generic>' --data-urlen","Per-drug SrLC detail pages, full 'Safety-related Labeling Changes Approved by FDA CDER' accordion, regex-screened over the whole change body for: hydroceph|ventriculo|ventricular enlarge|intracranial|papilledema|papilloedema|choroid plexus|ependym|cerebrospinal|CSF|shunt|aseptic meningitis|arachnoid","SrLC covers only NDAs and CDER-regulated BLAs; ANDAs are excluded (per the database's own guide text), and it records only changes FDA classifies as SAFETY-related, so a non-safety wording change would not appear. Absence of an SrLC record is therefore 'no FDA-adjudicated safety labeling change', NOT 'label never changed' and NOT 'drug is safe'. I searched generic names only; I confirmed brand-nam"
A,pharmacovigilance,openFDA FAERS — tofersen (QALSODY) Tier A + Tier B CSF case series,"FAERS safetyreportid: 23343319, 23608436, 23812934, 23879330, 23933877, 23993103, 24181681, 24421731, 24559084, 24560489, 24644068, 24959157, 25016557",21,public_domain,tofersen,https://api.fda.gov/drug/event.json?search=(patient.drug.medicinalproduct:%22QALSODY%22+OR+patient.drug.openfda.generic_name:%22tofersen%22)+AND+(patient.reaction.reactionmeddrapt:%22hydrocephalus%22+OR+patient.reaction.,JSON response body: meta.results.total = 21; results[].safetyreportid; results[].patient.reaction[].reactionmeddrapt; results[].patient.patientonsetage/patientsex; results[].patient.drug[].drugadministrationroute/drugindication; results[].receivedate. Aggregate PT counts at results[].term/results[].,"Only 2 of the 21 reports reach Tier A proper (one HYDROCEPHALUS, one NORMAL PRESSURE HYDROCEPHALUS); the remaining 19 are Tier B CSF-dynamics and must be graded as such. Normal-pressure hydrocephalus in a 72-year-old is common as a background age-related condition and this single report cannot be attributed to tofersen. FAERS spontaneous-reporting limits apply in full: unvalidated, potential dupli"
A,pharmacovigilance,openFDA FAERS — 20-oligo drug-level hydrocephalus-family count matrix with denominators,"openFDA FAERS aggregate, 20 oligonucleotide therapeutics, data last_updated 2026-07-30; consolidated file faers_SWEEP3_summary.json",20,public_domain,nusinersen; tofersen; tominersen; eplontersen; inotersen; eteplirsen; golodirsen; viltolarsen; casimersen; patisiran; vutrisiran; givosiran; lumasiran; nedosiran; inclisiran; volanesorsen; mipomersen;,Per drug: https://api.fda.gov/drug/event.json?search=<DRUGQ>&limit=1 (denominator) ; ?search=<DRUGQ>&count=patient.reaction.reactionmeddrapt.exact (top-100 profile) ; ?search=<DRUGQ>+AND+<10-term exact OR-block>&count=pa,"faers_SWEEP3_summary.json: drugs.<name>.total_reports, drugs.<name>.hydro_family_PTs (PT string -> exact report count), drugs.<name>.top5_reactions; faers_global.total_reports and faers_global.reports_PT_HYDROCEPHALUS. Underlying per-drug values at meta.results.total (totals) and results[].term/resu","CRITICAL distinction preserved in this matrix: tominersen returns NOT_FOUND for its total-report query, i.e. it has NO FAERS presence at all — that is NEVER MEASURED, not a measured zero, and must not be scored as a negative. It failed in Phase 3 trials and was never marketed, so spontaneous reporting would not exist. The other ten zero drugs (eplontersen, golodirsen, viltolarsen, casimersen, givo"
A,background_incidence,Macrostructural Brain Abnormalities in Spinal Muscular Atrophy: A Case-Control Study,PMID 39308455 / PMCID PMC11415185 / DOI 10.1212/NXG.0000000000200193,20,cc_by_nc,nusinersen; risdiplam,"https://www.ebi.ac.uk/europepmc/webservices/rest/PMC11415185/fullTextXML (77,248 bytes)","Table 1 'Participant Characteristics and Macrostructural Brain MRI Findings' (abnormal brain MRI 9/21 SMA [42.9%] vs 2/21 controls [9.5%], p=0.032; supratentorial ventriculomegaly 4/21 SMA [19.0%] vs 1/21 controls [4.8%]; widening of arachnoid spaces 4/21 [19.0%] vs 0/21; each of 8 abnormality types","Small (21 vs 21) and cross-sectional, so no temporal relationship between therapy and imaging can be drawn — the authors say so explicitly. All 21 SMA patients had received disease-modifying therapy, so there is NO drug-naive SMA arm; the SMA-vs-control contrast is confounded by universal treatment exposure and cannot on its own separate disease from drug. Ventriculomegaly was determined qualitati"
A,nonclinical_invivo,"NDA 206488 EXONDYS 51 (eteplirsen) Pharmacology/Toxicology NDA Review and Evaluation, Reviewer David B. Hawver, Ph.D., FDA CDER; Reference IDs 3936496","NDA 206488 Orig1 s000 PharmR; SHA256 b73fc7e43206d1fab5b8ddf1db2e1ce9feb35a9d2d351d7f95a9ae245263922e; 4,626,532 bytes; 96 pages",18,public_domain,eteplirsen; AVI-4658; AVI-4225,"Discovery: curl -sS 'https://api.fda.gov/drug/drugsfda.json?search=openfda.generic_name:%22eteplirsen%22&limit=5' (HTTP 200) -> NDA206488, ORIG 1, 20160919, Review doc TOC at /nda/2016/206488Orig1s000TOC.html. Fetch: cur","Executive Summary section 1.2 'Brief Discussion of Nonclinical Findings' (PDF p.25, printed p.3) first names the finding. The graded incidence table sits at PDF p.14 (printed p.11), immediately under the sentence 'A toxicity observed only in the 26-week study was dilatation of the lateral ventricles","ATTRIBUTION IS LOAD-BEARING AND EASY TO GET WRONG: the ventricular dilatation was produced by AVI-4225, the 25-mer murine surrogate PMO targeting mdx exon 23, NOT by eteplirsen itself. The table header at PDF p.14 reads 'AVI-4225 DOSES' whereas the kidney table directly above it on the same page reads 'ETEPLIRSEN DOSE' - a row that credits eteplirsen with ventriculomegaly would be a fabrication. E"
A,regulatory_label,Spinraza (nusinersen) — CHMP Assessment report for the 28 mg / 50 mg line extension (higher-dose 50/28 mg regimen),EMA/CHMP/379593/2025 · Procedure No. EMEA/H/C/004312/X/0038 · adopted 13 November 2025 · PDF SHA256 2376d365a5ac369808b8dcd86f38014a68ea36cc904ec3427a,15,cc_by,nusinersen,"Discovered by fetching the EMA medicine page 'https://www.ema.europa.eu/en/medicines/human/EPAR/spinraza' (HTTP 200, 204,945 bytes) and grepping href for 'variation-report'; then curl -s -L 'https://www.ema.europa.eu/en/",Section 2.6.8 final paragraph p.109 ('Relevant new information reported during the most recent reporting period consisted of 1 important potential risk: hydrocephalus...'); Section 2.6.9 'Discussion on clinical safety' pp.109 and 113; Section 2.7.1 'Safety concerns' summary table p.113 (Important po,"The 9 PSUR events are reported under the MedDRA high-level group term 'Increased intracranial pressure and hydrocephalus', so the document does not separate how many were hydrocephalus proper versus raised ICP — a row built from it must carry the HLGT, not a hydrocephalus-specific count. No denominator is given for those 9 events beyond the reporting period, so a rate cannot be computed from this "
A,nonclinical_invivo,Preclinical evaluation of antisense oligonucleotide therapy in a mouse model of HNRNPH2-related neurodevelopmental disorder,"PPR1113960 / PMC12637667 / DOI 10.1101/2025.11.04.686541 (journal version PMID 42018666, Sci Transl Med 2026, PAYWALLED)",14,derived_features_only,"mouse Hnrnph2 ASO1 (lead, 'Hnrnph2 ASO'): 5'-GCTTATACCATTTCTCTTAT-3'; mouse Hnrnph2 lead ASO #2: 5'-GTTGTACTTCCCATTTACCA-3'; mouse Hnrnph2 lead ASO #3: 5'-TTGTACTTCCCATTTACCAA-3'; mouse non-targeting ","Discovery: curl -s -G 'https://www.ebi.ac.uk/europepmc/webservices/rest/search' --data-urlencode 'query=SRC:PPR AND (hydrocephalus OR ventriculomegaly OR ""ventricular volume"" OR ""choroid plexus"") AND (antisense OR oligon","TIER A: Supplement 'Fig. S6. Effect of neonatal Hnrnph2 ASO treatment on the incidence of hydrocephalus in male and female mice' — panel A = male and female P209L mice, panel B = male R206W mice, scored at dissection at 3 weeks of age; caption reports P < 0.0001 and P = 0.01 by Fisher's exact test w","1) The actual incidence percentages/counts in fig. S6A and S6B are inside a bar-chart IMAGE, not in extractable text. I have the caption, the group structure, the statistical test and the two reported P values (P<0.0001, P=0.01) verbatim, but NOT the per-arm numerators/denominators. Those require visual reading of the supplement PDF page (saved at /home/user/oligos/hydrocephalus/sources/raw/gap10_"
A,clinical_trial_AE,"Tau-targeting antisense oligonucleotide MAPTRx in mild Alzheimer's disease: a phase 1b, randomized, placebo-controlled trial",PMID 37095250; PMCID PMC10287562; DOI 10.1038/s41591-023-02326-3,12,cc_by,diranersen; MAPTRx; BIIB080; ISIS 814907,"https://www.ebi.ac.uk/europepmc/webservices/rest/PMC10287562/fullTextXML (HTTP 200, 143,864 bytes)","Results > Exploratory endpoints > 'Additional exploratory outcomes', para beginning 'The mean change from baseline in ventricular volume (VV) as a percentage of total intracranial volume 6 months post-baseline...' - gives placebo 0.2%, 10 mg 0.5%, 30 mg 0.7%, 60 mg 0.7%, 115 mg 0.6%, and the sentenc","The numeric ventricular-volume table (Extended Data Table 2) is an image, so the per-arm n, SDs and absolute cm3 values behind the percentages are NOT text-extractable and I did not read them; only the five percentages quoted in the Results narrative are citable as text. The Table 1 arm sizes are randomised-group sizes and are not stated to be the MRI-analysis denominators. The VV percentages are "
A,clinical_trial_AE,Efficacy and Safety of AP 12009 in Adult Patients With Recurrent or Refractory Anaplastic Astrocytoma or Secondary Glioblastoma as Compared to Standar,NCT00761280,12,public_domain,trabedersen; AP 12009,"curl -s 'https://clinicaltrials.gov/api/v2/studies/NCT00761280'  (HTTP 200, 118651 bytes)","resultsSection.adverseEventsModule. otherEvents: 'Hydrocephalus' (organSystem 'Nervous system disorders') stats EG000 numEvents 0 / numAffected 0 / numAtRisk 13, EG001 numEvents 1 / numAffected 1 / numAtRisk 11; 'CSF protein increased' (Investigations) EG000 1/1/13, EG001 0/0/11; 'Meningitis chemica","Study is TERMINATED for failure to recruit (whyStopped: 'Unable to recruit the projected patient number. All analyses are descriptive, only.'); actual enrolment 27, so the hydrocephalus cell is a single event and gives no usable rate estimate — its value is as a labelled comparator observation, not a risk statistic. The trabedersen AE denominator of 13 is the catheter-surgery population, one patie"
A,clinical_case_report,Antisense oligonucleotide-mediated knockdown therapy in two infants with severe KCNT1 epileptic encephalopathy,PMID 41981306 / PMC13099374 / DOI 10.1038/s41591-026-04314-9,10,derived_features_only,valeriasen (KT777); KT777ps; KT717; KT717ps; KT718; KT718ps; KT707; KT707ps; KT720ps; Control ASO 1; Control ASO 2; Control ASO 3; Control ASO 4,https://www.ebi.ac.uk/europepmc/webservices/rest/PMC13099374/fullTextXML ; Extended Data Table 1 image at https://cdn.ncbi.nlm.nih.gov/pmc/blobs/bfea/13099374/3c2ed41c7541/41591_2026_4314_Tab1_ESM.jpg,"Results, subsection 'Safety and adverse events' — patient 1 paragraph ('Patient 1 developed vomiting and apparent discomfort... 8 weeks after her 9th IT dose... severe communicating hydrocephalus... CSF opening pressure of 55 cm H2O') and patient 2 paragraph ('repeat MRIs performed on days 62 and 64","Licence is CC BY-NC-ND 4.0 — no derivative redistribution of the text or images; extract features and summary statistics only. n=2, uncontrolled, single ASO sequence — cannot separate sequence-specific from dose/class effect. Extended Data Table 1 is a JPEG, not machine-readable text: I read it visually and it clearly lists 13 named ASOs with sequences (e.g. the KT777 row reads GToToGoCCTTTGTAGCTG"
A,pharmacovigilance,openFDA FAERS — measured-zero negative control set (10 oligonucleotides),"openFDA FAERS negative results across eplontersen, golodirsen, viltolarsen, casimersen, givosiran, nedosiran, volanesorsen, mipomersen, pegaptanib, im",10,public_domain,eplontersen; golodirsen; viltolarsen; casimersen; givosiran; nedosiran; volanesorsen; mipomersen; pegaptanib; imetelstat,"Per drug, five probes returning HTTP 404 NOT_FOUND: https://api.fda.gov/drug/event.json?search=<DRUGQ>+AND+patient.reaction.reactionmeddrapt:%22{hydrocephalus|ventricle|ventriculomegaly|cerebrospinal|csf}%22&count=patien",error.code = NOT_FOUND in faers_<drug>_tok_<token>.json and faers_<drug>_hydro_reportcount.json (386 such files across the sweep); denominators at meta.results.total in faers_<drug>_total.json,"A measured zero in FAERS is weak evidence of absence, not proof: spontaneous reporting captures a small, biased and variable fraction of real events, and a zero constrains the true rate only loosely. Three of these ten have denominators too small to be informative at all — nedosiran 12 reports, volanesorsen 6, viltolarsen 165, eplontersen 168 — and should be marked uninformative rather than negati"
A,regulatory_label,"FDA Drug Safety-related Labeling Changes (SrLC) Database — SPINRAZA (NDA-209531, NUSINERSEN SODIUM) full change record",FDA SrLC DrugNameID=1373; NDA 209531,9,public_domain,nusinersen,"Two steps, both verified this session. (1) POST search — curl -sS -L -A 'Mozilla/5.0 ... Chrome/126.0.0.0' -e 'https://www.accessdata.fda.gov/scripts/cder/safetylabelingchanges/' --data-urlencode 'drug_name=nusinersen' -","Detail page, 'Safety-related Labeling Changes Approved by FDA CDER' accordion, dated entries: (a) '11/21/2017 (SUPPL-2)' > section 6 Adverse Reactions > '6.3 Postmarketing Experience' annotated '(Newly added subsection)'; (b) '05/14/2018 (SUPPL-4)' > '6.3 Postmarketing Experience' annotated '(additi","IMPORTANT CORRECTION TO THE GAP PREMISE: the 2016-12-23 original approval label is NOT a measured-negative for hydrocephalus — it has no Section 6.3 at all (only 6.1 Clinical Trials Experience and 6.2 Immunogenicity), because no postmarketing experience existed at approval. It is 'never measured', structurally. The true measured-negative baseline is the 2017-11-21 SUPPL-2 label, which DID have a 6"
A,pharmacovigilance,openFDA FAERS reaction-first inverse aggregation: oligonucleotide INN-stem sweep across hydrocephalus/ventricular PT groups,"openFDA drug/event endpoint, data last_updated 2026-07-30 (retrieved 2026-08-29)",9,public_domain,"nusinersen (SPINRAZA, NUSINERSEN); tofersen (QALSODY, TOFERSEN); eteplirsen (EXONDYS 51, Exondys); vutrisiran (AMVUTTRA); patisiran (ONPATTRO); inclisiran (LEQVIO); lumasiran (OXLUMO); olezarsen (TRYN",https://api.fda.gov/drug/event.json?search=patient.reaction.reactionmeddrapt:hydrocephalus%20AND%20patient.drug.medicinalproduct:(*rsen%20OR%20*siran%20OR%20*sirna%20OR%20*aptad%20OR%20*captad%20OR%20*aptanib%20OR%20defi,"gap5_faers_stemsweep_A_hydrocephalus_all.json results[] buckets: term=SPINRAZA count=21, term=NUSINERSEN count=2, term=AMVUTTRA count=1, term=ONPATTRO count=1, term=QALSODY count=1, term=TOFERSEN count=1, term=TRYNGOLZA count=1, term=DEFIBROTIDE count=1, term=DEFITELIO count=1 (125 buckets total, un","Spontaneous reports: no denominator, no causality assessment, no exposure duration, and no sequence or chemistry information — these rows carry the outcome side only and must be joined to design predictors from elsewhere. Count buckets within a filtered slice include concomitant medications, so the oligo identity comes from the search filter, not from the bucket list; I therefore re-derived every "
A,clinical_trial_AE,"Zorevunersen in Children and Adolescents with Dravet Syndrome (accepted manuscript, University of Glasgow Enlighten deposit of the NEJM article)",PMID 41780062; DOI 10.1056/NEJMoa2506295; N Engl J Med 2026;394(10):969-982,9,derived_features_only,zorevunersen; STK-001,"Unpaywall (https://api.unpaywall.org/v2/10.1056/NEJMoa2506295?email=...) returned one green-OA location, then curl -sL 'https://eprints.gla.ac.uk/379132/1/379132.pdf' -> HTTP 200, 429,968 bytes, 31 pages; text extracted ","Results > Safety, p.12-13 of the AAM (sentences beginning 'The most common TEAE in MONARCH/ADMIRAL was post lumbar puncture syndrome (24.7%)...' and 'No patients experienced TEAEs of hydrocephalus or increased intracranial pressure; one patient experienced a TEAE of CSF pleocytosis with a CSF white ","This is the author accepted manuscript deposited at Glasgow, not the NEJM version of record; the deposit carries the notice 'The material cannot be used for any other purpose without further permission of the publisher and is for private use only' and 'There may be differences between this version and the published version'. Tables 1 and 2 are present but the Supplementary Appendix (Tables S3, S4,"
A,pharmacovigilance,"openFDA FAERS — single-report Tier A hydrocephalus hits: patisiran, vutrisiran, defibrotide, inclisiran, inotersen, lumasiran","FAERS safetyreportid: 20316888 (patisiran), 26088768 (vutrisiran), 16575642 and 16711017 (defibrotide)",7,public_domain,patisiran; vutrisiran; defibrotide; inclisiran; inotersen; lumasiran,https://api.fda.gov/drug/event.json?search=<DRUGQ>+AND+patient.reaction.reactionmeddrapt:%22hydrocephalus%22&limit=25 (per drug); plus ?search=<DRUGQ>+AND+patient.reaction.reactionmeddrapt:%22ventricle%22&count=patient.r,"meta.results.total and results[].safetyreportid in faers_{patisiran,vutrisiran,defibrotide}_hydrocephalus_cases.json; results[].term/results[].count in faers_inclisiran_tok_ventricle.json, faers_inotersen_tok_cerebrospinal.json, faers_lumasiran_hydro_terms.json","Every one of these is a single or double report against a multi-thousand-report denominator and is statistically indistinguishable from background reporting noise — none should be presented as a drug-associated signal. Strong prior confounding is expected and unverified: defibrotide is used for hepatic veno-occlusive disease after haematopoietic stem cell transplant, a population with high rates o"
A,pharmacovigilance,Nusinersen (Spinraza): reports of communicating hydrocephalus; discuss symptoms with patients and carers and investigate urgently,"MHRA Drug Safety Update volume 12, issue 2; September 2018: 4 (published 25 September 2018)",6,verify,nusinersen (Spinraza),https://www.gov.uk/drug-safety-update/nusinersen-spinraza-reports-of-communicating-hydrocephalus-discuss-symptoms-with-patients-and-carers-and-investigate-urgently,"Section 'Reports of communicating hydrocephalus', paragraphs 1-3: 'Worldwide, 5 cases of communicating hydrocephalus have been reported up to 6 July 2018 during routine clinical use of nusinersen. Of the 5 cases, 4 were children with spinal muscular atrophy type 1 who presented with signs of hydroce","Spontaneous-report pharmacovigilance: numerator and denominator are from different cut dates (cases to 6 Jul 2018, exposure to 30 Sep 2017), so no valid rate can be computed — do not compute one. No per-case dose in mg, no CSF values, no imaging metrics, no ages. The statement 'There is no known association between spinal muscular atrophy and communicating hydrocephalus' was subsequently contradic"
A,nonclinical_invivo,Modulation of Cerebrospinal Fluid Dysregulation via a SPAK and OSR1 Targeted Framework Nucleic Acid in Hydrocephalus,PMID 38353402 / PMC11077654 / DOI 10.1002/advs.202306622,6,cc_by,"TSOs = tFNA-SPAK@OSR1 ASOs (tetrahedral framework nucleic acid built from four ssDNA strands, with SPAK ASO conjugated to the 3' end of strand S2 and OSR1 ASO to the 3' end of strand S4); SPAK ASO; OS",https://www.ebi.ac.uk/europepmc/webservices/rest/PMC11077654/fullTextXML,"Figure 5C (representative 7-T magnetic resonance images of Ctrl, PHH and TSOs groups at 48 h); Figure 5D (3D reconstructed images of lateral ventricles); Figure 5E (quantification of lateral ventricle volumes from the T2-weighted images, n = 3 animals per condition, *p < 0.05); Figure 5F (quantifica","Direction is THERAPEUTIC, not toxic — the ASO construct prevents hydrocephalus after IVH. The construct is a DNA tetrahedron with ASOs conjugated to two of its strands, which is chemically unusual and may not map cleanly onto the oligo_class vocabulary (closest is 'other'). The SPAK and OSR1 ASO sequences are stated to be in Table S1 (Supporting Information), which I could NOT retrieve — the Europ"
A,nonclinical_invivo,Targeting Germinal Matrix Hemorrhage-Induced Overexpression of Sodium-Coupled Bicarbonate Exchanger Reduces Posthemorrhagic Hydrocephalus Formation in,PMCID PMC5850237; PMID 29386206; DOI 10.1161/JAHA.117.007192,6,cc_by_nc,"slc4a10 (NCBE) knockdown construct, Applied Biological Materials Inc., LENTIVIRUS-PACKAGED, targeting four sequences: 1598 CCACCGAAGGTCGTATAAGTGCAATCGAA; 1839 TTCCCTTGTCTGCTATATCACCCGGTTCA; 2623 GCAGC",https://www.ebi.ac.uk/europepmc/webservices/rest/PMC5850237/fullTextXML,"PRIMARY ENDPOINT: Figure 7B — 'Quantification of (B) ventricular volume' at 28 days after GMH, n=6 per group, * P<0.05 vs sham, # P<0.05 vs GMH+vehicle, & P<0.05 vs GMH+scrambled siRNA (Figure 7A = Nissl microphotographs; 7C cortical thickness; 7D white matter loss). SECOND TIER A ENDPOINT: Figure 6","AGENT CLASS, PLAINLY: THIS IS NOT AN OLIGONUCLEOTIDE. The paper calls it 'siRNA' throughout, including in the abstract and every figure legend, but Methods state it 'was packaged in lentivirus'. It is therefore a lentivirally expressed shRNA — a gene-therapy vector, not a synthetic oligonucleotide, and I judge it OUT OF CLASS for a Challenge dataset about oligonucleotide therapeutics. The 29-mers "
A,regulatory_label,"Drugs@FDA archived SPINRAZA (nusinersen) Prescribing Information — six previously unretrieved label versions, 2017-11-22 through 2026-03-30","NDA 209531 labels: 209531s002lbl.pdf, 209531s007s008lbl.pdf, 209531s010lbl.pdf, 209531s011lbl.pdf, 209531s013s014lbl.pdf, 209531s016lbl.pdf",6,public_domain,nusinersen,"curl -sS -L -A 'Mozilla/5.0 (Windows NT 10.0; Win64; x64) AppleWebKit/537.36 (KHTML, like Gecko) Chrome/126.0.0.0 Safari/537.36' 'https://www.accessdata.fda.gov/drugsatfda_docs/label/<YEAR>/<FILE>' — all six HTTP 200. 20","Section 6.3 Postmarketing Experience in each version (single paragraph, immediately preceding the Section 8 USE IN SPECIFIC POPULATIONS heading). Also checked: the HIGHLIGHTS 'WARNINGS AND PRECAUTIONS' bullet block and the 'RECENT MAJOR CHANGES' box in every version, and Section 8.4 Pediatric Use > ","The 2018-05-17 s003s004 and 2018-10-11 s005 and 2016-12-23 original label PDFs were retrieved by an earlier sweep (critic1_fdalabel_*), not by me this session; I re-read their extracted text and reproduced the term counts, but I did not re-download those three PDFs, so I cannot personally attest their bytes. The six PDFs above I did download and hash this session. Also note the 'RECENT MAJOR CHANG"
A,nonclinical_invivo,miRNAS for reducing ventricle enlargement,"US 12,680,102 B2 (appl. 17/629211; St. Jude Children's Research Hospital, Inc.; pub. 2026-07-14)",6,public_domain,"miR-382-3p (AAUCAUUCACGGACAACACUU, SEQ ID NO: 1; UCAUUCACGGACAACACUUUUU, SEQ ID NO: 2); miR-674-3p (CACAGCUCCCAUCUCAGAACAA, SEQ ID NO: 3); miR-382-3p sponge; miR-674-3p sponge; scramble control","https://www.freepatentsonline.com/12680102.html (found via FPO expert search SPEC/""oligonucleotide"" AND SPEC/""increased ventricular volume"")","FIGS. 6E-6H legend (total ventricular volume FIG. 6F, third ventricular volume FIG. 6G, CBF FIG. 6H; 8-month-old WT mice, ICV AAV1 at 2-3 months; scramble n=27, miR-382-3p sponge n=28, miR-674-3p sponge n=28; sponge-vs-control t22=3.71 p<0.001 and t20=2.47 p<0.05). FIGS. 7A-7E legend (FIG. 7B mean t","MAJOR SCOPE CAVEAT: the agent actually administered in every in vivo experiment was an AAV1 vector expressing the miRNA or the miRNA sponge, NOT a synthetic oligonucleotide. The quantified ventricular-volume changes are therefore attributable to AAV-delivered miRNA/sponge, not to an oligonucleotide therapeutic as this dataset defines one. The synthetic-mimic chemistries (2'-OMe, PS, morpholino) ap"
A,nonclinical_invivo,Targeting modulation of the choroid plexus blood-CSF barrier and CSF hypersecretion via lipid nanoparticle-mediated co-delivery of siRNA and resveratr,PMCID PMC12246246; PMID 40640139; DOI 10.1038/s41467-025-61543-1,5,derived_features_only,"SPAK siRNA4 (LEAD AGENT): sense 5'-GAACUUAAUGACAUACGAUTT-3', antisense 5'-AUCGUAUGUCAUUAAGUUCTT-3' (GenePharma, Shanghai); SPAK siRNA1: sense CCAUGUUGGAUAUCAUCAATT, antisense UUGAUGAUAUCCAACAUGGTT; SP",https://www.ebi.ac.uk/europepmc/webservices/rest/PMC12246246/fullTextXML,"Full siRNA sequences: Methods > 'Reagents and general methods', sentence beginning 'The SPAK siRNA1 (sense: CCAUGUUGGAUAUCAUCAATT...'. siRNA selection: Results para under Fig 1 ('SPAK siRNA4 demonstrated the highest inhibitory efficiency, achieving ~80% inhibition in primary ChP epithelial cells'; S","(1) CONFOUNDED AGENT: the therapeutic arm co-delivers resveratrol, so the ventricular effect is NOT attributable to the siRNA alone. The RSV@NP arm (resveratrol, no siRNA) is the correct partial control and must be carried as such. (2) GROUP-COUNT INCONSISTENCY IN THE PAPER: Results state 'The mice were randomly divided into five groups and treated with PBS, RSV@NP, siR/RSV@NP, and siR/RSV@TNP' — "
A,pharmacovigilance,MHRA Drug Safety Update — Nusinersen (Spinraza▼): reports of communicating hydrocephalus; discuss symptoms with patients and carers and investigate ur,"Drug Safety Update volume 12, issue 2; September 2018: 4. Published 2018-09-25T14:02:19+01:00 (datePublished/dateModified in page JSON-LD)",5,cc_by,nusinersen,"Discovered via curl -sS 'https://www.gov.uk/api/search.json?q=nusinersen%20hydrocephalus&count=10&fields=title,link,public_timestamp,description' (HTTP 200; top hit, public_timestamp 2018-09-25). Then curl -sS -L -A '<Ch","Body section 'Reports of communicating hydrocephalus' (paragraphs 1-3), plus the 'Advice for healthcare professionals' bulleted box at the head of the article, plus the closing section 'Next steps and continued monitoring'.",MATERIALLY CORRECTS THE GAP'S PREMISE ABOUT ORDERING. The critic framed this DSU as the pharmacovigilance anchor that the US label change preceded by four months. The true sequence is now: FDA SUPPL-4 adds hydrocephalus to US Section 6.3 on 2018-05-14; MHRA's case cut-off is 6 July 2018; the DHPC letter to UK prescribers goes out August 2018; the EU/UK product information is amended August 2018; t
A,pharmacovigilance,Direct Healthcare Professional Communication — Spinraza (nusinersen): reports of communicating hydrocephalus not related to meningitis or bleeding,SPZ-GBR-0020 (Biogen document code); no DOI/PMID. Hosted asset id 5b7edf83ed915d14f4404bf6 on assets.publishing.service.gov.uk (MHRA/GOV.UK),5,verify,nusinersen,"curl -A 'Mozilla/5.0 ... Chrome/120' -L 'https://assets.publishing.service.gov.uk/media/5b7edf83ed915d14f4404bf6/Spinraza_UK_DHPC_SPZ_GBR_0020.pdf' -> HTTP 200, 134136 bytes, application/pdf",Page 1 header block 'Direct Healthcare Professional Communication / 31st July 2018' and the boxed 'Summary' bullet list; Page 2 section headed 'Background on the safety concern'; Pages 2-3 section headed 'Short descriptions of five cases reported up to 6 July 2018' (five consecutive unnumbered case ,"The critic's guessed EMA-hosted filename does NOT exist: https://www.ema.europa.eu/en/documents/dhpc/direct-healthcare-professional-communication-dhpc-spinraza-nusinersen-cases-communicating-hydrocephalus-not-related-meningitis-or-bleeding_en.pdf returns HTTP 404 (55493-byte EMA 'content unavailable' HTML page), not 429 — the 25 s pause was not the issue, the path is wrong. What I retrieved is the"
A,therapeutic_direction,Targeting modulation of the choroid plexus blood-CSF barrier and CSF hypersecretion via lipid nanoparticle-mediated co-delivery siRNA and resveratrol,"PPR903192 / DOI 10.21203/rs.3.rs-4869812/v1 (Research Square, posted 2024-08-29; journal version PMID 40640139, Nat Commun 2025)",5,verify,SPAK siRNA1 sense 5'-CCAUGUUGGAUAUCAUCAATT-3' / antisense 5'-UUGAUGAUAUCCAACAUGGTT-3'; SPAK siRNA2 sense 5'-GGAACAGGUGAGAGGCUAUTT-3' / antisense 5'-AUAGCCUCUCACCUGUUCCTT-3'; SPAK siRNA3 sense 5'-CAGCG,"Discovery: curl -s -G 'https://www.ebi.ac.uk/europepmc/webservices/rest/search' --data-urlencode 'query=SRC:PPR AND (hydrocephalus OR ventriculomegaly OR ""ventricular volume"" OR ""choroid plexus"") AND (antisense OR oligon","TIER A quantitative: 'Figure 5. siR/RSV@TNP inhibited hydrocephalus in vivo. (A) Illustrative T2-weighted images (White arrow) and three-dimensional reconstructions of the lateral ventricles were acquired three days later in Ctrl, hydrocephalus, and hydrocephalus+various materials groups. (B) Measur","1) DIRECTION: this is therapeutic_direction, not toxicity. The siRNA REDUCES ventricular volume in a kaolin-induced hydrocephalus model; it does not cause hydrocephalus. Recorded as such, it is an oligo-attributable ventricular measurement, but it must be flagged so it is never pooled with toxicity rows without a direction field. 2) CONFOUNDED CONSTRUCT: the tested agent siR/RSV@TNP is a co-delive"
A,background_incidence,Macrostructural Brain Abnormalities in Spinal Muscular Atrophy: A Case-Control Study,PMID 39308455 / PMC11415185 / DOI 10.1212/NXG.0000000000200193,4,derived_features_only,nusinersen; risdiplam,https://www.ebi.ac.uk/europepmc/webservices/rest/PMC11415185/fullTextXML,"Table 1 (macrostructural brain MRI findings, SMA n=21 vs controls n=21, with 'Supratentorial ventriculomegaly, N (%) 1 (4.8) [control] vs 4 (19.0) [SMA]'); Table 2 (SMA participants stratified by normal vs abnormal MRI, including 'Disease-modifying therapy, N (%) Nusinersen 16 (76.2), Risdiplam 5 (2","Licence is CC BY-NC-ND 4.0 — extract derived features and summary statistics only. Cross-sectional with no pre-treatment imaging, so it CANNOT attribute anything to nusinersen — the authors say so explicitly ('Our study's cross-sectional design limits our ability to examine a temporal relationship between disease-modifying therapies and macrostructural brain abnormalities'). Enlargement is interpr"
A,regulatory_label,"SPINRAZA (nusinersen) injection, solution — US FDA Prescribing Information, Structured Product Label v21","DailyMed setid dd70cd5f-b0fc-4ba4-a5ea-89a34778bd94 (SPL version 21, published Apr 06 2026; carrying section effectiveTime 20260331). Labeler: Biogen ",4,public_domain,nusinersen,Step 1: https://dailymed.nlm.nih.gov/dailymed/services/v2/spls.json?drug_name=nusinersen (returns the single setid). Step 2: https://dailymed.nlm.nih.gov/dailymed/services/v2/spls/dd70cd5f-b0fc-4ba4-a5ea-89a34778bd94.xml,"TIER A: Section '6.2 Postmarketing Experience' (LOINC code 90375-7, displayName 'POSTMARKETING EXPERIENCE SECTION', parent section '6 ADVERSE REACTIONS', section effectiveTime 20260331) — paragraph 2, sentence 2. Verbatim: 'Serious infections associated with lumbar puncture, such as meningitis, have","The word 'communicating' is absent from this label — verified by grep over the newline-flattened raw XML for all 23 SPLs, zero hits. Do not import 'communicating hydrocephalus' into a US-label row. The 6.2 statement is a spontaneous-report list: FDA's own boilerplate in that same section states frequency cannot be reliably estimated and causality cannot be established, so this row must be flagged "
A,clinical_case_report,Antisense oligonucleotide treatment in a preterm infant with early-onset SCN2A developmental and epileptic encephalopathy,PMID 40263630; PMCID PMC12283366; DOI 10.1038/s41591-025-03656-0; Nat Med 2025,4,cc_by,elsunersen; PRAX-222; elsunersen sodium (PRAX-222 sodium),"curl -s 'https://www.ebi.ac.uk/europepmc/webservices/rest/PMC12283366/fullTextXML' -> HTTP 200, 87,813 bytes JATS XML","Main > section 'The patient clinical course after introduction of the elsunersen treatment regimen and effects on seizures...', penultimate paragraph: 'Notably, there was no observation of hydrocephalus, a potential ASO class effect[ref 10]. Sequential brain MRI scans conducted at 5, 17 and 36 weeks","n=1. It is a named-patient expanded-access treatment, not a trial, so there is no comparator and no incidence. The hydrocephalus null is stated as a narrative observation - the paper gives no ventricular volumes, no Evans index, no head circumference series, and does not say hydrocephalus was a pre-specified endpoint, only that MRI and cranial ultrasound were part of routine safety assessment. The"
A,clinical_trial_AE,Huntington's Disease Clinical Trials Corner: August 2023,PMID 37483021 / PMC10473124 / DOI 10.3233/jhd-239001,3,cc_by_nc,tominersen (RG6042 / IONIS-HTTRx),https://www.ebi.ac.uk/europepmc/webservices/rest/PMC10473124/fullTextXML,"Trial entry for GENERATION HD1 / NCT03761849, 'Comments' paragraph: 'There were also dose-dependent increases in ventricular volume over the study period, above 25% over 69 weeks in patients on the Q8 dose regime and above 15% increases among participants in the Q16 cohort [11]. These ventricular in","SECONDARY reporting. The primary is a CHDI conference presentation (Boak & McColgan 2022), which is not peer reviewed and which I could not retrieve; the peer-reviewed primary is McColgan et al., N Engl J Med 2023;389:2203-5 (PMID 38055260, DOI 10.1056/NEJMc2300400), which is paywalled and which I did NOT retrieve. The reported figures are thresholds ('above 25%', 'above 15%') not point estimates,"
A,nonclinical_invivo,Molecular and imaging biomarker responses to brain mutant HTT lowering in a mouse model of Huntington disease,PMID 41049089 / PMC12489819 / DOI 10.1016/j.omtn.2025.102710,3,cc_by_nc,"HTT ASO (chimeric gapmer, fully phosphorothioate backbone, five locked-nucleic-acid modifications at each wing, targeting intron 22 of the human HTT transcript, synthesised by Qiagen)",https://www.ebi.ac.uk/europepmc/webservices/rest/PMC12489819/fullTextXML,"Discussion, paragraph beginning 'The absence of ventricular enlargement, plasma NEFL elevation, or histopathological evidence of neurotoxicity following HTT ASO treatment in YAC128 mice stands in contrast to clinical observations from the GENERATION HD1 and phase I/IIa tominersen trials, where intra","The per-arm ventricle-volume numbers for the TREATMENT comparison were NOT located in the open-access main text. Figure 2F is the genotype (YAC128 vs WT) cross-sectional comparison at 8 months, not the ASO-vs-PBS comparison; the treatment-arm ventricle data are presumably in Supplemental Figures S1-S17, which I did not retrieve. The rows this source supports are therefore a qualitative negative ('"
A,nonclinical_invivo,Aquaporin 4 Silencing Aggravates Hydrocephalus Induced by Injection of Autologous Blood in Rats,PMCID PMC6042309; PMID 29921834; DOI 10.12659/MSM.906936,3,derived_features_only,"AQP4-specific siRNA (GenePharma, Shanghai) — sequence NOT reported in the paper; negative-control siRNA (GenePharma) — sequence NOT reported",https://www.ebi.ac.uk/europepmc/webservices/rest/PMC6042309/fullTextXML  (located via https://www.ebi.ac.uk/europepmc/webservices/rest/search?query=DOI%3A%2210.12659%2FMSM.906936%22&resultType=lite&format=json),"PRIMARY ENDPOINT: Figure 6B — 'The lateral ventricular volumes of rats in each group' after AQP4 silencing (Figure 6A = MRI images; Figure 6C = HE), n=6, ** p<0.01, *** p<0.001. Results text under heading 'AQP4 siRNA aggravated hydrocephalus': 'When AQP4 was silenced, the hydrocephalus was aggravate","(1) NO SEQUENCE. The paper names the vendor (GenePharma) but publishes neither the AQP4 siRNA nor the negative-control sequence; I confirmed the article contains zero <table-wrap> elements and no 15-25mer nucleotide string anywhere in the full text. Any design-resolved row would have a null sequence field — do NOT reconstruct it. (2) No chemistry, no modification pattern. (3) No numeric ventricula"
A,nonclinical_invivo,Antisense-oligonucleotides as inhibitors of TGF-R signaling,"US 10,363,266 B2 (appl. 14/942899; Neurovision Pharma GmbH; granted 2019-07-30)",3,public_domain,Seq. ID No. 143aj; Seq. ID No. 143h; Seq. ID No. 210q; scrambled ASO (3.28 mmol/L control),"https://www.freepatentsonline.com/10363266.html (found via FPO expert search SPEC/""antisense oligonucleotide"" AND SPEC/""hydrocephalus"" AND SPEC/""intracerebroventricular"", and again via SPEC/""gapmer"" AND SPEC/""hydrocephal",Example 15 ('Determination of Therapeutic Activity of the Inventive ASOs on Disease Progression of TGFbeta-Induced Hydrocephalus and Associated Cognitive Deficits in Fischer-344 Rats') and its TABLE 46 ('Treatment scheme and the group classification of the Hydrocephalus experiment'). Design of the t,"LOAD-BEARING: Example 15 is PROPHETIC, not a reported experiment. It is written in present/future tense throughout ('The goal of the present study is to treat', 'After 14 days the pumps are changed', 'Pumps are removed, and two weeks later animals are functionally analyzed', 'animals are perfused'), and the only outcome statement is a bare qualitative assertion with no data: 'the rodent cross-reac"
A,review_mechanism,Potential disease-modifying therapies for Huntington's disease: lessons learned and future opportunities,PMID 35716694 / PMC7613206 / DOI 10.1016/S1474-4422(22)00121-1,2,verify,tominersen (RG6042 / IONIS-HTTRx); nusinersen,https://pmc.ncbi.nlm.nih.gov/articles/PMC7613206/ (HTML; the Europe PMC fullTextXML endpoint returned 0 bytes for this PMCID),"Section on the Ionis/Roche ASO programme: 'There were dose-dependent and time-dependent increases in ventricular volume in participants receiving tominersen compared to the placebo group, without corresponding changes in caudate or whole-brain volume' (attributed to ref 21 = Tabrizi 2019 NEJM). Late","Narrative review — no numbers, no CIs, no n. Both underlying claims trace to sources I could not retrieve: ref 21 = Tabrizi et al. NEJM 2019 (PMID 31059641, paywalled; note its own published abstract reports only that no serious adverse events occurred in HTTRx-treated patients, so I could NOT verify that the ventricular-volume analysis appears in that paper as opposed to a later reanalysis), and "
A,regulatory_label,"Spinraza 12 mg solution for injection — EU Summary of Product Characteristics (Annex I), EPAR Product Information","EMA EPAR Product Information PDF, 49 pages, 873,763 bytes. SHA256: 47745ceab51b01b7d697f7649c018e582d20873e079176b4113142178359e8bd. Retrieved 2026-08",2,verify,nusinersen,"https://www.ema.europa.eu/en/documents/product-information/spinraza-epar-product-information_en.pdf (HTTP 200, content-type application/pdf, 873,763 bytes). Text extracted with pypdf to sweep4_ema_smpc_spinraza.txt. EPAR","TIER A PRIMARY: Annex I SmPC section '4.4 Special warnings and precautions for use', under its own dedicated subheading 'Hydrocephalus' (PDF page 5 of 49; extracted-text line 228; it is the fourth subheading in 4.4, following 'Lumbar puncture procedure', 'Thrombocytopenia and coagulation abnormaliti","No numerator, no denominator, no frequency category — 'reports', 'some patients'. The SmPC explicitly withholds a frequency by placing hydrocephalus outside Table 3, and the 4.8 frequency key offers only 'Very common' and 'Not known'. So this cannot be turned into an incidence; code as unquantified postmarketing signal with a communicating-subtype flag. The PDF's section '10. DATE OF REVISION OF T"
A,nonclinical_invivo,Prevention of hydrocephalus with a small oligonucleotide,PMID 41612697 / DOI 10.1016/j.ymthe.2026.01.034,2,verify,antisense oligonucleotide targeting SETBP1 (name/sequence not given in the abstract),https://www.ebi.ac.uk/europepmc/webservices/rest/search?query=EXT_ID:41612697&format=json&resultType=core,"Europe PMC core record, abstractText field only: 'Mice that produce mutant human SETBP1 show hydrocephalus in over 50% of cases and do not live long. Treatment of mice with injections of antisense oligonucleotides targeting SETBP1 prevented or led to a significant reduction of hydrocephalus compared","ABSTRACT ONLY — I could not retrieve the full text. Europe PMC records isOpenAccess = 'N' and the only fullTextUrl is the Elsevier DOI marked 'Subscription required'; I searched Europe PMC for a preprint version (query 'SETBP1 AND (hydrocephalus OR Schinzel-Giedion) AND (antisense OR oligonucleotide)', 44 hits, saved) and found none. Consequently I have NO figure/table locus, NO per-arm n, NO dose"
A,regulatory_label,"Risk Management Plan (医薬品リスク管理計画書, RMP) for スピンラザ髄注 12、28、50mg — hydrocephalus as an Important Identified Risk with all-case post-marketing surveillan",PMDA RMP 630499_1190403A1022_008RMP; MAH バイオジェン・ジャパン株式会社; 提出年月日 令和7年11月13日 (2025-11-13),2,verify,nusinersen,"https://www.pmda.go.jp/RMP/www/630499/5b4da8b5-006c-4e98-be9c-6d6c784634b6/630499_1190403A1022_008RMP.pdf (application/pdf, 580,645 bytes)","Section 1.1 安全性検討事項, table cell 【重要な特定されたリスク】= 水頭症. Section 1. 医薬品リスク管理計画の概要 → 1.1 → '重要な特定されたリスク 水頭症 / 重要な特定されたリスクとした理由：製造販売後、本剤 12 ㎎投与において水頭症が数例報告された。症例数が少ないため、発現頻度は現在のところ推定できない。' Section 2. 医薬品安全性監視計画の概要 → 使用成績調査（全例調査）（スピンラザ髄注 12mg）, 【選択理由】製造販売後の水頭症の発現状況を把握するため。 Section 4. リスク最小化計画の概要 → 追加のリスク最小化","'数例' ('several cases') is not a number; the RMP gives no case count, so this cannot supply a numerator. The all-case survey is specified for the 12 mg presentation only. Japanese-only document, my translation. This RMP version is dated 2025-11-13 and supersedes earlier versions; the 水頭症 designation is also present in the 2022 review report (separate source below), but I did not retrieve the interm"
A,pharmacovigilance,openFDA FAERS re-verification of nusinersen and tofersen hydrocephalus report counts (for cross-database alignment),"openFDA drug/event endpoint, meta.last_updated 2026-07-30",2,public_domain,nusinersen; tofersen,https://api.fda.gov/drug/event.json?search=patient.drug.openfda.generic_name:%22nusinersen%22+AND+patient.reaction.reactionmeddrapt:%22hydrocephalus%22&limit=1 and the same query with generic_name:%22tofersen%22,"Response field meta.results.total (23 for nusinersen, 2 for tofersen) and meta.last_updated (2026-07-30).","The three units differ (US reports vs EU individual cases vs global ADR occurrences) and VigiBase substantially overlaps both national systems, so the three numbers must never be summed and only the ratio between the EU/US figures is meaningful as a region contrast. openFDA generic_name matching depends on FDA product labelling and can miss reports coded only by brand name."
A,clinical_trial_AE,Answers to additional questions posed by the HDTC audience — Peter McColgan and Lauren Boak (Roche) on 'Understanding the treatment and off-treatment ,CHDI Foundation hosted document Roche_ExtraQsAnswered_Clinical_3-29-22.pdf (filename date 29 March 2022); no DOI; relates to GENERATION HD1,2,verify,tominersen,"curl -A 'Mozilla/5.0 Chrome/120' -L 'https://chdifoundation.org/wp-content/uploads/Roche_ExtraQsAnswered_Clinical_3-29-22.pdf' -> HTTP 200, 134984 bytes, application/pdf, 3 pages","PDF page 2, the answer to the question headed 'Can you clarify the changes in ventricular volume for the low target group based on the current data?'; PDF page 3, the answer to the question headed 'What about ventricular volume changes in the low age / low CAP group?' (same wording repeated); PDF pa","No numbers: the document gives no effect size, no percentage or absolute change in ventricular volume, no n for the subgroup, no denominator for the zero hydrocephalus count, and no confidence interval — so rows built from it are directional/categorical only and must be flagged as such. 'Low-age / low-CAP subgroup' is a post hoc exploratory subgroup, not a randomised comparison. The statement is s"
A,clinical_trial_AE,An Integrated Safety Analysis of Infants and Children with Symptomatic Spinal Muscular Atrophy (SMA) Treated with Nusinersen in Seven Clinical Trials,PMID 31420846 / PMC6776494 / DOI 10.1007/s40263-019-00656-w,1,cc_by_nc,nusinersen,https://www.ebi.ac.uk/europepmc/webservices/rest/PMC6776494/fullTextXML,"Discussion, third paragraph (the post-lumbar-puncture-syndrome paragraph, immediately preceding the 'Growth' discussion): 'The overall rates of post-lumbar events when analyzed on a per-procedure basis (13% and 21% after 24 and 168 h, respectively) were comparable to rates of 16-27% for headache and","This is an adjudication of reported headaches, NOT prospective imaging or opening-pressure measurement — so it is 'assessed by investigator judgement and found nothing', a weaker negative than the tofersen paper's explicit imaging statement. Asymptomatic hydrocephalus or asymptomatic raised LOP would not have been detected by this design (and the Becker and Muscle & Nerve cohorts show asymptomatic"
A,background_incidence,Spinal Muscular Atrophy and Communicating Hydrocephalus: A Novel or a Well-Established Rare Association?,PMID 33324516 / PMC7732731 / DOI 10.7759/cureus.11433,1,verify,nusinersen,https://www.ebi.ac.uk/europepmc/webservices/rest/PMC7732731/fullTextXML,"Section 'Case presentation', paragraphs 2-4 and the Figure 1 caption ('Axial (a,b) and sagittal (c) scans showed marked dilation of the lateral and third ventricles, mildly dilated fourth ventricle, stretching of corpus callosum, and bulging and widening of the anterior fontanelle. The cerebral aque","ZERO drug-attributed rows: the patient never received nusinersen. Enter only as a confounder / negative-exposure annotation and never as a nusinersen toxicity case. The paper surfaces in nusinersen searches solely because it names the drug in the discussion. CT only, no MRI (she died before MRI), so Blake's pouch cyst could not be excluded and the hydrocephalus subtype is imprecisely characterised"
A,clinical_case_report,Intrathecal nusinersen treatment after ventriculo-peritoneal shunt placement: A case report focusing on the neurofilament light chain in cerebrospinal,PMID 31889567 / DOI 10.1016/j.braindev.2019.12.006,1,summary_stat,nusinersen,"https://www.ebi.ac.uk/europepmc/webservices/rest/search?query=EXT_ID:31889567&format=json&resultType=core (indexed abstract only; no PMCID, full text NOT retrieved)","Structured abstract, Background section ('In July 2018, a rare and serious adverse effect (AE), namely, communicating hydrocephalus unrelated to meningitis or bleeding, was reported in relation to five patients treated with nusinersen for spinal muscular atrophy (SMA). Some patients were managed usi","ABSTRACT ONLY — full text not retrieved (Elsevier, paywalled, no PMC deposit); no CSF values, no ventricular measurements, no dose count. The hydrocephalus PRECEDED nusinersen, so this is an exposure-with-pre-existing-condition row, not a drug-attributed hydrocephalus row — do not double-count it against the MHRA cases. n=1, 12-month follow-up only. A functioning VPS alters nusinersen CSF pharmaco"
A,background_incidence,openFDA FAERS — all-database background denominators for hydrocephalus disproportionality,"openFDA FAERS whole-database counts, data last_updated 2026-07-30",1,public_domain,,https://api.fda.gov/drug/event.json?search=patient.reaction.reactionmeddrapt.exact:%22HYDROCEPHALUS%22&limit=1  and  https://api.fda.gov/drug/event.json?search=receivedate:%5B19000101+TO+20260730%5D&limit=1,meta.results.total = 5367 in faers_GLOBAL_hydrocephalus_total.json; meta.results.total = 20692690 in faers_GLOBAL_alldrug_total.json,"The 20,692,690 figure is the count of reports with a receivedate inside 1900-01-01 to 2026-07-30, not a truly unfiltered database total — reports lacking a parseable receivedate are excluded by an unknown amount, so the background proportion is very slightly overstated. Crude PRRs computed here are unadjusted for age, sex, indication, reporting year, country or co-medication, and are computed on r"
A,nonclinical_invivo,Prevention of hydrocephalus with a small oligonucleotide,PMID 41612697; DOI 10.1016/j.ymthe.2026.01.034; PMC13154258 (EMBARGOED until 2027-05-06),1,verify,"antisense oligonucleotide targeting SETBP1 (no name, code, sequence, chemistry, dose or route disclosed in the abstract)",https://www.ebi.ac.uk/europepmc/webservices/rest/search?query=EXT_ID%3A41612697%20AND%20SRC%3AMED&resultType=core&format=json  AND  https://eutils.ncbi.nlm.nih.gov/entrez/eutils/esummary.fcgi?db=pubmed&id=41612697&retmod,"Abstract, sentences 5-7 ('Mice that produce mutant human SETBP1 show hydrocephalus in over 50% of cases...'; 'Treatment of mice with injections of antisense oligonucleotides targeting SETBP1 prevented or led to a significant reduction of hydrocephalus compared to mock-treated controls and improved l","NOT OPEN ACCESS. Europe PMC returns isOpenAccess=N, inEPMC=N, inPMC=N, hasPDF=N, and the only fullTextUrl is the DOI marked 'Subscription required'. The PMC deposit PMC13154258 exists but esummary shows 'embargo-date: 2027/05/06'. I searched Europe PMC preprint source (SRC:PPR) for SETBP1/hydrocephalus + antisense/oligonucleotide (13 hits) and found NO preprint version of this work — so there is n"
A,regulatory_label,openFDA SPL label-corpus drug-agnostic hydrocephalus search (independent reproduction of the label-side analogue),openFDA drug/label endpoint (retrieved 2026-08-29),1,public_domain,nusinersen (NUSINERSEN),https://api.fda.gov/drug/label.json?search=%22hydrocephalus%22&count=openfda.generic_name.exact&limit=200  and denominator via https://api.fda.gov/drug/label.json?search=%22hydrocephalus%22&limit=1,"gap5_label_hydro_by_generic.json results[] — 28 distinct openfda.generic_name buckets; the sole oligonucleotide bucket is term=NUSINERSEN count=1. Largest buckets for scale: WARFARIN SODIUM 47, AMINOCAPROIC ACID 28, WARFARIN 28, LEFLUNOMIDE 25, ISOTRETINOIN 19, NELARABINE 14, VALGANCICLOVIR HYDROCHL","openfda.generic_name is populated only where openFDA harmonisation exists, so unharmonised labels are silently excluded from the 28 buckets and the true label count could be understated. Full-text presence of the word 'hydrocephalus' does not establish where in the label it sits — it may appear under Warnings and Precautions, Adverse Reactions, Contraindications, or merely in a description of the "
A,regulatory_label,"Japanese package insert (添付文書) for スピンラザ髄注 12mg/28mg/50mg (nusinersen sodium), 2025年11月改訂 第6版","PMDA YJ code 1190403A1022; approval numbers 22900AMX00587 (12mg), 30700AMX00217 (28mg), 30700AMX00218 (50mg); MAH バイオジェン・ジャパン株式会社",1,verify,nusinersen,"https://www.pmda.go.jp/PmdaSearch/iyakuDetail/ResultDataSetPDF/630499_1190403A1022_1_10 (returns application/pdf, 467,970 bytes; discovered via https://ss.pmda.go.jp/ja_all/search.x?q=スピンラザ+水頭症&ie=UTF-8&page=1)",Section 11．副作用 → 11．1 重大な副作用 → item 11．1．1 水頭症（頻度不明） ['Hydrocephalus (frequency unknown)']. Revision banner on page 1: 2025年11月改訂（第6版）; 2025年9月改訂（第5版、用法・用量変更）.,"Frequency is '頻度不明' (unknown), so this yields a graded presence/seriousness row, not an incidence. The document is Japanese-only; the English rendering above is my translation of the section heading, not an official PMDA translation. I read the extracted text layer, not a rendered page image, so column layout in the 11.2 その他の副作用 table is not reliably reconstructed. PMDA site terms of use were not "
A,regulatory_label,"PMDA Review Report (審査報告書) for スピンラザ髄注 12 mg, new-indication application (presymptomatic SMA), 令和4年2月15日","PMDA 審査報告書, 販売名 スピンラザ髄注 12 mg, 一般名 ヌシネルセンナトリウム, 申請者 バイオジェン・ジャパン株式会社, 申請年月日 令和3年8月20日",1,verify,nusinersen,"https://www.pmda.go.jp/drugs/2022/P20220307001/630499000_22900AMX00587_A100_1.pdf (application/pdf, 3,894,533 bytes)","Section 1.5 医薬品リスク管理計画（案）について, 表24 '医薬品リスク管理計画（案）における安全性検討事項及び有効性に関する検討事項' — column 重要な特定されたリスク contains the single entry 水頭症 (the 重要な潜在的リスク column lists 血液凝固障害, 腎機能障害, 肝機能障害, 中枢神経系への影響・記憶／学習への影響, 過敏性反応, がん原性, QT延長 etc.).","水頭症 occurs exactly once in the 120,730-character extracted text, in Table 24; the report contains no case counts, no incidence and no discussion of the hydrocephalus mechanism, so it contributes a single categorical row and nothing quantitative. Japanese-only; my translation."
A,regulatory_label,"Commission Decision annex (Annex I Summary of Product Characteristics / Annex III Package Leaflet) for Spinraza, INN-nusinersen — Community Register p","EU Community Register document 2018/20180831142059, anx_142059_en.pdf; product EU/1/17/1188 (Spinraza)",1,verify,nusinersen,"curl -A 'Mozilla/5.0 Chrome/120' -L 'https://ec.europa.eu/health/documents/community-register/2018/20180831142059/anx_142059_en.pdf' -> HTTP 200, 409212 bytes, application/pdf, 30 pages","Annex I, Section 4.4 'Special warnings and precautions for use', subsection headed 'Hydrocephalus' (PDF page 4 of the annex, immediately following the 'Renal toxicity' subsection and immediately preceding Section 4.5 'Interaction with other medicinal products and other forms of interaction'); and An","Yields one label-level row, not patient-level data — no counts, no denominators, no case detail. It is a warning statement, so it is evidence of regulator-confirmed causal attribution, not an incidence measurement. I verified the Section 4.4 'Hydrocephalus' text and the Package Leaflet text by full-text extraction; I did not audit the remaining 30 pages line by line. The mapping of Community Regis"
A,nonclinical_invivo,Aberrant adenosine A2A receptor signaling in the choroid plexus drives CSF hypersecretion and ventriculomegaly in hydrocephalus,PMCID PMC12770498; PMID 41354851; DOI 10.1038/s41467-025-66776-8,0,derived_features_only,"AAV2/5-U6-shRNA(A2AR)-Kd-CMV-EGFP (adora2a knockdown, ~80% efficiency); AAV2/5-U6-scramble-CMV-EGFP (control); AAV2/5-U6-shRNA(SPAK)-CMV-EGFP (SPAK-Kd, ~60% p-SPAK reduction)",https://www.ebi.ac.uk/europepmc/webservices/rest/PMC12770498/fullTextXML,Fig. 3D/3E — 'Representative fMRI images showing the size of brain ventricles 14 days after A2AR knockdown in the ChP' and 'Ventricle volumes of mice in the scramble vs. A2AR-Kd group (n = 5/group)'; Fig 3B/3C = EGFP localisation and qPCR knockdown. Fig. 4D/4E — ventricle volumes on day 5 after ICV ,"AGENT CLASS, PLAINLY: NOT AN OLIGONUCLEOTIDE. Every knockdown here is an AAV2/5-delivered U6-driven shRNA — a viral gene-therapy vector. No synthetic oligonucleotide is used anywhere in the paper (Europe PMC full text contains zero occurrences of 'siRNA', 'antisense', 'oligonucleotide', 'antagomir' or 'morpholino'; 13 occurrences of 'shRNA', all AAV-borne). I therefore assign 0 dataset rows and re"
A,review_mechanism,Genetic therapies for neurological diseases,PMID 41389437; PMCID PMC12881687; DOI 10.1016/j.pharmr.2025.100093,0,cc_by,tominersen; WVE-120101; WVE-120102; WVE-003; PRAX-222; nusinersen; tofersen,"https://www.ebi.ac.uk/europepmc/webservices/rest/PMC12881687/fullTextXML (HTTP 200, 506,896 bytes)","Section 'Antisense oligonucleotides as therapeutics > Current antisense oligonucleotides in clinical and preclinical development', para beginning 'Ionis Pharmaceuticals, in collaboration with Roche, developed tominersen...' - contains 'Dose-dependent increases in ventricular volume, increased leukoc","The ventricular-volume sentence is SECONDARY - it cites the trial publication as its ref 178 and reports no numbers, arms or n. It must NOT generate independent measurement rows; the primary trial record already in the dataset is the row source and this is a corroborating citation only. That is why expected_rows is 0 despite the tier-A label. The chemistry section is definitional prose, not a tabl"
B,pharmacovigilance,openFDA FAERS — nusinersen (SPINRAZA) Tier B CSF-dynamics reaction profile,"openFDA FAERS query, drug nusinersen/SPINRAZA, N=7655 reports, data last_updated 2026-07-30",101,public_domain,nusinersen,https://api.fda.gov/drug/event.json?search=(patient.drug.medicinalproduct:%22SPINRAZA%22+OR+patient.drug.openfda.generic_name:%22nusinersen%22)+AND+patient.reaction.reactionmeddrapt:%22csf%22&count=patient.reaction.react,"JSON response body: results[].term paired with results[].count, in files faers_nusinersen_tok_csf.json, faers_nusinersen_tok_cerebrospinal.json, faers_nusinersen_tok_intracranial.json; POST LUMBAR PUNCTURE SYNDROME count at meta.results.total of faers_nusinersen_postLP_count.json. Drug-level denomin","Same FAERS spontaneous-reporting limits as above: unvalidated, un-de-duplicated, report-count denominators, no exposure time. The 101-report figure is the verified union of the TEN pre-specified terms only; adding the CSF-prefixed PTs discovered later would raise it, and I did NOT re-run the de-duplicated union with the expanded term set, so 101 is a floor and not an exact expanded count. POST LUM"
B,clinical_trial_AE,EudraCT 2020-005193-94 / NCT04931862 — FOCUS-C9 (WVE-004-001): Phase 1b/2a intrathecal WVE-004 in C9orf72-associated ALS/FTD (Wave Life Sciences) — EU,EudraCT 2020-005193-94; NCT04931862 (org study id WVE-004-001),16,summary_stat,WVE-004,"https://www.clinicaltrialsregister.eu/ctr-search/trial/2020-005193-94/results (HTTP 200); absence check https://clinicaltrials.gov/api/v2/studies/NCT04931862?fields=protocolSection.identificationModule,protocolSection.st","Results -> 'Adverse events'. Eight columns: 'SAD: Pooled Placebo' (5) | 'SAD: WVE-004 10 mg' (2) | 'SAD: WVE-004 20 mg' (8) | 'SAD: WVE-004 30 mg' (5) | 'SAD: WVE-004 60 mg' (3) | 'MAD: Pooled Placebo' (7) | 'MAD: WVE-004 10 mg Q4W' (5) | 'MAD: WVE-004 10 mg Q12W' (9). Serious adverse events table, ","Only ONE endpoint term matched (post lumbar puncture syndrome), at TIER B — there is no hydrocephalus, ICP, papilloedema, ventricular or CSF-laboratory row in this trial. This is a genuine 'measured for AEs, no CSF-dynamics event reported' record, not a positive finding, and should be coded as such. The single serious post-LP event was assessed as NOT causally related (0/1). Arms are very small (n"
B,clinical_trial_AE,Serious Neurologic Adverse Events in Tofersen Clinical Trials for Amyotrophic Lateral Sclerosis,PMID 40017137 / PMCID PMC12060635,14,verify,tofersen,"https://www.ebi.ac.uk/europepmc/webservices/rest/PMC12060635/fullTextXML (92,232 bytes)","Table 1 'Summary of Participant Narratives' — 10 participant rows, each with serious neurologic AE, clinical features, investigator-determined relatedness, number of tofersen doses before event, baseline CSF WBC, baseline CSF protein, CSF WBC during event, CSF protein during event, and CSF opening p","Biogen-authored analysis of Biogen trials; relatedness is investigator-determined, not independently adjudicated. Only 10 of 147 participants are described; there is no denominator-level tabulation of ICP or papilledema screening, so 'no imaging evidence of hydrocephalus in any participants' is a statement about participants who were imaged, and the paper does not state that all 147 had brain imag"
B,clinical_trial_AE,"NDA 209531 SPINRAZA (nusinersen) Clinical Safety Review (Evelyn Mentari, M.D., M.S.), Safety Team Leader Review, and Clinical Review (Rainer W. Paine,","NDA 209531 Orig1 s000 MedR; SHA256 f407de14e03edef7103d127b2d4adb2a37ca2ecec69e11e50500a013a40f7791; 13,867,148 bytes; 298 pages",14,public_domain,nusinersen; ISIS 396443,"curl -s -L -A 'Mozilla/5.0 (X11; Linux x86_64) AppleWebKit/537.36 (KHTML, like Gecko) Chrome/126.0 Safari/537.36' -o 209531_MedR.pdf 'https://www.accessdata.fda.gov/drugsatfda_docs/nda/2016/209531Orig1s000MedR.pdf' (HTTP","Clinical Safety Review section 8.5.3 'Safety Issues Related to Lumbar Puncture' (PDF p.97, printed p.71) and its Table 30 'Most Frequent Adverse Events in the 120 hours Following Nusinersen Dosing' (PDF p.98, printed p.72), which extracted fully as text with three columns - Presymptomatic and Sympto","Tier B only, and no ventricular or hydrocephalus outcome is reported anywhere in this document: grep 'hydrocephal' returns 0 and all 13 'ventricul' hits are CARDIAC (right ventricular hypertrophy, ventricular tachycardia, ventricular rate, ventricular repolarization, at PDF pp.13-14, 18, 81-83, 86) - reading any of them as a cerebral ventricular finding would be a serious error. The single 'shunt'"
B,clinical_trial_AE,Recurrent or Refractory High-Grade Gliomas Treated by Convection-Enhanced Delivery of a TGFβ2-Targeting RNA Therapeutic: A Post-Hoc Analysis with Long,PMID 31795071 / PMCID PMC6966490 / DOI 10.3390/cancers11121892,14,cc_by,trabedersen; OT-101; OT101; AP 12009,"curl -s 'https://www.ebi.ac.uk/europepmc/webservices/rest/PMC6966490/fullTextXML' (HTTP 200, 165096 bytes); supplementary via curl -sL 'https://www.ebi.ac.uk/europepmc/webservices/rest/PMC6966490/supplementaryFiles' (HTT","Supplementary Table S3 (PDF page S18 of S30), block 'SAE according to MedDRA SOC, Preferred Term', columns 'OT101 2.5 mg/cycle (N=41)' | 'OT101 19.8 mg/cycle (N=49)' | 'Combined Total – Safety Population (N=90)': row 'Cerebrospinal fistula' = 1 (2.4%) n1 | 0 (0.0%) n0 | 1 (1.1%) n1; row 'Meningitis'","Same patients as Bogdahn 2011 / NCT00431561 — overlapping, not independent; pick one tabulation per row and record the overlap. The supplementary tables are embedded as page IMAGES, not text: pdftotext/pymupdf extraction returns the captions and footnotes but none of the cell values (the extracted .txt contains 0 occurrences of 'meningit'), so every number above was read visually from a 150 dpi re"
B,background_incidence,Cerebrospinal fluid flow in patients with Huntington's disease,PMID 37493342 / PMCID PMC10615133 / DOI 10.1002/ana.26749,12,derived_features_only,,"Europe PMC fullTextXML returned 0 bytes (not OA there); worked via NCBI E-utilities: https://eutils.ncbi.nlm.nih.gov/entrez/eutils/efetch.fcgi?db=pmc&id=PMC10615133&retmode=xml (101,071 bytes, NIHPA author manuscript)","Table 2 'Descriptions of the demographics, volumetrics, and CSF dynamic assessed using phase contrast MRI' — control n=51, premanifest n=17, manifest n=12, all-HD n=29, with per-group mean (SD) and p: third ventricle 0.8 (0.8) / 0.9 (0.3) / 1.8 (0.8) / 1.3 (0.7), p<0.001; lateral ventricle 29.6 (18.","IMPORTANT INTERNAL INCONSISTENCY that I could not resolve: the Results text states 'Lateral and third ventricles, as well as subarachnoid space volumes were larger in HD compared to the non-HD (p<0.001 for each volume)', but Table 2 shows the all-HD lateral ventricle mean (27.3 cm3) is LOWER than controls (29.6) with p=0.71, and the all-HD subarachnoid mean (174.4) is LOWER than controls (193.9) d"
B,regulatory_label,"NDA 215887 Qalsody (tofersen) Integrated Review, FDA CDER, Integrated Review Template v3.0 (05/25/2022), Reference ID 5163540","NDA 215887 Orig1 s000 IntegratedR; SHA256 c4439f480e879b865438d3defe4d1fecf5a1c5a3c7d3058c35127d0f251f4cff; 11,199,646 bytes; 279 pages",12,public_domain,tofersen; BIIB067,"Discovery: curl -sS 'https://api.fda.gov/drug/drugsfda.json?search=openfda.generic_name:%22tofersen%22&limit=5' (HTTP 200) -> submissions[].application_docs[type==Review] -> NDA215887, year 2023. Fetch: curl -s -L -A 'Mo","Section 7.7.3 'Papilledema/Elevated Intracranial Pressure' (PDF pp.166-167, printed pp.165-166): Background para gives 4 of 139 (2.9%) subjects with an SAE of papilledema/intracranial pressure increased in Studies 101 and 102 vs a stated US idiopathic-intracranial-hypertension background of 0.9 per ","Tier B only - the words hydrocephalus, ventriculomegaly and ventricular enlargement do not appear anywhere in this document (grep for 'hydrocephal' returns 0; the three 'ventricul' hits are 'intracerebroventricular' x2 in the nonclinical pharmacology section and 'ventricular arrhythmias' x1 at PDF p.256, all irrelevant to CSF spaces). No imaging-based ventricular volume is reported. Subject identi"
B,nonclinical_invivo,"NDA 209531 SPINRAZA (nusinersen) Pharmacology/Toxicology Review, FDA CDER; Reference IDs 4030770 and 4028770","NDA 209531 Orig1 s000 PharmR; SHA256 f444ade7e7fcc8fb57781705b54e617a14af8e4899f27944711c825d9996ed37; 9,414,926 bytes; 90 pages",12,public_domain,nusinersen; ISIS 396443,"Discovery: curl -sS 'https://api.fda.gov/drug/drugsfda.json?search=openfda.generic_name:%22nusinersen%22&limit=5' (HTTP 200) -> NDA209531, ORIG 1, 20161223. Fetch: curl -s -L -A 'Mozilla/5.0 (X11; Linux x86_64) AppleWebK","Intrathecal cynomolgus monkey study, Day 106 and Day 183 pathology summary at PDF p.26 (printed p.23): the CSF-space finding reads 'A slight accumulation of macrophages near the central canal of the spinal cord was found in a single HD female and slight increases (compared to C) of infiltrates in th","The strongest single sentence here is Tier B, not Tier A - there is no hydrocephalus, ventriculomegaly or ventricular measurement in this document (grep 'hydrocephal' returns 0; the single 'ventricul' hit at PDF p.3420 of the text file is the word 'intracerebroventricular' in a route description). ROUTE ATTRIBUTION MUST NOT BE COLLAPSED: the meningeal infiltrate and hippocampal findings are from a"
B,clinical_trial_AE,"The UBE3A-ATS antisense oligonucleotide rugonersen in children with Angelman syndrome: a phase 1 trial (published version, Erasmus University pure dep",PMID 40646322; DOI 10.1038/s41591-025-03784-7; Nat Med 2025;31:2936-2945; ClinicalTrials.gov NCT04428281 not verified here,12,verify,rugonersen; RO7248824; RG6091,"Main article: Unpaywall -> curl -sL 'https://pure.eur.nl/ws/files/211777301/s41591-025-03784-7.pdf' -> HTTP 200, 3,172,988 bytes, 20 pages. Supplement: curl -sL 'https://media.springernature.com/original/springer-static/","Main article: Table 2 'Adverse event summary table', row 'CSF pressure increased' with columns All participants / Grade 1 (mild) / Grade 2 (moderate) / Grade 3 (severe) = 16 (26.2%) / 13 (21.3%) / 1 (1.6%) / 2 (3.3%); Results > 'Safety and tolerability' first paragraph (drug-related grade 2 SAEs 'pr","The Erasmus deposit is the publisher PDF but carries Springer Nature's self-archiving notice ('Except as permitted by the applicable copyright law, you may not reproduce or make this material available to any third party'), so redistribution of the file itself must be verified; numeric facts are extractable. Table 2 column arithmetic checks out (13+1+2=16). No absolute CSF opening-pressure values "
B,clinical_trial_AE,EudraCT 2017-000327-27 — Ionis open-label dose-escalation and dose-range-finding study of intrathecal ISIS 396443 (nusinersen) in SMA (CS2/CS12-family,EudraCT 2017-000327-27,8,summary_stat,nusinersen; ISIS 396443,https://www.clinicaltrialsregister.eu/ctr-search/trial/2017-000327-27/results (HTTP 200),"Results -> 'Adverse events'. Columns 'Nusinersen 3 mg' (8) | 'Nusinersen 9 mg' (9) | 'Nusinersen 12 mg' (9) | 'Nusinersen 6 mg' (8). Serious adverse events table, row 'Post lumbar puncture syndrome' with 'Additional description: Event considered not related to study drug, and related to lumbar punct","COLUMN ORDER IS NOT MONOTONIC IN DOSE: the columns run 3 mg, 9 mg, 12 mg, 6 mg. Reading positionally will scramble the dose-response relationship. There is an internal contradiction in the record that I could not resolve: the 'Additional description' says the event was 'considered not related to study drug', yet the structured field reports 'occurrences causally related to treatment / all' = 1/1 f"
B,clinical_trial_AE,"Biogen Briefing Document, QALSODY (tofersen), NDA 215887 — Peripheral and Central Nervous System Drugs Advisory Committee, meeting date 22 March 2023",NDA 215887; FDA media id 166327; no DOI,8,verify,tofersen; tominersen,"curl -A 'Mozilla/5.0 Chrome/120' -L 'https://www.fda.gov/media/166327/download' -> HTTP 200, 2967125 bytes, application/pdf, 101 pages (id recovered from anchor text on the March 22 2023 PCNS AdComm meeting page)","PDF page 71, Table 16 'AEs Reported in at Least 10% of Participants in Any Tofersen 100 mg Group' (rows 'CSF protein increased', 'Post lumbar puncture syndrome', 'CSF white blood cell count increased'); PDF page 74, Table 18 'Summary of Neurologic SAEs of Interest' (rows 'Intracranial pressure incre","Tier B throughout: exactly one 'hydroceph' occurrence in 101 pages, and it is in the Section 5.3.2 textbook definition listing hydrocephalus among generic causes of papilledema — NOT a report of hydrocephalus in any tofersen participant. No tofersen case of ventriculomegaly, shunt, or EVD is reported. Denominators differ between VALOR (n=72 tofersen / n=36 placebo) and the Study 101 + OLE integrat"
B,pharmacovigilance,A real-world pharmacovigilance study of nusinersen based on the FAERS database,"PPR867167 / DOI 10.21203/rs.3.rs-4500442/v1 (Research Square, posted 2024-06-13)",8,verify,nusinersen,"Discovery: curl -s -G 'https://www.ebi.ac.uk/europepmc/webservices/rest/search' --data-urlencode 'query=(SRC:PPR) AND (nusinersen OR tofersen OR tominersen OR eplontersen OR inotersen OR ""BIIB078"" OR jacifusen OR ""ION-85","'Table 4. Signal strength of AEs of nusinersen at the top 50(ROR) Preferred terms (PTs) level in FAERS' (page 7/15 of the PDF), which carries the columns SOCs | PTs | Case Reports | ROR(95% CI) | PRR(95% CI) | IC(IC025) | EBGM(EBGM05). Verified values read from that table and its narrative in sectio","1) I could not find an exact journal version of THIS preprint (a search of 'nusinersen AND FAERS AND pharmacovigilance AND NOT SRC:PPR' returned 11 records, none matching this title; the closest, PMID 38981277 Pediatr Neurol 2024 'Disproportionality Analysis of Nusinersen in the FDA Adverse Event Reporting System', is a DIFFERENT paper by different authors). I did NOT prove this preprint is unpubl"
B,clinical_case_report,Symptomatic Intracranial Hypertension in an Adult Patient with Spinal Muscular Atrophy and Arachnoid Cysts Receiving Nusinersen,PMID 37248913 / PMC10357201 / DOI 10.3233/jnd-230032,6,cc_by_nc,nusinersen,https://www.ebi.ac.uk/europepmc/webservices/rest/PMC10357201/fullTextXML,"Section 'CASE REPORT', paragraphs 3-5; Table 1 'Course of clinical symptoms, LOP, CSF parameters and ophthalmological examination' (columns: day 0, 7, 19, 26, 33, 40, 61; rows: clinical symptoms, OCT, visual acuity, LOP cmH2O, CSF removal ml, CSF cell count, CSF albumin, CSF IgG, CSF IgA, CSF IgM); ","n=1 and heavily confounded: the patient had extensive, most likely congenital, bilateral arachnoid cysts with space-occupying effect, plus bilateral transverse sinus stenosis, and gained 10 kg between May 2021 and Feb 2022 — the authors themselves state 'The cause for intracranial hypertension in our patient receiving intrathecal nusinersen cannot be elucidated clearly' and cannot rule out idiopat"
B,background_incidence,"Post-dural puncture headache: a prospective study on incidence, risk factors, and clinical characterization of 285 consecutive procedures",PMID 35836140 / PMCID PMC9281177 / DOI 10.1186/s12883-022-02785-0,6,cc_by,nusinersen,"https://www.ebi.ac.uk/europepmc/webservices/rest/PMC9281177/fullTextXML (109,480 bytes)","Results para 1 (285 consecutive LPs; 225/285 [78.9%] female; mean age 32.9 +/- 11.7 y; diagnosis mix: IIH 139 [48.8%], demyelinating 90 [31.6%], peripheral neuropathy 26 [9.1%], optic neuritis 8 [2.8%], dementia 5 [1.8%], CVT 4 [1.4%], autoimmune encephalitis 3 [1.1%], CNS infection 1 [0.4%], 'Nine ","The SMA denominator is only 9 patients, so 0/9 is compatible with a true rate up to ~28% (exact one-sided 95% upper bound); the authors say so and the association did not survive multivariate regression. The comparison cohort is heavily non-representative: 48.8% had idiopathic intracranial hypertension, which is why the mean opening pressure (272 mm H2O) is far above normal and why the overall 29."
B,clinical_trial_AE,Targeted therapy for high-grade glioma with the TGF-β2 inhibitor trabedersen: results of a randomized and controlled phase IIb study,PMID 20980335 / PMCID PMC3018908 / DOI 10.1093/neuonc/noq142,6,cc_by_nc,trabedersen; AP 12009,"curl -s 'https://www.ebi.ac.uk/europepmc/webservices/rest/PMC3018908/fullTextXML'  (HTTP 200, 101309 bytes)","Table 4, 'Patients with NCI-CTC toxicity grade 3/4 AE in ≥10% of patients in any group (safety population, n=135)', column headers '10 µM trabedersen (n = 41)' | '80 µM trabedersen (n = 49)' | 'Standard chemotherapy (TMZ/PCV) (n = 45)': row 'Intracranial pressure increased' = 8 (20%) | 7 (14%) | 2 (","Same trial as NCT00431561, so rows from here and from the Uckun 2019 post-hoc (next source) describe overlapping patients and must not be double-counted. I could NOT verify the paper-to-registry link from a statement inside the paper: the full text contains no NCT number and no EudraCT number (I searched the XML for both). The link rests on (a) matching design — three arms at 10 µM / 80 µM / TMZ o"
B,regulatory_label,"Qalsody 100 mg solution for injection — EU Summary of Product Characteristics (Annex I), EPAR Product Information","EMA EPAR Product Information PDF, 548,601 bytes. SHA256: aa537b0ac7638f7aade385c790e0b9b6b264ab1b01059257c71e2b34570b0b83. Retrieved 2026-08-28/29.",5,verify,tofersen,"https://www.ema.europa.eu/en/documents/product-information/qalsody-epar-product-information_en.pdf (HTTP 200, content-type application/pdf, 548,601 bytes). Text extracted with pypdf to sweep4_ema_smpc_qalsody.txt.","Section '4.4 Special warnings and precautions for use', subheading 'Increased intracranial pressure and/or papilloedema' (PDF page 4; extracted-text lines 87-115). Section '4.8 Undesirable effects', 'Summary of safety profile' (PDF page 5), verbatim: 'The serious adverse reactions in tofersen-treate","TIER B ONLY — the Tier-A audit returned zero hits for hydrocephalus, ventriculomegaly, ventricular enlargement, CSF hypersecretion and shunt in this SmPC. Do not upgrade. The 'and/or' pooling of increased ICP with papilloedema is irreducible from the label; a row must carry the composite term, not either alone. The MRI line is important and easily mis-coded: 'no findings pertinent to the event' is"
B,nonclinical_invivo,Development and pilot testing of U1 Adaptor therapy targeting SOD1 expression for dogs with degenerative myelopathy,PMID 41742554 / PMC12862634 / DOI 10.1093/jvimsj/aalaf072,5,cc_by_nc,U1cSOD1 (U1 Adaptor oligonucleotide targeting canine SOD1),https://www.ebi.ac.uk/europepmc/webservices/rest/PMC12862634/fullTextXML,"Structured abstract, Results sentence 'Two of 34 injections were aborted because of high intrathecal pressure'; Results section headed 'Blood test results and CSF findings' ('Cerebrospinal fluid analysis was performed on 27 occasions when performing injections; 2 of these samples had macroscopic blo","Species is dog, and phase 2 animals were client-owned dogs with naturally occurring degenerative myelopathy, so this is a veterinary clinical trial rather than a GLP toxicology study; it should be labelled as animal in vivo but not as regulatory nonclinical. Total n is small (7 purpose-bred healthy dogs + 1 stage III DM dog + 4 stage I DM dogs = 12). The CSF protein and white-cell figures are rang"
B,pharmacovigilance,"Spinraza (nusinersen) — CHMP Scientific conclusions and grounds for the variation to the terms of the marketing authorisation (PSUSA, aseptic meningit",EMA/CHMP/161360/2019 · Procedure No. EMEA/H/C/PSUSA/00010595/201805 · 31 January 2019 · PSUR period 01 December 2017 to 30 May 2018 · PDF SHA256 17c6c,5,cc_by,nusinersen,Discovered from href on 'https://www.ema.europa.eu/en/medicines/human/EPAR/spinraza'; then curl -s -L 'https://www.ema.europa.eu/en/documents/scientific-conclusion/spinraza-h-c-psusa-00010595-201805-epar-scientific-concl,"p.2, section 'Scientific conclusions', paragraph 1 (three cases, ages 3, 11, 13; negative bacterial cultures and viral PCR in the 2 cases where reported; events resolved without sequelae and nusinersen continued in all 3) and paragraph 2 (439 person-years of post-marketing exposure; background compa","Tier B only — no ventricular or CSF-flow outcome is reported for any of the three children, and hydrocephalus is not mentioned in this document at all. The 439 person-years is post-marketing exposure, not a trial denominator, so the 3/439 py rate carries spontaneous-reporting under-ascertainment. Ages are the only patient-level detail given; no dose, no number of prior intrathecal injections, no C"
B,regulatory_label,"Spinraza (nusinersen) — CHMP Assessment report, initial marketing authorisation (EPAR public assessment report)","EMA/289068/2017 · Procedure No. EMEA/H/C/004312/0000 · PDF SHA256 8b80215910cd35fd1edef31b4c8769debc8706eb26c535f9ec4bd7f06002c466 (2,286,529 bytes, 1",5,cc_by,nusinersen,"curl -s -L 'https://www.ema.europa.eu/en/documents/assessment-report/spinraza-epar-public-assessment-report_en.pdf' — HTTP 200, 2,286,529 bytes, SHA256 verified this session","p.101, safety discussion, paragraph beginning 'The applicant has provided a justification for the occurrence of haemorrhagic events at LP' — 'Considering that administration of nusinersen and chemotherapy do require drainage of an equivalent amount of CSF to prevent increased CSF pressure, and that ","The GAP-FILL brief presented this document's NHP finding as EMA-side CNS histopathology relevant to this endpoint; on inspection it is not. The finding is minimal-to-mild focal neuronal vacuolation and occasional necrotic neurons/glia confined to the inferior hippocampal region, with no choroid plexus, ependymal, ventricular or CSF-cellularity readout anywhere in the nonclinical sections. That is "
B,regulatory_label,"QALSODY (tofersen) injection — US FDA Prescribing Information, Structured Product Label v3","DailyMed setid 81356b45-1cb7-4eef-88ea-e44cc18b47c5 (SPL version 3, published Nov 18 2024; clinical sections carry effectiveTime 20230425). Labeler: B",4,public_domain,tofersen,"Step 1: https://dailymed.nlm.nih.gov/dailymed/services/v2/spls.json?drug_name=tofersen. Step 2: https://dailymed.nlm.nih.gov/dailymed/services/v2/spls/81356b45-1cb7-4eef-88ea-e44cc18b47c5.xml (HTTP 200, 92,635 bytes).","TIER B PRIMARY: Section '5.2. Papilledema and Elevated Intracranial Pressure' (LOINC 42229-5, parent section '5 WARNINGS AND PRECAUTIONS', effectiveTime 20230425), full verbatim: 'Serious adverse reactions of papilledema and elevated intracranial pressure have been reported in patients treated with ","TIER B ONLY — no hydrocephalus, no ventriculomegaly, no shunt anywhere in this label (confirmed by the Tier-A regex audit: zero hits). Do not upgrade to Tier A. Denominator mismatch trap: the 'Four patients' in 5.2 has NO denominator in that section; the 147-patient total-exposure figure is in 6.1, while Table 1's n=72 is only Study 1 Part C. 4/147 = 2.7% is the correct pairing and is confirmed in"
B,nonclinical_invivo,Angelman syndrome patient-derived neuron screen leads to clinical ASO rugonersen targeting UBE3A-ATS with long-lasting effect in monkeys,PMID 40884397 / PMC12397906 / DOI 10.1093/nar/gkaf851,4,cc_by_nc,"rugonersen (RO7248824), locked-nucleic-acid-modified ASO targeting UBE3A-ATS",https://www.ebi.ac.uk/europepmc/webservices/rest/PMC12397906/fullTextXML,"Results, section 'Safety and tolerability in NHPs (Study 2)': 'Microscopically, vacuolated macrophages were present in the Virchow-Robins space of small vessels, choroid plexus, and meninges of the brain, in animals administered 14 or 30 mg/animal, and in the lymph nodes of all groups, which regress","The choroid-plexus finding is drug-material-laden macrophage vacuolation — a distribution/accumulation finding — not demonstrated secretory or barrier dysfunction, and the authors classify the overall picture as non-adverse ('no adverse findings that would have hindered human dosing were found at any dose level'). Ventricular size, CSF pressure and CSF composition were NOT measured or reported. Gr"
B,pharmacovigilance,Post-Marketing Safety of Spinal Muscular Atrophy Therapies: Analysis of Spontaneous Adverse Drug Reactions from EudraVigilance,PMID 40364205 / PMCID PMC12072878,4,cc_by,nusinersen,"https://www.ebi.ac.uk/europepmc/webservices/rest/PMC12072878/fullTextXML (108,184 bytes)","Abstract Results (3196 ICSRs nusinersen, 806 onasemnogene abeparvovec, 956 risdiplam, EEA approval to 31 Dec 2024); Table 2 'Most frequently reported PTs with the corresponding RORs (95% CI) for nusinersen with the lower limit of the 95% CI >= 1' — top row 'Post-lumbar puncture syndrome, N=352, ROR ","Only the top 15 PTs per drug are tabulated, out of 233 significant PTs for nusinersen — so the absence of hydrocephalus from Table 2 means only that it did not rank in the top 15 by frequency; it does NOT establish that hydrocephalus was absent or non-significant. I could not determine from the retrieved text whether hydrocephalus was among the 233. Do not record this as a negative hydrocephalus m"
B,clinical_trial_AE,"EudraCT 2012-001461-32 / NCT01578655 — AFFINITY: Phase 3 cabazitaxel/prednisone with or without custirsen (OGX-011, clusterin ASO) in metastatic CRPC ",EudraCT 2012-001461-32; NCT01578655,4,summary_stat,custirsen; OGX-011,https://www.clinicaltrialsregister.eu/ctr-search/rest/download/summary?query=custirsen&resultsstatus=trials-with-results&mode=current_page&page=1 then https://www.clinicaltrialsregister.eu/ctr-search/trial/2012-001461-32,"Results -> 'Adverse events' -> Serious adverse events table, columns 'Prednisone/Cabazitaxel + Custirsen' (315) | 'Prednisone/Cabazitaxel' (312). Row 'Intracranial pressure increased': 0/315 (0.00%), 1/312 (0.32%), with 'occurrences causally related to treatment / all' = 0/0, 0/1 and 'deaths causall","Custirsen is given intravenously in an oncology population with brain-metastasis risk, so both the ICP event and the papilloedema are plausibly disease- rather than drug-related; the sponsor's own causality assessments (0/1 for both) support that reading. Do not treat this as evidence that systemic ASOs cause CSF-dynamics events — it is a negative. I did NOT retrieve ClinicalTrials.gov NCT01578655"
B,clinical_trial_AE,Lumbar Puncture Opening Pressure in Patients with Spinal Muscular Atrophy,PMID 33578442 / DOI 10.1055/s-0040-1722687,3,summary_stat,nusinersen,"https://www.ebi.ac.uk/europepmc/webservices/rest/search?query=EXT_ID:33578442&format=json&resultType=core (indexed abstract only; no PMCID, not open access, full text NOT retrieved)","Abstract only (structured abstract text as indexed by Europe PMC). The study is described as a retrospective monocentric analysis of clinical data, LOP measurement, and ophthalmologic and neuroimaging results in 34 patients with SMA types 1 to 3 undergoing treatment with nusinersen. Per-patient tabl","ABSTRACT ONLY — I did not retrieve the full text (Thieme, paywalled, no PMC deposit), so I have no table or figure locus and no per-patient values. The abstract as indexed contains an internal arithmetic problem: it states 'the LOP was 20 cm H2O in 25 patients (70.5%)' where 25/34 = 73.5%, and the phrasing is ambiguous as to whether it means '>=20' — do NOT ingest that figure without the full text"
B,pharmacovigilance,openFDA FAERS — eteplirsen (EXONDYS) Tier B intracranial-pressure signal,"openFDA FAERS query, drug eteplirsen/EXONDYS, N=2415 reports, 3 hydro-family reports",3,public_domain,eteplirsen,https://api.fda.gov/drug/event.json?search=(patient.drug.medicinalproduct:%22EXONDYS%22+OR+patient.drug.openfda.generic_name:%22eteplirsen%22+OR+patient.drug.openfda.brand_name:%22EXONDYS%22)+AND+<10-term exact OR-block>,results[].term / results[].count in faers_eteplirsen_hydro_terms.json; meta.results.total = 3 in faers_eteplirsen_hydro_reportcount.json; denominator meta.results.total = 2415 in faers_eteplirsen_total.json,"Only 3 reports — far too few for any stable estimate, and consistent with background reporting noise. Papilloedema in Duchenne muscular dystrophy patients is confounded by chronic corticosteroid therapy, which is near-universal in this population and is an established cause of raised intracranial pressure; I did not inspect concomitant medications in these 3 reports to check for steroids, so the c"
B,clinical_trial_AE,"Spinraza (nusinersen) — CHMP Assessment report for paediatric studies submitted under Article 46 (NURTURE, Study 232SM201, presymptomatic SMA)","EMA/PAM/0000279100 · assessment 23 June to 14 August 2025 · PDF SHA256 0aa7d013bcd5b7d171d0afda597f4659ea9751215a46c7a4c7a79c20f3d1bee4 (3,434,166 byt",3,cc_by,nusinersen,Discovered from href on 'https://www.ema.europa.eu/en/medicines/human/EPAR/spinraza'; then curl -s -L 'https://www.ema.europa.eu/en/documents/variation-report/spinraza-pam-0000279100-epar-assessment-report_en.pdf' — HTTP,"p.29, section 'Analysis by Relationship to Lumbar Puncture Procedure' — 12 participants (48%) with an AE considered related to the LP procedure; post lumbar puncture syndrome 6 participants (24%); procedural pain 5 (20%); post procedural complication, musculoskeletal procedural complication, post pr","Lowest-yield of the Spinraza documents reported here. No hydrocephalus, ventricular or CSF-pressure term appears anywhere in it, so its Tier A contribution is a null only. N = 25 is inferred from the reported percentages (11 = 44%, 12 = 48%, 14 = 56%) and from 'This study planned to enroll up to 25 participants'; the document as extracted does not print an explicit 'N = 25' safety-population line,"
B,pharmacovigilance,"Scientific conclusions and grounds for the variation to the terms of the marketing authorisation(s) — active substance nusinersen, EMEA/H/C/PSUSA/0001",EMA/CHMP/161360/2019; Procedure No. EMEA/H/C/PSUSA/00010595/201805; PSUR period 01 December 2017 to 30 May 2018; document dated 31 January 2019,3,cc_by,nusinersen,curl -A 'Mozilla/5.0 Chrome/120' -L 'https://www.ema.europa.eu/en/documents/scientific-conclusion/spinraza-h-c-psusa-00010595-201805-epar-scientific-conclusions-grounds-variation-terms-marketing-authorisation_en.pdf' -> ,"Page 2, section headed 'Scientific conclusions', the single paragraph beginning 'Three cases of aseptic meningitis were reported (in children aged 3, 11 and 13)'; and the immediately following section headed 'Grounds for the variation to the terms of the marketing authorisation(s)'. Header block on ","This is Tier B, not Tier A: it concerns aseptic meningitis, and the document contains ZERO occurrences of 'hydrocephalus' or 'ventricul' (verified by full-text regex over both pages). So it is CSF-dynamics-adjacent and must be flagged as such; whether these three cases had any CSF-flow consequence is not stated. It is a PSUSA covering 01 Dec 2017 – 30 May 2018, i.e. it closes BEFORE the 6 July 201"
B,regulatory_label,"FDA Briefing Document, NDA 215887 tofersen — Peripheral and Central Nervous System Drugs Advisory Committee Meeting, March 22, 2023",NDA 215887; FDA media id 166326; no DOI,3,public_domain,tofersen,"Scraped link labels from 'https://www.fda.gov/advisory-committees/advisory-committee-calendar/march-22-2023-meeting-peripheral-and-central-nervous-system-drugs-advisory-committee-meeting' (HTTP 200, 51382 bytes) to recov","PDF page 9, within 'Executive Summary/Draft Points for Consideration by the Advisory Committee' (section begins PDF page 7) — the sentence 'Aseptic meningitis, hydrocephalus, and inflammatory reactions in the peripheral and central nervous system have been observed in other ASO development programs ","Tier B, not Tier A, for tofersen itself: the single 'hydrocephalus' mention in this 68-page document refers to OTHER ASO programs, not to any tofersen case — no tofersen patient is reported with hydrocephalus, ventriculomegaly, or a shunt here. The 'other ASO development programs' are not named in that sentence, so the class attribution cannot be resolved to specific oligos from this document alon"
B,clinical_trial_AE,Increased Chitotriosidase1 Concentration Following Nusinersen Treatment in Spinal Muscular Atrophy,"PPR351464 / DOI 10.21203/rs.3.rs-564501/v1 (Research Square, posted 2021-06-02; journal version PMID 34321067, Orphanet J Rare Dis 2021)",3,verify,nusinersen,"Discovery: same SRC:PPR sweep as above (appears in both the top-level 'SRC:PPR AND (hydrocephalus OR ventriculomegaly OR ""ventricular volume"" OR ""choroid plexus"") AND (antisense OR oligonucleotide OR siRNA OR ASO)' query","'Table 5. Changes of CSF routine parameters during 14 months of nusinersen treatment', columns n | Baseline median (IQR) | 14-month analysis median (IQR) | p value. Verified rows: CellCount [MPt/L] n=57, 1.0 (0.0-2.0) -> 1.0 (0.15-1.0), n.s.; Qalb [x10-3] n=56, 4.1 (3.3-6.1) -> 4.7 (3.7-6.3), p=0.00","1) The abstract's and Introduction's statements about 'increased risk of hydrocephalus in untreated SMA patients' and 'rare cases of communicating hydrocephalus during nusinersen treatment' are CITATIONS to refs 32-35 (including Viscidi 2021 Orphanet J Rare Dis and Alkhars 2020 Cureus), NOT findings of this study. This study measured no ventricular or hydrocephalus endpoint at all. Do not extract "
B,clinical_trial_AE,"Safety, tolerability, and pharmacokinetics of antisense oligonucleotide BIIB078 in adults with C9orf72-associated amyotrophic lateral sclerosis: a pha",PMID 39059407; DOI 10.1016/S1474-4422(24)00216-3; Lancet Neurol 2024; ClinicalTrials.gov NCT03626012,3,verify,BIIB078; IONIS-C9Rx,Unpaywall -> curl -sL 'https://discovery.ucl.ac.uk/id/eprint/10196356/1/Libri_Safety%2C%20Tolerability%2C%20and%20Pharmacokinetics%20of%20Antisense%20Oligonucleotide%20BIIB078%20in%20Adults%20with%20C9orf72-Associated%20,"Results > safety paragraph, p.12 of the AAM: 'There were no clinically meaningful changes in laboratory tests, including CSF white blood cells or protein in participants treated with BIIB078.'; Discussion paragraph 1, p.13: 'There were no clinically relevant changes in CSF white blood cells or prote","This is the accepted manuscript. The tables were supplied as separate files and are NOT in the deposit - grep for 'Table 2' returns no table body, only figure/table legends - so the numeric per-preferred-term AE rates, including the post-lumbar-puncture-syndrome incidence, are unavailable. The CSF WBC/protein result is therefore only a narrative null with no threshold, no mean values and no per-co"
B,nonclinical_invivo,"LRRK2-targeting antisense oligonucleotide in Parkinson's disease: a phase 1 randomized controlled trial - Supplementary Information (Nature Medicine),",PMID 41876647; DOI 10.1038/s41591-026-04262-4; Nat Med 2026; ClinicalTrials.gov NCT03976349; EudraCT 2018-002995-42,3,verify,BIIB094; ION859,"Article page: curl -sL 'https://www.nature.com/articles/s41591-026-04262-4' -> HTTP 200 (abstract only, paywalled body). Supplement link scraped from that page, then curl -sL 'https://media.springernature.com/original/sp","Supplementary Information, 'Results > Safety' (p.2, first paragraph): 'In total, 11 doses of intrathecal (IT) BIIB094 12 mg, 24 mg or 40 mg were administered to cynomolgus macaques (N = 32) once every 4 weeks over 41 weeks... as well as partially reversible cerebrospinal fluid (CSF) cell count and c","The clinical AE table is NOT in the supplement (Supplementary Tables 1-5 are serum PK, eligibility criteria, projected LRRK2 suppression, study objectives and a PRM target list) and the article body is paywalled, so no clinical CSF endpoint is in hand for BIIB094. Unpaywall reports is_oa=false and I found no repository copy (searched Europe PMC for 'REASON AND BIIB094' and 'ION859' - 38 hits, all "
B,nonclinical_invivo,Intracerebral and intrathecal infusion of the TGF-beta 2-specific antisense phosphorothioate oligonucleotide AP 12009 in rabbits and primates: toxicol,PMID 15989424 / DOI 10.1089/oli.2005.15.94,3,summary_stat,AP 12009; trabedersen,curl -s -G 'https://www.ebi.ac.uk/europepmc/webservices/rest/search' --data-urlencode 'query=EXT_ID:15989424 OR EXT_ID:17638524 OR EXT_ID:21619536 OR EXT_ID:16377233 OR EXT_ID:18084956' --data-urlencode 'format=json' --d,"Europe PMC record for PMID 15989424, abstractText, sentences 4-6: 'AP 12009 was administered either by intrathecal bolus injection into the subarachnoidal space of the lumbar region of both cynomolgus monkeys and rabbits or by continuous intraparenchymatous infusion directly into the brain tissue of","ABSTRACT ONLY. The full text is not retrievable in this session: liebertpub.com returned HTTP 403 behind a Cloudflare challenge and there is no PMC or Europe PMC full-text copy. Everything above therefore comes from the abstract text and nothing else. Consequences: no per-animal N for any group, no dose groups, no control-group description, no severity scoring scheme, and — decisively for this end"
B,clinical_trial_AE,"Antisense oligonucleotide jacifusen for FUS-ALS: an investigator-initiated, multicentre, open-label case series",PMID 40414239 / PMC12407188 / DOI 10.1016/S0140-6736(25)00513-6,2,verify,jacifusen (ION363 / ulefnersen),https://pmc.ncbi.nlm.nih.gov/articles/PMC12407188/ (HTML; Europe PMC fullTextXML returned 404 for this PMCID). Metadata via https://www.ebi.ac.uk/europepmc/webservices/rest/search?query=EXT_ID:40414239&format=json&result,"Findings (Summary) — 'Transient elevations in cell counts or total protein concentration in CSF (six [50%] participants) were unrelated to treatment duration'. Results, safety paragraph — '80 treatment-emergent adverse events occurred in 11 (92%) participants (appendix p 32); the most common of thes","Hydrocephalus, ventricular volume, and opening pressure were NOT reported as assessed anywhere in the retrieved text — this is 'never measured', not 'measured and found nothing', for Tier A specifically. Do not enter a Tier A negative from this source; enter only the papilloedema negative and the CSF-abnormality rate. n=12, no control arm, expanded-access design with protocol amendments during the"
B,clinical_case_report,Methotrexate therapy as a promising long-term treatment approach for immune-mediated adverse reactions of tofersen in SOD1-ALS,PMID 41144002 / PMC12559034 / DOI 10.1007/s00415-025-13415-3,2,cc_by,tofersen (BIIB067),https://www.ebi.ac.uk/europepmc/webservices/rest/PMC12559034/fullTextXML,"Section 'Immune-mediated adverse events', paragraph 1 (headache after T3; fever/shivering/radiating leg pain between T20 and T23; 'A gradually increasing pleocytosis and elevating protein levels were evident after initiation of tofersen administration (Fig. 1a, b)'); Fig. 1 caption (a: CSF cell coun","n=1. NO ventricular, hydrocephalus, opening-pressure or papilloedema readout is reported anywhere — this is a Tier B CSF-composition row only, and the Tier A endpoint was never measured. All numeric CSF trajectories live in Fig. 1a-c plots; only a handful of point values appear in the running text, so per-timepoint values would need digitisation. Confounded by concurrent immunomodulation (methylpr"
B,clinical_trial_AE,Spinraza (nusinersen) — CHMP Assessment report for paediatric studies submitted under Article 46 (final results of Study ISIS 396443-CS3A),EMA/286159/2018 · Procedure No. EMEA/H/C/004312/P46/007 · 31 May 2018 · PDF SHA256 ddb5ef6faa5420cd6cecb36dae951257cfa24319d1b29d6e23db1ae982078ca7 (5,2,cc_by,nusinersen,Discovered from href on 'https://www.ema.europa.eu/en/medicines/human/EPAR/spinraza'; then curl -s -L 'https://www.ema.europa.eu/en/documents/variation-report/spinraza-h-c-004312-p46-007-epar-assessment-report_en.pdf' — ,"p.16, 'Clinical:' paragraph, sentences 4-5 — 'Although the number of patients is limited, it is interesting to see that none of the events that have been recently related to nusinersen such as meningitis / encephalitis and intracranial hypertension have been identified. Still, some of the symptoms s","Tier B, not Tier A: the terms adjudicated are intracranial hypertension, meningitis and encephalitis — hydrocephalus is never mentioned in this document, and no ventricular imaging outcome is reported. N = 20 is very small and the regulator says so ('the number of patients is limited'). The zero is an absence of reported adverse events, not a protocol-specified CSF-pressure or imaging assessment, "
B,clinical_trial_AE,EudraCT 2019-005007-40 — University Hospitals Leuven investigator-initiated natural-history and biomarker study of nusinersen in adult SMA types 2-4 (,EudraCT 2019-005007-40; sponsor protocol S62874,2,summary_stat,nusinersen; Spinraza,https://www.clinicaltrialsregister.eu/ctr-search/trial/2019-005007-40/results (HTTP 200); discovered via https://www.clinicaltrialsregister.eu/ctr-search/rest/download/summary?query=nusinersen&mode=current_page,"Results -> 'Adverse events'. Serious adverse events table, single column 'all included patients': total subjects affected 0/16 (0.00%), 0 deaths. Non-serious adverse events table, same single column, SOC 'Nervous system disorders': row 'Post-puncture headache' 3/16 (18.75%), occurrences all number 1","IMPORTANT CORRECTION to the gap description: this study does NOT perform serial CSF or MRI ventricular measurement as an outcome. I read every 'End point title' in the posting — all primary endpoints are motor-function measures (grip strength R/L hand, MRC sum score, 6MWD, HFMSE, RULM), analysed in 15-16 subjects. The only CSF mention in the whole record is the administration-procedure text quoted"
B,clinical_trial_AE,EudraCT 2017-000621-12 — Ionis open-label study of multiple doses of intrathecal ISIS 396443 (nusinersen) in infantile-onset SMA (CS3A-family cohort s,EudraCT 2017-000621-12,2,summary_stat,nusinersen; ISIS 396443,https://www.clinicaltrialsregister.eu/ctr-search/trial/2017-000621-12/results (HTTP 200),"Results -> 'Adverse events' -> Non-serious adverse events table, columns 'Cohort 2' (16) | 'Cohort 1' (4), row 'Cerebrospinal fluid leakage': 1/16 (6.25%), 0/4 (0.00%), occurrences all number 1, 0. Adjacent rows in the same table: 'Convulsion' 1/16, 0/4; 'Headache' 0/16, 1/4.","Very small yield: two cells from arms of n=16 and n=4, one event total. NOTE THE COLUMN ORDER — 'Cohort 2' is listed FIRST and 'Cohort 1' second, which is the reverse of the intuitive reading; the event is in Cohort 2 (n=16). The cohort labels are not self-describing (dose and age stratification must be read from the reporting-group descriptions, which I did not extract). CSF leakage after lumbar "
B,clinical_trial_AE,EudraCT 2014-002098-12 — NURTURE: open-label study of intrathecal ISIS 396443 (nusinersen) in presymptomatic genetically diagnosed SMA infants (Biogen,EudraCT 2014-002098-12,2,summary_stat,nusinersen; ISIS 396443,https://www.clinicaltrialsregister.eu/ctr-search/trial/2014-002098-12/results (HTTP 200),"Results -> 'Adverse events' -> Non-serious adverse events table, columns 'ISIS 396443 2 SMN2 copies' (15) | 'ISIS 396443 3 SMN2 copies' (10), row 'Post lumbar puncture syndrome': 2/15 (13.33%), 4/10 (40.00%), occurrences all number 3, 9. Adjacent rows: 'Post procedural complication' 1/15, 1/10; 'Pos","Only 2 cells, from arms of n=15 and n=10; the 40% figure rests on 4 events. Both arms receive drug, so there is NO untreated or sham comparator to separate procedure from drug. The 'Cerebrospinal fluid (CSF) Concentration of Nusinersen' endpoint is a PHARMACOKINETIC measure and must NOT be coded as a CSF-dynamics outcome — it is TIER C target exposure; I flag it because a naive grep for 'Cerebrosp"
B,clinical_trial_AE,EudraCT 2014-001947-18 — CHERISH: Phase 3 randomised sham-controlled intrathecal ISIS 396443 (nusinersen) in later-onset SMA (Ionis/Biogen),EudraCT 2014-001947-18,2,summary_stat,nusinersen; ISIS 396443,https://www.clinicaltrialsregister.eu/ctr-search/trial/2014-001947-18/results (HTTP 200),"Results -> 'Adverse events' -> Serious adverse events table, columns 'Nusinersen' (84) | 'Sham procedure' (42), row 'Post lumbar puncture syndrome': 1/84 (1.19%), 0/42 (0.00%), with 'occurrences causally related to treatment / all' = 0/1, 0/0 and 'deaths causally related to treatment / all' = 0/0, 0","Yields only 2 cells and rests on a single event, so it contributes an anchor rather than a signal. No hydrocephalus, ICP, papilloedema, ventricular or CSF-laboratory term appears anywhere in this trial's AE tables — this is a 'measured for AEs, no TIER A event reported' record. The non-serious AE table has a frequency threshold, so lower-frequency CSF events may be censored. I did not retrieve a C"
B,clinical_trial_AE,Laboratory monitoring of nusinersen safety,PMID 33675054 / DOI 10.1002/mus.27217,1,summary_stat,nusinersen,"https://www.ebi.ac.uk/europepmc/webservices/rest/search?query=EXT_ID:33675054&format=json&resultType=core (indexed abstract only; no PMCID, full text NOT retrieved)","Abstract, Results section, sentence: 'Two children had asymptomatic increased intracranial pressure.' Denominator in the same Results section: 'Fifty-eight patients ages 1 mo-56 y received 494 nusinersen doses.' No in-text table/figure locus available because the full text was not retrieved.","ABSTRACT ONLY — full text not retrieved (Muscle & Nerve, paywalled, no PMC deposit), so I have no locus beyond the abstract, no opening-pressure values, no ages of the two affected children, and no statement of how ICP was ascertained or whether imaging was done. Do not enter numeric pressures. 28 of 58 patients required general anaesthesia or oral midazolam anxiolysis, and the Becker study associ"
B,clinical_case_report,Cerebral venous sinus thrombosis after intrathecal administration of nusinersen,PMID 39755539 / DOI 10.1136/bcr-2024-260080,1,summary_stat,nusinersen,"https://www.ebi.ac.uk/europepmc/webservices/rest/search?query=EXT_ID:39755539&format=json&resultType=core (indexed abstract only; no PMCID, full text NOT retrieved)","Abstract, sentences 1-3: 'Cerebral venous sinus thrombosis is an uncommon sequela of low intracranial pressure, which may result from a lumbar puncture (LP). We describe a case of a patient in their 40s presenting with 48 hours of persistent headache following intrathecal administration of nusinerse","ABSTRACT ONLY — full text not retrieved (BMJ Case Reports, paywalled, no PMC deposit); no opening pressures, no imaging metrics, no dose number. Attribution is to the LUMBAR PUNCTURE PROCEDURE (CSF leak causing intracranial hypotension), not to the oligonucleotide itself — the abstract frames it as a complication of intrathecal therapies and diagnostic LP generally. Record as procedure-attributed;"
B,regulatory_label,"TEGSEDI (inotersen) injection, solution — US FDA Prescribing Information, Structured Product Label v10","DailyMed setid 8513207e-b55f-417b-9473-af785146a543 (SPL version 10, published Jan 26 2024). Labeler: Akcea Therapeutics, Inc. 188,175 bytes.",1,public_domain,inotersen,Step 1: https://dailymed.nlm.nih.gov/dailymed/services/v2/spls.json?drug_name=inotersen (returns 2 setids). Step 2: https://dailymed.nlm.nih.gov/dailymed/services/v2/spls/8513207e-b55f-417b-9473-af785146a543.xml (HTTP 20,"Section '5.5 Inflammatory and Immune Effects' (LOINC 42229-5, parent '5 WARNINGS AND PRECAUTIONS'), subsection 'Neurologic Serious Adverse Reactions', second case narrative. Verbatim: 'Another patient developed progressive lumbar pain, weight loss, headache, vomiting, and impaired speech 7 months af","Single case narrative, n=1, no denominator, no CSF pressure measurement, no imaging, no ventricular readout — this is the weakest of the five positive sources and must be flagged as such. The case is presented as an inflammatory/immune phenomenon, and the label does not assert a CSF-flow or ventricular consequence, so it sits at the outer boundary of Tier B admissibility; recommend including with "
B,review_mechanism,Intrathecal Therapies for Neurodegenerative Diseases: A Review of Current Approaches and the Urgent Need for Advanced Delivery Systems,PMID 41007730; PMCID PMC12467120; DOI 10.3390/biomedicines13092167,0,cc_by,nusinersen; tofersen; tominersen,"https://www.ebi.ac.uk/europepmc/webservices/rest/PMC12467120/fullTextXML (HTTP 200, 282,082 bytes)","Section 4 'Challenges in Intrathecal Drug Delivery and Potential Alternatives', para beginning 'Disease-specific conditions alter the already highly selective biological barriers...' - contains the sentence 'Additionally, repeated IT administration of biologics or oligonucleotides can lead to CSF pl","A narrative review: the pleocytosis/sterile-meningitis/choroid-plexus sentence is a general claim about 'biologics or oligonucleotides' attributed to its reference [127], with no compound named in that sentence and no numbers. It therefore supports NO measurement row and must be used as a mechanism citation only. Its description of tominersen as 'fully phosphorothioate-modified' conflicts with the"
B,review_mechanism,Variability in the circulation of cerebrospinal fluid: causes and clinical implications for intraventricular drug delivery,PMID 42205472; PMCID PMC13201979; DOI 10.3389/fddev.2026.1735474,0,cc_by,nusinersen; tofersen,"https://www.ebi.ac.uk/europepmc/webservices/rest/PMC13201979/fullTextXML (HTTP 200, 359,339 bytes)","Section 'Determinants of CSF production > Barriers and cellular interfaces at CSF production sites' - choroid plexus epithelial cells as modified ependymal cells forming the blood-CSF barrier, actively secreting water and ions into the ventricles; proportions of choroid plexus by ventricle (40% four","Names an oligonucleotide exactly ONCE, in a Table 2 cell listing agent classes; there is no oligonucleotide-attributable observation anywhere in it and it yields zero measurement rows. Everything it says about hydrocephalus is disease and physiology, not drug toxicity - it is a reason the dataset needs disease_background_rate rows, not evidence for any. Route of administration is not itself endpoi"
B,review_mechanism,Development of a population pharmacokinetic model to characterize the pharmacokinetics of intrathecally administered tominersen in patients with Hunti,PMID 37221972; PMCID PMC10508503,0,cc_by_nc,tominersen,"https://www.ebi.ac.uk/europepmc/webservices/rest/PMC10508503/fullTextXML (HTTP 200, 116,300 bytes)","Abstract, sentences 'A total of 750 participants from five clinical studies with a dose range from 10 to 120 mg contributed CSF (n = 6302) and plasma (n = 5454) PK samples' and 'Baseline total CSF protein, age, and antidrug antibodies (ADAs) were the significant covariates for CSF clearance.' || Met","Contains NO ventricular, hydrocephalus or intracranial-pressure content at all - I searched every occurrence and found none. CSF protein appears here as a BASELINE covariate on pharmacokinetics, not as an oligonucleotide-induced outcome, so this is not endpoint evidence and yields zero measurement rows; I tiered it B only because the variable is a Tier-B variable, and that is a generous reading th"
