oligo_id,oligo_name,strand,position_5to3,nucleobase,sugar_chemistry,base_modification,linkage_3prime,basis,source_id,source_location,notes
HYD-OLG-0019,nusinersen,single_strand,1,U,2'-MOE,5-methyluracil,phosphorothioate,position_resolved_from_WHO_INN_chemical_name,WHO_INN_List_74,"Recommended INN List 74, entry 'nusinersen', English chemical name","Every field on this row is a deterministic parse of the INN entry, which spells out each residue's sugar, base, 5-methylation and 3' linkage. The parse is validated against the product label's molecular formula and, where the label states them, its phosphorothioate and phosphodiester counts; scripts/parse_inn_sequences.py refuses to emit a disagreeing sequence."
HYD-OLG-0019,nusinersen,single_strand,2,C,2'-MOE,5-methylcytosine,phosphorothioate,position_resolved_from_WHO_INN_chemical_name,WHO_INN_List_74,"Recommended INN List 74, entry 'nusinersen', English chemical name","Every field on this row is a deterministic parse of the INN entry, which spells out each residue's sugar, base, 5-methylation and 3' linkage. The parse is validated against the product label's molecular formula and, where the label states them, its phosphorothioate and phosphodiester counts; scripts/parse_inn_sequences.py refuses to emit a disagreeing sequence."
HYD-OLG-0019,nusinersen,single_strand,3,A,2'-MOE,none,phosphorothioate,position_resolved_from_WHO_INN_chemical_name,WHO_INN_List_74,"Recommended INN List 74, entry 'nusinersen', English chemical name","Every field on this row is a deterministic parse of the INN entry, which spells out each residue's sugar, base, 5-methylation and 3' linkage. The parse is validated against the product label's molecular formula and, where the label states them, its phosphorothioate and phosphodiester counts; scripts/parse_inn_sequences.py refuses to emit a disagreeing sequence."
HYD-OLG-0019,nusinersen,single_strand,4,C,2'-MOE,5-methylcytosine,phosphorothioate,position_resolved_from_WHO_INN_chemical_name,WHO_INN_List_74,"Recommended INN List 74, entry 'nusinersen', English chemical name","Every field on this row is a deterministic parse of the INN entry, which spells out each residue's sugar, base, 5-methylation and 3' linkage. The parse is validated against the product label's molecular formula and, where the label states them, its phosphorothioate and phosphodiester counts; scripts/parse_inn_sequences.py refuses to emit a disagreeing sequence."
HYD-OLG-0019,nusinersen,single_strand,5,U,2'-MOE,5-methyluracil,phosphorothioate,position_resolved_from_WHO_INN_chemical_name,WHO_INN_List_74,"Recommended INN List 74, entry 'nusinersen', English chemical name","Every field on this row is a deterministic parse of the INN entry, which spells out each residue's sugar, base, 5-methylation and 3' linkage. The parse is validated against the product label's molecular formula and, where the label states them, its phosphorothioate and phosphodiester counts; scripts/parse_inn_sequences.py refuses to emit a disagreeing sequence."
HYD-OLG-0019,nusinersen,single_strand,6,U,2'-MOE,5-methyluracil,phosphorothioate,position_resolved_from_WHO_INN_chemical_name,WHO_INN_List_74,"Recommended INN List 74, entry 'nusinersen', English chemical name","Every field on this row is a deterministic parse of the INN entry, which spells out each residue's sugar, base, 5-methylation and 3' linkage. The parse is validated against the product label's molecular formula and, where the label states them, its phosphorothioate and phosphodiester counts; scripts/parse_inn_sequences.py refuses to emit a disagreeing sequence."
HYD-OLG-0019,nusinersen,single_strand,7,U,2'-MOE,5-methyluracil,phosphorothioate,position_resolved_from_WHO_INN_chemical_name,WHO_INN_List_74,"Recommended INN List 74, entry 'nusinersen', English chemical name","Every field on this row is a deterministic parse of the INN entry, which spells out each residue's sugar, base, 5-methylation and 3' linkage. The parse is validated against the product label's molecular formula and, where the label states them, its phosphorothioate and phosphodiester counts; scripts/parse_inn_sequences.py refuses to emit a disagreeing sequence."
HYD-OLG-0019,nusinersen,single_strand,8,C,2'-MOE,5-methylcytosine,phosphorothioate,position_resolved_from_WHO_INN_chemical_name,WHO_INN_List_74,"Recommended INN List 74, entry 'nusinersen', English chemical name","Every field on this row is a deterministic parse of the INN entry, which spells out each residue's sugar, base, 5-methylation and 3' linkage. The parse is validated against the product label's molecular formula and, where the label states them, its phosphorothioate and phosphodiester counts; scripts/parse_inn_sequences.py refuses to emit a disagreeing sequence."
HYD-OLG-0019,nusinersen,single_strand,9,A,2'-MOE,none,phosphorothioate,position_resolved_from_WHO_INN_chemical_name,WHO_INN_List_74,"Recommended INN List 74, entry 'nusinersen', English chemical name","Every field on this row is a deterministic parse of the INN entry, which spells out each residue's sugar, base, 5-methylation and 3' linkage. The parse is validated against the product label's molecular formula and, where the label states them, its phosphorothioate and phosphodiester counts; scripts/parse_inn_sequences.py refuses to emit a disagreeing sequence."
HYD-OLG-0019,nusinersen,single_strand,10,U,2'-MOE,5-methyluracil,phosphorothioate,position_resolved_from_WHO_INN_chemical_name,WHO_INN_List_74,"Recommended INN List 74, entry 'nusinersen', English chemical name","Every field on this row is a deterministic parse of the INN entry, which spells out each residue's sugar, base, 5-methylation and 3' linkage. The parse is validated against the product label's molecular formula and, where the label states them, its phosphorothioate and phosphodiester counts; scripts/parse_inn_sequences.py refuses to emit a disagreeing sequence."
HYD-OLG-0019,nusinersen,single_strand,11,A,2'-MOE,none,phosphorothioate,position_resolved_from_WHO_INN_chemical_name,WHO_INN_List_74,"Recommended INN List 74, entry 'nusinersen', English chemical name","Every field on this row is a deterministic parse of the INN entry, which spells out each residue's sugar, base, 5-methylation and 3' linkage. The parse is validated against the product label's molecular formula and, where the label states them, its phosphorothioate and phosphodiester counts; scripts/parse_inn_sequences.py refuses to emit a disagreeing sequence."
HYD-OLG-0019,nusinersen,single_strand,12,A,2'-MOE,none,phosphorothioate,position_resolved_from_WHO_INN_chemical_name,WHO_INN_List_74,"Recommended INN List 74, entry 'nusinersen', English chemical name","Every field on this row is a deterministic parse of the INN entry, which spells out each residue's sugar, base, 5-methylation and 3' linkage. The parse is validated against the product label's molecular formula and, where the label states them, its phosphorothioate and phosphodiester counts; scripts/parse_inn_sequences.py refuses to emit a disagreeing sequence."
HYD-OLG-0019,nusinersen,single_strand,13,U,2'-MOE,5-methyluracil,phosphorothioate,position_resolved_from_WHO_INN_chemical_name,WHO_INN_List_74,"Recommended INN List 74, entry 'nusinersen', English chemical name","Every field on this row is a deterministic parse of the INN entry, which spells out each residue's sugar, base, 5-methylation and 3' linkage. The parse is validated against the product label's molecular formula and, where the label states them, its phosphorothioate and phosphodiester counts; scripts/parse_inn_sequences.py refuses to emit a disagreeing sequence."
HYD-OLG-0019,nusinersen,single_strand,14,G,2'-MOE,none,phosphorothioate,position_resolved_from_WHO_INN_chemical_name,WHO_INN_List_74,"Recommended INN List 74, entry 'nusinersen', English chemical name","Every field on this row is a deterministic parse of the INN entry, which spells out each residue's sugar, base, 5-methylation and 3' linkage. The parse is validated against the product label's molecular formula and, where the label states them, its phosphorothioate and phosphodiester counts; scripts/parse_inn_sequences.py refuses to emit a disagreeing sequence."
HYD-OLG-0019,nusinersen,single_strand,15,C,2'-MOE,5-methylcytosine,phosphorothioate,position_resolved_from_WHO_INN_chemical_name,WHO_INN_List_74,"Recommended INN List 74, entry 'nusinersen', English chemical name","Every field on this row is a deterministic parse of the INN entry, which spells out each residue's sugar, base, 5-methylation and 3' linkage. The parse is validated against the product label's molecular formula and, where the label states them, its phosphorothioate and phosphodiester counts; scripts/parse_inn_sequences.py refuses to emit a disagreeing sequence."
HYD-OLG-0019,nusinersen,single_strand,16,U,2'-MOE,5-methyluracil,phosphorothioate,position_resolved_from_WHO_INN_chemical_name,WHO_INN_List_74,"Recommended INN List 74, entry 'nusinersen', English chemical name","Every field on this row is a deterministic parse of the INN entry, which spells out each residue's sugar, base, 5-methylation and 3' linkage. The parse is validated against the product label's molecular formula and, where the label states them, its phosphorothioate and phosphodiester counts; scripts/parse_inn_sequences.py refuses to emit a disagreeing sequence."
HYD-OLG-0019,nusinersen,single_strand,17,G,2'-MOE,none,phosphorothioate,position_resolved_from_WHO_INN_chemical_name,WHO_INN_List_74,"Recommended INN List 74, entry 'nusinersen', English chemical name","Every field on this row is a deterministic parse of the INN entry, which spells out each residue's sugar, base, 5-methylation and 3' linkage. The parse is validated against the product label's molecular formula and, where the label states them, its phosphorothioate and phosphodiester counts; scripts/parse_inn_sequences.py refuses to emit a disagreeing sequence."
HYD-OLG-0019,nusinersen,single_strand,18,G,2'-MOE,none,terminal_none,position_resolved_from_WHO_INN_chemical_name,WHO_INN_List_74,"Recommended INN List 74, entry 'nusinersen', English chemical name","Every field on this row is a deterministic parse of the INN entry, which spells out each residue's sugar, base, 5-methylation and 3' linkage. The parse is validated against the product label's molecular formula and, where the label states them, its phosphorothioate and phosphodiester counts; scripts/parse_inn_sequences.py refuses to emit a disagreeing sequence."
HYD-OLG-0013,inotersen,single_strand,1,U,2'-MOE,5-methyluracil,phosphorothioate,position_resolved_from_WHO_INN_chemical_name,WHO_INN_List_77,"Recommended INN List 77, entry 'inotersen', English chemical name","Every field on this row is a deterministic parse of the INN entry, which spells out each residue's sugar, base, 5-methylation and 3' linkage. The parse is validated against the product label's molecular formula and, where the label states them, its phosphorothioate and phosphodiester counts; scripts/parse_inn_sequences.py refuses to emit a disagreeing sequence."
HYD-OLG-0013,inotersen,single_strand,2,C,2'-MOE,5-methylcytosine,phosphorothioate,position_resolved_from_WHO_INN_chemical_name,WHO_INN_List_77,"Recommended INN List 77, entry 'inotersen', English chemical name","Every field on this row is a deterministic parse of the INN entry, which spells out each residue's sugar, base, 5-methylation and 3' linkage. The parse is validated against the product label's molecular formula and, where the label states them, its phosphorothioate and phosphodiester counts; scripts/parse_inn_sequences.py refuses to emit a disagreeing sequence."
HYD-OLG-0013,inotersen,single_strand,3,U,2'-MOE,5-methyluracil,phosphorothioate,position_resolved_from_WHO_INN_chemical_name,WHO_INN_List_77,"Recommended INN List 77, entry 'inotersen', English chemical name","Every field on this row is a deterministic parse of the INN entry, which spells out each residue's sugar, base, 5-methylation and 3' linkage. The parse is validated against the product label's molecular formula and, where the label states them, its phosphorothioate and phosphodiester counts; scripts/parse_inn_sequences.py refuses to emit a disagreeing sequence."
HYD-OLG-0013,inotersen,single_strand,4,U,2'-MOE,5-methyluracil,phosphorothioate,position_resolved_from_WHO_INN_chemical_name,WHO_INN_List_77,"Recommended INN List 77, entry 'inotersen', English chemical name","Every field on this row is a deterministic parse of the INN entry, which spells out each residue's sugar, base, 5-methylation and 3' linkage. The parse is validated against the product label's molecular formula and, where the label states them, its phosphorothioate and phosphodiester counts; scripts/parse_inn_sequences.py refuses to emit a disagreeing sequence."
HYD-OLG-0013,inotersen,single_strand,5,G,2'-MOE,none,phosphorothioate,position_resolved_from_WHO_INN_chemical_name,WHO_INN_List_77,"Recommended INN List 77, entry 'inotersen', English chemical name","Every field on this row is a deterministic parse of the INN entry, which spells out each residue's sugar, base, 5-methylation and 3' linkage. The parse is validated against the product label's molecular formula and, where the label states them, its phosphorothioate and phosphodiester counts; scripts/parse_inn_sequences.py refuses to emit a disagreeing sequence."
HYD-OLG-0013,inotersen,single_strand,6,G,DNA_2prime_deoxy,none,phosphorothioate,position_resolved_from_WHO_INN_chemical_name,WHO_INN_List_77,"Recommended INN List 77, entry 'inotersen', English chemical name","Every field on this row is a deterministic parse of the INN entry, which spells out each residue's sugar, base, 5-methylation and 3' linkage. The parse is validated against the product label's molecular formula and, where the label states them, its phosphorothioate and phosphodiester counts; scripts/parse_inn_sequences.py refuses to emit a disagreeing sequence."
HYD-OLG-0013,inotersen,single_strand,7,T,DNA_2prime_deoxy,none,phosphorothioate,position_resolved_from_WHO_INN_chemical_name,WHO_INN_List_77,"Recommended INN List 77, entry 'inotersen', English chemical name","Every field on this row is a deterministic parse of the INN entry, which spells out each residue's sugar, base, 5-methylation and 3' linkage. The parse is validated against the product label's molecular formula and, where the label states them, its phosphorothioate and phosphodiester counts; scripts/parse_inn_sequences.py refuses to emit a disagreeing sequence."
HYD-OLG-0013,inotersen,single_strand,8,T,DNA_2prime_deoxy,none,phosphorothioate,position_resolved_from_WHO_INN_chemical_name,WHO_INN_List_77,"Recommended INN List 77, entry 'inotersen', English chemical name","Every field on this row is a deterministic parse of the INN entry, which spells out each residue's sugar, base, 5-methylation and 3' linkage. The parse is validated against the product label's molecular formula and, where the label states them, its phosphorothioate and phosphodiester counts; scripts/parse_inn_sequences.py refuses to emit a disagreeing sequence."
HYD-OLG-0013,inotersen,single_strand,9,A,DNA_2prime_deoxy,none,phosphorothioate,position_resolved_from_WHO_INN_chemical_name,WHO_INN_List_77,"Recommended INN List 77, entry 'inotersen', English chemical name","Every field on this row is a deterministic parse of the INN entry, which spells out each residue's sugar, base, 5-methylation and 3' linkage. The parse is validated against the product label's molecular formula and, where the label states them, its phosphorothioate and phosphodiester counts; scripts/parse_inn_sequences.py refuses to emit a disagreeing sequence."
HYD-OLG-0013,inotersen,single_strand,10,C,DNA_2prime_deoxy,5-methylcytosine,phosphorothioate,position_resolved_from_WHO_INN_chemical_name,WHO_INN_List_77,"Recommended INN List 77, entry 'inotersen', English chemical name","Every field on this row is a deterministic parse of the INN entry, which spells out each residue's sugar, base, 5-methylation and 3' linkage. The parse is validated against the product label's molecular formula and, where the label states them, its phosphorothioate and phosphodiester counts; scripts/parse_inn_sequences.py refuses to emit a disagreeing sequence."
HYD-OLG-0013,inotersen,single_strand,11,A,DNA_2prime_deoxy,none,phosphorothioate,position_resolved_from_WHO_INN_chemical_name,WHO_INN_List_77,"Recommended INN List 77, entry 'inotersen', English chemical name","Every field on this row is a deterministic parse of the INN entry, which spells out each residue's sugar, base, 5-methylation and 3' linkage. The parse is validated against the product label's molecular formula and, where the label states them, its phosphorothioate and phosphodiester counts; scripts/parse_inn_sequences.py refuses to emit a disagreeing sequence."
HYD-OLG-0013,inotersen,single_strand,12,T,DNA_2prime_deoxy,none,phosphorothioate,position_resolved_from_WHO_INN_chemical_name,WHO_INN_List_77,"Recommended INN List 77, entry 'inotersen', English chemical name","Every field on this row is a deterministic parse of the INN entry, which spells out each residue's sugar, base, 5-methylation and 3' linkage. The parse is validated against the product label's molecular formula and, where the label states them, its phosphorothioate and phosphodiester counts; scripts/parse_inn_sequences.py refuses to emit a disagreeing sequence."
HYD-OLG-0013,inotersen,single_strand,13,G,DNA_2prime_deoxy,none,phosphorothioate,position_resolved_from_WHO_INN_chemical_name,WHO_INN_List_77,"Recommended INN List 77, entry 'inotersen', English chemical name","Every field on this row is a deterministic parse of the INN entry, which spells out each residue's sugar, base, 5-methylation and 3' linkage. The parse is validated against the product label's molecular formula and, where the label states them, its phosphorothioate and phosphodiester counts; scripts/parse_inn_sequences.py refuses to emit a disagreeing sequence."
HYD-OLG-0013,inotersen,single_strand,14,A,DNA_2prime_deoxy,none,phosphorothioate,position_resolved_from_WHO_INN_chemical_name,WHO_INN_List_77,"Recommended INN List 77, entry 'inotersen', English chemical name","Every field on this row is a deterministic parse of the INN entry, which spells out each residue's sugar, base, 5-methylation and 3' linkage. The parse is validated against the product label's molecular formula and, where the label states them, its phosphorothioate and phosphodiester counts; scripts/parse_inn_sequences.py refuses to emit a disagreeing sequence."
HYD-OLG-0013,inotersen,single_strand,15,A,DNA_2prime_deoxy,none,phosphorothioate,position_resolved_from_WHO_INN_chemical_name,WHO_INN_List_77,"Recommended INN List 77, entry 'inotersen', English chemical name","Every field on this row is a deterministic parse of the INN entry, which spells out each residue's sugar, base, 5-methylation and 3' linkage. The parse is validated against the product label's molecular formula and, where the label states them, its phosphorothioate and phosphodiester counts; scripts/parse_inn_sequences.py refuses to emit a disagreeing sequence."
HYD-OLG-0013,inotersen,single_strand,16,A,2'-MOE,none,phosphorothioate,position_resolved_from_WHO_INN_chemical_name,WHO_INN_List_77,"Recommended INN List 77, entry 'inotersen', English chemical name","Every field on this row is a deterministic parse of the INN entry, which spells out each residue's sugar, base, 5-methylation and 3' linkage. The parse is validated against the product label's molecular formula and, where the label states them, its phosphorothioate and phosphodiester counts; scripts/parse_inn_sequences.py refuses to emit a disagreeing sequence."
HYD-OLG-0013,inotersen,single_strand,17,U,2'-MOE,5-methyluracil,phosphorothioate,position_resolved_from_WHO_INN_chemical_name,WHO_INN_List_77,"Recommended INN List 77, entry 'inotersen', English chemical name","Every field on this row is a deterministic parse of the INN entry, which spells out each residue's sugar, base, 5-methylation and 3' linkage. The parse is validated against the product label's molecular formula and, where the label states them, its phosphorothioate and phosphodiester counts; scripts/parse_inn_sequences.py refuses to emit a disagreeing sequence."
HYD-OLG-0013,inotersen,single_strand,18,C,2'-MOE,5-methylcytosine,phosphorothioate,position_resolved_from_WHO_INN_chemical_name,WHO_INN_List_77,"Recommended INN List 77, entry 'inotersen', English chemical name","Every field on this row is a deterministic parse of the INN entry, which spells out each residue's sugar, base, 5-methylation and 3' linkage. The parse is validated against the product label's molecular formula and, where the label states them, its phosphorothioate and phosphodiester counts; scripts/parse_inn_sequences.py refuses to emit a disagreeing sequence."
HYD-OLG-0013,inotersen,single_strand,19,C,2'-MOE,5-methylcytosine,phosphorothioate,position_resolved_from_WHO_INN_chemical_name,WHO_INN_List_77,"Recommended INN List 77, entry 'inotersen', English chemical name","Every field on this row is a deterministic parse of the INN entry, which spells out each residue's sugar, base, 5-methylation and 3' linkage. The parse is validated against the product label's molecular formula and, where the label states them, its phosphorothioate and phosphodiester counts; scripts/parse_inn_sequences.py refuses to emit a disagreeing sequence."
HYD-OLG-0013,inotersen,single_strand,20,C,2'-MOE,5-methylcytosine,terminal_none,position_resolved_from_WHO_INN_chemical_name,WHO_INN_List_77,"Recommended INN List 77, entry 'inotersen', English chemical name","Every field on this row is a deterministic parse of the INN entry, which spells out each residue's sugar, base, 5-methylation and 3' linkage. The parse is validated against the product label's molecular formula and, where the label states them, its phosphorothioate and phosphodiester counts; scripts/parse_inn_sequences.py refuses to emit a disagreeing sequence."
HYD-OLG-0027,tofersen,single_strand,1,C,2'-MOE,5-methylcytosine,phosphorothioate,position_resolved_from_WHO_INN_chemical_name,WHO_INN_List_81,"Recommended INN List 81, entry 'tofersen', English chemical name","Every field on this row is a deterministic parse of the INN entry, which spells out each residue's sugar, base, 5-methylation and 3' linkage. The parse is validated against the product label's molecular formula and, where the label states them, its phosphorothioate and phosphodiester counts; scripts/parse_inn_sequences.py refuses to emit a disagreeing sequence."
HYD-OLG-0027,tofersen,single_strand,2,A,2'-MOE,none,phosphodiester,position_resolved_from_WHO_INN_chemical_name,WHO_INN_List_81,"Recommended INN List 81, entry 'tofersen', English chemical name","Every field on this row is a deterministic parse of the INN entry, which spells out each residue's sugar, base, 5-methylation and 3' linkage. The parse is validated against the product label's molecular formula and, where the label states them, its phosphorothioate and phosphodiester counts; scripts/parse_inn_sequences.py refuses to emit a disagreeing sequence."
HYD-OLG-0027,tofersen,single_strand,3,G,2'-MOE,none,phosphorothioate,position_resolved_from_WHO_INN_chemical_name,WHO_INN_List_81,"Recommended INN List 81, entry 'tofersen', English chemical name","Every field on this row is a deterministic parse of the INN entry, which spells out each residue's sugar, base, 5-methylation and 3' linkage. The parse is validated against the product label's molecular formula and, where the label states them, its phosphorothioate and phosphodiester counts; scripts/parse_inn_sequences.py refuses to emit a disagreeing sequence."
HYD-OLG-0027,tofersen,single_strand,4,G,2'-MOE,none,phosphodiester,position_resolved_from_WHO_INN_chemical_name,WHO_INN_List_81,"Recommended INN List 81, entry 'tofersen', English chemical name","Every field on this row is a deterministic parse of the INN entry, which spells out each residue's sugar, base, 5-methylation and 3' linkage. The parse is validated against the product label's molecular formula and, where the label states them, its phosphorothioate and phosphodiester counts; scripts/parse_inn_sequences.py refuses to emit a disagreeing sequence."
HYD-OLG-0027,tofersen,single_strand,5,A,2'-MOE,none,phosphorothioate,position_resolved_from_WHO_INN_chemical_name,WHO_INN_List_81,"Recommended INN List 81, entry 'tofersen', English chemical name","Every field on this row is a deterministic parse of the INN entry, which spells out each residue's sugar, base, 5-methylation and 3' linkage. The parse is validated against the product label's molecular formula and, where the label states them, its phosphorothioate and phosphodiester counts; scripts/parse_inn_sequences.py refuses to emit a disagreeing sequence."
HYD-OLG-0027,tofersen,single_strand,6,T,DNA_2prime_deoxy,none,phosphorothioate,position_resolved_from_WHO_INN_chemical_name,WHO_INN_List_81,"Recommended INN List 81, entry 'tofersen', English chemical name","Every field on this row is a deterministic parse of the INN entry, which spells out each residue's sugar, base, 5-methylation and 3' linkage. The parse is validated against the product label's molecular formula and, where the label states them, its phosphorothioate and phosphodiester counts; scripts/parse_inn_sequences.py refuses to emit a disagreeing sequence."
HYD-OLG-0027,tofersen,single_strand,7,A,DNA_2prime_deoxy,none,phosphorothioate,position_resolved_from_WHO_INN_chemical_name,WHO_INN_List_81,"Recommended INN List 81, entry 'tofersen', English chemical name","Every field on this row is a deterministic parse of the INN entry, which spells out each residue's sugar, base, 5-methylation and 3' linkage. The parse is validated against the product label's molecular formula and, where the label states them, its phosphorothioate and phosphodiester counts; scripts/parse_inn_sequences.py refuses to emit a disagreeing sequence."
HYD-OLG-0027,tofersen,single_strand,8,C,DNA_2prime_deoxy,5-methylcytosine,phosphorothioate,position_resolved_from_WHO_INN_chemical_name,WHO_INN_List_81,"Recommended INN List 81, entry 'tofersen', English chemical name","Every field on this row is a deterministic parse of the INN entry, which spells out each residue's sugar, base, 5-methylation and 3' linkage. The parse is validated against the product label's molecular formula and, where the label states them, its phosphorothioate and phosphodiester counts; scripts/parse_inn_sequences.py refuses to emit a disagreeing sequence."
HYD-OLG-0027,tofersen,single_strand,9,A,DNA_2prime_deoxy,none,phosphorothioate,position_resolved_from_WHO_INN_chemical_name,WHO_INN_List_81,"Recommended INN List 81, entry 'tofersen', English chemical name","Every field on this row is a deterministic parse of the INN entry, which spells out each residue's sugar, base, 5-methylation and 3' linkage. The parse is validated against the product label's molecular formula and, where the label states them, its phosphorothioate and phosphodiester counts; scripts/parse_inn_sequences.py refuses to emit a disagreeing sequence."
HYD-OLG-0027,tofersen,single_strand,10,T,DNA_2prime_deoxy,none,phosphorothioate,position_resolved_from_WHO_INN_chemical_name,WHO_INN_List_81,"Recommended INN List 81, entry 'tofersen', English chemical name","Every field on this row is a deterministic parse of the INN entry, which spells out each residue's sugar, base, 5-methylation and 3' linkage. The parse is validated against the product label's molecular formula and, where the label states them, its phosphorothioate and phosphodiester counts; scripts/parse_inn_sequences.py refuses to emit a disagreeing sequence."
HYD-OLG-0027,tofersen,single_strand,11,T,DNA_2prime_deoxy,none,phosphorothioate,position_resolved_from_WHO_INN_chemical_name,WHO_INN_List_81,"Recommended INN List 81, entry 'tofersen', English chemical name","Every field on this row is a deterministic parse of the INN entry, which spells out each residue's sugar, base, 5-methylation and 3' linkage. The parse is validated against the product label's molecular formula and, where the label states them, its phosphorothioate and phosphodiester counts; scripts/parse_inn_sequences.py refuses to emit a disagreeing sequence."
HYD-OLG-0027,tofersen,single_strand,12,T,DNA_2prime_deoxy,none,phosphorothioate,position_resolved_from_WHO_INN_chemical_name,WHO_INN_List_81,"Recommended INN List 81, entry 'tofersen', English chemical name","Every field on this row is a deterministic parse of the INN entry, which spells out each residue's sugar, base, 5-methylation and 3' linkage. The parse is validated against the product label's molecular formula and, where the label states them, its phosphorothioate and phosphodiester counts; scripts/parse_inn_sequences.py refuses to emit a disagreeing sequence."
HYD-OLG-0027,tofersen,single_strand,13,C,DNA_2prime_deoxy,5-methylcytosine,phosphorothioate,position_resolved_from_WHO_INN_chemical_name,WHO_INN_List_81,"Recommended INN List 81, entry 'tofersen', English chemical name","Every field on this row is a deterministic parse of the INN entry, which spells out each residue's sugar, base, 5-methylation and 3' linkage. The parse is validated against the product label's molecular formula and, where the label states them, its phosphorothioate and phosphodiester counts; scripts/parse_inn_sequences.py refuses to emit a disagreeing sequence."
HYD-OLG-0027,tofersen,single_strand,14,T,DNA_2prime_deoxy,none,phosphorothioate,position_resolved_from_WHO_INN_chemical_name,WHO_INN_List_81,"Recommended INN List 81, entry 'tofersen', English chemical name","Every field on this row is a deterministic parse of the INN entry, which spells out each residue's sugar, base, 5-methylation and 3' linkage. The parse is validated against the product label's molecular formula and, where the label states them, its phosphorothioate and phosphodiester counts; scripts/parse_inn_sequences.py refuses to emit a disagreeing sequence."
HYD-OLG-0027,tofersen,single_strand,15,A,DNA_2prime_deoxy,none,phosphorothioate,position_resolved_from_WHO_INN_chemical_name,WHO_INN_List_81,"Recommended INN List 81, entry 'tofersen', English chemical name","Every field on this row is a deterministic parse of the INN entry, which spells out each residue's sugar, base, 5-methylation and 3' linkage. The parse is validated against the product label's molecular formula and, where the label states them, its phosphorothioate and phosphodiester counts; scripts/parse_inn_sequences.py refuses to emit a disagreeing sequence."
HYD-OLG-0027,tofersen,single_strand,16,C,2'-MOE,5-methylcytosine,phosphodiester,position_resolved_from_WHO_INN_chemical_name,WHO_INN_List_81,"Recommended INN List 81, entry 'tofersen', English chemical name","Every field on this row is a deterministic parse of the INN entry, which spells out each residue's sugar, base, 5-methylation and 3' linkage. The parse is validated against the product label's molecular formula and, where the label states them, its phosphorothioate and phosphodiester counts; scripts/parse_inn_sequences.py refuses to emit a disagreeing sequence."
HYD-OLG-0027,tofersen,single_strand,17,A,2'-MOE,none,phosphorothioate,position_resolved_from_WHO_INN_chemical_name,WHO_INN_List_81,"Recommended INN List 81, entry 'tofersen', English chemical name","Every field on this row is a deterministic parse of the INN entry, which spells out each residue's sugar, base, 5-methylation and 3' linkage. The parse is validated against the product label's molecular formula and, where the label states them, its phosphorothioate and phosphodiester counts; scripts/parse_inn_sequences.py refuses to emit a disagreeing sequence."
HYD-OLG-0027,tofersen,single_strand,18,G,2'-MOE,none,phosphodiester,position_resolved_from_WHO_INN_chemical_name,WHO_INN_List_81,"Recommended INN List 81, entry 'tofersen', English chemical name","Every field on this row is a deterministic parse of the INN entry, which spells out each residue's sugar, base, 5-methylation and 3' linkage. The parse is validated against the product label's molecular formula and, where the label states them, its phosphorothioate and phosphodiester counts; scripts/parse_inn_sequences.py refuses to emit a disagreeing sequence."
HYD-OLG-0027,tofersen,single_strand,19,C,2'-MOE,5-methylcytosine,phosphorothioate,position_resolved_from_WHO_INN_chemical_name,WHO_INN_List_81,"Recommended INN List 81, entry 'tofersen', English chemical name","Every field on this row is a deterministic parse of the INN entry, which spells out each residue's sugar, base, 5-methylation and 3' linkage. The parse is validated against the product label's molecular formula and, where the label states them, its phosphorothioate and phosphodiester counts; scripts/parse_inn_sequences.py refuses to emit a disagreeing sequence."
HYD-OLG-0027,tofersen,single_strand,20,U,2'-MOE,5-methyluracil,terminal_none,position_resolved_from_WHO_INN_chemical_name,WHO_INN_List_81,"Recommended INN List 81, entry 'tofersen', English chemical name","Every field on this row is a deterministic parse of the INN entry, which spells out each residue's sugar, base, 5-methylation and 3' linkage. The parse is validated against the product label's molecular formula and, where the label states them, its phosphorothioate and phosphodiester counts; scripts/parse_inn_sequences.py refuses to emit a disagreeing sequence."
HYD-OLG-0028,tominersen,single_strand,1,C,2'-MOE,5-methylcytosine,phosphorothioate,position_resolved_from_WHO_INN_chemical_name,WHO_INN_List_83,"Recommended INN List 83, entry 'tominersen', English chemical name","Every field on this row is a deterministic parse of the INN entry, which spells out each residue's sugar, base, 5-methylation and 3' linkage. The parse is validated against the product label's molecular formula and, where the label states them, its phosphorothioate and phosphodiester counts; scripts/parse_inn_sequences.py refuses to emit a disagreeing sequence."
HYD-OLG-0028,tominersen,single_strand,2,U,2'-MOE,5-methyluracil,phosphodiester,position_resolved_from_WHO_INN_chemical_name,WHO_INN_List_83,"Recommended INN List 83, entry 'tominersen', English chemical name","Every field on this row is a deterministic parse of the INN entry, which spells out each residue's sugar, base, 5-methylation and 3' linkage. The parse is validated against the product label's molecular formula and, where the label states them, its phosphorothioate and phosphodiester counts; scripts/parse_inn_sequences.py refuses to emit a disagreeing sequence."
HYD-OLG-0028,tominersen,single_strand,3,C,2'-MOE,5-methylcytosine,phosphodiester,position_resolved_from_WHO_INN_chemical_name,WHO_INN_List_83,"Recommended INN List 83, entry 'tominersen', English chemical name","Every field on this row is a deterministic parse of the INN entry, which spells out each residue's sugar, base, 5-methylation and 3' linkage. The parse is validated against the product label's molecular formula and, where the label states them, its phosphorothioate and phosphodiester counts; scripts/parse_inn_sequences.py refuses to emit a disagreeing sequence."
HYD-OLG-0028,tominersen,single_strand,4,A,2'-MOE,none,phosphodiester,position_resolved_from_WHO_INN_chemical_name,WHO_INN_List_83,"Recommended INN List 83, entry 'tominersen', English chemical name","Every field on this row is a deterministic parse of the INN entry, which spells out each residue's sugar, base, 5-methylation and 3' linkage. The parse is validated against the product label's molecular formula and, where the label states them, its phosphorothioate and phosphodiester counts; scripts/parse_inn_sequences.py refuses to emit a disagreeing sequence."
HYD-OLG-0028,tominersen,single_strand,5,G,2'-MOE,none,phosphorothioate,position_resolved_from_WHO_INN_chemical_name,WHO_INN_List_83,"Recommended INN List 83, entry 'tominersen', English chemical name","Every field on this row is a deterministic parse of the INN entry, which spells out each residue's sugar, base, 5-methylation and 3' linkage. The parse is validated against the product label's molecular formula and, where the label states them, its phosphorothioate and phosphodiester counts; scripts/parse_inn_sequences.py refuses to emit a disagreeing sequence."
HYD-OLG-0028,tominersen,single_strand,6,T,DNA_2prime_deoxy,none,phosphorothioate,position_resolved_from_WHO_INN_chemical_name,WHO_INN_List_83,"Recommended INN List 83, entry 'tominersen', English chemical name","Every field on this row is a deterministic parse of the INN entry, which spells out each residue's sugar, base, 5-methylation and 3' linkage. The parse is validated against the product label's molecular formula and, where the label states them, its phosphorothioate and phosphodiester counts; scripts/parse_inn_sequences.py refuses to emit a disagreeing sequence."
HYD-OLG-0028,tominersen,single_strand,7,A,DNA_2prime_deoxy,none,phosphorothioate,position_resolved_from_WHO_INN_chemical_name,WHO_INN_List_83,"Recommended INN List 83, entry 'tominersen', English chemical name","Every field on this row is a deterministic parse of the INN entry, which spells out each residue's sugar, base, 5-methylation and 3' linkage. The parse is validated against the product label's molecular formula and, where the label states them, its phosphorothioate and phosphodiester counts; scripts/parse_inn_sequences.py refuses to emit a disagreeing sequence."
HYD-OLG-0028,tominersen,single_strand,8,A,DNA_2prime_deoxy,none,phosphorothioate,position_resolved_from_WHO_INN_chemical_name,WHO_INN_List_83,"Recommended INN List 83, entry 'tominersen', English chemical name","Every field on this row is a deterministic parse of the INN entry, which spells out each residue's sugar, base, 5-methylation and 3' linkage. The parse is validated against the product label's molecular formula and, where the label states them, its phosphorothioate and phosphodiester counts; scripts/parse_inn_sequences.py refuses to emit a disagreeing sequence."
HYD-OLG-0028,tominersen,single_strand,9,C,DNA_2prime_deoxy,5-methylcytosine,phosphorothioate,position_resolved_from_WHO_INN_chemical_name,WHO_INN_List_83,"Recommended INN List 83, entry 'tominersen', English chemical name","Every field on this row is a deterministic parse of the INN entry, which spells out each residue's sugar, base, 5-methylation and 3' linkage. The parse is validated against the product label's molecular formula and, where the label states them, its phosphorothioate and phosphodiester counts; scripts/parse_inn_sequences.py refuses to emit a disagreeing sequence."
HYD-OLG-0028,tominersen,single_strand,10,A,DNA_2prime_deoxy,none,phosphorothioate,position_resolved_from_WHO_INN_chemical_name,WHO_INN_List_83,"Recommended INN List 83, entry 'tominersen', English chemical name","Every field on this row is a deterministic parse of the INN entry, which spells out each residue's sugar, base, 5-methylation and 3' linkage. The parse is validated against the product label's molecular formula and, where the label states them, its phosphorothioate and phosphodiester counts; scripts/parse_inn_sequences.py refuses to emit a disagreeing sequence."
HYD-OLG-0028,tominersen,single_strand,11,T,DNA_2prime_deoxy,none,phosphorothioate,position_resolved_from_WHO_INN_chemical_name,WHO_INN_List_83,"Recommended INN List 83, entry 'tominersen', English chemical name","Every field on this row is a deterministic parse of the INN entry, which spells out each residue's sugar, base, 5-methylation and 3' linkage. The parse is validated against the product label's molecular formula and, where the label states them, its phosphorothioate and phosphodiester counts; scripts/parse_inn_sequences.py refuses to emit a disagreeing sequence."
HYD-OLG-0028,tominersen,single_strand,12,T,DNA_2prime_deoxy,none,phosphorothioate,position_resolved_from_WHO_INN_chemical_name,WHO_INN_List_83,"Recommended INN List 83, entry 'tominersen', English chemical name","Every field on this row is a deterministic parse of the INN entry, which spells out each residue's sugar, base, 5-methylation and 3' linkage. The parse is validated against the product label's molecular formula and, where the label states them, its phosphorothioate and phosphodiester counts; scripts/parse_inn_sequences.py refuses to emit a disagreeing sequence."
HYD-OLG-0028,tominersen,single_strand,13,G,DNA_2prime_deoxy,none,phosphorothioate,position_resolved_from_WHO_INN_chemical_name,WHO_INN_List_83,"Recommended INN List 83, entry 'tominersen', English chemical name","Every field on this row is a deterministic parse of the INN entry, which spells out each residue's sugar, base, 5-methylation and 3' linkage. The parse is validated against the product label's molecular formula and, where the label states them, its phosphorothioate and phosphodiester counts; scripts/parse_inn_sequences.py refuses to emit a disagreeing sequence."
HYD-OLG-0028,tominersen,single_strand,14,A,DNA_2prime_deoxy,none,phosphorothioate,position_resolved_from_WHO_INN_chemical_name,WHO_INN_List_83,"Recommended INN List 83, entry 'tominersen', English chemical name","Every field on this row is a deterministic parse of the INN entry, which spells out each residue's sugar, base, 5-methylation and 3' linkage. The parse is validated against the product label's molecular formula and, where the label states them, its phosphorothioate and phosphodiester counts; scripts/parse_inn_sequences.py refuses to emit a disagreeing sequence."
HYD-OLG-0028,tominersen,single_strand,15,C,DNA_2prime_deoxy,5-methylcytosine,phosphorothioate,position_resolved_from_WHO_INN_chemical_name,WHO_INN_List_83,"Recommended INN List 83, entry 'tominersen', English chemical name","Every field on this row is a deterministic parse of the INN entry, which spells out each residue's sugar, base, 5-methylation and 3' linkage. The parse is validated against the product label's molecular formula and, where the label states them, its phosphorothioate and phosphodiester counts; scripts/parse_inn_sequences.py refuses to emit a disagreeing sequence."
HYD-OLG-0028,tominersen,single_strand,16,A,2'-MOE,none,phosphodiester,position_resolved_from_WHO_INN_chemical_name,WHO_INN_List_83,"Recommended INN List 83, entry 'tominersen', English chemical name","Every field on this row is a deterministic parse of the INN entry, which spells out each residue's sugar, base, 5-methylation and 3' linkage. The parse is validated against the product label's molecular formula and, where the label states them, its phosphorothioate and phosphodiester counts; scripts/parse_inn_sequences.py refuses to emit a disagreeing sequence."
HYD-OLG-0028,tominersen,single_strand,17,C,2'-MOE,5-methylcytosine,phosphodiester,position_resolved_from_WHO_INN_chemical_name,WHO_INN_List_83,"Recommended INN List 83, entry 'tominersen', English chemical name","Every field on this row is a deterministic parse of the INN entry, which spells out each residue's sugar, base, 5-methylation and 3' linkage. The parse is validated against the product label's molecular formula and, where the label states them, its phosphorothioate and phosphodiester counts; scripts/parse_inn_sequences.py refuses to emit a disagreeing sequence."
HYD-OLG-0028,tominersen,single_strand,18,C,2'-MOE,5-methylcytosine,phosphodiester,position_resolved_from_WHO_INN_chemical_name,WHO_INN_List_83,"Recommended INN List 83, entry 'tominersen', English chemical name","Every field on this row is a deterministic parse of the INN entry, which spells out each residue's sugar, base, 5-methylation and 3' linkage. The parse is validated against the product label's molecular formula and, where the label states them, its phosphorothioate and phosphodiester counts; scripts/parse_inn_sequences.py refuses to emit a disagreeing sequence."
HYD-OLG-0028,tominersen,single_strand,19,A,2'-MOE,none,phosphorothioate,position_resolved_from_WHO_INN_chemical_name,WHO_INN_List_83,"Recommended INN List 83, entry 'tominersen', English chemical name","Every field on this row is a deterministic parse of the INN entry, which spells out each residue's sugar, base, 5-methylation and 3' linkage. The parse is validated against the product label's molecular formula and, where the label states them, its phosphorothioate and phosphodiester counts; scripts/parse_inn_sequences.py refuses to emit a disagreeing sequence."
HYD-OLG-0028,tominersen,single_strand,20,C,2'-MOE,5-methylcytosine,terminal_none,position_resolved_from_WHO_INN_chemical_name,WHO_INN_List_83,"Recommended INN List 83, entry 'tominersen', English chemical name","Every field on this row is a deterministic parse of the INN entry, which spells out each residue's sugar, base, 5-methylation and 3' linkage. The parse is validated against the product label's molecular formula and, where the label states them, its phosphorothioate and phosphodiester counts; scripts/parse_inn_sequences.py refuses to emit a disagreeing sequence."
HYD-OLG-0007,eplontersen,single_strand,1,U,2'-MOE,5-methyluracil,phosphorothioate,position_resolved_from_WHO_INN_chemical_name,WHO_INN_List_85,"Recommended INN List 85, entry 'eplontersen', English chemical name","Every field on this row is a deterministic parse of the INN entry, which spells out each residue's sugar, base, 5-methylation and 3' linkage. The parse is validated against the product label's molecular formula and, where the label states them, its phosphorothioate and phosphodiester counts; scripts/parse_inn_sequences.py refuses to emit a disagreeing sequence."
HYD-OLG-0007,eplontersen,single_strand,2,C,2'-MOE,5-methylcytosine,phosphodiester,position_resolved_from_WHO_INN_chemical_name,WHO_INN_List_85,"Recommended INN List 85, entry 'eplontersen', English chemical name","Every field on this row is a deterministic parse of the INN entry, which spells out each residue's sugar, base, 5-methylation and 3' linkage. The parse is validated against the product label's molecular formula and, where the label states them, its phosphorothioate and phosphodiester counts; scripts/parse_inn_sequences.py refuses to emit a disagreeing sequence."
HYD-OLG-0007,eplontersen,single_strand,3,U,2'-MOE,5-methyluracil,phosphodiester,position_resolved_from_WHO_INN_chemical_name,WHO_INN_List_85,"Recommended INN List 85, entry 'eplontersen', English chemical name","Every field on this row is a deterministic parse of the INN entry, which spells out each residue's sugar, base, 5-methylation and 3' linkage. The parse is validated against the product label's molecular formula and, where the label states them, its phosphorothioate and phosphodiester counts; scripts/parse_inn_sequences.py refuses to emit a disagreeing sequence."
HYD-OLG-0007,eplontersen,single_strand,4,U,2'-MOE,5-methyluracil,phosphodiester,position_resolved_from_WHO_INN_chemical_name,WHO_INN_List_85,"Recommended INN List 85, entry 'eplontersen', English chemical name","Every field on this row is a deterministic parse of the INN entry, which spells out each residue's sugar, base, 5-methylation and 3' linkage. The parse is validated against the product label's molecular formula and, where the label states them, its phosphorothioate and phosphodiester counts; scripts/parse_inn_sequences.py refuses to emit a disagreeing sequence."
HYD-OLG-0007,eplontersen,single_strand,5,G,2'-MOE,none,phosphodiester,position_resolved_from_WHO_INN_chemical_name,WHO_INN_List_85,"Recommended INN List 85, entry 'eplontersen', English chemical name","Every field on this row is a deterministic parse of the INN entry, which spells out each residue's sugar, base, 5-methylation and 3' linkage. The parse is validated against the product label's molecular formula and, where the label states them, its phosphorothioate and phosphodiester counts; scripts/parse_inn_sequences.py refuses to emit a disagreeing sequence."
HYD-OLG-0007,eplontersen,single_strand,6,G,DNA_2prime_deoxy,none,phosphorothioate,position_resolved_from_WHO_INN_chemical_name,WHO_INN_List_85,"Recommended INN List 85, entry 'eplontersen', English chemical name","Every field on this row is a deterministic parse of the INN entry, which spells out each residue's sugar, base, 5-methylation and 3' linkage. The parse is validated against the product label's molecular formula and, where the label states them, its phosphorothioate and phosphodiester counts; scripts/parse_inn_sequences.py refuses to emit a disagreeing sequence."
HYD-OLG-0007,eplontersen,single_strand,7,T,DNA_2prime_deoxy,none,phosphorothioate,position_resolved_from_WHO_INN_chemical_name,WHO_INN_List_85,"Recommended INN List 85, entry 'eplontersen', English chemical name","Every field on this row is a deterministic parse of the INN entry, which spells out each residue's sugar, base, 5-methylation and 3' linkage. The parse is validated against the product label's molecular formula and, where the label states them, its phosphorothioate and phosphodiester counts; scripts/parse_inn_sequences.py refuses to emit a disagreeing sequence."
HYD-OLG-0007,eplontersen,single_strand,8,T,DNA_2prime_deoxy,none,phosphorothioate,position_resolved_from_WHO_INN_chemical_name,WHO_INN_List_85,"Recommended INN List 85, entry 'eplontersen', English chemical name","Every field on this row is a deterministic parse of the INN entry, which spells out each residue's sugar, base, 5-methylation and 3' linkage. The parse is validated against the product label's molecular formula and, where the label states them, its phosphorothioate and phosphodiester counts; scripts/parse_inn_sequences.py refuses to emit a disagreeing sequence."
HYD-OLG-0007,eplontersen,single_strand,9,A,DNA_2prime_deoxy,none,phosphorothioate,position_resolved_from_WHO_INN_chemical_name,WHO_INN_List_85,"Recommended INN List 85, entry 'eplontersen', English chemical name","Every field on this row is a deterministic parse of the INN entry, which spells out each residue's sugar, base, 5-methylation and 3' linkage. The parse is validated against the product label's molecular formula and, where the label states them, its phosphorothioate and phosphodiester counts; scripts/parse_inn_sequences.py refuses to emit a disagreeing sequence."
HYD-OLG-0007,eplontersen,single_strand,10,C,DNA_2prime_deoxy,5-methylcytosine,phosphorothioate,position_resolved_from_WHO_INN_chemical_name,WHO_INN_List_85,"Recommended INN List 85, entry 'eplontersen', English chemical name","Every field on this row is a deterministic parse of the INN entry, which spells out each residue's sugar, base, 5-methylation and 3' linkage. The parse is validated against the product label's molecular formula and, where the label states them, its phosphorothioate and phosphodiester counts; scripts/parse_inn_sequences.py refuses to emit a disagreeing sequence."
HYD-OLG-0007,eplontersen,single_strand,11,A,DNA_2prime_deoxy,none,phosphorothioate,position_resolved_from_WHO_INN_chemical_name,WHO_INN_List_85,"Recommended INN List 85, entry 'eplontersen', English chemical name","Every field on this row is a deterministic parse of the INN entry, which spells out each residue's sugar, base, 5-methylation and 3' linkage. The parse is validated against the product label's molecular formula and, where the label states them, its phosphorothioate and phosphodiester counts; scripts/parse_inn_sequences.py refuses to emit a disagreeing sequence."
HYD-OLG-0007,eplontersen,single_strand,12,T,DNA_2prime_deoxy,none,phosphorothioate,position_resolved_from_WHO_INN_chemical_name,WHO_INN_List_85,"Recommended INN List 85, entry 'eplontersen', English chemical name","Every field on this row is a deterministic parse of the INN entry, which spells out each residue's sugar, base, 5-methylation and 3' linkage. The parse is validated against the product label's molecular formula and, where the label states them, its phosphorothioate and phosphodiester counts; scripts/parse_inn_sequences.py refuses to emit a disagreeing sequence."
HYD-OLG-0007,eplontersen,single_strand,13,G,DNA_2prime_deoxy,none,phosphorothioate,position_resolved_from_WHO_INN_chemical_name,WHO_INN_List_85,"Recommended INN List 85, entry 'eplontersen', English chemical name","Every field on this row is a deterministic parse of the INN entry, which spells out each residue's sugar, base, 5-methylation and 3' linkage. The parse is validated against the product label's molecular formula and, where the label states them, its phosphorothioate and phosphodiester counts; scripts/parse_inn_sequences.py refuses to emit a disagreeing sequence."
HYD-OLG-0007,eplontersen,single_strand,14,A,DNA_2prime_deoxy,none,phosphorothioate,position_resolved_from_WHO_INN_chemical_name,WHO_INN_List_85,"Recommended INN List 85, entry 'eplontersen', English chemical name","Every field on this row is a deterministic parse of the INN entry, which spells out each residue's sugar, base, 5-methylation and 3' linkage. The parse is validated against the product label's molecular formula and, where the label states them, its phosphorothioate and phosphodiester counts; scripts/parse_inn_sequences.py refuses to emit a disagreeing sequence."
HYD-OLG-0007,eplontersen,single_strand,15,A,DNA_2prime_deoxy,none,phosphorothioate,position_resolved_from_WHO_INN_chemical_name,WHO_INN_List_85,"Recommended INN List 85, entry 'eplontersen', English chemical name","Every field on this row is a deterministic parse of the INN entry, which spells out each residue's sugar, base, 5-methylation and 3' linkage. The parse is validated against the product label's molecular formula and, where the label states them, its phosphorothioate and phosphodiester counts; scripts/parse_inn_sequences.py refuses to emit a disagreeing sequence."
HYD-OLG-0007,eplontersen,single_strand,16,A,2'-MOE,none,phosphodiester,position_resolved_from_WHO_INN_chemical_name,WHO_INN_List_85,"Recommended INN List 85, entry 'eplontersen', English chemical name","Every field on this row is a deterministic parse of the INN entry, which spells out each residue's sugar, base, 5-methylation and 3' linkage. The parse is validated against the product label's molecular formula and, where the label states them, its phosphorothioate and phosphodiester counts; scripts/parse_inn_sequences.py refuses to emit a disagreeing sequence."
HYD-OLG-0007,eplontersen,single_strand,17,U,2'-MOE,5-methyluracil,phosphodiester,position_resolved_from_WHO_INN_chemical_name,WHO_INN_List_85,"Recommended INN List 85, entry 'eplontersen', English chemical name","Every field on this row is a deterministic parse of the INN entry, which spells out each residue's sugar, base, 5-methylation and 3' linkage. The parse is validated against the product label's molecular formula and, where the label states them, its phosphorothioate and phosphodiester counts; scripts/parse_inn_sequences.py refuses to emit a disagreeing sequence."
HYD-OLG-0007,eplontersen,single_strand,18,C,2'-MOE,5-methylcytosine,phosphorothioate,position_resolved_from_WHO_INN_chemical_name,WHO_INN_List_85,"Recommended INN List 85, entry 'eplontersen', English chemical name","Every field on this row is a deterministic parse of the INN entry, which spells out each residue's sugar, base, 5-methylation and 3' linkage. The parse is validated against the product label's molecular formula and, where the label states them, its phosphorothioate and phosphodiester counts; scripts/parse_inn_sequences.py refuses to emit a disagreeing sequence."
HYD-OLG-0007,eplontersen,single_strand,19,C,2'-MOE,5-methylcytosine,phosphorothioate,position_resolved_from_WHO_INN_chemical_name,WHO_INN_List_85,"Recommended INN List 85, entry 'eplontersen', English chemical name","Every field on this row is a deterministic parse of the INN entry, which spells out each residue's sugar, base, 5-methylation and 3' linkage. The parse is validated against the product label's molecular formula and, where the label states them, its phosphorothioate and phosphodiester counts; scripts/parse_inn_sequences.py refuses to emit a disagreeing sequence."
HYD-OLG-0007,eplontersen,single_strand,20,C,2'-MOE,5-methylcytosine,terminal_none,position_resolved_from_WHO_INN_chemical_name,WHO_INN_List_85,"Recommended INN List 85, entry 'eplontersen', English chemical name","Every field on this row is a deterministic parse of the INN entry, which spells out each residue's sugar, base, 5-methylation and 3' linkage. The parse is validated against the product label's molecular formula and, where the label states them, its phosphorothioate and phosphodiester counts; scripts/parse_inn_sequences.py refuses to emit a disagreeing sequence."
HYD-OLG-0031,volanesorsen,single_strand,1,A,2'-MOE,none,phosphorothioate,position_resolved_from_WHO_INN_chemical_name,WHO_INN_List_75,"Recommended INN List 75, entry 'volanesorsen', English chemical name","Every field on this row is a deterministic parse of the INN entry, which spells out each residue's sugar, base, 5-methylation and 3' linkage. The parse is validated against the product label's molecular formula and, where the label states them, its phosphorothioate and phosphodiester counts; scripts/parse_inn_sequences.py refuses to emit a disagreeing sequence."
HYD-OLG-0031,volanesorsen,single_strand,2,G,2'-MOE,none,phosphorothioate,position_resolved_from_WHO_INN_chemical_name,WHO_INN_List_75,"Recommended INN List 75, entry 'volanesorsen', English chemical name","Every field on this row is a deterministic parse of the INN entry, which spells out each residue's sugar, base, 5-methylation and 3' linkage. The parse is validated against the product label's molecular formula and, where the label states them, its phosphorothioate and phosphodiester counts; scripts/parse_inn_sequences.py refuses to emit a disagreeing sequence."
HYD-OLG-0031,volanesorsen,single_strand,3,C,2'-MOE,5-methylcytosine,phosphorothioate,position_resolved_from_WHO_INN_chemical_name,WHO_INN_List_75,"Recommended INN List 75, entry 'volanesorsen', English chemical name","Every field on this row is a deterministic parse of the INN entry, which spells out each residue's sugar, base, 5-methylation and 3' linkage. The parse is validated against the product label's molecular formula and, where the label states them, its phosphorothioate and phosphodiester counts; scripts/parse_inn_sequences.py refuses to emit a disagreeing sequence."
HYD-OLG-0031,volanesorsen,single_strand,4,U,2'-MOE,5-methyluracil,phosphorothioate,position_resolved_from_WHO_INN_chemical_name,WHO_INN_List_75,"Recommended INN List 75, entry 'volanesorsen', English chemical name","Every field on this row is a deterministic parse of the INN entry, which spells out each residue's sugar, base, 5-methylation and 3' linkage. The parse is validated against the product label's molecular formula and, where the label states them, its phosphorothioate and phosphodiester counts; scripts/parse_inn_sequences.py refuses to emit a disagreeing sequence."
HYD-OLG-0031,volanesorsen,single_strand,5,U,2'-MOE,5-methyluracil,phosphorothioate,position_resolved_from_WHO_INN_chemical_name,WHO_INN_List_75,"Recommended INN List 75, entry 'volanesorsen', English chemical name","Every field on this row is a deterministic parse of the INN entry, which spells out each residue's sugar, base, 5-methylation and 3' linkage. The parse is validated against the product label's molecular formula and, where the label states them, its phosphorothioate and phosphodiester counts; scripts/parse_inn_sequences.py refuses to emit a disagreeing sequence."
HYD-OLG-0031,volanesorsen,single_strand,6,C,DNA_2prime_deoxy,5-methylcytosine,phosphorothioate,position_resolved_from_WHO_INN_chemical_name,WHO_INN_List_75,"Recommended INN List 75, entry 'volanesorsen', English chemical name","Every field on this row is a deterministic parse of the INN entry, which spells out each residue's sugar, base, 5-methylation and 3' linkage. The parse is validated against the product label's molecular formula and, where the label states them, its phosphorothioate and phosphodiester counts; scripts/parse_inn_sequences.py refuses to emit a disagreeing sequence."
HYD-OLG-0031,volanesorsen,single_strand,7,T,DNA_2prime_deoxy,none,phosphorothioate,position_resolved_from_WHO_INN_chemical_name,WHO_INN_List_75,"Recommended INN List 75, entry 'volanesorsen', English chemical name","Every field on this row is a deterministic parse of the INN entry, which spells out each residue's sugar, base, 5-methylation and 3' linkage. The parse is validated against the product label's molecular formula and, where the label states them, its phosphorothioate and phosphodiester counts; scripts/parse_inn_sequences.py refuses to emit a disagreeing sequence."
HYD-OLG-0031,volanesorsen,single_strand,8,T,DNA_2prime_deoxy,none,phosphorothioate,position_resolved_from_WHO_INN_chemical_name,WHO_INN_List_75,"Recommended INN List 75, entry 'volanesorsen', English chemical name","Every field on this row is a deterministic parse of the INN entry, which spells out each residue's sugar, base, 5-methylation and 3' linkage. The parse is validated against the product label's molecular formula and, where the label states them, its phosphorothioate and phosphodiester counts; scripts/parse_inn_sequences.py refuses to emit a disagreeing sequence."
HYD-OLG-0031,volanesorsen,single_strand,9,G,DNA_2prime_deoxy,none,phosphorothioate,position_resolved_from_WHO_INN_chemical_name,WHO_INN_List_75,"Recommended INN List 75, entry 'volanesorsen', English chemical name","Every field on this row is a deterministic parse of the INN entry, which spells out each residue's sugar, base, 5-methylation and 3' linkage. The parse is validated against the product label's molecular formula and, where the label states them, its phosphorothioate and phosphodiester counts; scripts/parse_inn_sequences.py refuses to emit a disagreeing sequence."
HYD-OLG-0031,volanesorsen,single_strand,10,T,DNA_2prime_deoxy,none,phosphorothioate,position_resolved_from_WHO_INN_chemical_name,WHO_INN_List_75,"Recommended INN List 75, entry 'volanesorsen', English chemical name","Every field on this row is a deterministic parse of the INN entry, which spells out each residue's sugar, base, 5-methylation and 3' linkage. The parse is validated against the product label's molecular formula and, where the label states them, its phosphorothioate and phosphodiester counts; scripts/parse_inn_sequences.py refuses to emit a disagreeing sequence."
HYD-OLG-0031,volanesorsen,single_strand,11,C,DNA_2prime_deoxy,5-methylcytosine,phosphorothioate,position_resolved_from_WHO_INN_chemical_name,WHO_INN_List_75,"Recommended INN List 75, entry 'volanesorsen', English chemical name","Every field on this row is a deterministic parse of the INN entry, which spells out each residue's sugar, base, 5-methylation and 3' linkage. The parse is validated against the product label's molecular formula and, where the label states them, its phosphorothioate and phosphodiester counts; scripts/parse_inn_sequences.py refuses to emit a disagreeing sequence."
HYD-OLG-0031,volanesorsen,single_strand,12,C,DNA_2prime_deoxy,5-methylcytosine,phosphorothioate,position_resolved_from_WHO_INN_chemical_name,WHO_INN_List_75,"Recommended INN List 75, entry 'volanesorsen', English chemical name","Every field on this row is a deterministic parse of the INN entry, which spells out each residue's sugar, base, 5-methylation and 3' linkage. The parse is validated against the product label's molecular formula and, where the label states them, its phosphorothioate and phosphodiester counts; scripts/parse_inn_sequences.py refuses to emit a disagreeing sequence."
HYD-OLG-0031,volanesorsen,single_strand,13,A,DNA_2prime_deoxy,none,phosphorothioate,position_resolved_from_WHO_INN_chemical_name,WHO_INN_List_75,"Recommended INN List 75, entry 'volanesorsen', English chemical name","Every field on this row is a deterministic parse of the INN entry, which spells out each residue's sugar, base, 5-methylation and 3' linkage. The parse is validated against the product label's molecular formula and, where the label states them, its phosphorothioate and phosphodiester counts; scripts/parse_inn_sequences.py refuses to emit a disagreeing sequence."
HYD-OLG-0031,volanesorsen,single_strand,14,G,DNA_2prime_deoxy,none,phosphorothioate,position_resolved_from_WHO_INN_chemical_name,WHO_INN_List_75,"Recommended INN List 75, entry 'volanesorsen', English chemical name","Every field on this row is a deterministic parse of the INN entry, which spells out each residue's sugar, base, 5-methylation and 3' linkage. The parse is validated against the product label's molecular formula and, where the label states them, its phosphorothioate and phosphodiester counts; scripts/parse_inn_sequences.py refuses to emit a disagreeing sequence."
HYD-OLG-0031,volanesorsen,single_strand,15,C,DNA_2prime_deoxy,5-methylcytosine,phosphorothioate,position_resolved_from_WHO_INN_chemical_name,WHO_INN_List_75,"Recommended INN List 75, entry 'volanesorsen', English chemical name","Every field on this row is a deterministic parse of the INN entry, which spells out each residue's sugar, base, 5-methylation and 3' linkage. The parse is validated against the product label's molecular formula and, where the label states them, its phosphorothioate and phosphodiester counts; scripts/parse_inn_sequences.py refuses to emit a disagreeing sequence."
HYD-OLG-0031,volanesorsen,single_strand,16,U,2'-MOE,5-methyluracil,phosphorothioate,position_resolved_from_WHO_INN_chemical_name,WHO_INN_List_75,"Recommended INN List 75, entry 'volanesorsen', English chemical name","Every field on this row is a deterministic parse of the INN entry, which spells out each residue's sugar, base, 5-methylation and 3' linkage. The parse is validated against the product label's molecular formula and, where the label states them, its phosphorothioate and phosphodiester counts; scripts/parse_inn_sequences.py refuses to emit a disagreeing sequence."
HYD-OLG-0031,volanesorsen,single_strand,17,U,2'-MOE,5-methyluracil,phosphorothioate,position_resolved_from_WHO_INN_chemical_name,WHO_INN_List_75,"Recommended INN List 75, entry 'volanesorsen', English chemical name","Every field on this row is a deterministic parse of the INN entry, which spells out each residue's sugar, base, 5-methylation and 3' linkage. The parse is validated against the product label's molecular formula and, where the label states them, its phosphorothioate and phosphodiester counts; scripts/parse_inn_sequences.py refuses to emit a disagreeing sequence."
HYD-OLG-0031,volanesorsen,single_strand,18,U,2'-MOE,5-methyluracil,phosphorothioate,position_resolved_from_WHO_INN_chemical_name,WHO_INN_List_75,"Recommended INN List 75, entry 'volanesorsen', English chemical name","Every field on this row is a deterministic parse of the INN entry, which spells out each residue's sugar, base, 5-methylation and 3' linkage. The parse is validated against the product label's molecular formula and, where the label states them, its phosphorothioate and phosphodiester counts; scripts/parse_inn_sequences.py refuses to emit a disagreeing sequence."
HYD-OLG-0031,volanesorsen,single_strand,19,A,2'-MOE,none,phosphorothioate,position_resolved_from_WHO_INN_chemical_name,WHO_INN_List_75,"Recommended INN List 75, entry 'volanesorsen', English chemical name","Every field on this row is a deterministic parse of the INN entry, which spells out each residue's sugar, base, 5-methylation and 3' linkage. The parse is validated against the product label's molecular formula and, where the label states them, its phosphorothioate and phosphodiester counts; scripts/parse_inn_sequences.py refuses to emit a disagreeing sequence."
HYD-OLG-0031,volanesorsen,single_strand,20,U,2'-MOE,5-methyluracil,terminal_none,position_resolved_from_WHO_INN_chemical_name,WHO_INN_List_75,"Recommended INN List 75, entry 'volanesorsen', English chemical name","Every field on this row is a deterministic parse of the INN entry, which spells out each residue's sugar, base, 5-methylation and 3' linkage. The parse is validated against the product label's molecular formula and, where the label states them, its phosphorothioate and phosphodiester counts; scripts/parse_inn_sequences.py refuses to emit a disagreeing sequence."
HYD-OLG-0023,SPAK_siRNA1,antisense_guide,1,U,NOT_REPORTED,NOT_REPORTED,NOT_REPORTED,position_resolved_from_published_sequence,Choroid_plexus_siSPAK_LNP_2025_NatCommun,"Methods, 'Materials'","Nucleobase at every position read from the antisense (guide) strand printed in the source's Methods (Materials). The source states no chemical modification for these reagents, so sugar_chemistry, base_modification and linkage are NOT_REPORTED rather than assumed to be unmodified RNA. The 3'-terminal TT is printed by the source as 'TT' without stating whether it is deoxythymidine, so it is recorded as base T with the sugar unstated."
HYD-OLG-0023,SPAK_siRNA1,antisense_guide,2,U,NOT_REPORTED,NOT_REPORTED,NOT_REPORTED,position_resolved_from_published_sequence,Choroid_plexus_siSPAK_LNP_2025_NatCommun,"Methods, 'Materials'","Nucleobase at every position read from the antisense (guide) strand printed in the source's Methods (Materials). The source states no chemical modification for these reagents, so sugar_chemistry, base_modification and linkage are NOT_REPORTED rather than assumed to be unmodified RNA. The 3'-terminal TT is printed by the source as 'TT' without stating whether it is deoxythymidine, so it is recorded as base T with the sugar unstated."
HYD-OLG-0023,SPAK_siRNA1,antisense_guide,3,G,NOT_REPORTED,NOT_REPORTED,NOT_REPORTED,position_resolved_from_published_sequence,Choroid_plexus_siSPAK_LNP_2025_NatCommun,"Methods, 'Materials'","Nucleobase at every position read from the antisense (guide) strand printed in the source's Methods (Materials). The source states no chemical modification for these reagents, so sugar_chemistry, base_modification and linkage are NOT_REPORTED rather than assumed to be unmodified RNA. The 3'-terminal TT is printed by the source as 'TT' without stating whether it is deoxythymidine, so it is recorded as base T with the sugar unstated."
HYD-OLG-0023,SPAK_siRNA1,antisense_guide,4,A,NOT_REPORTED,NOT_REPORTED,NOT_REPORTED,position_resolved_from_published_sequence,Choroid_plexus_siSPAK_LNP_2025_NatCommun,"Methods, 'Materials'","Nucleobase at every position read from the antisense (guide) strand printed in the source's Methods (Materials). The source states no chemical modification for these reagents, so sugar_chemistry, base_modification and linkage are NOT_REPORTED rather than assumed to be unmodified RNA. The 3'-terminal TT is printed by the source as 'TT' without stating whether it is deoxythymidine, so it is recorded as base T with the sugar unstated."
HYD-OLG-0023,SPAK_siRNA1,antisense_guide,5,U,NOT_REPORTED,NOT_REPORTED,NOT_REPORTED,position_resolved_from_published_sequence,Choroid_plexus_siSPAK_LNP_2025_NatCommun,"Methods, 'Materials'","Nucleobase at every position read from the antisense (guide) strand printed in the source's Methods (Materials). The source states no chemical modification for these reagents, so sugar_chemistry, base_modification and linkage are NOT_REPORTED rather than assumed to be unmodified RNA. The 3'-terminal TT is printed by the source as 'TT' without stating whether it is deoxythymidine, so it is recorded as base T with the sugar unstated."
HYD-OLG-0023,SPAK_siRNA1,antisense_guide,6,G,NOT_REPORTED,NOT_REPORTED,NOT_REPORTED,position_resolved_from_published_sequence,Choroid_plexus_siSPAK_LNP_2025_NatCommun,"Methods, 'Materials'","Nucleobase at every position read from the antisense (guide) strand printed in the source's Methods (Materials). The source states no chemical modification for these reagents, so sugar_chemistry, base_modification and linkage are NOT_REPORTED rather than assumed to be unmodified RNA. The 3'-terminal TT is printed by the source as 'TT' without stating whether it is deoxythymidine, so it is recorded as base T with the sugar unstated."
HYD-OLG-0023,SPAK_siRNA1,antisense_guide,7,A,NOT_REPORTED,NOT_REPORTED,NOT_REPORTED,position_resolved_from_published_sequence,Choroid_plexus_siSPAK_LNP_2025_NatCommun,"Methods, 'Materials'","Nucleobase at every position read from the antisense (guide) strand printed in the source's Methods (Materials). The source states no chemical modification for these reagents, so sugar_chemistry, base_modification and linkage are NOT_REPORTED rather than assumed to be unmodified RNA. The 3'-terminal TT is printed by the source as 'TT' without stating whether it is deoxythymidine, so it is recorded as base T with the sugar unstated."
HYD-OLG-0023,SPAK_siRNA1,antisense_guide,8,U,NOT_REPORTED,NOT_REPORTED,NOT_REPORTED,position_resolved_from_published_sequence,Choroid_plexus_siSPAK_LNP_2025_NatCommun,"Methods, 'Materials'","Nucleobase at every position read from the antisense (guide) strand printed in the source's Methods (Materials). The source states no chemical modification for these reagents, so sugar_chemistry, base_modification and linkage are NOT_REPORTED rather than assumed to be unmodified RNA. The 3'-terminal TT is printed by the source as 'TT' without stating whether it is deoxythymidine, so it is recorded as base T with the sugar unstated."
HYD-OLG-0023,SPAK_siRNA1,antisense_guide,9,A,NOT_REPORTED,NOT_REPORTED,NOT_REPORTED,position_resolved_from_published_sequence,Choroid_plexus_siSPAK_LNP_2025_NatCommun,"Methods, 'Materials'","Nucleobase at every position read from the antisense (guide) strand printed in the source's Methods (Materials). The source states no chemical modification for these reagents, so sugar_chemistry, base_modification and linkage are NOT_REPORTED rather than assumed to be unmodified RNA. The 3'-terminal TT is printed by the source as 'TT' without stating whether it is deoxythymidine, so it is recorded as base T with the sugar unstated."
HYD-OLG-0023,SPAK_siRNA1,antisense_guide,10,U,NOT_REPORTED,NOT_REPORTED,NOT_REPORTED,position_resolved_from_published_sequence,Choroid_plexus_siSPAK_LNP_2025_NatCommun,"Methods, 'Materials'","Nucleobase at every position read from the antisense (guide) strand printed in the source's Methods (Materials). The source states no chemical modification for these reagents, so sugar_chemistry, base_modification and linkage are NOT_REPORTED rather than assumed to be unmodified RNA. The 3'-terminal TT is printed by the source as 'TT' without stating whether it is deoxythymidine, so it is recorded as base T with the sugar unstated."
HYD-OLG-0023,SPAK_siRNA1,antisense_guide,11,C,NOT_REPORTED,NOT_REPORTED,NOT_REPORTED,position_resolved_from_published_sequence,Choroid_plexus_siSPAK_LNP_2025_NatCommun,"Methods, 'Materials'","Nucleobase at every position read from the antisense (guide) strand printed in the source's Methods (Materials). The source states no chemical modification for these reagents, so sugar_chemistry, base_modification and linkage are NOT_REPORTED rather than assumed to be unmodified RNA. The 3'-terminal TT is printed by the source as 'TT' without stating whether it is deoxythymidine, so it is recorded as base T with the sugar unstated."
HYD-OLG-0023,SPAK_siRNA1,antisense_guide,12,C,NOT_REPORTED,NOT_REPORTED,NOT_REPORTED,position_resolved_from_published_sequence,Choroid_plexus_siSPAK_LNP_2025_NatCommun,"Methods, 'Materials'","Nucleobase at every position read from the antisense (guide) strand printed in the source's Methods (Materials). The source states no chemical modification for these reagents, so sugar_chemistry, base_modification and linkage are NOT_REPORTED rather than assumed to be unmodified RNA. The 3'-terminal TT is printed by the source as 'TT' without stating whether it is deoxythymidine, so it is recorded as base T with the sugar unstated."
HYD-OLG-0023,SPAK_siRNA1,antisense_guide,13,A,NOT_REPORTED,NOT_REPORTED,NOT_REPORTED,position_resolved_from_published_sequence,Choroid_plexus_siSPAK_LNP_2025_NatCommun,"Methods, 'Materials'","Nucleobase at every position read from the antisense (guide) strand printed in the source's Methods (Materials). The source states no chemical modification for these reagents, so sugar_chemistry, base_modification and linkage are NOT_REPORTED rather than assumed to be unmodified RNA. The 3'-terminal TT is printed by the source as 'TT' without stating whether it is deoxythymidine, so it is recorded as base T with the sugar unstated."
HYD-OLG-0023,SPAK_siRNA1,antisense_guide,14,A,NOT_REPORTED,NOT_REPORTED,NOT_REPORTED,position_resolved_from_published_sequence,Choroid_plexus_siSPAK_LNP_2025_NatCommun,"Methods, 'Materials'","Nucleobase at every position read from the antisense (guide) strand printed in the source's Methods (Materials). The source states no chemical modification for these reagents, so sugar_chemistry, base_modification and linkage are NOT_REPORTED rather than assumed to be unmodified RNA. The 3'-terminal TT is printed by the source as 'TT' without stating whether it is deoxythymidine, so it is recorded as base T with the sugar unstated."
HYD-OLG-0023,SPAK_siRNA1,antisense_guide,15,C,NOT_REPORTED,NOT_REPORTED,NOT_REPORTED,position_resolved_from_published_sequence,Choroid_plexus_siSPAK_LNP_2025_NatCommun,"Methods, 'Materials'","Nucleobase at every position read from the antisense (guide) strand printed in the source's Methods (Materials). The source states no chemical modification for these reagents, so sugar_chemistry, base_modification and linkage are NOT_REPORTED rather than assumed to be unmodified RNA. The 3'-terminal TT is printed by the source as 'TT' without stating whether it is deoxythymidine, so it is recorded as base T with the sugar unstated."
HYD-OLG-0023,SPAK_siRNA1,antisense_guide,16,A,NOT_REPORTED,NOT_REPORTED,NOT_REPORTED,position_resolved_from_published_sequence,Choroid_plexus_siSPAK_LNP_2025_NatCommun,"Methods, 'Materials'","Nucleobase at every position read from the antisense (guide) strand printed in the source's Methods (Materials). The source states no chemical modification for these reagents, so sugar_chemistry, base_modification and linkage are NOT_REPORTED rather than assumed to be unmodified RNA. The 3'-terminal TT is printed by the source as 'TT' without stating whether it is deoxythymidine, so it is recorded as base T with the sugar unstated."
HYD-OLG-0023,SPAK_siRNA1,antisense_guide,17,U,NOT_REPORTED,NOT_REPORTED,NOT_REPORTED,position_resolved_from_published_sequence,Choroid_plexus_siSPAK_LNP_2025_NatCommun,"Methods, 'Materials'","Nucleobase at every position read from the antisense (guide) strand printed in the source's Methods (Materials). The source states no chemical modification for these reagents, so sugar_chemistry, base_modification and linkage are NOT_REPORTED rather than assumed to be unmodified RNA. The 3'-terminal TT is printed by the source as 'TT' without stating whether it is deoxythymidine, so it is recorded as base T with the sugar unstated."
HYD-OLG-0023,SPAK_siRNA1,antisense_guide,18,G,NOT_REPORTED,NOT_REPORTED,NOT_REPORTED,position_resolved_from_published_sequence,Choroid_plexus_siSPAK_LNP_2025_NatCommun,"Methods, 'Materials'","Nucleobase at every position read from the antisense (guide) strand printed in the source's Methods (Materials). The source states no chemical modification for these reagents, so sugar_chemistry, base_modification and linkage are NOT_REPORTED rather than assumed to be unmodified RNA. The 3'-terminal TT is printed by the source as 'TT' without stating whether it is deoxythymidine, so it is recorded as base T with the sugar unstated."
HYD-OLG-0023,SPAK_siRNA1,antisense_guide,19,G,NOT_REPORTED,NOT_REPORTED,NOT_REPORTED,position_resolved_from_published_sequence,Choroid_plexus_siSPAK_LNP_2025_NatCommun,"Methods, 'Materials'","Nucleobase at every position read from the antisense (guide) strand printed in the source's Methods (Materials). The source states no chemical modification for these reagents, so sugar_chemistry, base_modification and linkage are NOT_REPORTED rather than assumed to be unmodified RNA. The 3'-terminal TT is printed by the source as 'TT' without stating whether it is deoxythymidine, so it is recorded as base T with the sugar unstated."
HYD-OLG-0023,SPAK_siRNA1,antisense_guide,20,T,NOT_REPORTED,NOT_REPORTED,NOT_REPORTED,position_resolved_from_published_sequence,Choroid_plexus_siSPAK_LNP_2025_NatCommun,"Methods, 'Materials'","Nucleobase at every position read from the antisense (guide) strand printed in the source's Methods (Materials). The source states no chemical modification for these reagents, so sugar_chemistry, base_modification and linkage are NOT_REPORTED rather than assumed to be unmodified RNA. The 3'-terminal TT is printed by the source as 'TT' without stating whether it is deoxythymidine, so it is recorded as base T with the sugar unstated."
HYD-OLG-0023,SPAK_siRNA1,antisense_guide,21,T,NOT_REPORTED,NOT_REPORTED,terminal_none,position_resolved_from_published_sequence,Choroid_plexus_siSPAK_LNP_2025_NatCommun,"Methods, 'Materials'","Nucleobase at every position read from the antisense (guide) strand printed in the source's Methods (Materials). The source states no chemical modification for these reagents, so sugar_chemistry, base_modification and linkage are NOT_REPORTED rather than assumed to be unmodified RNA. The 3'-terminal TT is printed by the source as 'TT' without stating whether it is deoxythymidine, so it is recorded as base T with the sugar unstated."
HYD-OLG-0024,SPAK_siRNA2,antisense_guide,1,A,NOT_REPORTED,NOT_REPORTED,NOT_REPORTED,position_resolved_from_published_sequence,Choroid_plexus_siSPAK_LNP_2025_NatCommun,"Methods, 'Materials'","Nucleobase at every position read from the antisense (guide) strand printed in the source's Methods (Materials). The source states no chemical modification for these reagents, so sugar_chemistry, base_modification and linkage are NOT_REPORTED rather than assumed to be unmodified RNA. The 3'-terminal TT is printed by the source as 'TT' without stating whether it is deoxythymidine, so it is recorded as base T with the sugar unstated."
HYD-OLG-0024,SPAK_siRNA2,antisense_guide,2,U,NOT_REPORTED,NOT_REPORTED,NOT_REPORTED,position_resolved_from_published_sequence,Choroid_plexus_siSPAK_LNP_2025_NatCommun,"Methods, 'Materials'","Nucleobase at every position read from the antisense (guide) strand printed in the source's Methods (Materials). The source states no chemical modification for these reagents, so sugar_chemistry, base_modification and linkage are NOT_REPORTED rather than assumed to be unmodified RNA. The 3'-terminal TT is printed by the source as 'TT' without stating whether it is deoxythymidine, so it is recorded as base T with the sugar unstated."
HYD-OLG-0024,SPAK_siRNA2,antisense_guide,3,A,NOT_REPORTED,NOT_REPORTED,NOT_REPORTED,position_resolved_from_published_sequence,Choroid_plexus_siSPAK_LNP_2025_NatCommun,"Methods, 'Materials'","Nucleobase at every position read from the antisense (guide) strand printed in the source's Methods (Materials). The source states no chemical modification for these reagents, so sugar_chemistry, base_modification and linkage are NOT_REPORTED rather than assumed to be unmodified RNA. The 3'-terminal TT is printed by the source as 'TT' without stating whether it is deoxythymidine, so it is recorded as base T with the sugar unstated."
HYD-OLG-0024,SPAK_siRNA2,antisense_guide,4,G,NOT_REPORTED,NOT_REPORTED,NOT_REPORTED,position_resolved_from_published_sequence,Choroid_plexus_siSPAK_LNP_2025_NatCommun,"Methods, 'Materials'","Nucleobase at every position read from the antisense (guide) strand printed in the source's Methods (Materials). The source states no chemical modification for these reagents, so sugar_chemistry, base_modification and linkage are NOT_REPORTED rather than assumed to be unmodified RNA. The 3'-terminal TT is printed by the source as 'TT' without stating whether it is deoxythymidine, so it is recorded as base T with the sugar unstated."
HYD-OLG-0024,SPAK_siRNA2,antisense_guide,5,C,NOT_REPORTED,NOT_REPORTED,NOT_REPORTED,position_resolved_from_published_sequence,Choroid_plexus_siSPAK_LNP_2025_NatCommun,"Methods, 'Materials'","Nucleobase at every position read from the antisense (guide) strand printed in the source's Methods (Materials). The source states no chemical modification for these reagents, so sugar_chemistry, base_modification and linkage are NOT_REPORTED rather than assumed to be unmodified RNA. The 3'-terminal TT is printed by the source as 'TT' without stating whether it is deoxythymidine, so it is recorded as base T with the sugar unstated."
HYD-OLG-0024,SPAK_siRNA2,antisense_guide,6,C,NOT_REPORTED,NOT_REPORTED,NOT_REPORTED,position_resolved_from_published_sequence,Choroid_plexus_siSPAK_LNP_2025_NatCommun,"Methods, 'Materials'","Nucleobase at every position read from the antisense (guide) strand printed in the source's Methods (Materials). The source states no chemical modification for these reagents, so sugar_chemistry, base_modification and linkage are NOT_REPORTED rather than assumed to be unmodified RNA. The 3'-terminal TT is printed by the source as 'TT' without stating whether it is deoxythymidine, so it is recorded as base T with the sugar unstated."
HYD-OLG-0024,SPAK_siRNA2,antisense_guide,7,U,NOT_REPORTED,NOT_REPORTED,NOT_REPORTED,position_resolved_from_published_sequence,Choroid_plexus_siSPAK_LNP_2025_NatCommun,"Methods, 'Materials'","Nucleobase at every position read from the antisense (guide) strand printed in the source's Methods (Materials). The source states no chemical modification for these reagents, so sugar_chemistry, base_modification and linkage are NOT_REPORTED rather than assumed to be unmodified RNA. The 3'-terminal TT is printed by the source as 'TT' without stating whether it is deoxythymidine, so it is recorded as base T with the sugar unstated."
HYD-OLG-0024,SPAK_siRNA2,antisense_guide,8,C,NOT_REPORTED,NOT_REPORTED,NOT_REPORTED,position_resolved_from_published_sequence,Choroid_plexus_siSPAK_LNP_2025_NatCommun,"Methods, 'Materials'","Nucleobase at every position read from the antisense (guide) strand printed in the source's Methods (Materials). The source states no chemical modification for these reagents, so sugar_chemistry, base_modification and linkage are NOT_REPORTED rather than assumed to be unmodified RNA. The 3'-terminal TT is printed by the source as 'TT' without stating whether it is deoxythymidine, so it is recorded as base T with the sugar unstated."
HYD-OLG-0024,SPAK_siRNA2,antisense_guide,9,U,NOT_REPORTED,NOT_REPORTED,NOT_REPORTED,position_resolved_from_published_sequence,Choroid_plexus_siSPAK_LNP_2025_NatCommun,"Methods, 'Materials'","Nucleobase at every position read from the antisense (guide) strand printed in the source's Methods (Materials). The source states no chemical modification for these reagents, so sugar_chemistry, base_modification and linkage are NOT_REPORTED rather than assumed to be unmodified RNA. The 3'-terminal TT is printed by the source as 'TT' without stating whether it is deoxythymidine, so it is recorded as base T with the sugar unstated."
HYD-OLG-0024,SPAK_siRNA2,antisense_guide,10,C,NOT_REPORTED,NOT_REPORTED,NOT_REPORTED,position_resolved_from_published_sequence,Choroid_plexus_siSPAK_LNP_2025_NatCommun,"Methods, 'Materials'","Nucleobase at every position read from the antisense (guide) strand printed in the source's Methods (Materials). The source states no chemical modification for these reagents, so sugar_chemistry, base_modification and linkage are NOT_REPORTED rather than assumed to be unmodified RNA. The 3'-terminal TT is printed by the source as 'TT' without stating whether it is deoxythymidine, so it is recorded as base T with the sugar unstated."
HYD-OLG-0024,SPAK_siRNA2,antisense_guide,11,A,NOT_REPORTED,NOT_REPORTED,NOT_REPORTED,position_resolved_from_published_sequence,Choroid_plexus_siSPAK_LNP_2025_NatCommun,"Methods, 'Materials'","Nucleobase at every position read from the antisense (guide) strand printed in the source's Methods (Materials). The source states no chemical modification for these reagents, so sugar_chemistry, base_modification and linkage are NOT_REPORTED rather than assumed to be unmodified RNA. The 3'-terminal TT is printed by the source as 'TT' without stating whether it is deoxythymidine, so it is recorded as base T with the sugar unstated."
HYD-OLG-0024,SPAK_siRNA2,antisense_guide,12,C,NOT_REPORTED,NOT_REPORTED,NOT_REPORTED,position_resolved_from_published_sequence,Choroid_plexus_siSPAK_LNP_2025_NatCommun,"Methods, 'Materials'","Nucleobase at every position read from the antisense (guide) strand printed in the source's Methods (Materials). The source states no chemical modification for these reagents, so sugar_chemistry, base_modification and linkage are NOT_REPORTED rather than assumed to be unmodified RNA. The 3'-terminal TT is printed by the source as 'TT' without stating whether it is deoxythymidine, so it is recorded as base T with the sugar unstated."
HYD-OLG-0024,SPAK_siRNA2,antisense_guide,13,C,NOT_REPORTED,NOT_REPORTED,NOT_REPORTED,position_resolved_from_published_sequence,Choroid_plexus_siSPAK_LNP_2025_NatCommun,"Methods, 'Materials'","Nucleobase at every position read from the antisense (guide) strand printed in the source's Methods (Materials). The source states no chemical modification for these reagents, so sugar_chemistry, base_modification and linkage are NOT_REPORTED rather than assumed to be unmodified RNA. The 3'-terminal TT is printed by the source as 'TT' without stating whether it is deoxythymidine, so it is recorded as base T with the sugar unstated."
HYD-OLG-0024,SPAK_siRNA2,antisense_guide,14,U,NOT_REPORTED,NOT_REPORTED,NOT_REPORTED,position_resolved_from_published_sequence,Choroid_plexus_siSPAK_LNP_2025_NatCommun,"Methods, 'Materials'","Nucleobase at every position read from the antisense (guide) strand printed in the source's Methods (Materials). The source states no chemical modification for these reagents, so sugar_chemistry, base_modification and linkage are NOT_REPORTED rather than assumed to be unmodified RNA. The 3'-terminal TT is printed by the source as 'TT' without stating whether it is deoxythymidine, so it is recorded as base T with the sugar unstated."
HYD-OLG-0024,SPAK_siRNA2,antisense_guide,15,G,NOT_REPORTED,NOT_REPORTED,NOT_REPORTED,position_resolved_from_published_sequence,Choroid_plexus_siSPAK_LNP_2025_NatCommun,"Methods, 'Materials'","Nucleobase at every position read from the antisense (guide) strand printed in the source's Methods (Materials). The source states no chemical modification for these reagents, so sugar_chemistry, base_modification and linkage are NOT_REPORTED rather than assumed to be unmodified RNA. The 3'-terminal TT is printed by the source as 'TT' without stating whether it is deoxythymidine, so it is recorded as base T with the sugar unstated."
HYD-OLG-0024,SPAK_siRNA2,antisense_guide,16,U,NOT_REPORTED,NOT_REPORTED,NOT_REPORTED,position_resolved_from_published_sequence,Choroid_plexus_siSPAK_LNP_2025_NatCommun,"Methods, 'Materials'","Nucleobase at every position read from the antisense (guide) strand printed in the source's Methods (Materials). The source states no chemical modification for these reagents, so sugar_chemistry, base_modification and linkage are NOT_REPORTED rather than assumed to be unmodified RNA. The 3'-terminal TT is printed by the source as 'TT' without stating whether it is deoxythymidine, so it is recorded as base T with the sugar unstated."
HYD-OLG-0024,SPAK_siRNA2,antisense_guide,17,U,NOT_REPORTED,NOT_REPORTED,NOT_REPORTED,position_resolved_from_published_sequence,Choroid_plexus_siSPAK_LNP_2025_NatCommun,"Methods, 'Materials'","Nucleobase at every position read from the antisense (guide) strand printed in the source's Methods (Materials). The source states no chemical modification for these reagents, so sugar_chemistry, base_modification and linkage are NOT_REPORTED rather than assumed to be unmodified RNA. The 3'-terminal TT is printed by the source as 'TT' without stating whether it is deoxythymidine, so it is recorded as base T with the sugar unstated."
HYD-OLG-0024,SPAK_siRNA2,antisense_guide,18,C,NOT_REPORTED,NOT_REPORTED,NOT_REPORTED,position_resolved_from_published_sequence,Choroid_plexus_siSPAK_LNP_2025_NatCommun,"Methods, 'Materials'","Nucleobase at every position read from the antisense (guide) strand printed in the source's Methods (Materials). The source states no chemical modification for these reagents, so sugar_chemistry, base_modification and linkage are NOT_REPORTED rather than assumed to be unmodified RNA. The 3'-terminal TT is printed by the source as 'TT' without stating whether it is deoxythymidine, so it is recorded as base T with the sugar unstated."
HYD-OLG-0024,SPAK_siRNA2,antisense_guide,19,C,NOT_REPORTED,NOT_REPORTED,NOT_REPORTED,position_resolved_from_published_sequence,Choroid_plexus_siSPAK_LNP_2025_NatCommun,"Methods, 'Materials'","Nucleobase at every position read from the antisense (guide) strand printed in the source's Methods (Materials). The source states no chemical modification for these reagents, so sugar_chemistry, base_modification and linkage are NOT_REPORTED rather than assumed to be unmodified RNA. The 3'-terminal TT is printed by the source as 'TT' without stating whether it is deoxythymidine, so it is recorded as base T with the sugar unstated."
HYD-OLG-0024,SPAK_siRNA2,antisense_guide,20,T,NOT_REPORTED,NOT_REPORTED,NOT_REPORTED,position_resolved_from_published_sequence,Choroid_plexus_siSPAK_LNP_2025_NatCommun,"Methods, 'Materials'","Nucleobase at every position read from the antisense (guide) strand printed in the source's Methods (Materials). The source states no chemical modification for these reagents, so sugar_chemistry, base_modification and linkage are NOT_REPORTED rather than assumed to be unmodified RNA. The 3'-terminal TT is printed by the source as 'TT' without stating whether it is deoxythymidine, so it is recorded as base T with the sugar unstated."
HYD-OLG-0024,SPAK_siRNA2,antisense_guide,21,T,NOT_REPORTED,NOT_REPORTED,terminal_none,position_resolved_from_published_sequence,Choroid_plexus_siSPAK_LNP_2025_NatCommun,"Methods, 'Materials'","Nucleobase at every position read from the antisense (guide) strand printed in the source's Methods (Materials). The source states no chemical modification for these reagents, so sugar_chemistry, base_modification and linkage are NOT_REPORTED rather than assumed to be unmodified RNA. The 3'-terminal TT is printed by the source as 'TT' without stating whether it is deoxythymidine, so it is recorded as base T with the sugar unstated."
HYD-OLG-0025,SPAK_siRNA3,antisense_guide,1,U,NOT_REPORTED,NOT_REPORTED,NOT_REPORTED,position_resolved_from_published_sequence,Choroid_plexus_siSPAK_LNP_2025_NatCommun,"Methods, 'Materials'","Nucleobase at every position read from the antisense (guide) strand printed in the source's Methods (Materials). The source states no chemical modification for these reagents, so sugar_chemistry, base_modification and linkage are NOT_REPORTED rather than assumed to be unmodified RNA. The 3'-terminal TT is printed by the source as 'TT' without stating whether it is deoxythymidine, so it is recorded as base T with the sugar unstated."
HYD-OLG-0025,SPAK_siRNA3,antisense_guide,2,A,NOT_REPORTED,NOT_REPORTED,NOT_REPORTED,position_resolved_from_published_sequence,Choroid_plexus_siSPAK_LNP_2025_NatCommun,"Methods, 'Materials'","Nucleobase at every position read from the antisense (guide) strand printed in the source's Methods (Materials). The source states no chemical modification for these reagents, so sugar_chemistry, base_modification and linkage are NOT_REPORTED rather than assumed to be unmodified RNA. The 3'-terminal TT is printed by the source as 'TT' without stating whether it is deoxythymidine, so it is recorded as base T with the sugar unstated."
HYD-OLG-0025,SPAK_siRNA3,antisense_guide,3,U,NOT_REPORTED,NOT_REPORTED,NOT_REPORTED,position_resolved_from_published_sequence,Choroid_plexus_siSPAK_LNP_2025_NatCommun,"Methods, 'Materials'","Nucleobase at every position read from the antisense (guide) strand printed in the source's Methods (Materials). The source states no chemical modification for these reagents, so sugar_chemistry, base_modification and linkage are NOT_REPORTED rather than assumed to be unmodified RNA. The 3'-terminal TT is printed by the source as 'TT' without stating whether it is deoxythymidine, so it is recorded as base T with the sugar unstated."
HYD-OLG-0025,SPAK_siRNA3,antisense_guide,4,U,NOT_REPORTED,NOT_REPORTED,NOT_REPORTED,position_resolved_from_published_sequence,Choroid_plexus_siSPAK_LNP_2025_NatCommun,"Methods, 'Materials'","Nucleobase at every position read from the antisense (guide) strand printed in the source's Methods (Materials). The source states no chemical modification for these reagents, so sugar_chemistry, base_modification and linkage are NOT_REPORTED rather than assumed to be unmodified RNA. The 3'-terminal TT is printed by the source as 'TT' without stating whether it is deoxythymidine, so it is recorded as base T with the sugar unstated."
HYD-OLG-0025,SPAK_siRNA3,antisense_guide,5,U,NOT_REPORTED,NOT_REPORTED,NOT_REPORTED,position_resolved_from_published_sequence,Choroid_plexus_siSPAK_LNP_2025_NatCommun,"Methods, 'Materials'","Nucleobase at every position read from the antisense (guide) strand printed in the source's Methods (Materials). The source states no chemical modification for these reagents, so sugar_chemistry, base_modification and linkage are NOT_REPORTED rather than assumed to be unmodified RNA. The 3'-terminal TT is printed by the source as 'TT' without stating whether it is deoxythymidine, so it is recorded as base T with the sugar unstated."
HYD-OLG-0025,SPAK_siRNA3,antisense_guide,6,G,NOT_REPORTED,NOT_REPORTED,NOT_REPORTED,position_resolved_from_published_sequence,Choroid_plexus_siSPAK_LNP_2025_NatCommun,"Methods, 'Materials'","Nucleobase at every position read from the antisense (guide) strand printed in the source's Methods (Materials). The source states no chemical modification for these reagents, so sugar_chemistry, base_modification and linkage are NOT_REPORTED rather than assumed to be unmodified RNA. The 3'-terminal TT is printed by the source as 'TT' without stating whether it is deoxythymidine, so it is recorded as base T with the sugar unstated."
HYD-OLG-0025,SPAK_siRNA3,antisense_guide,7,U,NOT_REPORTED,NOT_REPORTED,NOT_REPORTED,position_resolved_from_published_sequence,Choroid_plexus_siSPAK_LNP_2025_NatCommun,"Methods, 'Materials'","Nucleobase at every position read from the antisense (guide) strand printed in the source's Methods (Materials). The source states no chemical modification for these reagents, so sugar_chemistry, base_modification and linkage are NOT_REPORTED rather than assumed to be unmodified RNA. The 3'-terminal TT is printed by the source as 'TT' without stating whether it is deoxythymidine, so it is recorded as base T with the sugar unstated."
HYD-OLG-0025,SPAK_siRNA3,antisense_guide,8,G,NOT_REPORTED,NOT_REPORTED,NOT_REPORTED,position_resolved_from_published_sequence,Choroid_plexus_siSPAK_LNP_2025_NatCommun,"Methods, 'Materials'","Nucleobase at every position read from the antisense (guide) strand printed in the source's Methods (Materials). The source states no chemical modification for these reagents, so sugar_chemistry, base_modification and linkage are NOT_REPORTED rather than assumed to be unmodified RNA. The 3'-terminal TT is printed by the source as 'TT' without stating whether it is deoxythymidine, so it is recorded as base T with the sugar unstated."
HYD-OLG-0025,SPAK_siRNA3,antisense_guide,9,G,NOT_REPORTED,NOT_REPORTED,NOT_REPORTED,position_resolved_from_published_sequence,Choroid_plexus_siSPAK_LNP_2025_NatCommun,"Methods, 'Materials'","Nucleobase at every position read from the antisense (guide) strand printed in the source's Methods (Materials). The source states no chemical modification for these reagents, so sugar_chemistry, base_modification and linkage are NOT_REPORTED rather than assumed to be unmodified RNA. The 3'-terminal TT is printed by the source as 'TT' without stating whether it is deoxythymidine, so it is recorded as base T with the sugar unstated."
HYD-OLG-0025,SPAK_siRNA3,antisense_guide,10,U,NOT_REPORTED,NOT_REPORTED,NOT_REPORTED,position_resolved_from_published_sequence,Choroid_plexus_siSPAK_LNP_2025_NatCommun,"Methods, 'Materials'","Nucleobase at every position read from the antisense (guide) strand printed in the source's Methods (Materials). The source states no chemical modification for these reagents, so sugar_chemistry, base_modification and linkage are NOT_REPORTED rather than assumed to be unmodified RNA. The 3'-terminal TT is printed by the source as 'TT' without stating whether it is deoxythymidine, so it is recorded as base T with the sugar unstated."
HYD-OLG-0025,SPAK_siRNA3,antisense_guide,11,A,NOT_REPORTED,NOT_REPORTED,NOT_REPORTED,position_resolved_from_published_sequence,Choroid_plexus_siSPAK_LNP_2025_NatCommun,"Methods, 'Materials'","Nucleobase at every position read from the antisense (guide) strand printed in the source's Methods (Materials). The source states no chemical modification for these reagents, so sugar_chemistry, base_modification and linkage are NOT_REPORTED rather than assumed to be unmodified RNA. The 3'-terminal TT is printed by the source as 'TT' without stating whether it is deoxythymidine, so it is recorded as base T with the sugar unstated."
HYD-OLG-0025,SPAK_siRNA3,antisense_guide,12,A,NOT_REPORTED,NOT_REPORTED,NOT_REPORTED,position_resolved_from_published_sequence,Choroid_plexus_siSPAK_LNP_2025_NatCommun,"Methods, 'Materials'","Nucleobase at every position read from the antisense (guide) strand printed in the source's Methods (Materials). The source states no chemical modification for these reagents, so sugar_chemistry, base_modification and linkage are NOT_REPORTED rather than assumed to be unmodified RNA. The 3'-terminal TT is printed by the source as 'TT' without stating whether it is deoxythymidine, so it is recorded as base T with the sugar unstated."
HYD-OLG-0025,SPAK_siRNA3,antisense_guide,13,G,NOT_REPORTED,NOT_REPORTED,NOT_REPORTED,position_resolved_from_published_sequence,Choroid_plexus_siSPAK_LNP_2025_NatCommun,"Methods, 'Materials'","Nucleobase at every position read from the antisense (guide) strand printed in the source's Methods (Materials). The source states no chemical modification for these reagents, so sugar_chemistry, base_modification and linkage are NOT_REPORTED rather than assumed to be unmodified RNA. The 3'-terminal TT is printed by the source as 'TT' without stating whether it is deoxythymidine, so it is recorded as base T with the sugar unstated."
HYD-OLG-0025,SPAK_siRNA3,antisense_guide,14,G,NOT_REPORTED,NOT_REPORTED,NOT_REPORTED,position_resolved_from_published_sequence,Choroid_plexus_siSPAK_LNP_2025_NatCommun,"Methods, 'Materials'","Nucleobase at every position read from the antisense (guide) strand printed in the source's Methods (Materials). The source states no chemical modification for these reagents, so sugar_chemistry, base_modification and linkage are NOT_REPORTED rather than assumed to be unmodified RNA. The 3'-terminal TT is printed by the source as 'TT' without stating whether it is deoxythymidine, so it is recorded as base T with the sugar unstated."
HYD-OLG-0025,SPAK_siRNA3,antisense_guide,15,C,NOT_REPORTED,NOT_REPORTED,NOT_REPORTED,position_resolved_from_published_sequence,Choroid_plexus_siSPAK_LNP_2025_NatCommun,"Methods, 'Materials'","Nucleobase at every position read from the antisense (guide) strand printed in the source's Methods (Materials). The source states no chemical modification for these reagents, so sugar_chemistry, base_modification and linkage are NOT_REPORTED rather than assumed to be unmodified RNA. The 3'-terminal TT is printed by the source as 'TT' without stating whether it is deoxythymidine, so it is recorded as base T with the sugar unstated."
HYD-OLG-0025,SPAK_siRNA3,antisense_guide,16,G,NOT_REPORTED,NOT_REPORTED,NOT_REPORTED,position_resolved_from_published_sequence,Choroid_plexus_siSPAK_LNP_2025_NatCommun,"Methods, 'Materials'","Nucleobase at every position read from the antisense (guide) strand printed in the source's Methods (Materials). The source states no chemical modification for these reagents, so sugar_chemistry, base_modification and linkage are NOT_REPORTED rather than assumed to be unmodified RNA. The 3'-terminal TT is printed by the source as 'TT' without stating whether it is deoxythymidine, so it is recorded as base T with the sugar unstated."
HYD-OLG-0025,SPAK_siRNA3,antisense_guide,17,C,NOT_REPORTED,NOT_REPORTED,NOT_REPORTED,position_resolved_from_published_sequence,Choroid_plexus_siSPAK_LNP_2025_NatCommun,"Methods, 'Materials'","Nucleobase at every position read from the antisense (guide) strand printed in the source's Methods (Materials). The source states no chemical modification for these reagents, so sugar_chemistry, base_modification and linkage are NOT_REPORTED rather than assumed to be unmodified RNA. The 3'-terminal TT is printed by the source as 'TT' without stating whether it is deoxythymidine, so it is recorded as base T with the sugar unstated."
HYD-OLG-0025,SPAK_siRNA3,antisense_guide,18,U,NOT_REPORTED,NOT_REPORTED,NOT_REPORTED,position_resolved_from_published_sequence,Choroid_plexus_siSPAK_LNP_2025_NatCommun,"Methods, 'Materials'","Nucleobase at every position read from the antisense (guide) strand printed in the source's Methods (Materials). The source states no chemical modification for these reagents, so sugar_chemistry, base_modification and linkage are NOT_REPORTED rather than assumed to be unmodified RNA. The 3'-terminal TT is printed by the source as 'TT' without stating whether it is deoxythymidine, so it is recorded as base T with the sugar unstated."
HYD-OLG-0025,SPAK_siRNA3,antisense_guide,19,G,NOT_REPORTED,NOT_REPORTED,NOT_REPORTED,position_resolved_from_published_sequence,Choroid_plexus_siSPAK_LNP_2025_NatCommun,"Methods, 'Materials'","Nucleobase at every position read from the antisense (guide) strand printed in the source's Methods (Materials). The source states no chemical modification for these reagents, so sugar_chemistry, base_modification and linkage are NOT_REPORTED rather than assumed to be unmodified RNA. The 3'-terminal TT is printed by the source as 'TT' without stating whether it is deoxythymidine, so it is recorded as base T with the sugar unstated."
HYD-OLG-0025,SPAK_siRNA3,antisense_guide,20,T,NOT_REPORTED,NOT_REPORTED,NOT_REPORTED,position_resolved_from_published_sequence,Choroid_plexus_siSPAK_LNP_2025_NatCommun,"Methods, 'Materials'","Nucleobase at every position read from the antisense (guide) strand printed in the source's Methods (Materials). The source states no chemical modification for these reagents, so sugar_chemistry, base_modification and linkage are NOT_REPORTED rather than assumed to be unmodified RNA. The 3'-terminal TT is printed by the source as 'TT' without stating whether it is deoxythymidine, so it is recorded as base T with the sugar unstated."
HYD-OLG-0025,SPAK_siRNA3,antisense_guide,21,T,NOT_REPORTED,NOT_REPORTED,terminal_none,position_resolved_from_published_sequence,Choroid_plexus_siSPAK_LNP_2025_NatCommun,"Methods, 'Materials'","Nucleobase at every position read from the antisense (guide) strand printed in the source's Methods (Materials). The source states no chemical modification for these reagents, so sugar_chemistry, base_modification and linkage are NOT_REPORTED rather than assumed to be unmodified RNA. The 3'-terminal TT is printed by the source as 'TT' without stating whether it is deoxythymidine, so it is recorded as base T with the sugar unstated."
HYD-OLG-0026,SPAK_siRNA4,antisense_guide,1,A,NOT_REPORTED,NOT_REPORTED,NOT_REPORTED,position_resolved_from_published_sequence,Choroid_plexus_siSPAK_LNP_2025_NatCommun,"Methods, 'Materials'","Nucleobase at every position read from the antisense (guide) strand printed in the source's Methods (Materials). The source states no chemical modification for these reagents, so sugar_chemistry, base_modification and linkage are NOT_REPORTED rather than assumed to be unmodified RNA. The 3'-terminal TT is printed by the source as 'TT' without stating whether it is deoxythymidine, so it is recorded as base T with the sugar unstated."
HYD-OLG-0026,SPAK_siRNA4,antisense_guide,2,U,NOT_REPORTED,NOT_REPORTED,NOT_REPORTED,position_resolved_from_published_sequence,Choroid_plexus_siSPAK_LNP_2025_NatCommun,"Methods, 'Materials'","Nucleobase at every position read from the antisense (guide) strand printed in the source's Methods (Materials). The source states no chemical modification for these reagents, so sugar_chemistry, base_modification and linkage are NOT_REPORTED rather than assumed to be unmodified RNA. The 3'-terminal TT is printed by the source as 'TT' without stating whether it is deoxythymidine, so it is recorded as base T with the sugar unstated."
HYD-OLG-0026,SPAK_siRNA4,antisense_guide,3,C,NOT_REPORTED,NOT_REPORTED,NOT_REPORTED,position_resolved_from_published_sequence,Choroid_plexus_siSPAK_LNP_2025_NatCommun,"Methods, 'Materials'","Nucleobase at every position read from the antisense (guide) strand printed in the source's Methods (Materials). The source states no chemical modification for these reagents, so sugar_chemistry, base_modification and linkage are NOT_REPORTED rather than assumed to be unmodified RNA. The 3'-terminal TT is printed by the source as 'TT' without stating whether it is deoxythymidine, so it is recorded as base T with the sugar unstated."
HYD-OLG-0026,SPAK_siRNA4,antisense_guide,4,G,NOT_REPORTED,NOT_REPORTED,NOT_REPORTED,position_resolved_from_published_sequence,Choroid_plexus_siSPAK_LNP_2025_NatCommun,"Methods, 'Materials'","Nucleobase at every position read from the antisense (guide) strand printed in the source's Methods (Materials). The source states no chemical modification for these reagents, so sugar_chemistry, base_modification and linkage are NOT_REPORTED rather than assumed to be unmodified RNA. The 3'-terminal TT is printed by the source as 'TT' without stating whether it is deoxythymidine, so it is recorded as base T with the sugar unstated."
HYD-OLG-0026,SPAK_siRNA4,antisense_guide,5,U,NOT_REPORTED,NOT_REPORTED,NOT_REPORTED,position_resolved_from_published_sequence,Choroid_plexus_siSPAK_LNP_2025_NatCommun,"Methods, 'Materials'","Nucleobase at every position read from the antisense (guide) strand printed in the source's Methods (Materials). The source states no chemical modification for these reagents, so sugar_chemistry, base_modification and linkage are NOT_REPORTED rather than assumed to be unmodified RNA. The 3'-terminal TT is printed by the source as 'TT' without stating whether it is deoxythymidine, so it is recorded as base T with the sugar unstated."
HYD-OLG-0026,SPAK_siRNA4,antisense_guide,6,A,NOT_REPORTED,NOT_REPORTED,NOT_REPORTED,position_resolved_from_published_sequence,Choroid_plexus_siSPAK_LNP_2025_NatCommun,"Methods, 'Materials'","Nucleobase at every position read from the antisense (guide) strand printed in the source's Methods (Materials). The source states no chemical modification for these reagents, so sugar_chemistry, base_modification and linkage are NOT_REPORTED rather than assumed to be unmodified RNA. The 3'-terminal TT is printed by the source as 'TT' without stating whether it is deoxythymidine, so it is recorded as base T with the sugar unstated."
HYD-OLG-0026,SPAK_siRNA4,antisense_guide,7,U,NOT_REPORTED,NOT_REPORTED,NOT_REPORTED,position_resolved_from_published_sequence,Choroid_plexus_siSPAK_LNP_2025_NatCommun,"Methods, 'Materials'","Nucleobase at every position read from the antisense (guide) strand printed in the source's Methods (Materials). The source states no chemical modification for these reagents, so sugar_chemistry, base_modification and linkage are NOT_REPORTED rather than assumed to be unmodified RNA. The 3'-terminal TT is printed by the source as 'TT' without stating whether it is deoxythymidine, so it is recorded as base T with the sugar unstated."
HYD-OLG-0026,SPAK_siRNA4,antisense_guide,8,G,NOT_REPORTED,NOT_REPORTED,NOT_REPORTED,position_resolved_from_published_sequence,Choroid_plexus_siSPAK_LNP_2025_NatCommun,"Methods, 'Materials'","Nucleobase at every position read from the antisense (guide) strand printed in the source's Methods (Materials). The source states no chemical modification for these reagents, so sugar_chemistry, base_modification and linkage are NOT_REPORTED rather than assumed to be unmodified RNA. The 3'-terminal TT is printed by the source as 'TT' without stating whether it is deoxythymidine, so it is recorded as base T with the sugar unstated."
HYD-OLG-0026,SPAK_siRNA4,antisense_guide,9,U,NOT_REPORTED,NOT_REPORTED,NOT_REPORTED,position_resolved_from_published_sequence,Choroid_plexus_siSPAK_LNP_2025_NatCommun,"Methods, 'Materials'","Nucleobase at every position read from the antisense (guide) strand printed in the source's Methods (Materials). The source states no chemical modification for these reagents, so sugar_chemistry, base_modification and linkage are NOT_REPORTED rather than assumed to be unmodified RNA. The 3'-terminal TT is printed by the source as 'TT' without stating whether it is deoxythymidine, so it is recorded as base T with the sugar unstated."
HYD-OLG-0026,SPAK_siRNA4,antisense_guide,10,C,NOT_REPORTED,NOT_REPORTED,NOT_REPORTED,position_resolved_from_published_sequence,Choroid_plexus_siSPAK_LNP_2025_NatCommun,"Methods, 'Materials'","Nucleobase at every position read from the antisense (guide) strand printed in the source's Methods (Materials). The source states no chemical modification for these reagents, so sugar_chemistry, base_modification and linkage are NOT_REPORTED rather than assumed to be unmodified RNA. The 3'-terminal TT is printed by the source as 'TT' without stating whether it is deoxythymidine, so it is recorded as base T with the sugar unstated."
HYD-OLG-0026,SPAK_siRNA4,antisense_guide,11,A,NOT_REPORTED,NOT_REPORTED,NOT_REPORTED,position_resolved_from_published_sequence,Choroid_plexus_siSPAK_LNP_2025_NatCommun,"Methods, 'Materials'","Nucleobase at every position read from the antisense (guide) strand printed in the source's Methods (Materials). The source states no chemical modification for these reagents, so sugar_chemistry, base_modification and linkage are NOT_REPORTED rather than assumed to be unmodified RNA. The 3'-terminal TT is printed by the source as 'TT' without stating whether it is deoxythymidine, so it is recorded as base T with the sugar unstated."
HYD-OLG-0026,SPAK_siRNA4,antisense_guide,12,U,NOT_REPORTED,NOT_REPORTED,NOT_REPORTED,position_resolved_from_published_sequence,Choroid_plexus_siSPAK_LNP_2025_NatCommun,"Methods, 'Materials'","Nucleobase at every position read from the antisense (guide) strand printed in the source's Methods (Materials). The source states no chemical modification for these reagents, so sugar_chemistry, base_modification and linkage are NOT_REPORTED rather than assumed to be unmodified RNA. The 3'-terminal TT is printed by the source as 'TT' without stating whether it is deoxythymidine, so it is recorded as base T with the sugar unstated."
HYD-OLG-0026,SPAK_siRNA4,antisense_guide,13,U,NOT_REPORTED,NOT_REPORTED,NOT_REPORTED,position_resolved_from_published_sequence,Choroid_plexus_siSPAK_LNP_2025_NatCommun,"Methods, 'Materials'","Nucleobase at every position read from the antisense (guide) strand printed in the source's Methods (Materials). The source states no chemical modification for these reagents, so sugar_chemistry, base_modification and linkage are NOT_REPORTED rather than assumed to be unmodified RNA. The 3'-terminal TT is printed by the source as 'TT' without stating whether it is deoxythymidine, so it is recorded as base T with the sugar unstated."
HYD-OLG-0026,SPAK_siRNA4,antisense_guide,14,A,NOT_REPORTED,NOT_REPORTED,NOT_REPORTED,position_resolved_from_published_sequence,Choroid_plexus_siSPAK_LNP_2025_NatCommun,"Methods, 'Materials'","Nucleobase at every position read from the antisense (guide) strand printed in the source's Methods (Materials). The source states no chemical modification for these reagents, so sugar_chemistry, base_modification and linkage are NOT_REPORTED rather than assumed to be unmodified RNA. The 3'-terminal TT is printed by the source as 'TT' without stating whether it is deoxythymidine, so it is recorded as base T with the sugar unstated."
HYD-OLG-0026,SPAK_siRNA4,antisense_guide,15,A,NOT_REPORTED,NOT_REPORTED,NOT_REPORTED,position_resolved_from_published_sequence,Choroid_plexus_siSPAK_LNP_2025_NatCommun,"Methods, 'Materials'","Nucleobase at every position read from the antisense (guide) strand printed in the source's Methods (Materials). The source states no chemical modification for these reagents, so sugar_chemistry, base_modification and linkage are NOT_REPORTED rather than assumed to be unmodified RNA. The 3'-terminal TT is printed by the source as 'TT' without stating whether it is deoxythymidine, so it is recorded as base T with the sugar unstated."
HYD-OLG-0026,SPAK_siRNA4,antisense_guide,16,G,NOT_REPORTED,NOT_REPORTED,NOT_REPORTED,position_resolved_from_published_sequence,Choroid_plexus_siSPAK_LNP_2025_NatCommun,"Methods, 'Materials'","Nucleobase at every position read from the antisense (guide) strand printed in the source's Methods (Materials). The source states no chemical modification for these reagents, so sugar_chemistry, base_modification and linkage are NOT_REPORTED rather than assumed to be unmodified RNA. The 3'-terminal TT is printed by the source as 'TT' without stating whether it is deoxythymidine, so it is recorded as base T with the sugar unstated."
HYD-OLG-0026,SPAK_siRNA4,antisense_guide,17,U,NOT_REPORTED,NOT_REPORTED,NOT_REPORTED,position_resolved_from_published_sequence,Choroid_plexus_siSPAK_LNP_2025_NatCommun,"Methods, 'Materials'","Nucleobase at every position read from the antisense (guide) strand printed in the source's Methods (Materials). The source states no chemical modification for these reagents, so sugar_chemistry, base_modification and linkage are NOT_REPORTED rather than assumed to be unmodified RNA. The 3'-terminal TT is printed by the source as 'TT' without stating whether it is deoxythymidine, so it is recorded as base T with the sugar unstated."
HYD-OLG-0026,SPAK_siRNA4,antisense_guide,18,U,NOT_REPORTED,NOT_REPORTED,NOT_REPORTED,position_resolved_from_published_sequence,Choroid_plexus_siSPAK_LNP_2025_NatCommun,"Methods, 'Materials'","Nucleobase at every position read from the antisense (guide) strand printed in the source's Methods (Materials). The source states no chemical modification for these reagents, so sugar_chemistry, base_modification and linkage are NOT_REPORTED rather than assumed to be unmodified RNA. The 3'-terminal TT is printed by the source as 'TT' without stating whether it is deoxythymidine, so it is recorded as base T with the sugar unstated."
HYD-OLG-0026,SPAK_siRNA4,antisense_guide,19,C,NOT_REPORTED,NOT_REPORTED,NOT_REPORTED,position_resolved_from_published_sequence,Choroid_plexus_siSPAK_LNP_2025_NatCommun,"Methods, 'Materials'","Nucleobase at every position read from the antisense (guide) strand printed in the source's Methods (Materials). The source states no chemical modification for these reagents, so sugar_chemistry, base_modification and linkage are NOT_REPORTED rather than assumed to be unmodified RNA. The 3'-terminal TT is printed by the source as 'TT' without stating whether it is deoxythymidine, so it is recorded as base T with the sugar unstated."
HYD-OLG-0026,SPAK_siRNA4,antisense_guide,20,T,NOT_REPORTED,NOT_REPORTED,NOT_REPORTED,position_resolved_from_published_sequence,Choroid_plexus_siSPAK_LNP_2025_NatCommun,"Methods, 'Materials'","Nucleobase at every position read from the antisense (guide) strand printed in the source's Methods (Materials). The source states no chemical modification for these reagents, so sugar_chemistry, base_modification and linkage are NOT_REPORTED rather than assumed to be unmodified RNA. The 3'-terminal TT is printed by the source as 'TT' without stating whether it is deoxythymidine, so it is recorded as base T with the sugar unstated."
HYD-OLG-0026,SPAK_siRNA4,antisense_guide,21,T,NOT_REPORTED,NOT_REPORTED,terminal_none,position_resolved_from_published_sequence,Choroid_plexus_siSPAK_LNP_2025_NatCommun,"Methods, 'Materials'","Nucleobase at every position read from the antisense (guide) strand printed in the source's Methods (Materials). The source states no chemical modification for these reagents, so sugar_chemistry, base_modification and linkage are NOT_REPORTED rather than assumed to be unmodified RNA. The 3'-terminal TT is printed by the source as 'TT' without stating whether it is deoxythymidine, so it is recorded as base T with the sugar unstated."
