Chem_Record_ID,Sequence_Record_ID,Canonical_Name,Sequence_5to3,Length_nt,Position_1based,Base,Sugar_Modification,Base_Modification,Linkage_to_Next,Structural_Segment,Terminal_Position,Chemistry_Source,Source_URL,Qualification
CHEM-TMB-0001,OLG-TMB-001,Volanesorsen,AGCTTCTTGTCCAGCTTTAT,20,1,A,2′-O-methoxyethyl,,PS,5′ wing,5′,Witztum Table 4 and safety text; EMA chemical description,https://www.ema.europa.eu/en/documents/assessment-report/waylivra-epar-public-assessment-report_en.pdf,Position map derived from the explicitly reported gapmer design and exact sequence.
CHEM-TMB-0002,OLG-TMB-001,Volanesorsen,AGCTTCTTGTCCAGCTTTAT,20,2,G,2′-O-methoxyethyl,,PS,5′ wing,,Witztum Table 4 and safety text; EMA chemical description,https://www.ema.europa.eu/en/documents/assessment-report/waylivra-epar-public-assessment-report_en.pdf,Position map derived from the explicitly reported gapmer design and exact sequence.
CHEM-TMB-0003,OLG-TMB-001,Volanesorsen,AGCTTCTTGTCCAGCTTTAT,20,3,C,2′-O-methoxyethyl,5-methylcytosine,PS,5′ wing,,Witztum Table 4 and safety text; EMA chemical description,https://www.ema.europa.eu/en/documents/assessment-report/waylivra-epar-public-assessment-report_en.pdf,Position map derived from the explicitly reported gapmer design and exact sequence.
CHEM-TMB-0004,OLG-TMB-001,Volanesorsen,AGCTTCTTGTCCAGCTTTAT,20,4,T,2′-O-methoxyethyl,,PS,5′ wing,,Witztum Table 4 and safety text; EMA chemical description,https://www.ema.europa.eu/en/documents/assessment-report/waylivra-epar-public-assessment-report_en.pdf,Position map derived from the explicitly reported gapmer design and exact sequence.
CHEM-TMB-0005,OLG-TMB-001,Volanesorsen,AGCTTCTTGTCCAGCTTTAT,20,5,T,2′-O-methoxyethyl,,PS,5′ wing,,Witztum Table 4 and safety text; EMA chemical description,https://www.ema.europa.eu/en/documents/assessment-report/waylivra-epar-public-assessment-report_en.pdf,Position map derived from the explicitly reported gapmer design and exact sequence.
CHEM-TMB-0006,OLG-TMB-001,Volanesorsen,AGCTTCTTGTCCAGCTTTAT,20,6,C,2′-deoxy,5-methylcytosine,PS,DNA gap,,Witztum Table 4 and safety text; EMA chemical description,https://www.ema.europa.eu/en/documents/assessment-report/waylivra-epar-public-assessment-report_en.pdf,Position map derived from the explicitly reported gapmer design and exact sequence.
CHEM-TMB-0007,OLG-TMB-001,Volanesorsen,AGCTTCTTGTCCAGCTTTAT,20,7,T,2′-deoxy,,PS,DNA gap,,Witztum Table 4 and safety text; EMA chemical description,https://www.ema.europa.eu/en/documents/assessment-report/waylivra-epar-public-assessment-report_en.pdf,Position map derived from the explicitly reported gapmer design and exact sequence.
CHEM-TMB-0008,OLG-TMB-001,Volanesorsen,AGCTTCTTGTCCAGCTTTAT,20,8,T,2′-deoxy,,PS,DNA gap,,Witztum Table 4 and safety text; EMA chemical description,https://www.ema.europa.eu/en/documents/assessment-report/waylivra-epar-public-assessment-report_en.pdf,Position map derived from the explicitly reported gapmer design and exact sequence.
CHEM-TMB-0009,OLG-TMB-001,Volanesorsen,AGCTTCTTGTCCAGCTTTAT,20,9,G,2′-deoxy,,PS,DNA gap,,Witztum Table 4 and safety text; EMA chemical description,https://www.ema.europa.eu/en/documents/assessment-report/waylivra-epar-public-assessment-report_en.pdf,Position map derived from the explicitly reported gapmer design and exact sequence.
CHEM-TMB-0010,OLG-TMB-001,Volanesorsen,AGCTTCTTGTCCAGCTTTAT,20,10,T,2′-deoxy,,PS,DNA gap,,Witztum Table 4 and safety text; EMA chemical description,https://www.ema.europa.eu/en/documents/assessment-report/waylivra-epar-public-assessment-report_en.pdf,Position map derived from the explicitly reported gapmer design and exact sequence.
CHEM-TMB-0011,OLG-TMB-001,Volanesorsen,AGCTTCTTGTCCAGCTTTAT,20,11,C,2′-deoxy,5-methylcytosine,PS,DNA gap,,Witztum Table 4 and safety text; EMA chemical description,https://www.ema.europa.eu/en/documents/assessment-report/waylivra-epar-public-assessment-report_en.pdf,Position map derived from the explicitly reported gapmer design and exact sequence.
CHEM-TMB-0012,OLG-TMB-001,Volanesorsen,AGCTTCTTGTCCAGCTTTAT,20,12,C,2′-deoxy,5-methylcytosine,PS,DNA gap,,Witztum Table 4 and safety text; EMA chemical description,https://www.ema.europa.eu/en/documents/assessment-report/waylivra-epar-public-assessment-report_en.pdf,Position map derived from the explicitly reported gapmer design and exact sequence.
CHEM-TMB-0013,OLG-TMB-001,Volanesorsen,AGCTTCTTGTCCAGCTTTAT,20,13,A,2′-deoxy,,PS,DNA gap,,Witztum Table 4 and safety text; EMA chemical description,https://www.ema.europa.eu/en/documents/assessment-report/waylivra-epar-public-assessment-report_en.pdf,Position map derived from the explicitly reported gapmer design and exact sequence.
CHEM-TMB-0014,OLG-TMB-001,Volanesorsen,AGCTTCTTGTCCAGCTTTAT,20,14,G,2′-deoxy,,PS,DNA gap,,Witztum Table 4 and safety text; EMA chemical description,https://www.ema.europa.eu/en/documents/assessment-report/waylivra-epar-public-assessment-report_en.pdf,Position map derived from the explicitly reported gapmer design and exact sequence.
CHEM-TMB-0015,OLG-TMB-001,Volanesorsen,AGCTTCTTGTCCAGCTTTAT,20,15,C,2′-deoxy,5-methylcytosine,PS,DNA gap,,Witztum Table 4 and safety text; EMA chemical description,https://www.ema.europa.eu/en/documents/assessment-report/waylivra-epar-public-assessment-report_en.pdf,Position map derived from the explicitly reported gapmer design and exact sequence.
CHEM-TMB-0016,OLG-TMB-001,Volanesorsen,AGCTTCTTGTCCAGCTTTAT,20,16,T,2′-O-methoxyethyl,,PS,3′ wing,,Witztum Table 4 and safety text; EMA chemical description,https://www.ema.europa.eu/en/documents/assessment-report/waylivra-epar-public-assessment-report_en.pdf,Position map derived from the explicitly reported gapmer design and exact sequence.
CHEM-TMB-0017,OLG-TMB-001,Volanesorsen,AGCTTCTTGTCCAGCTTTAT,20,17,T,2′-O-methoxyethyl,,PS,3′ wing,,Witztum Table 4 and safety text; EMA chemical description,https://www.ema.europa.eu/en/documents/assessment-report/waylivra-epar-public-assessment-report_en.pdf,Position map derived from the explicitly reported gapmer design and exact sequence.
CHEM-TMB-0018,OLG-TMB-001,Volanesorsen,AGCTTCTTGTCCAGCTTTAT,20,18,T,2′-O-methoxyethyl,,PS,3′ wing,,Witztum Table 4 and safety text; EMA chemical description,https://www.ema.europa.eu/en/documents/assessment-report/waylivra-epar-public-assessment-report_en.pdf,Position map derived from the explicitly reported gapmer design and exact sequence.
CHEM-TMB-0019,OLG-TMB-001,Volanesorsen,AGCTTCTTGTCCAGCTTTAT,20,19,A,2′-O-methoxyethyl,,PS,3′ wing,,Witztum Table 4 and safety text; EMA chemical description,https://www.ema.europa.eu/en/documents/assessment-report/waylivra-epar-public-assessment-report_en.pdf,Position map derived from the explicitly reported gapmer design and exact sequence.
CHEM-TMB-0020,OLG-TMB-001,Volanesorsen,AGCTTCTTGTCCAGCTTTAT,20,20,T,2′-O-methoxyethyl,,TERMINAL,3′ wing,3′,Witztum Table 4 and safety text; EMA chemical description,https://www.ema.europa.eu/en/documents/assessment-report/waylivra-epar-public-assessment-report_en.pdf,Position map derived from the explicitly reported gapmer design and exact sequence.
CHEM-TMB-0021,OLG-TMB-003,487660,CCAGCTCAACCCTTCTTTAA,20,1,C,2′-O-methoxyethyl,5-methylcytosine,PS,5′ wing,5′,"Slingsby Table 1; Figs. 1,3,6-7",https://haematologica.org/article/view/haematol.2020.260059,Position map derived from the explicitly reported gapmer design and exact sequence.
CHEM-TMB-0022,OLG-TMB-003,487660,CCAGCTCAACCCTTCTTTAA,20,2,C,2′-O-methoxyethyl,5-methylcytosine,PS,5′ wing,,"Slingsby Table 1; Figs. 1,3,6-7",https://haematologica.org/article/view/haematol.2020.260059,Position map derived from the explicitly reported gapmer design and exact sequence.
CHEM-TMB-0023,OLG-TMB-003,487660,CCAGCTCAACCCTTCTTTAA,20,3,A,2′-O-methoxyethyl,,PS,5′ wing,,"Slingsby Table 1; Figs. 1,3,6-7",https://haematologica.org/article/view/haematol.2020.260059,Position map derived from the explicitly reported gapmer design and exact sequence.
CHEM-TMB-0024,OLG-TMB-003,487660,CCAGCTCAACCCTTCTTTAA,20,4,G,2′-O-methoxyethyl,,PS,5′ wing,,"Slingsby Table 1; Figs. 1,3,6-7",https://haematologica.org/article/view/haematol.2020.260059,Position map derived from the explicitly reported gapmer design and exact sequence.
CHEM-TMB-0025,OLG-TMB-003,487660,CCAGCTCAACCCTTCTTTAA,20,5,C,2′-O-methoxyethyl,5-methylcytosine,PS,5′ wing,,"Slingsby Table 1; Figs. 1,3,6-7",https://haematologica.org/article/view/haematol.2020.260059,Position map derived from the explicitly reported gapmer design and exact sequence.
CHEM-TMB-0026,OLG-TMB-003,487660,CCAGCTCAACCCTTCTTTAA,20,6,T,2′-deoxy,,PS,DNA gap,,"Slingsby Table 1; Figs. 1,3,6-7",https://haematologica.org/article/view/haematol.2020.260059,Position map derived from the explicitly reported gapmer design and exact sequence.
CHEM-TMB-0027,OLG-TMB-003,487660,CCAGCTCAACCCTTCTTTAA,20,7,C,2′-deoxy,5-methylcytosine,PS,DNA gap,,"Slingsby Table 1; Figs. 1,3,6-7",https://haematologica.org/article/view/haematol.2020.260059,Position map derived from the explicitly reported gapmer design and exact sequence.
CHEM-TMB-0028,OLG-TMB-003,487660,CCAGCTCAACCCTTCTTTAA,20,8,A,2′-deoxy,,PS,DNA gap,,"Slingsby Table 1; Figs. 1,3,6-7",https://haematologica.org/article/view/haematol.2020.260059,Position map derived from the explicitly reported gapmer design and exact sequence.
CHEM-TMB-0029,OLG-TMB-003,487660,CCAGCTCAACCCTTCTTTAA,20,9,A,2′-deoxy,,PS,DNA gap,,"Slingsby Table 1; Figs. 1,3,6-7",https://haematologica.org/article/view/haematol.2020.260059,Position map derived from the explicitly reported gapmer design and exact sequence.
CHEM-TMB-0030,OLG-TMB-003,487660,CCAGCTCAACCCTTCTTTAA,20,10,C,2′-deoxy,5-methylcytosine,PS,DNA gap,,"Slingsby Table 1; Figs. 1,3,6-7",https://haematologica.org/article/view/haematol.2020.260059,Position map derived from the explicitly reported gapmer design and exact sequence.
CHEM-TMB-0031,OLG-TMB-003,487660,CCAGCTCAACCCTTCTTTAA,20,11,C,2′-deoxy,5-methylcytosine,PS,DNA gap,,"Slingsby Table 1; Figs. 1,3,6-7",https://haematologica.org/article/view/haematol.2020.260059,Position map derived from the explicitly reported gapmer design and exact sequence.
CHEM-TMB-0032,OLG-TMB-003,487660,CCAGCTCAACCCTTCTTTAA,20,12,C,2′-deoxy,5-methylcytosine,PS,DNA gap,,"Slingsby Table 1; Figs. 1,3,6-7",https://haematologica.org/article/view/haematol.2020.260059,Position map derived from the explicitly reported gapmer design and exact sequence.
CHEM-TMB-0033,OLG-TMB-003,487660,CCAGCTCAACCCTTCTTTAA,20,13,T,2′-deoxy,,PS,DNA gap,,"Slingsby Table 1; Figs. 1,3,6-7",https://haematologica.org/article/view/haematol.2020.260059,Position map derived from the explicitly reported gapmer design and exact sequence.
CHEM-TMB-0034,OLG-TMB-003,487660,CCAGCTCAACCCTTCTTTAA,20,14,T,2′-deoxy,,PS,DNA gap,,"Slingsby Table 1; Figs. 1,3,6-7",https://haematologica.org/article/view/haematol.2020.260059,Position map derived from the explicitly reported gapmer design and exact sequence.
CHEM-TMB-0035,OLG-TMB-003,487660,CCAGCTCAACCCTTCTTTAA,20,15,C,2′-deoxy,5-methylcytosine,PS,DNA gap,,"Slingsby Table 1; Figs. 1,3,6-7",https://haematologica.org/article/view/haematol.2020.260059,Position map derived from the explicitly reported gapmer design and exact sequence.
CHEM-TMB-0036,OLG-TMB-003,487660,CCAGCTCAACCCTTCTTTAA,20,16,T,2′-O-methoxyethyl,,PS,3′ wing,,"Slingsby Table 1; Figs. 1,3,6-7",https://haematologica.org/article/view/haematol.2020.260059,Position map derived from the explicitly reported gapmer design and exact sequence.
CHEM-TMB-0037,OLG-TMB-003,487660,CCAGCTCAACCCTTCTTTAA,20,17,T,2′-O-methoxyethyl,,PS,3′ wing,,"Slingsby Table 1; Figs. 1,3,6-7",https://haematologica.org/article/view/haematol.2020.260059,Position map derived from the explicitly reported gapmer design and exact sequence.
CHEM-TMB-0038,OLG-TMB-003,487660,CCAGCTCAACCCTTCTTTAA,20,18,T,2′-O-methoxyethyl,,PS,3′ wing,,"Slingsby Table 1; Figs. 1,3,6-7",https://haematologica.org/article/view/haematol.2020.260059,Position map derived from the explicitly reported gapmer design and exact sequence.
CHEM-TMB-0039,OLG-TMB-003,487660,CCAGCTCAACCCTTCTTTAA,20,19,A,2′-O-methoxyethyl,,PS,3′ wing,,"Slingsby Table 1; Figs. 1,3,6-7",https://haematologica.org/article/view/haematol.2020.260059,Position map derived from the explicitly reported gapmer design and exact sequence.
CHEM-TMB-0040,OLG-TMB-003,487660,CCAGCTCAACCCTTCTTTAA,20,20,A,2′-O-methoxyethyl,,TERMINAL,3′ wing,3′,"Slingsby Table 1; Figs. 1,3,6-7",https://haematologica.org/article/view/haematol.2020.260059,Position map derived from the explicitly reported gapmer design and exact sequence.
CHEM-TMB-0041,OLG-TMB-004,104838,GCTGATTAGAGAGAGGTCCC,20,1,G,2′-O-methoxyethyl,,PS,5′ wing,5′,"Crooke Figure 1/text; Slingsby Table 1 and Figs. 3,6-7",https://journals.sagepub.com/doi/full/10.1089/nat.2016.0650,Position map derived from the explicitly reported gapmer design and exact sequence.
CHEM-TMB-0042,OLG-TMB-004,104838,GCTGATTAGAGAGAGGTCCC,20,2,C,2′-O-methoxyethyl,5-methylcytosine,PS,5′ wing,,"Crooke Figure 1/text; Slingsby Table 1 and Figs. 3,6-7",https://journals.sagepub.com/doi/full/10.1089/nat.2016.0650,Position map derived from the explicitly reported gapmer design and exact sequence.
CHEM-TMB-0043,OLG-TMB-004,104838,GCTGATTAGAGAGAGGTCCC,20,3,T,2′-O-methoxyethyl,,PS,5′ wing,,"Crooke Figure 1/text; Slingsby Table 1 and Figs. 3,6-7",https://journals.sagepub.com/doi/full/10.1089/nat.2016.0650,Position map derived from the explicitly reported gapmer design and exact sequence.
CHEM-TMB-0044,OLG-TMB-004,104838,GCTGATTAGAGAGAGGTCCC,20,4,G,2′-O-methoxyethyl,,PS,5′ wing,,"Crooke Figure 1/text; Slingsby Table 1 and Figs. 3,6-7",https://journals.sagepub.com/doi/full/10.1089/nat.2016.0650,Position map derived from the explicitly reported gapmer design and exact sequence.
CHEM-TMB-0045,OLG-TMB-004,104838,GCTGATTAGAGAGAGGTCCC,20,5,A,2′-O-methoxyethyl,,PS,5′ wing,,"Crooke Figure 1/text; Slingsby Table 1 and Figs. 3,6-7",https://journals.sagepub.com/doi/full/10.1089/nat.2016.0650,Position map derived from the explicitly reported gapmer design and exact sequence.
CHEM-TMB-0046,OLG-TMB-004,104838,GCTGATTAGAGAGAGGTCCC,20,6,T,2′-deoxy,,PS,DNA gap,,"Crooke Figure 1/text; Slingsby Table 1 and Figs. 3,6-7",https://journals.sagepub.com/doi/full/10.1089/nat.2016.0650,Position map derived from the explicitly reported gapmer design and exact sequence.
CHEM-TMB-0047,OLG-TMB-004,104838,GCTGATTAGAGAGAGGTCCC,20,7,T,2′-deoxy,,PS,DNA gap,,"Crooke Figure 1/text; Slingsby Table 1 and Figs. 3,6-7",https://journals.sagepub.com/doi/full/10.1089/nat.2016.0650,Position map derived from the explicitly reported gapmer design and exact sequence.
CHEM-TMB-0048,OLG-TMB-004,104838,GCTGATTAGAGAGAGGTCCC,20,8,A,2′-deoxy,,PS,DNA gap,,"Crooke Figure 1/text; Slingsby Table 1 and Figs. 3,6-7",https://journals.sagepub.com/doi/full/10.1089/nat.2016.0650,Position map derived from the explicitly reported gapmer design and exact sequence.
CHEM-TMB-0049,OLG-TMB-004,104838,GCTGATTAGAGAGAGGTCCC,20,9,G,2′-deoxy,,PS,DNA gap,,"Crooke Figure 1/text; Slingsby Table 1 and Figs. 3,6-7",https://journals.sagepub.com/doi/full/10.1089/nat.2016.0650,Position map derived from the explicitly reported gapmer design and exact sequence.
CHEM-TMB-0050,OLG-TMB-004,104838,GCTGATTAGAGAGAGGTCCC,20,10,A,2′-deoxy,,PS,DNA gap,,"Crooke Figure 1/text; Slingsby Table 1 and Figs. 3,6-7",https://journals.sagepub.com/doi/full/10.1089/nat.2016.0650,Position map derived from the explicitly reported gapmer design and exact sequence.
CHEM-TMB-0051,OLG-TMB-004,104838,GCTGATTAGAGAGAGGTCCC,20,11,G,2′-deoxy,,PS,DNA gap,,"Crooke Figure 1/text; Slingsby Table 1 and Figs. 3,6-7",https://journals.sagepub.com/doi/full/10.1089/nat.2016.0650,Position map derived from the explicitly reported gapmer design and exact sequence.
CHEM-TMB-0052,OLG-TMB-004,104838,GCTGATTAGAGAGAGGTCCC,20,12,A,2′-deoxy,,PS,DNA gap,,"Crooke Figure 1/text; Slingsby Table 1 and Figs. 3,6-7",https://journals.sagepub.com/doi/full/10.1089/nat.2016.0650,Position map derived from the explicitly reported gapmer design and exact sequence.
CHEM-TMB-0053,OLG-TMB-004,104838,GCTGATTAGAGAGAGGTCCC,20,13,G,2′-deoxy,,PS,DNA gap,,"Crooke Figure 1/text; Slingsby Table 1 and Figs. 3,6-7",https://journals.sagepub.com/doi/full/10.1089/nat.2016.0650,Position map derived from the explicitly reported gapmer design and exact sequence.
CHEM-TMB-0054,OLG-TMB-004,104838,GCTGATTAGAGAGAGGTCCC,20,14,A,2′-deoxy,,PS,DNA gap,,"Crooke Figure 1/text; Slingsby Table 1 and Figs. 3,6-7",https://journals.sagepub.com/doi/full/10.1089/nat.2016.0650,Position map derived from the explicitly reported gapmer design and exact sequence.
CHEM-TMB-0055,OLG-TMB-004,104838,GCTGATTAGAGAGAGGTCCC,20,15,G,2′-deoxy,,PS,DNA gap,,"Crooke Figure 1/text; Slingsby Table 1 and Figs. 3,6-7",https://journals.sagepub.com/doi/full/10.1089/nat.2016.0650,Position map derived from the explicitly reported gapmer design and exact sequence.
CHEM-TMB-0056,OLG-TMB-004,104838,GCTGATTAGAGAGAGGTCCC,20,16,G,2′-O-methoxyethyl,,PS,3′ wing,,"Crooke Figure 1/text; Slingsby Table 1 and Figs. 3,6-7",https://journals.sagepub.com/doi/full/10.1089/nat.2016.0650,Position map derived from the explicitly reported gapmer design and exact sequence.
CHEM-TMB-0057,OLG-TMB-004,104838,GCTGATTAGAGAGAGGTCCC,20,17,T,2′-O-methoxyethyl,,PS,3′ wing,,"Crooke Figure 1/text; Slingsby Table 1 and Figs. 3,6-7",https://journals.sagepub.com/doi/full/10.1089/nat.2016.0650,Position map derived from the explicitly reported gapmer design and exact sequence.
CHEM-TMB-0058,OLG-TMB-004,104838,GCTGATTAGAGAGAGGTCCC,20,18,C,2′-O-methoxyethyl,5-methylcytosine,PS,3′ wing,,"Crooke Figure 1/text; Slingsby Table 1 and Figs. 3,6-7",https://journals.sagepub.com/doi/full/10.1089/nat.2016.0650,Position map derived from the explicitly reported gapmer design and exact sequence.
CHEM-TMB-0059,OLG-TMB-004,104838,GCTGATTAGAGAGAGGTCCC,20,19,C,2′-O-methoxyethyl,5-methylcytosine,PS,3′ wing,,"Crooke Figure 1/text; Slingsby Table 1 and Figs. 3,6-7",https://journals.sagepub.com/doi/full/10.1089/nat.2016.0650,Position map derived from the explicitly reported gapmer design and exact sequence.
CHEM-TMB-0060,OLG-TMB-004,104838,GCTGATTAGAGAGAGGTCCC,20,20,C,2′-O-methoxyethyl,5-methylcytosine,TERMINAL,3′ wing,3′,"Crooke Figure 1/text; Slingsby Table 1 and Figs. 3,6-7",https://journals.sagepub.com/doi/full/10.1089/nat.2016.0650,Position map derived from the explicitly reported gapmer design and exact sequence.
CHEM-TMB-0061,OLG-TMB-005,501861,TCACAGAATTATCAGCAGTA,20,1,T,2′-O-methoxyethyl,,PS,5′ wing,5′,"Slingsby Table 1 and Figs. 3,6-7",https://haematologica.org/article/view/haematol.2020.260059,Position map derived from the explicitly reported gapmer design and exact sequence.
CHEM-TMB-0062,OLG-TMB-005,501861,TCACAGAATTATCAGCAGTA,20,2,C,2′-O-methoxyethyl,5-methylcytosine,PS,5′ wing,,"Slingsby Table 1 and Figs. 3,6-7",https://haematologica.org/article/view/haematol.2020.260059,Position map derived from the explicitly reported gapmer design and exact sequence.
CHEM-TMB-0063,OLG-TMB-005,501861,TCACAGAATTATCAGCAGTA,20,3,A,2′-O-methoxyethyl,,PS,5′ wing,,"Slingsby Table 1 and Figs. 3,6-7",https://haematologica.org/article/view/haematol.2020.260059,Position map derived from the explicitly reported gapmer design and exact sequence.
CHEM-TMB-0064,OLG-TMB-005,501861,TCACAGAATTATCAGCAGTA,20,4,C,2′-O-methoxyethyl,5-methylcytosine,PS,5′ wing,,"Slingsby Table 1 and Figs. 3,6-7",https://haematologica.org/article/view/haematol.2020.260059,Position map derived from the explicitly reported gapmer design and exact sequence.
CHEM-TMB-0065,OLG-TMB-005,501861,TCACAGAATTATCAGCAGTA,20,5,A,2′-O-methoxyethyl,,PS,5′ wing,,"Slingsby Table 1 and Figs. 3,6-7",https://haematologica.org/article/view/haematol.2020.260059,Position map derived from the explicitly reported gapmer design and exact sequence.
CHEM-TMB-0066,OLG-TMB-005,501861,TCACAGAATTATCAGCAGTA,20,6,G,2′-deoxy,,PS,DNA gap,,"Slingsby Table 1 and Figs. 3,6-7",https://haematologica.org/article/view/haematol.2020.260059,Position map derived from the explicitly reported gapmer design and exact sequence.
CHEM-TMB-0067,OLG-TMB-005,501861,TCACAGAATTATCAGCAGTA,20,7,A,2′-deoxy,,PS,DNA gap,,"Slingsby Table 1 and Figs. 3,6-7",https://haematologica.org/article/view/haematol.2020.260059,Position map derived from the explicitly reported gapmer design and exact sequence.
CHEM-TMB-0068,OLG-TMB-005,501861,TCACAGAATTATCAGCAGTA,20,8,A,2′-deoxy,,PS,DNA gap,,"Slingsby Table 1 and Figs. 3,6-7",https://haematologica.org/article/view/haematol.2020.260059,Position map derived from the explicitly reported gapmer design and exact sequence.
CHEM-TMB-0069,OLG-TMB-005,501861,TCACAGAATTATCAGCAGTA,20,9,T,2′-deoxy,,PS,DNA gap,,"Slingsby Table 1 and Figs. 3,6-7",https://haematologica.org/article/view/haematol.2020.260059,Position map derived from the explicitly reported gapmer design and exact sequence.
CHEM-TMB-0070,OLG-TMB-005,501861,TCACAGAATTATCAGCAGTA,20,10,T,2′-deoxy,,PS,DNA gap,,"Slingsby Table 1 and Figs. 3,6-7",https://haematologica.org/article/view/haematol.2020.260059,Position map derived from the explicitly reported gapmer design and exact sequence.
CHEM-TMB-0071,OLG-TMB-005,501861,TCACAGAATTATCAGCAGTA,20,11,A,2′-deoxy,,PS,DNA gap,,"Slingsby Table 1 and Figs. 3,6-7",https://haematologica.org/article/view/haematol.2020.260059,Position map derived from the explicitly reported gapmer design and exact sequence.
CHEM-TMB-0072,OLG-TMB-005,501861,TCACAGAATTATCAGCAGTA,20,12,T,2′-deoxy,,PS,DNA gap,,"Slingsby Table 1 and Figs. 3,6-7",https://haematologica.org/article/view/haematol.2020.260059,Position map derived from the explicitly reported gapmer design and exact sequence.
CHEM-TMB-0073,OLG-TMB-005,501861,TCACAGAATTATCAGCAGTA,20,13,C,2′-deoxy,5-methylcytosine,PS,DNA gap,,"Slingsby Table 1 and Figs. 3,6-7",https://haematologica.org/article/view/haematol.2020.260059,Position map derived from the explicitly reported gapmer design and exact sequence.
CHEM-TMB-0074,OLG-TMB-005,501861,TCACAGAATTATCAGCAGTA,20,14,A,2′-deoxy,,PS,DNA gap,,"Slingsby Table 1 and Figs. 3,6-7",https://haematologica.org/article/view/haematol.2020.260059,Position map derived from the explicitly reported gapmer design and exact sequence.
CHEM-TMB-0075,OLG-TMB-005,501861,TCACAGAATTATCAGCAGTA,20,15,G,2′-deoxy,,PS,DNA gap,,"Slingsby Table 1 and Figs. 3,6-7",https://haematologica.org/article/view/haematol.2020.260059,Position map derived from the explicitly reported gapmer design and exact sequence.
CHEM-TMB-0076,OLG-TMB-005,501861,TCACAGAATTATCAGCAGTA,20,16,C,2′-O-methoxyethyl,5-methylcytosine,PS,3′ wing,,"Slingsby Table 1 and Figs. 3,6-7",https://haematologica.org/article/view/haematol.2020.260059,Position map derived from the explicitly reported gapmer design and exact sequence.
CHEM-TMB-0077,OLG-TMB-005,501861,TCACAGAATTATCAGCAGTA,20,17,A,2′-O-methoxyethyl,,PS,3′ wing,,"Slingsby Table 1 and Figs. 3,6-7",https://haematologica.org/article/view/haematol.2020.260059,Position map derived from the explicitly reported gapmer design and exact sequence.
CHEM-TMB-0078,OLG-TMB-005,501861,TCACAGAATTATCAGCAGTA,20,18,G,2′-O-methoxyethyl,,PS,3′ wing,,"Slingsby Table 1 and Figs. 3,6-7",https://haematologica.org/article/view/haematol.2020.260059,Position map derived from the explicitly reported gapmer design and exact sequence.
CHEM-TMB-0079,OLG-TMB-005,501861,TCACAGAATTATCAGCAGTA,20,19,T,2′-O-methoxyethyl,,PS,3′ wing,,"Slingsby Table 1 and Figs. 3,6-7",https://haematologica.org/article/view/haematol.2020.260059,Position map derived from the explicitly reported gapmer design and exact sequence.
CHEM-TMB-0080,OLG-TMB-005,501861,TCACAGAATTATCAGCAGTA,20,20,A,2′-O-methoxyethyl,,TERMINAL,3′ wing,3′,"Slingsby Table 1 and Figs. 3,6-7",https://haematologica.org/article/view/haematol.2020.260059,Position map derived from the explicitly reported gapmer design and exact sequence.
CHEM-TMB-0081,OLG-TMB-006,120704,TCGTCGTTTTGTCGTTTTGTCGTT,24,1,T,2′-deoxy,,PS,DNA,5′,"Slingsby Table 1 and Figs. 3,5-7",https://haematologica.org/article/view/haematol.2020.260059,Position map derived from the defined construct and exact sequence.
CHEM-TMB-0082,OLG-TMB-006,120704,TCGTCGTTTTGTCGTTTTGTCGTT,24,2,C,2′-deoxy,,PS,DNA,,"Slingsby Table 1 and Figs. 3,5-7",https://haematologica.org/article/view/haematol.2020.260059,Position map derived from the defined construct and exact sequence.
CHEM-TMB-0083,OLG-TMB-006,120704,TCGTCGTTTTGTCGTTTTGTCGTT,24,3,G,2′-deoxy,,PS,DNA,,"Slingsby Table 1 and Figs. 3,5-7",https://haematologica.org/article/view/haematol.2020.260059,Position map derived from the defined construct and exact sequence.
CHEM-TMB-0084,OLG-TMB-006,120704,TCGTCGTTTTGTCGTTTTGTCGTT,24,4,T,2′-deoxy,,PS,DNA,,"Slingsby Table 1 and Figs. 3,5-7",https://haematologica.org/article/view/haematol.2020.260059,Position map derived from the defined construct and exact sequence.
CHEM-TMB-0085,OLG-TMB-006,120704,TCGTCGTTTTGTCGTTTTGTCGTT,24,5,C,2′-deoxy,,PS,DNA,,"Slingsby Table 1 and Figs. 3,5-7",https://haematologica.org/article/view/haematol.2020.260059,Position map derived from the defined construct and exact sequence.
CHEM-TMB-0086,OLG-TMB-006,120704,TCGTCGTTTTGTCGTTTTGTCGTT,24,6,G,2′-deoxy,,PS,DNA,,"Slingsby Table 1 and Figs. 3,5-7",https://haematologica.org/article/view/haematol.2020.260059,Position map derived from the defined construct and exact sequence.
CHEM-TMB-0087,OLG-TMB-006,120704,TCGTCGTTTTGTCGTTTTGTCGTT,24,7,T,2′-deoxy,,PS,DNA,,"Slingsby Table 1 and Figs. 3,5-7",https://haematologica.org/article/view/haematol.2020.260059,Position map derived from the defined construct and exact sequence.
CHEM-TMB-0088,OLG-TMB-006,120704,TCGTCGTTTTGTCGTTTTGTCGTT,24,8,T,2′-deoxy,,PS,DNA,,"Slingsby Table 1 and Figs. 3,5-7",https://haematologica.org/article/view/haematol.2020.260059,Position map derived from the defined construct and exact sequence.
CHEM-TMB-0089,OLG-TMB-006,120704,TCGTCGTTTTGTCGTTTTGTCGTT,24,9,T,2′-deoxy,,PS,DNA,,"Slingsby Table 1 and Figs. 3,5-7",https://haematologica.org/article/view/haematol.2020.260059,Position map derived from the defined construct and exact sequence.
CHEM-TMB-0090,OLG-TMB-006,120704,TCGTCGTTTTGTCGTTTTGTCGTT,24,10,T,2′-deoxy,,PS,DNA,,"Slingsby Table 1 and Figs. 3,5-7",https://haematologica.org/article/view/haematol.2020.260059,Position map derived from the defined construct and exact sequence.
CHEM-TMB-0091,OLG-TMB-006,120704,TCGTCGTTTTGTCGTTTTGTCGTT,24,11,G,2′-deoxy,,PS,DNA,,"Slingsby Table 1 and Figs. 3,5-7",https://haematologica.org/article/view/haematol.2020.260059,Position map derived from the defined construct and exact sequence.
CHEM-TMB-0092,OLG-TMB-006,120704,TCGTCGTTTTGTCGTTTTGTCGTT,24,12,T,2′-deoxy,,PS,DNA,,"Slingsby Table 1 and Figs. 3,5-7",https://haematologica.org/article/view/haematol.2020.260059,Position map derived from the defined construct and exact sequence.
CHEM-TMB-0093,OLG-TMB-006,120704,TCGTCGTTTTGTCGTTTTGTCGTT,24,13,C,2′-deoxy,,PS,DNA,,"Slingsby Table 1 and Figs. 3,5-7",https://haematologica.org/article/view/haematol.2020.260059,Position map derived from the defined construct and exact sequence.
CHEM-TMB-0094,OLG-TMB-006,120704,TCGTCGTTTTGTCGTTTTGTCGTT,24,14,G,2′-deoxy,,PS,DNA,,"Slingsby Table 1 and Figs. 3,5-7",https://haematologica.org/article/view/haematol.2020.260059,Position map derived from the defined construct and exact sequence.
CHEM-TMB-0095,OLG-TMB-006,120704,TCGTCGTTTTGTCGTTTTGTCGTT,24,15,T,2′-deoxy,,PS,DNA,,"Slingsby Table 1 and Figs. 3,5-7",https://haematologica.org/article/view/haematol.2020.260059,Position map derived from the defined construct and exact sequence.
CHEM-TMB-0096,OLG-TMB-006,120704,TCGTCGTTTTGTCGTTTTGTCGTT,24,16,T,2′-deoxy,,PS,DNA,,"Slingsby Table 1 and Figs. 3,5-7",https://haematologica.org/article/view/haematol.2020.260059,Position map derived from the defined construct and exact sequence.
CHEM-TMB-0097,OLG-TMB-006,120704,TCGTCGTTTTGTCGTTTTGTCGTT,24,17,T,2′-deoxy,,PS,DNA,,"Slingsby Table 1 and Figs. 3,5-7",https://haematologica.org/article/view/haematol.2020.260059,Position map derived from the defined construct and exact sequence.
CHEM-TMB-0098,OLG-TMB-006,120704,TCGTCGTTTTGTCGTTTTGTCGTT,24,18,T,2′-deoxy,,PS,DNA,,"Slingsby Table 1 and Figs. 3,5-7",https://haematologica.org/article/view/haematol.2020.260059,Position map derived from the defined construct and exact sequence.
CHEM-TMB-0099,OLG-TMB-006,120704,TCGTCGTTTTGTCGTTTTGTCGTT,24,19,G,2′-deoxy,,PS,DNA,,"Slingsby Table 1 and Figs. 3,5-7",https://haematologica.org/article/view/haematol.2020.260059,Position map derived from the defined construct and exact sequence.
CHEM-TMB-0100,OLG-TMB-006,120704,TCGTCGTTTTGTCGTTTTGTCGTT,24,20,T,2′-deoxy,,PS,DNA,,"Slingsby Table 1 and Figs. 3,5-7",https://haematologica.org/article/view/haematol.2020.260059,Position map derived from the defined construct and exact sequence.
CHEM-TMB-0101,OLG-TMB-006,120704,TCGTCGTTTTGTCGTTTTGTCGTT,24,21,C,2′-deoxy,,PS,DNA,,"Slingsby Table 1 and Figs. 3,5-7",https://haematologica.org/article/view/haematol.2020.260059,Position map derived from the defined construct and exact sequence.
CHEM-TMB-0102,OLG-TMB-006,120704,TCGTCGTTTTGTCGTTTTGTCGTT,24,22,G,2′-deoxy,,PS,DNA,,"Slingsby Table 1 and Figs. 3,5-7",https://haematologica.org/article/view/haematol.2020.260059,Position map derived from the defined construct and exact sequence.
CHEM-TMB-0103,OLG-TMB-006,120704,TCGTCGTTTTGTCGTTTTGTCGTT,24,23,T,2′-deoxy,,PS,DNA,,"Slingsby Table 1 and Figs. 3,5-7",https://haematologica.org/article/view/haematol.2020.260059,Position map derived from the defined construct and exact sequence.
CHEM-TMB-0104,OLG-TMB-006,120704,TCGTCGTTTTGTCGTTTTGTCGTT,24,24,T,2′-deoxy,,TERMINAL,DNA,3′,"Slingsby Table 1 and Figs. 3,5-7",https://haematologica.org/article/view/haematol.2020.260059,Position map derived from the defined construct and exact sequence.
CHEM-TMB-0105,OLG-TMB-007,ODN 2395,TCGTCGTTTTCGGCGCGCGCCG,22,1,T,2′-deoxy,,PS,DNA,5′,"Slingsby Table 1 and Figs. 3,5-7",https://haematologica.org/article/view/haematol.2020.260059,Canonical 22-mer position map corrected and cross-checked in v0.6.
CHEM-TMB-0106,OLG-TMB-007,ODN 2395,TCGTCGTTTTCGGCGCGCGCCG,22,2,C,2′-deoxy,,PS,DNA,,"Slingsby Table 1 and Figs. 3,5-7",https://haematologica.org/article/view/haematol.2020.260059,Canonical 22-mer position map corrected and cross-checked in v0.6.
CHEM-TMB-0107,OLG-TMB-007,ODN 2395,TCGTCGTTTTCGGCGCGCGCCG,22,3,G,2′-deoxy,,PS,DNA,,"Slingsby Table 1 and Figs. 3,5-7",https://haematologica.org/article/view/haematol.2020.260059,Canonical 22-mer position map corrected and cross-checked in v0.6.
CHEM-TMB-0108,OLG-TMB-007,ODN 2395,TCGTCGTTTTCGGCGCGCGCCG,22,4,T,2′-deoxy,,PS,DNA,,"Slingsby Table 1 and Figs. 3,5-7",https://haematologica.org/article/view/haematol.2020.260059,Canonical 22-mer position map corrected and cross-checked in v0.6.
CHEM-TMB-0109,OLG-TMB-007,ODN 2395,TCGTCGTTTTCGGCGCGCGCCG,22,5,C,2′-deoxy,,PS,DNA,,"Slingsby Table 1 and Figs. 3,5-7",https://haematologica.org/article/view/haematol.2020.260059,Canonical 22-mer position map corrected and cross-checked in v0.6.
CHEM-TMB-0110,OLG-TMB-007,ODN 2395,TCGTCGTTTTCGGCGCGCGCCG,22,6,G,2′-deoxy,,PS,DNA,,"Slingsby Table 1 and Figs. 3,5-7",https://haematologica.org/article/view/haematol.2020.260059,Canonical 22-mer position map corrected and cross-checked in v0.6.
CHEM-TMB-0111,OLG-TMB-007,ODN 2395,TCGTCGTTTTCGGCGCGCGCCG,22,7,T,2′-deoxy,,PS,DNA,,"Slingsby Table 1 and Figs. 3,5-7",https://haematologica.org/article/view/haematol.2020.260059,Canonical 22-mer position map corrected and cross-checked in v0.6.
CHEM-TMB-0112,OLG-TMB-007,ODN 2395,TCGTCGTTTTCGGCGCGCGCCG,22,8,T,2′-deoxy,,PS,DNA,,"Slingsby Table 1 and Figs. 3,5-7",https://haematologica.org/article/view/haematol.2020.260059,Canonical 22-mer position map corrected and cross-checked in v0.6.
CHEM-TMB-0113,OLG-TMB-007,ODN 2395,TCGTCGTTTTCGGCGCGCGCCG,22,9,T,2′-deoxy,,PS,DNA,,"Slingsby Table 1 and Figs. 3,5-7",https://haematologica.org/article/view/haematol.2020.260059,Canonical 22-mer position map corrected and cross-checked in v0.6.
CHEM-TMB-0114,OLG-TMB-007,ODN 2395,TCGTCGTTTTCGGCGCGCGCCG,22,10,T,2′-deoxy,,PS,DNA,,"Slingsby Table 1 and Figs. 3,5-7",https://haematologica.org/article/view/haematol.2020.260059,Canonical 22-mer position map corrected and cross-checked in v0.6.
CHEM-TMB-0115,OLG-TMB-007,ODN 2395,TCGTCGTTTTCGGCGCGCGCCG,22,11,C,2′-deoxy,,PS,DNA,,"Slingsby Table 1 and Figs. 3,5-7",https://haematologica.org/article/view/haematol.2020.260059,Canonical 22-mer position map corrected and cross-checked in v0.6.
CHEM-TMB-0116,OLG-TMB-007,ODN 2395,TCGTCGTTTTCGGCGCGCGCCG,22,12,G,2′-deoxy,,PS,DNA,,"Slingsby Table 1 and Figs. 3,5-7",https://haematologica.org/article/view/haematol.2020.260059,Canonical 22-mer position map corrected and cross-checked in v0.6.
CHEM-TMB-0117,OLG-TMB-007,ODN 2395,TCGTCGTTTTCGGCGCGCGCCG,22,13,G,2′-deoxy,,PS,DNA,,"Slingsby Table 1 and Figs. 3,5-7",https://haematologica.org/article/view/haematol.2020.260059,Canonical 22-mer position map corrected and cross-checked in v0.6.
CHEM-TMB-0118,OLG-TMB-007,ODN 2395,TCGTCGTTTTCGGCGCGCGCCG,22,14,C,2′-deoxy,,PS,DNA,,"Slingsby Table 1 and Figs. 3,5-7",https://haematologica.org/article/view/haematol.2020.260059,Canonical 22-mer position map corrected and cross-checked in v0.6.
CHEM-TMB-0119,OLG-TMB-007,ODN 2395,TCGTCGTTTTCGGCGCGCGCCG,22,15,G,2′-deoxy,,PS,DNA,,"Slingsby Table 1 and Figs. 3,5-7",https://haematologica.org/article/view/haematol.2020.260059,Canonical 22-mer position map corrected and cross-checked in v0.6.
CHEM-TMB-0120,OLG-TMB-007,ODN 2395,TCGTCGTTTTCGGCGCGCGCCG,22,16,C,2′-deoxy,,PS,DNA,,"Slingsby Table 1 and Figs. 3,5-7",https://haematologica.org/article/view/haematol.2020.260059,Canonical 22-mer position map corrected and cross-checked in v0.6.
CHEM-TMB-0121,OLG-TMB-007,ODN 2395,TCGTCGTTTTCGGCGCGCGCCG,22,17,G,2′-deoxy,,PS,DNA,,"Slingsby Table 1 and Figs. 3,5-7",https://haematologica.org/article/view/haematol.2020.260059,Canonical 22-mer position map corrected and cross-checked in v0.6.
CHEM-TMB-0122,OLG-TMB-007,ODN 2395,TCGTCGTTTTCGGCGCGCGCCG,22,18,C,2′-deoxy,,PS,DNA,,"Slingsby Table 1 and Figs. 3,5-7",https://haematologica.org/article/view/haematol.2020.260059,Canonical 22-mer position map corrected and cross-checked in v0.6.
CHEM-TMB-0123,OLG-TMB-007,ODN 2395,TCGTCGTTTTCGGCGCGCGCCG,22,19,G,2′-deoxy,,PS,DNA,,"Slingsby Table 1 and Figs. 3,5-7",https://haematologica.org/article/view/haematol.2020.260059,Canonical 22-mer position map corrected and cross-checked in v0.6.
CHEM-TMB-0124,OLG-TMB-007,ODN 2395,TCGTCGTTTTCGGCGCGCGCCG,22,20,C,2′-deoxy,,PS,DNA,,"Slingsby Table 1 and Figs. 3,5-7",https://haematologica.org/article/view/haematol.2020.260059,Canonical 22-mer position map corrected and cross-checked in v0.6.
CHEM-TMB-0125,OLG-TMB-018,107248,CTGAGTCTGTTTTCCATTCT,20,1,C,2′-O-methoxyethyl,5-methylcytosine,PS,5′ wing,5′,Crooke Table 1 and platelet sections,https://journals.sagepub.com/doi/full/10.1089/nat.2016.0650,Position map derived from the explicitly reported gapmer design and exact sequence.
CHEM-TMB-0126,OLG-TMB-018,107248,CTGAGTCTGTTTTCCATTCT,20,2,T,2′-O-methoxyethyl,,PS,5′ wing,,Crooke Table 1 and platelet sections,https://journals.sagepub.com/doi/full/10.1089/nat.2016.0650,Position map derived from the explicitly reported gapmer design and exact sequence.
CHEM-TMB-0127,OLG-TMB-018,107248,CTGAGTCTGTTTTCCATTCT,20,3,G,2′-O-methoxyethyl,,PS,5′ wing,,Crooke Table 1 and platelet sections,https://journals.sagepub.com/doi/full/10.1089/nat.2016.0650,Position map derived from the explicitly reported gapmer design and exact sequence.
CHEM-TMB-0128,OLG-TMB-018,107248,CTGAGTCTGTTTTCCATTCT,20,4,A,2′-deoxy,,PS,DNA gap,,Crooke Table 1 and platelet sections,https://journals.sagepub.com/doi/full/10.1089/nat.2016.0650,Position map derived from the explicitly reported gapmer design and exact sequence.
CHEM-TMB-0129,OLG-TMB-018,107248,CTGAGTCTGTTTTCCATTCT,20,5,G,2′-deoxy,,PS,DNA gap,,Crooke Table 1 and platelet sections,https://journals.sagepub.com/doi/full/10.1089/nat.2016.0650,Position map derived from the explicitly reported gapmer design and exact sequence.
CHEM-TMB-0130,OLG-TMB-018,107248,CTGAGTCTGTTTTCCATTCT,20,6,T,2′-deoxy,,PS,DNA gap,,Crooke Table 1 and platelet sections,https://journals.sagepub.com/doi/full/10.1089/nat.2016.0650,Position map derived from the explicitly reported gapmer design and exact sequence.
CHEM-TMB-0131,OLG-TMB-018,107248,CTGAGTCTGTTTTCCATTCT,20,7,C,2′-deoxy,5-methylcytosine,PS,DNA gap,,Crooke Table 1 and platelet sections,https://journals.sagepub.com/doi/full/10.1089/nat.2016.0650,Position map derived from the explicitly reported gapmer design and exact sequence.
CHEM-TMB-0132,OLG-TMB-018,107248,CTGAGTCTGTTTTCCATTCT,20,8,T,2′-deoxy,,PS,DNA gap,,Crooke Table 1 and platelet sections,https://journals.sagepub.com/doi/full/10.1089/nat.2016.0650,Position map derived from the explicitly reported gapmer design and exact sequence.
CHEM-TMB-0133,OLG-TMB-018,107248,CTGAGTCTGTTTTCCATTCT,20,9,G,2′-deoxy,,PS,DNA gap,,Crooke Table 1 and platelet sections,https://journals.sagepub.com/doi/full/10.1089/nat.2016.0650,Position map derived from the explicitly reported gapmer design and exact sequence.
CHEM-TMB-0134,OLG-TMB-018,107248,CTGAGTCTGTTTTCCATTCT,20,10,T,2′-deoxy,,PS,DNA gap,,Crooke Table 1 and platelet sections,https://journals.sagepub.com/doi/full/10.1089/nat.2016.0650,Position map derived from the explicitly reported gapmer design and exact sequence.
CHEM-TMB-0135,OLG-TMB-018,107248,CTGAGTCTGTTTTCCATTCT,20,11,T,2′-deoxy,,PS,DNA gap,,Crooke Table 1 and platelet sections,https://journals.sagepub.com/doi/full/10.1089/nat.2016.0650,Position map derived from the explicitly reported gapmer design and exact sequence.
CHEM-TMB-0136,OLG-TMB-018,107248,CTGAGTCTGTTTTCCATTCT,20,12,T,2′-deoxy,,PS,DNA gap,,Crooke Table 1 and platelet sections,https://journals.sagepub.com/doi/full/10.1089/nat.2016.0650,Position map derived from the explicitly reported gapmer design and exact sequence.
CHEM-TMB-0137,OLG-TMB-018,107248,CTGAGTCTGTTTTCCATTCT,20,13,T,2′-O-methoxyethyl,,PS,3′ wing,,Crooke Table 1 and platelet sections,https://journals.sagepub.com/doi/full/10.1089/nat.2016.0650,Position map derived from the explicitly reported gapmer design and exact sequence.
CHEM-TMB-0138,OLG-TMB-018,107248,CTGAGTCTGTTTTCCATTCT,20,14,C,2′-O-methoxyethyl,5-methylcytosine,PS,3′ wing,,Crooke Table 1 and platelet sections,https://journals.sagepub.com/doi/full/10.1089/nat.2016.0650,Position map derived from the explicitly reported gapmer design and exact sequence.
CHEM-TMB-0139,OLG-TMB-018,107248,CTGAGTCTGTTTTCCATTCT,20,15,C,2′-O-methoxyethyl,5-methylcytosine,PS,3′ wing,,Crooke Table 1 and platelet sections,https://journals.sagepub.com/doi/full/10.1089/nat.2016.0650,Position map derived from the explicitly reported gapmer design and exact sequence.
CHEM-TMB-0140,OLG-TMB-018,107248,CTGAGTCTGTTTTCCATTCT,20,16,A,2′-O-methoxyethyl,,PS,3′ wing,,Crooke Table 1 and platelet sections,https://journals.sagepub.com/doi/full/10.1089/nat.2016.0650,Position map derived from the explicitly reported gapmer design and exact sequence.
CHEM-TMB-0141,OLG-TMB-018,107248,CTGAGTCTGTTTTCCATTCT,20,17,T,2′-O-methoxyethyl,,PS,3′ wing,,Crooke Table 1 and platelet sections,https://journals.sagepub.com/doi/full/10.1089/nat.2016.0650,Position map derived from the explicitly reported gapmer design and exact sequence.
CHEM-TMB-0142,OLG-TMB-018,107248,CTGAGTCTGTTTTCCATTCT,20,18,T,2′-O-methoxyethyl,,PS,3′ wing,,Crooke Table 1 and platelet sections,https://journals.sagepub.com/doi/full/10.1089/nat.2016.0650,Position map derived from the explicitly reported gapmer design and exact sequence.
CHEM-TMB-0143,OLG-TMB-018,107248,CTGAGTCTGTTTTCCATTCT,20,19,C,2′-O-methoxyethyl,5-methylcytosine,PS,3′ wing,,Crooke Table 1 and platelet sections,https://journals.sagepub.com/doi/full/10.1089/nat.2016.0650,Position map derived from the explicitly reported gapmer design and exact sequence.
CHEM-TMB-0144,OLG-TMB-018,107248,CTGAGTCTGTTTTCCATTCT,20,20,T,2′-O-methoxyethyl,,TERMINAL,3′ wing,3′,Crooke Table 1 and platelet sections,https://journals.sagepub.com/doi/full/10.1089/nat.2016.0650,Position map derived from the explicitly reported gapmer design and exact sequence.
CHEM-TMB-0145,OLG-TMB-019,113715,GCTCCTTCCACTGATCCTGC,20,1,G,2′-O-methoxyethyl,,PS,5′ wing,5′,Crooke Table 1 and platelet sections,https://journals.sagepub.com/doi/full/10.1089/nat.2016.0650,Position map derived from the explicitly reported gapmer design and exact sequence.
CHEM-TMB-0146,OLG-TMB-019,113715,GCTCCTTCCACTGATCCTGC,20,2,C,2′-O-methoxyethyl,5-methylcytosine,PS,5′ wing,,Crooke Table 1 and platelet sections,https://journals.sagepub.com/doi/full/10.1089/nat.2016.0650,Position map derived from the explicitly reported gapmer design and exact sequence.
CHEM-TMB-0147,OLG-TMB-019,113715,GCTCCTTCCACTGATCCTGC,20,3,T,2′-O-methoxyethyl,,PS,5′ wing,,Crooke Table 1 and platelet sections,https://journals.sagepub.com/doi/full/10.1089/nat.2016.0650,Position map derived from the explicitly reported gapmer design and exact sequence.
CHEM-TMB-0148,OLG-TMB-019,113715,GCTCCTTCCACTGATCCTGC,20,4,C,2′-O-methoxyethyl,5-methylcytosine,PS,5′ wing,,Crooke Table 1 and platelet sections,https://journals.sagepub.com/doi/full/10.1089/nat.2016.0650,Position map derived from the explicitly reported gapmer design and exact sequence.
CHEM-TMB-0149,OLG-TMB-019,113715,GCTCCTTCCACTGATCCTGC,20,5,C,2′-O-methoxyethyl,5-methylcytosine,PS,5′ wing,,Crooke Table 1 and platelet sections,https://journals.sagepub.com/doi/full/10.1089/nat.2016.0650,Position map derived from the explicitly reported gapmer design and exact sequence.
CHEM-TMB-0150,OLG-TMB-019,113715,GCTCCTTCCACTGATCCTGC,20,6,T,2′-deoxy,,PS,DNA gap,,Crooke Table 1 and platelet sections,https://journals.sagepub.com/doi/full/10.1089/nat.2016.0650,Position map derived from the explicitly reported gapmer design and exact sequence.
CHEM-TMB-0151,OLG-TMB-019,113715,GCTCCTTCCACTGATCCTGC,20,7,T,2′-deoxy,,PS,DNA gap,,Crooke Table 1 and platelet sections,https://journals.sagepub.com/doi/full/10.1089/nat.2016.0650,Position map derived from the explicitly reported gapmer design and exact sequence.
CHEM-TMB-0152,OLG-TMB-019,113715,GCTCCTTCCACTGATCCTGC,20,8,C,2′-deoxy,5-methylcytosine,PS,DNA gap,,Crooke Table 1 and platelet sections,https://journals.sagepub.com/doi/full/10.1089/nat.2016.0650,Position map derived from the explicitly reported gapmer design and exact sequence.
CHEM-TMB-0153,OLG-TMB-019,113715,GCTCCTTCCACTGATCCTGC,20,9,C,2′-deoxy,5-methylcytosine,PS,DNA gap,,Crooke Table 1 and platelet sections,https://journals.sagepub.com/doi/full/10.1089/nat.2016.0650,Position map derived from the explicitly reported gapmer design and exact sequence.
CHEM-TMB-0154,OLG-TMB-019,113715,GCTCCTTCCACTGATCCTGC,20,10,A,2′-deoxy,,PS,DNA gap,,Crooke Table 1 and platelet sections,https://journals.sagepub.com/doi/full/10.1089/nat.2016.0650,Position map derived from the explicitly reported gapmer design and exact sequence.
CHEM-TMB-0155,OLG-TMB-019,113715,GCTCCTTCCACTGATCCTGC,20,11,C,2′-deoxy,5-methylcytosine,PS,DNA gap,,Crooke Table 1 and platelet sections,https://journals.sagepub.com/doi/full/10.1089/nat.2016.0650,Position map derived from the explicitly reported gapmer design and exact sequence.
CHEM-TMB-0156,OLG-TMB-019,113715,GCTCCTTCCACTGATCCTGC,20,12,T,2′-deoxy,,PS,DNA gap,,Crooke Table 1 and platelet sections,https://journals.sagepub.com/doi/full/10.1089/nat.2016.0650,Position map derived from the explicitly reported gapmer design and exact sequence.
CHEM-TMB-0157,OLG-TMB-019,113715,GCTCCTTCCACTGATCCTGC,20,13,G,2′-deoxy,,PS,DNA gap,,Crooke Table 1 and platelet sections,https://journals.sagepub.com/doi/full/10.1089/nat.2016.0650,Position map derived from the explicitly reported gapmer design and exact sequence.
CHEM-TMB-0158,OLG-TMB-019,113715,GCTCCTTCCACTGATCCTGC,20,14,A,2′-deoxy,,PS,DNA gap,,Crooke Table 1 and platelet sections,https://journals.sagepub.com/doi/full/10.1089/nat.2016.0650,Position map derived from the explicitly reported gapmer design and exact sequence.
CHEM-TMB-0159,OLG-TMB-019,113715,GCTCCTTCCACTGATCCTGC,20,15,T,2′-deoxy,,PS,DNA gap,,Crooke Table 1 and platelet sections,https://journals.sagepub.com/doi/full/10.1089/nat.2016.0650,Position map derived from the explicitly reported gapmer design and exact sequence.
CHEM-TMB-0160,OLG-TMB-019,113715,GCTCCTTCCACTGATCCTGC,20,16,C,2′-O-methoxyethyl,5-methylcytosine,PS,3′ wing,,Crooke Table 1 and platelet sections,https://journals.sagepub.com/doi/full/10.1089/nat.2016.0650,Position map derived from the explicitly reported gapmer design and exact sequence.
CHEM-TMB-0161,OLG-TMB-019,113715,GCTCCTTCCACTGATCCTGC,20,17,C,2′-O-methoxyethyl,5-methylcytosine,PS,3′ wing,,Crooke Table 1 and platelet sections,https://journals.sagepub.com/doi/full/10.1089/nat.2016.0650,Position map derived from the explicitly reported gapmer design and exact sequence.
CHEM-TMB-0162,OLG-TMB-019,113715,GCTCCTTCCACTGATCCTGC,20,18,T,2′-O-methoxyethyl,,PS,3′ wing,,Crooke Table 1 and platelet sections,https://journals.sagepub.com/doi/full/10.1089/nat.2016.0650,Position map derived from the explicitly reported gapmer design and exact sequence.
CHEM-TMB-0163,OLG-TMB-019,113715,GCTCCTTCCACTGATCCTGC,20,19,G,2′-O-methoxyethyl,,PS,3′ wing,,Crooke Table 1 and platelet sections,https://journals.sagepub.com/doi/full/10.1089/nat.2016.0650,Position map derived from the explicitly reported gapmer design and exact sequence.
CHEM-TMB-0164,OLG-TMB-019,113715,GCTCCTTCCACTGATCCTGC,20,20,C,2′-O-methoxyethyl,5-methylcytosine,TERMINAL,3′ wing,3′,Crooke Table 1 and platelet sections,https://journals.sagepub.com/doi/full/10.1089/nat.2016.0650,Position map derived from the explicitly reported gapmer design and exact sequence.
CHEM-TMB-0165,OLG-TMB-020,301012,GCCTCAGTCTGCTTCGCACC,20,1,G,2′-O-methoxyethyl,,PS,5′ wing,5′,Crooke Table 1 and platelet sections,https://journals.sagepub.com/doi/full/10.1089/nat.2016.0650,Position map derived from the explicitly reported gapmer design and exact sequence.
CHEM-TMB-0166,OLG-TMB-020,301012,GCCTCAGTCTGCTTCGCACC,20,2,C,2′-O-methoxyethyl,5-methylcytosine,PS,5′ wing,,Crooke Table 1 and platelet sections,https://journals.sagepub.com/doi/full/10.1089/nat.2016.0650,Position map derived from the explicitly reported gapmer design and exact sequence.
CHEM-TMB-0167,OLG-TMB-020,301012,GCCTCAGTCTGCTTCGCACC,20,3,C,2′-O-methoxyethyl,5-methylcytosine,PS,5′ wing,,Crooke Table 1 and platelet sections,https://journals.sagepub.com/doi/full/10.1089/nat.2016.0650,Position map derived from the explicitly reported gapmer design and exact sequence.
CHEM-TMB-0168,OLG-TMB-020,301012,GCCTCAGTCTGCTTCGCACC,20,4,T,2′-O-methoxyethyl,,PS,5′ wing,,Crooke Table 1 and platelet sections,https://journals.sagepub.com/doi/full/10.1089/nat.2016.0650,Position map derived from the explicitly reported gapmer design and exact sequence.
CHEM-TMB-0169,OLG-TMB-020,301012,GCCTCAGTCTGCTTCGCACC,20,5,C,2′-O-methoxyethyl,5-methylcytosine,PS,5′ wing,,Crooke Table 1 and platelet sections,https://journals.sagepub.com/doi/full/10.1089/nat.2016.0650,Position map derived from the explicitly reported gapmer design and exact sequence.
CHEM-TMB-0170,OLG-TMB-020,301012,GCCTCAGTCTGCTTCGCACC,20,6,A,2′-deoxy,,PS,DNA gap,,Crooke Table 1 and platelet sections,https://journals.sagepub.com/doi/full/10.1089/nat.2016.0650,Position map derived from the explicitly reported gapmer design and exact sequence.
CHEM-TMB-0171,OLG-TMB-020,301012,GCCTCAGTCTGCTTCGCACC,20,7,G,2′-deoxy,,PS,DNA gap,,Crooke Table 1 and platelet sections,https://journals.sagepub.com/doi/full/10.1089/nat.2016.0650,Position map derived from the explicitly reported gapmer design and exact sequence.
CHEM-TMB-0172,OLG-TMB-020,301012,GCCTCAGTCTGCTTCGCACC,20,8,T,2′-deoxy,,PS,DNA gap,,Crooke Table 1 and platelet sections,https://journals.sagepub.com/doi/full/10.1089/nat.2016.0650,Position map derived from the explicitly reported gapmer design and exact sequence.
CHEM-TMB-0173,OLG-TMB-020,301012,GCCTCAGTCTGCTTCGCACC,20,9,C,2′-deoxy,5-methylcytosine,PS,DNA gap,,Crooke Table 1 and platelet sections,https://journals.sagepub.com/doi/full/10.1089/nat.2016.0650,Position map derived from the explicitly reported gapmer design and exact sequence.
CHEM-TMB-0174,OLG-TMB-020,301012,GCCTCAGTCTGCTTCGCACC,20,10,T,2′-deoxy,,PS,DNA gap,,Crooke Table 1 and platelet sections,https://journals.sagepub.com/doi/full/10.1089/nat.2016.0650,Position map derived from the explicitly reported gapmer design and exact sequence.
CHEM-TMB-0175,OLG-TMB-020,301012,GCCTCAGTCTGCTTCGCACC,20,11,G,2′-deoxy,,PS,DNA gap,,Crooke Table 1 and platelet sections,https://journals.sagepub.com/doi/full/10.1089/nat.2016.0650,Position map derived from the explicitly reported gapmer design and exact sequence.
CHEM-TMB-0176,OLG-TMB-020,301012,GCCTCAGTCTGCTTCGCACC,20,12,C,2′-deoxy,5-methylcytosine,PS,DNA gap,,Crooke Table 1 and platelet sections,https://journals.sagepub.com/doi/full/10.1089/nat.2016.0650,Position map derived from the explicitly reported gapmer design and exact sequence.
CHEM-TMB-0177,OLG-TMB-020,301012,GCCTCAGTCTGCTTCGCACC,20,13,T,2′-deoxy,,PS,DNA gap,,Crooke Table 1 and platelet sections,https://journals.sagepub.com/doi/full/10.1089/nat.2016.0650,Position map derived from the explicitly reported gapmer design and exact sequence.
CHEM-TMB-0178,OLG-TMB-020,301012,GCCTCAGTCTGCTTCGCACC,20,14,T,2′-deoxy,,PS,DNA gap,,Crooke Table 1 and platelet sections,https://journals.sagepub.com/doi/full/10.1089/nat.2016.0650,Position map derived from the explicitly reported gapmer design and exact sequence.
CHEM-TMB-0179,OLG-TMB-020,301012,GCCTCAGTCTGCTTCGCACC,20,15,C,2′-deoxy,5-methylcytosine,PS,DNA gap,,Crooke Table 1 and platelet sections,https://journals.sagepub.com/doi/full/10.1089/nat.2016.0650,Position map derived from the explicitly reported gapmer design and exact sequence.
CHEM-TMB-0180,OLG-TMB-020,301012,GCCTCAGTCTGCTTCGCACC,20,16,G,2′-O-methoxyethyl,,PS,3′ wing,,Crooke Table 1 and platelet sections,https://journals.sagepub.com/doi/full/10.1089/nat.2016.0650,Position map derived from the explicitly reported gapmer design and exact sequence.
CHEM-TMB-0181,OLG-TMB-020,301012,GCCTCAGTCTGCTTCGCACC,20,17,C,2′-O-methoxyethyl,5-methylcytosine,PS,3′ wing,,Crooke Table 1 and platelet sections,https://journals.sagepub.com/doi/full/10.1089/nat.2016.0650,Position map derived from the explicitly reported gapmer design and exact sequence.
CHEM-TMB-0182,OLG-TMB-020,301012,GCCTCAGTCTGCTTCGCACC,20,18,A,2′-O-methoxyethyl,,PS,3′ wing,,Crooke Table 1 and platelet sections,https://journals.sagepub.com/doi/full/10.1089/nat.2016.0650,Position map derived from the explicitly reported gapmer design and exact sequence.
CHEM-TMB-0183,OLG-TMB-020,301012,GCCTCAGTCTGCTTCGCACC,20,19,C,2′-O-methoxyethyl,5-methylcytosine,PS,3′ wing,,Crooke Table 1 and platelet sections,https://journals.sagepub.com/doi/full/10.1089/nat.2016.0650,Position map derived from the explicitly reported gapmer design and exact sequence.
CHEM-TMB-0184,OLG-TMB-020,301012,GCCTCAGTCTGCTTCGCACC,20,20,C,2′-O-methoxyethyl,5-methylcytosine,TERMINAL,3′ wing,3′,Crooke Table 1 and platelet sections,https://journals.sagepub.com/doi/full/10.1089/nat.2016.0650,Position map derived from the explicitly reported gapmer design and exact sequence.
CHEM-TMB-0185,OLG-TMB-021,329993,AGCATAGTTAACGAGCTCCC,20,1,A,2′-O-methoxyethyl,,PS,5′ wing,5′,Crooke Table 1 and platelet sections,https://journals.sagepub.com/doi/full/10.1089/nat.2016.0650,Position map derived from the explicitly reported gapmer design and exact sequence.
CHEM-TMB-0186,OLG-TMB-021,329993,AGCATAGTTAACGAGCTCCC,20,2,G,2′-O-methoxyethyl,,PS,5′ wing,,Crooke Table 1 and platelet sections,https://journals.sagepub.com/doi/full/10.1089/nat.2016.0650,Position map derived from the explicitly reported gapmer design and exact sequence.
CHEM-TMB-0187,OLG-TMB-021,329993,AGCATAGTTAACGAGCTCCC,20,3,C,2′-O-methoxyethyl,5-methylcytosine,PS,5′ wing,,Crooke Table 1 and platelet sections,https://journals.sagepub.com/doi/full/10.1089/nat.2016.0650,Position map derived from the explicitly reported gapmer design and exact sequence.
CHEM-TMB-0188,OLG-TMB-021,329993,AGCATAGTTAACGAGCTCCC,20,4,A,2′-O-methoxyethyl,,PS,5′ wing,,Crooke Table 1 and platelet sections,https://journals.sagepub.com/doi/full/10.1089/nat.2016.0650,Position map derived from the explicitly reported gapmer design and exact sequence.
CHEM-TMB-0189,OLG-TMB-021,329993,AGCATAGTTAACGAGCTCCC,20,5,T,2′-O-methoxyethyl,,PS,5′ wing,,Crooke Table 1 and platelet sections,https://journals.sagepub.com/doi/full/10.1089/nat.2016.0650,Position map derived from the explicitly reported gapmer design and exact sequence.
CHEM-TMB-0190,OLG-TMB-021,329993,AGCATAGTTAACGAGCTCCC,20,6,A,2′-deoxy,,PS,DNA gap,,Crooke Table 1 and platelet sections,https://journals.sagepub.com/doi/full/10.1089/nat.2016.0650,Position map derived from the explicitly reported gapmer design and exact sequence.
CHEM-TMB-0191,OLG-TMB-021,329993,AGCATAGTTAACGAGCTCCC,20,7,G,2′-deoxy,,PS,DNA gap,,Crooke Table 1 and platelet sections,https://journals.sagepub.com/doi/full/10.1089/nat.2016.0650,Position map derived from the explicitly reported gapmer design and exact sequence.
CHEM-TMB-0192,OLG-TMB-021,329993,AGCATAGTTAACGAGCTCCC,20,8,T,2′-deoxy,,PS,DNA gap,,Crooke Table 1 and platelet sections,https://journals.sagepub.com/doi/full/10.1089/nat.2016.0650,Position map derived from the explicitly reported gapmer design and exact sequence.
CHEM-TMB-0193,OLG-TMB-021,329993,AGCATAGTTAACGAGCTCCC,20,9,T,2′-deoxy,,PS,DNA gap,,Crooke Table 1 and platelet sections,https://journals.sagepub.com/doi/full/10.1089/nat.2016.0650,Position map derived from the explicitly reported gapmer design and exact sequence.
CHEM-TMB-0194,OLG-TMB-021,329993,AGCATAGTTAACGAGCTCCC,20,10,A,2′-deoxy,,PS,DNA gap,,Crooke Table 1 and platelet sections,https://journals.sagepub.com/doi/full/10.1089/nat.2016.0650,Position map derived from the explicitly reported gapmer design and exact sequence.
CHEM-TMB-0195,OLG-TMB-021,329993,AGCATAGTTAACGAGCTCCC,20,11,A,2′-deoxy,,PS,DNA gap,,Crooke Table 1 and platelet sections,https://journals.sagepub.com/doi/full/10.1089/nat.2016.0650,Position map derived from the explicitly reported gapmer design and exact sequence.
CHEM-TMB-0196,OLG-TMB-021,329993,AGCATAGTTAACGAGCTCCC,20,12,C,2′-deoxy,5-methylcytosine,PS,DNA gap,,Crooke Table 1 and platelet sections,https://journals.sagepub.com/doi/full/10.1089/nat.2016.0650,Position map derived from the explicitly reported gapmer design and exact sequence.
CHEM-TMB-0197,OLG-TMB-021,329993,AGCATAGTTAACGAGCTCCC,20,13,G,2′-deoxy,,PS,DNA gap,,Crooke Table 1 and platelet sections,https://journals.sagepub.com/doi/full/10.1089/nat.2016.0650,Position map derived from the explicitly reported gapmer design and exact sequence.
CHEM-TMB-0198,OLG-TMB-021,329993,AGCATAGTTAACGAGCTCCC,20,14,A,2′-deoxy,,PS,DNA gap,,Crooke Table 1 and platelet sections,https://journals.sagepub.com/doi/full/10.1089/nat.2016.0650,Position map derived from the explicitly reported gapmer design and exact sequence.
CHEM-TMB-0199,OLG-TMB-021,329993,AGCATAGTTAACGAGCTCCC,20,15,G,2′-deoxy,,PS,DNA gap,,Crooke Table 1 and platelet sections,https://journals.sagepub.com/doi/full/10.1089/nat.2016.0650,Position map derived from the explicitly reported gapmer design and exact sequence.
CHEM-TMB-0200,OLG-TMB-021,329993,AGCATAGTTAACGAGCTCCC,20,16,C,2′-O-methoxyethyl,5-methylcytosine,PS,3′ wing,,Crooke Table 1 and platelet sections,https://journals.sagepub.com/doi/full/10.1089/nat.2016.0650,Position map derived from the explicitly reported gapmer design and exact sequence.
CHEM-TMB-0201,OLG-TMB-021,329993,AGCATAGTTAACGAGCTCCC,20,17,T,2′-O-methoxyethyl,,PS,3′ wing,,Crooke Table 1 and platelet sections,https://journals.sagepub.com/doi/full/10.1089/nat.2016.0650,Position map derived from the explicitly reported gapmer design and exact sequence.
CHEM-TMB-0202,OLG-TMB-021,329993,AGCATAGTTAACGAGCTCCC,20,18,C,2′-O-methoxyethyl,5-methylcytosine,PS,3′ wing,,Crooke Table 1 and platelet sections,https://journals.sagepub.com/doi/full/10.1089/nat.2016.0650,Position map derived from the explicitly reported gapmer design and exact sequence.
CHEM-TMB-0203,OLG-TMB-021,329993,AGCATAGTTAACGAGCTCCC,20,19,C,2′-O-methoxyethyl,5-methylcytosine,PS,3′ wing,,Crooke Table 1 and platelet sections,https://journals.sagepub.com/doi/full/10.1089/nat.2016.0650,Position map derived from the explicitly reported gapmer design and exact sequence.
CHEM-TMB-0204,OLG-TMB-021,329993,AGCATAGTTAACGAGCTCCC,20,20,C,2′-O-methoxyethyl,5-methylcytosine,TERMINAL,3′ wing,3′,Crooke Table 1 and platelet sections,https://journals.sagepub.com/doi/full/10.1089/nat.2016.0650,Position map derived from the explicitly reported gapmer design and exact sequence.
CHEM-TMB-0205,OLG-TMB-022,404173,AATGGTTTATTCCATGGCCA,20,1,A,2′-O-methoxyethyl,,PS,5′ wing,5′,Crooke Table 1 and platelet sections,https://journals.sagepub.com/doi/full/10.1089/nat.2016.0650,Position map derived from the explicitly reported gapmer design and exact sequence.
CHEM-TMB-0206,OLG-TMB-022,404173,AATGGTTTATTCCATGGCCA,20,2,A,2′-O-methoxyethyl,,PS,5′ wing,,Crooke Table 1 and platelet sections,https://journals.sagepub.com/doi/full/10.1089/nat.2016.0650,Position map derived from the explicitly reported gapmer design and exact sequence.
CHEM-TMB-0207,OLG-TMB-022,404173,AATGGTTTATTCCATGGCCA,20,3,T,2′-O-methoxyethyl,,PS,5′ wing,,Crooke Table 1 and platelet sections,https://journals.sagepub.com/doi/full/10.1089/nat.2016.0650,Position map derived from the explicitly reported gapmer design and exact sequence.
CHEM-TMB-0208,OLG-TMB-022,404173,AATGGTTTATTCCATGGCCA,20,4,G,2′-O-methoxyethyl,,PS,5′ wing,,Crooke Table 1 and platelet sections,https://journals.sagepub.com/doi/full/10.1089/nat.2016.0650,Position map derived from the explicitly reported gapmer design and exact sequence.
CHEM-TMB-0209,OLG-TMB-022,404173,AATGGTTTATTCCATGGCCA,20,5,G,2′-O-methoxyethyl,,PS,5′ wing,,Crooke Table 1 and platelet sections,https://journals.sagepub.com/doi/full/10.1089/nat.2016.0650,Position map derived from the explicitly reported gapmer design and exact sequence.
CHEM-TMB-0210,OLG-TMB-022,404173,AATGGTTTATTCCATGGCCA,20,6,T,2′-deoxy,,PS,DNA gap,,Crooke Table 1 and platelet sections,https://journals.sagepub.com/doi/full/10.1089/nat.2016.0650,Position map derived from the explicitly reported gapmer design and exact sequence.
CHEM-TMB-0211,OLG-TMB-022,404173,AATGGTTTATTCCATGGCCA,20,7,T,2′-deoxy,,PS,DNA gap,,Crooke Table 1 and platelet sections,https://journals.sagepub.com/doi/full/10.1089/nat.2016.0650,Position map derived from the explicitly reported gapmer design and exact sequence.
CHEM-TMB-0212,OLG-TMB-022,404173,AATGGTTTATTCCATGGCCA,20,8,T,2′-deoxy,,PS,DNA gap,,Crooke Table 1 and platelet sections,https://journals.sagepub.com/doi/full/10.1089/nat.2016.0650,Position map derived from the explicitly reported gapmer design and exact sequence.
CHEM-TMB-0213,OLG-TMB-022,404173,AATGGTTTATTCCATGGCCA,20,9,A,2′-deoxy,,PS,DNA gap,,Crooke Table 1 and platelet sections,https://journals.sagepub.com/doi/full/10.1089/nat.2016.0650,Position map derived from the explicitly reported gapmer design and exact sequence.
CHEM-TMB-0214,OLG-TMB-022,404173,AATGGTTTATTCCATGGCCA,20,10,T,2′-deoxy,,PS,DNA gap,,Crooke Table 1 and platelet sections,https://journals.sagepub.com/doi/full/10.1089/nat.2016.0650,Position map derived from the explicitly reported gapmer design and exact sequence.
CHEM-TMB-0215,OLG-TMB-022,404173,AATGGTTTATTCCATGGCCA,20,11,T,2′-deoxy,,PS,DNA gap,,Crooke Table 1 and platelet sections,https://journals.sagepub.com/doi/full/10.1089/nat.2016.0650,Position map derived from the explicitly reported gapmer design and exact sequence.
CHEM-TMB-0216,OLG-TMB-022,404173,AATGGTTTATTCCATGGCCA,20,12,C,2′-deoxy,5-methylcytosine,PS,DNA gap,,Crooke Table 1 and platelet sections,https://journals.sagepub.com/doi/full/10.1089/nat.2016.0650,Position map derived from the explicitly reported gapmer design and exact sequence.
CHEM-TMB-0217,OLG-TMB-022,404173,AATGGTTTATTCCATGGCCA,20,13,C,2′-deoxy,5-methylcytosine,PS,DNA gap,,Crooke Table 1 and platelet sections,https://journals.sagepub.com/doi/full/10.1089/nat.2016.0650,Position map derived from the explicitly reported gapmer design and exact sequence.
CHEM-TMB-0218,OLG-TMB-022,404173,AATGGTTTATTCCATGGCCA,20,14,A,2′-deoxy,,PS,DNA gap,,Crooke Table 1 and platelet sections,https://journals.sagepub.com/doi/full/10.1089/nat.2016.0650,Position map derived from the explicitly reported gapmer design and exact sequence.
CHEM-TMB-0219,OLG-TMB-022,404173,AATGGTTTATTCCATGGCCA,20,15,T,2′-deoxy,,PS,DNA gap,,Crooke Table 1 and platelet sections,https://journals.sagepub.com/doi/full/10.1089/nat.2016.0650,Position map derived from the explicitly reported gapmer design and exact sequence.
CHEM-TMB-0220,OLG-TMB-022,404173,AATGGTTTATTCCATGGCCA,20,16,G,2′-O-methoxyethyl,,PS,3′ wing,,Crooke Table 1 and platelet sections,https://journals.sagepub.com/doi/full/10.1089/nat.2016.0650,Position map derived from the explicitly reported gapmer design and exact sequence.
CHEM-TMB-0221,OLG-TMB-022,404173,AATGGTTTATTCCATGGCCA,20,17,G,2′-O-methoxyethyl,,PS,3′ wing,,Crooke Table 1 and platelet sections,https://journals.sagepub.com/doi/full/10.1089/nat.2016.0650,Position map derived from the explicitly reported gapmer design and exact sequence.
CHEM-TMB-0222,OLG-TMB-022,404173,AATGGTTTATTCCATGGCCA,20,18,C,2′-O-methoxyethyl,5-methylcytosine,PS,3′ wing,,Crooke Table 1 and platelet sections,https://journals.sagepub.com/doi/full/10.1089/nat.2016.0650,Position map derived from the explicitly reported gapmer design and exact sequence.
CHEM-TMB-0223,OLG-TMB-022,404173,AATGGTTTATTCCATGGCCA,20,19,C,2′-O-methoxyethyl,5-methylcytosine,PS,3′ wing,,Crooke Table 1 and platelet sections,https://journals.sagepub.com/doi/full/10.1089/nat.2016.0650,Position map derived from the explicitly reported gapmer design and exact sequence.
CHEM-TMB-0224,OLG-TMB-022,404173,AATGGTTTATTCCATGGCCA,20,20,A,2′-O-methoxyethyl,,TERMINAL,3′ wing,3′,Crooke Table 1 and platelet sections,https://journals.sagepub.com/doi/full/10.1089/nat.2016.0650,Position map derived from the explicitly reported gapmer design and exact sequence.
CHEM-TMB-0225,OLG-TMB-023,416858,ACGGCATTGGTGCACAGTTT,20,1,A,2′-O-methoxyethyl,,PS,5′ wing,5′,Crooke Table 1 and platelet sections,https://journals.sagepub.com/doi/full/10.1089/nat.2016.0650,Position map derived from the explicitly reported gapmer design and exact sequence.
CHEM-TMB-0226,OLG-TMB-023,416858,ACGGCATTGGTGCACAGTTT,20,2,C,2′-O-methoxyethyl,5-methylcytosine,PS,5′ wing,,Crooke Table 1 and platelet sections,https://journals.sagepub.com/doi/full/10.1089/nat.2016.0650,Position map derived from the explicitly reported gapmer design and exact sequence.
CHEM-TMB-0227,OLG-TMB-023,416858,ACGGCATTGGTGCACAGTTT,20,3,G,2′-O-methoxyethyl,,PS,5′ wing,,Crooke Table 1 and platelet sections,https://journals.sagepub.com/doi/full/10.1089/nat.2016.0650,Position map derived from the explicitly reported gapmer design and exact sequence.
CHEM-TMB-0228,OLG-TMB-023,416858,ACGGCATTGGTGCACAGTTT,20,4,G,2′-O-methoxyethyl,,PS,5′ wing,,Crooke Table 1 and platelet sections,https://journals.sagepub.com/doi/full/10.1089/nat.2016.0650,Position map derived from the explicitly reported gapmer design and exact sequence.
CHEM-TMB-0229,OLG-TMB-023,416858,ACGGCATTGGTGCACAGTTT,20,5,C,2′-O-methoxyethyl,5-methylcytosine,PS,5′ wing,,Crooke Table 1 and platelet sections,https://journals.sagepub.com/doi/full/10.1089/nat.2016.0650,Position map derived from the explicitly reported gapmer design and exact sequence.
CHEM-TMB-0230,OLG-TMB-023,416858,ACGGCATTGGTGCACAGTTT,20,6,A,2′-deoxy,,PS,DNA gap,,Crooke Table 1 and platelet sections,https://journals.sagepub.com/doi/full/10.1089/nat.2016.0650,Position map derived from the explicitly reported gapmer design and exact sequence.
CHEM-TMB-0231,OLG-TMB-023,416858,ACGGCATTGGTGCACAGTTT,20,7,T,2′-deoxy,,PS,DNA gap,,Crooke Table 1 and platelet sections,https://journals.sagepub.com/doi/full/10.1089/nat.2016.0650,Position map derived from the explicitly reported gapmer design and exact sequence.
CHEM-TMB-0232,OLG-TMB-023,416858,ACGGCATTGGTGCACAGTTT,20,8,T,2′-deoxy,,PS,DNA gap,,Crooke Table 1 and platelet sections,https://journals.sagepub.com/doi/full/10.1089/nat.2016.0650,Position map derived from the explicitly reported gapmer design and exact sequence.
CHEM-TMB-0233,OLG-TMB-023,416858,ACGGCATTGGTGCACAGTTT,20,9,G,2′-deoxy,,PS,DNA gap,,Crooke Table 1 and platelet sections,https://journals.sagepub.com/doi/full/10.1089/nat.2016.0650,Position map derived from the explicitly reported gapmer design and exact sequence.
CHEM-TMB-0234,OLG-TMB-023,416858,ACGGCATTGGTGCACAGTTT,20,10,G,2′-deoxy,,PS,DNA gap,,Crooke Table 1 and platelet sections,https://journals.sagepub.com/doi/full/10.1089/nat.2016.0650,Position map derived from the explicitly reported gapmer design and exact sequence.
CHEM-TMB-0235,OLG-TMB-023,416858,ACGGCATTGGTGCACAGTTT,20,11,T,2′-deoxy,,PS,DNA gap,,Crooke Table 1 and platelet sections,https://journals.sagepub.com/doi/full/10.1089/nat.2016.0650,Position map derived from the explicitly reported gapmer design and exact sequence.
CHEM-TMB-0236,OLG-TMB-023,416858,ACGGCATTGGTGCACAGTTT,20,12,G,2′-deoxy,,PS,DNA gap,,Crooke Table 1 and platelet sections,https://journals.sagepub.com/doi/full/10.1089/nat.2016.0650,Position map derived from the explicitly reported gapmer design and exact sequence.
CHEM-TMB-0237,OLG-TMB-023,416858,ACGGCATTGGTGCACAGTTT,20,13,C,2′-deoxy,5-methylcytosine,PS,DNA gap,,Crooke Table 1 and platelet sections,https://journals.sagepub.com/doi/full/10.1089/nat.2016.0650,Position map derived from the explicitly reported gapmer design and exact sequence.
CHEM-TMB-0238,OLG-TMB-023,416858,ACGGCATTGGTGCACAGTTT,20,14,A,2′-deoxy,,PS,DNA gap,,Crooke Table 1 and platelet sections,https://journals.sagepub.com/doi/full/10.1089/nat.2016.0650,Position map derived from the explicitly reported gapmer design and exact sequence.
CHEM-TMB-0239,OLG-TMB-023,416858,ACGGCATTGGTGCACAGTTT,20,15,C,2′-deoxy,5-methylcytosine,PS,DNA gap,,Crooke Table 1 and platelet sections,https://journals.sagepub.com/doi/full/10.1089/nat.2016.0650,Position map derived from the explicitly reported gapmer design and exact sequence.
CHEM-TMB-0240,OLG-TMB-023,416858,ACGGCATTGGTGCACAGTTT,20,16,A,2′-O-methoxyethyl,,PS,3′ wing,,Crooke Table 1 and platelet sections,https://journals.sagepub.com/doi/full/10.1089/nat.2016.0650,Position map derived from the explicitly reported gapmer design and exact sequence.
CHEM-TMB-0241,OLG-TMB-023,416858,ACGGCATTGGTGCACAGTTT,20,17,G,2′-O-methoxyethyl,,PS,3′ wing,,Crooke Table 1 and platelet sections,https://journals.sagepub.com/doi/full/10.1089/nat.2016.0650,Position map derived from the explicitly reported gapmer design and exact sequence.
CHEM-TMB-0242,OLG-TMB-023,416858,ACGGCATTGGTGCACAGTTT,20,18,T,2′-O-methoxyethyl,,PS,3′ wing,,Crooke Table 1 and platelet sections,https://journals.sagepub.com/doi/full/10.1089/nat.2016.0650,Position map derived from the explicitly reported gapmer design and exact sequence.
CHEM-TMB-0243,OLG-TMB-023,416858,ACGGCATTGGTGCACAGTTT,20,19,T,2′-O-methoxyethyl,,PS,3′ wing,,Crooke Table 1 and platelet sections,https://journals.sagepub.com/doi/full/10.1089/nat.2016.0650,Position map derived from the explicitly reported gapmer design and exact sequence.
CHEM-TMB-0244,OLG-TMB-023,416858,ACGGCATTGGTGCACAGTTT,20,20,T,2′-O-methoxyethyl,,TERMINAL,3′ wing,3′,Crooke Table 1 and platelet sections,https://journals.sagepub.com/doi/full/10.1089/nat.2016.0650,Position map derived from the explicitly reported gapmer design and exact sequence.
CHEM-TMB-0245,OLG-TMB-024,426115,GCAGCCATGGTGATCAGGAG,20,1,G,2′-O-methoxyethyl,,PS,5′ wing,5′,Crooke Table 1 and platelet sections,https://journals.sagepub.com/doi/full/10.1089/nat.2016.0650,Position map derived from the explicitly reported gapmer design and exact sequence.
CHEM-TMB-0246,OLG-TMB-024,426115,GCAGCCATGGTGATCAGGAG,20,2,C,2′-O-methoxyethyl,5-methylcytosine,PS,5′ wing,,Crooke Table 1 and platelet sections,https://journals.sagepub.com/doi/full/10.1089/nat.2016.0650,Position map derived from the explicitly reported gapmer design and exact sequence.
CHEM-TMB-0247,OLG-TMB-024,426115,GCAGCCATGGTGATCAGGAG,20,3,A,2′-O-methoxyethyl,,PS,5′ wing,,Crooke Table 1 and platelet sections,https://journals.sagepub.com/doi/full/10.1089/nat.2016.0650,Position map derived from the explicitly reported gapmer design and exact sequence.
CHEM-TMB-0248,OLG-TMB-024,426115,GCAGCCATGGTGATCAGGAG,20,4,G,2′-O-methoxyethyl,,PS,5′ wing,,Crooke Table 1 and platelet sections,https://journals.sagepub.com/doi/full/10.1089/nat.2016.0650,Position map derived from the explicitly reported gapmer design and exact sequence.
CHEM-TMB-0249,OLG-TMB-024,426115,GCAGCCATGGTGATCAGGAG,20,5,C,2′-O-methoxyethyl,5-methylcytosine,PS,5′ wing,,Crooke Table 1 and platelet sections,https://journals.sagepub.com/doi/full/10.1089/nat.2016.0650,Position map derived from the explicitly reported gapmer design and exact sequence.
CHEM-TMB-0250,OLG-TMB-024,426115,GCAGCCATGGTGATCAGGAG,20,6,C,2′-deoxy,5-methylcytosine,PS,DNA gap,,Crooke Table 1 and platelet sections,https://journals.sagepub.com/doi/full/10.1089/nat.2016.0650,Position map derived from the explicitly reported gapmer design and exact sequence.
CHEM-TMB-0251,OLG-TMB-024,426115,GCAGCCATGGTGATCAGGAG,20,7,A,2′-deoxy,,PS,DNA gap,,Crooke Table 1 and platelet sections,https://journals.sagepub.com/doi/full/10.1089/nat.2016.0650,Position map derived from the explicitly reported gapmer design and exact sequence.
CHEM-TMB-0252,OLG-TMB-024,426115,GCAGCCATGGTGATCAGGAG,20,8,T,2′-deoxy,,PS,DNA gap,,Crooke Table 1 and platelet sections,https://journals.sagepub.com/doi/full/10.1089/nat.2016.0650,Position map derived from the explicitly reported gapmer design and exact sequence.
CHEM-TMB-0253,OLG-TMB-024,426115,GCAGCCATGGTGATCAGGAG,20,9,G,2′-deoxy,,PS,DNA gap,,Crooke Table 1 and platelet sections,https://journals.sagepub.com/doi/full/10.1089/nat.2016.0650,Position map derived from the explicitly reported gapmer design and exact sequence.
CHEM-TMB-0254,OLG-TMB-024,426115,GCAGCCATGGTGATCAGGAG,20,10,G,2′-deoxy,,PS,DNA gap,,Crooke Table 1 and platelet sections,https://journals.sagepub.com/doi/full/10.1089/nat.2016.0650,Position map derived from the explicitly reported gapmer design and exact sequence.
CHEM-TMB-0255,OLG-TMB-024,426115,GCAGCCATGGTGATCAGGAG,20,11,T,2′-deoxy,,PS,DNA gap,,Crooke Table 1 and platelet sections,https://journals.sagepub.com/doi/full/10.1089/nat.2016.0650,Position map derived from the explicitly reported gapmer design and exact sequence.
CHEM-TMB-0256,OLG-TMB-024,426115,GCAGCCATGGTGATCAGGAG,20,12,G,2′-deoxy,,PS,DNA gap,,Crooke Table 1 and platelet sections,https://journals.sagepub.com/doi/full/10.1089/nat.2016.0650,Position map derived from the explicitly reported gapmer design and exact sequence.
CHEM-TMB-0257,OLG-TMB-024,426115,GCAGCCATGGTGATCAGGAG,20,13,A,2′-deoxy,,PS,DNA gap,,Crooke Table 1 and platelet sections,https://journals.sagepub.com/doi/full/10.1089/nat.2016.0650,Position map derived from the explicitly reported gapmer design and exact sequence.
CHEM-TMB-0258,OLG-TMB-024,426115,GCAGCCATGGTGATCAGGAG,20,14,T,2′-deoxy,,PS,DNA gap,,Crooke Table 1 and platelet sections,https://journals.sagepub.com/doi/full/10.1089/nat.2016.0650,Position map derived from the explicitly reported gapmer design and exact sequence.
CHEM-TMB-0259,OLG-TMB-024,426115,GCAGCCATGGTGATCAGGAG,20,15,C,2′-deoxy,5-methylcytosine,PS,DNA gap,,Crooke Table 1 and platelet sections,https://journals.sagepub.com/doi/full/10.1089/nat.2016.0650,Position map derived from the explicitly reported gapmer design and exact sequence.
CHEM-TMB-0260,OLG-TMB-024,426115,GCAGCCATGGTGATCAGGAG,20,16,A,2′-O-methoxyethyl,,PS,3′ wing,,Crooke Table 1 and platelet sections,https://journals.sagepub.com/doi/full/10.1089/nat.2016.0650,Position map derived from the explicitly reported gapmer design and exact sequence.
CHEM-TMB-0261,OLG-TMB-024,426115,GCAGCCATGGTGATCAGGAG,20,17,G,2′-O-methoxyethyl,,PS,3′ wing,,Crooke Table 1 and platelet sections,https://journals.sagepub.com/doi/full/10.1089/nat.2016.0650,Position map derived from the explicitly reported gapmer design and exact sequence.
CHEM-TMB-0262,OLG-TMB-024,426115,GCAGCCATGGTGATCAGGAG,20,18,G,2′-O-methoxyethyl,,PS,3′ wing,,Crooke Table 1 and platelet sections,https://journals.sagepub.com/doi/full/10.1089/nat.2016.0650,Position map derived from the explicitly reported gapmer design and exact sequence.
CHEM-TMB-0263,OLG-TMB-024,426115,GCAGCCATGGTGATCAGGAG,20,19,A,2′-O-methoxyethyl,,PS,3′ wing,,Crooke Table 1 and platelet sections,https://journals.sagepub.com/doi/full/10.1089/nat.2016.0650,Position map derived from the explicitly reported gapmer design and exact sequence.
CHEM-TMB-0264,OLG-TMB-024,426115,GCAGCCATGGTGATCAGGAG,20,20,G,2′-O-methoxyethyl,,TERMINAL,3′ wing,3′,Crooke Table 1 and platelet sections,https://journals.sagepub.com/doi/full/10.1089/nat.2016.0650,Position map derived from the explicitly reported gapmer design and exact sequence.
CHEM-TMB-0265,OLG-TMB-025,449884,GGTTCCCGAGGTGCCCA,17,1,G,2′-O-methoxyethyl,,PS,5′ wing,5′,Crooke Table 1 and platelet sections,https://journals.sagepub.com/doi/full/10.1089/nat.2016.0650,Position map derived from the explicitly reported gapmer design and exact sequence.
CHEM-TMB-0266,OLG-TMB-025,449884,GGTTCCCGAGGTGCCCA,17,2,G,2′-O-methoxyethyl,,PS,5′ wing,,Crooke Table 1 and platelet sections,https://journals.sagepub.com/doi/full/10.1089/nat.2016.0650,Position map derived from the explicitly reported gapmer design and exact sequence.
CHEM-TMB-0267,OLG-TMB-025,449884,GGTTCCCGAGGTGCCCA,17,3,T,2′-O-methoxyethyl,,PS,5′ wing,,Crooke Table 1 and platelet sections,https://journals.sagepub.com/doi/full/10.1089/nat.2016.0650,Position map derived from the explicitly reported gapmer design and exact sequence.
CHEM-TMB-0268,OLG-TMB-025,449884,GGTTCCCGAGGTGCCCA,17,4,T,2′-deoxy,,PS,DNA gap,,Crooke Table 1 and platelet sections,https://journals.sagepub.com/doi/full/10.1089/nat.2016.0650,Position map derived from the explicitly reported gapmer design and exact sequence.
CHEM-TMB-0269,OLG-TMB-025,449884,GGTTCCCGAGGTGCCCA,17,5,C,2′-deoxy,5-methylcytosine,PS,DNA gap,,Crooke Table 1 and platelet sections,https://journals.sagepub.com/doi/full/10.1089/nat.2016.0650,Position map derived from the explicitly reported gapmer design and exact sequence.
CHEM-TMB-0270,OLG-TMB-025,449884,GGTTCCCGAGGTGCCCA,17,6,C,2′-deoxy,5-methylcytosine,PS,DNA gap,,Crooke Table 1 and platelet sections,https://journals.sagepub.com/doi/full/10.1089/nat.2016.0650,Position map derived from the explicitly reported gapmer design and exact sequence.
CHEM-TMB-0271,OLG-TMB-025,449884,GGTTCCCGAGGTGCCCA,17,7,C,2′-deoxy,5-methylcytosine,PS,DNA gap,,Crooke Table 1 and platelet sections,https://journals.sagepub.com/doi/full/10.1089/nat.2016.0650,Position map derived from the explicitly reported gapmer design and exact sequence.
CHEM-TMB-0272,OLG-TMB-025,449884,GGTTCCCGAGGTGCCCA,17,8,G,2′-deoxy,,PS,DNA gap,,Crooke Table 1 and platelet sections,https://journals.sagepub.com/doi/full/10.1089/nat.2016.0650,Position map derived from the explicitly reported gapmer design and exact sequence.
CHEM-TMB-0273,OLG-TMB-025,449884,GGTTCCCGAGGTGCCCA,17,9,A,2′-deoxy,,PS,DNA gap,,Crooke Table 1 and platelet sections,https://journals.sagepub.com/doi/full/10.1089/nat.2016.0650,Position map derived from the explicitly reported gapmer design and exact sequence.
CHEM-TMB-0274,OLG-TMB-025,449884,GGTTCCCGAGGTGCCCA,17,10,G,2′-deoxy,,PS,DNA gap,,Crooke Table 1 and platelet sections,https://journals.sagepub.com/doi/full/10.1089/nat.2016.0650,Position map derived from the explicitly reported gapmer design and exact sequence.
CHEM-TMB-0275,OLG-TMB-025,449884,GGTTCCCGAGGTGCCCA,17,11,G,2′-deoxy,,PS,DNA gap,,Crooke Table 1 and platelet sections,https://journals.sagepub.com/doi/full/10.1089/nat.2016.0650,Position map derived from the explicitly reported gapmer design and exact sequence.
CHEM-TMB-0276,OLG-TMB-025,449884,GGTTCCCGAGGTGCCCA,17,12,T,2′-deoxy,,PS,DNA gap,,Crooke Table 1 and platelet sections,https://journals.sagepub.com/doi/full/10.1089/nat.2016.0650,Position map derived from the explicitly reported gapmer design and exact sequence.
CHEM-TMB-0277,OLG-TMB-025,449884,GGTTCCCGAGGTGCCCA,17,13,G,2′-deoxy,,PS,DNA gap,,Crooke Table 1 and platelet sections,https://journals.sagepub.com/doi/full/10.1089/nat.2016.0650,Position map derived from the explicitly reported gapmer design and exact sequence.
CHEM-TMB-0278,OLG-TMB-025,449884,GGTTCCCGAGGTGCCCA,17,14,C,2′-O-methoxyethyl,5-methylcytosine,PS,3′ wing,,Crooke Table 1 and platelet sections,https://journals.sagepub.com/doi/full/10.1089/nat.2016.0650,Position map derived from the explicitly reported gapmer design and exact sequence.
CHEM-TMB-0279,OLG-TMB-025,449884,GGTTCCCGAGGTGCCCA,17,15,C,2′-O-methoxyethyl,5-methylcytosine,PS,3′ wing,,Crooke Table 1 and platelet sections,https://journals.sagepub.com/doi/full/10.1089/nat.2016.0650,Position map derived from the explicitly reported gapmer design and exact sequence.
CHEM-TMB-0280,OLG-TMB-025,449884,GGTTCCCGAGGTGCCCA,17,16,C,2′-O-methoxyethyl,5-methylcytosine,PS,3′ wing,,Crooke Table 1 and platelet sections,https://journals.sagepub.com/doi/full/10.1089/nat.2016.0650,Position map derived from the explicitly reported gapmer design and exact sequence.
CHEM-TMB-0281,OLG-TMB-025,449884,GGTTCCCGAGGTGCCCA,17,17,A,2′-O-methoxyethyl,,TERMINAL,3′ wing,3′,Crooke Table 1 and platelet sections,https://journals.sagepub.com/doi/full/10.1089/nat.2016.0650,Position map derived from the explicitly reported gapmer design and exact sequence.
CHEM-TMB-0282,OLG-TMB-026,463588,GCACACTCAGCAGGACCCCC,20,1,G,2′-O-methoxyethyl,,PS,5′ wing,5′,Crooke Table 1 and platelet sections,https://journals.sagepub.com/doi/full/10.1089/nat.2016.0650,Position map derived from the explicitly reported gapmer design and exact sequence.
CHEM-TMB-0283,OLG-TMB-026,463588,GCACACTCAGCAGGACCCCC,20,2,C,2′-O-methoxyethyl,5-methylcytosine,PS,5′ wing,,Crooke Table 1 and platelet sections,https://journals.sagepub.com/doi/full/10.1089/nat.2016.0650,Position map derived from the explicitly reported gapmer design and exact sequence.
CHEM-TMB-0284,OLG-TMB-026,463588,GCACACTCAGCAGGACCCCC,20,3,A,2′-O-methoxyethyl,,PS,5′ wing,,Crooke Table 1 and platelet sections,https://journals.sagepub.com/doi/full/10.1089/nat.2016.0650,Position map derived from the explicitly reported gapmer design and exact sequence.
CHEM-TMB-0285,OLG-TMB-026,463588,GCACACTCAGCAGGACCCCC,20,4,C,2′-O-methoxyethyl,5-methylcytosine,PS,5′ wing,,Crooke Table 1 and platelet sections,https://journals.sagepub.com/doi/full/10.1089/nat.2016.0650,Position map derived from the explicitly reported gapmer design and exact sequence.
CHEM-TMB-0286,OLG-TMB-026,463588,GCACACTCAGCAGGACCCCC,20,5,A,2′-O-methoxyethyl,,PS,5′ wing,,Crooke Table 1 and platelet sections,https://journals.sagepub.com/doi/full/10.1089/nat.2016.0650,Position map derived from the explicitly reported gapmer design and exact sequence.
CHEM-TMB-0287,OLG-TMB-026,463588,GCACACTCAGCAGGACCCCC,20,6,C,2′-deoxy,5-methylcytosine,PS,DNA gap,,Crooke Table 1 and platelet sections,https://journals.sagepub.com/doi/full/10.1089/nat.2016.0650,Position map derived from the explicitly reported gapmer design and exact sequence.
CHEM-TMB-0288,OLG-TMB-026,463588,GCACACTCAGCAGGACCCCC,20,7,T,2′-deoxy,,PS,DNA gap,,Crooke Table 1 and platelet sections,https://journals.sagepub.com/doi/full/10.1089/nat.2016.0650,Position map derived from the explicitly reported gapmer design and exact sequence.
CHEM-TMB-0289,OLG-TMB-026,463588,GCACACTCAGCAGGACCCCC,20,8,C,2′-deoxy,5-methylcytosine,PS,DNA gap,,Crooke Table 1 and platelet sections,https://journals.sagepub.com/doi/full/10.1089/nat.2016.0650,Position map derived from the explicitly reported gapmer design and exact sequence.
CHEM-TMB-0290,OLG-TMB-026,463588,GCACACTCAGCAGGACCCCC,20,9,A,2′-deoxy,,PS,DNA gap,,Crooke Table 1 and platelet sections,https://journals.sagepub.com/doi/full/10.1089/nat.2016.0650,Position map derived from the explicitly reported gapmer design and exact sequence.
CHEM-TMB-0291,OLG-TMB-026,463588,GCACACTCAGCAGGACCCCC,20,10,G,2′-deoxy,,PS,DNA gap,,Crooke Table 1 and platelet sections,https://journals.sagepub.com/doi/full/10.1089/nat.2016.0650,Position map derived from the explicitly reported gapmer design and exact sequence.
CHEM-TMB-0292,OLG-TMB-026,463588,GCACACTCAGCAGGACCCCC,20,11,C,2′-deoxy,5-methylcytosine,PS,DNA gap,,Crooke Table 1 and platelet sections,https://journals.sagepub.com/doi/full/10.1089/nat.2016.0650,Position map derived from the explicitly reported gapmer design and exact sequence.
CHEM-TMB-0293,OLG-TMB-026,463588,GCACACTCAGCAGGACCCCC,20,12,A,2′-deoxy,,PS,DNA gap,,Crooke Table 1 and platelet sections,https://journals.sagepub.com/doi/full/10.1089/nat.2016.0650,Position map derived from the explicitly reported gapmer design and exact sequence.
CHEM-TMB-0294,OLG-TMB-026,463588,GCACACTCAGCAGGACCCCC,20,13,G,2′-deoxy,,PS,DNA gap,,Crooke Table 1 and platelet sections,https://journals.sagepub.com/doi/full/10.1089/nat.2016.0650,Position map derived from the explicitly reported gapmer design and exact sequence.
CHEM-TMB-0295,OLG-TMB-026,463588,GCACACTCAGCAGGACCCCC,20,14,G,2′-deoxy,,PS,DNA gap,,Crooke Table 1 and platelet sections,https://journals.sagepub.com/doi/full/10.1089/nat.2016.0650,Position map derived from the explicitly reported gapmer design and exact sequence.
CHEM-TMB-0296,OLG-TMB-026,463588,GCACACTCAGCAGGACCCCC,20,15,A,2′-deoxy,,PS,DNA gap,,Crooke Table 1 and platelet sections,https://journals.sagepub.com/doi/full/10.1089/nat.2016.0650,Position map derived from the explicitly reported gapmer design and exact sequence.
CHEM-TMB-0297,OLG-TMB-026,463588,GCACACTCAGCAGGACCCCC,20,16,C,2′-O-methoxyethyl,5-methylcytosine,PS,3′ wing,,Crooke Table 1 and platelet sections,https://journals.sagepub.com/doi/full/10.1089/nat.2016.0650,Position map derived from the explicitly reported gapmer design and exact sequence.
CHEM-TMB-0298,OLG-TMB-026,463588,GCACACTCAGCAGGACCCCC,20,17,C,2′-O-methoxyethyl,5-methylcytosine,PS,3′ wing,,Crooke Table 1 and platelet sections,https://journals.sagepub.com/doi/full/10.1089/nat.2016.0650,Position map derived from the explicitly reported gapmer design and exact sequence.
CHEM-TMB-0299,OLG-TMB-026,463588,GCACACTCAGCAGGACCCCC,20,18,C,2′-O-methoxyethyl,5-methylcytosine,PS,3′ wing,,Crooke Table 1 and platelet sections,https://journals.sagepub.com/doi/full/10.1089/nat.2016.0650,Position map derived from the explicitly reported gapmer design and exact sequence.
CHEM-TMB-0300,OLG-TMB-026,463588,GCACACTCAGCAGGACCCCC,20,19,C,2′-O-methoxyethyl,5-methylcytosine,PS,3′ wing,,Crooke Table 1 and platelet sections,https://journals.sagepub.com/doi/full/10.1089/nat.2016.0650,Position map derived from the explicitly reported gapmer design and exact sequence.
CHEM-TMB-0301,OLG-TMB-026,463588,GCACACTCAGCAGGACCCCC,20,20,C,2′-O-methoxyethyl,5-methylcytosine,TERMINAL,3′ wing,3′,Crooke Table 1 and platelet sections,https://journals.sagepub.com/doi/full/10.1089/nat.2016.0650,Position map derived from the explicitly reported gapmer design and exact sequence.
CHEM-TMB-0302,OLG-TMB-027,494372,TGCTCCGTTGGTGCTTGTTC,20,1,T,2′-O-methoxyethyl,,PS,5′ wing,5′,Crooke Table 1 and platelet sections,https://journals.sagepub.com/doi/full/10.1089/nat.2016.0650,Position map derived from the explicitly reported gapmer design and exact sequence.
CHEM-TMB-0303,OLG-TMB-027,494372,TGCTCCGTTGGTGCTTGTTC,20,2,G,2′-O-methoxyethyl,,PS,5′ wing,,Crooke Table 1 and platelet sections,https://journals.sagepub.com/doi/full/10.1089/nat.2016.0650,Position map derived from the explicitly reported gapmer design and exact sequence.
CHEM-TMB-0304,OLG-TMB-027,494372,TGCTCCGTTGGTGCTTGTTC,20,3,C,2′-O-methoxyethyl,5-methylcytosine,PS,5′ wing,,Crooke Table 1 and platelet sections,https://journals.sagepub.com/doi/full/10.1089/nat.2016.0650,Position map derived from the explicitly reported gapmer design and exact sequence.
CHEM-TMB-0305,OLG-TMB-027,494372,TGCTCCGTTGGTGCTTGTTC,20,4,T,2′-O-methoxyethyl,,PS,5′ wing,,Crooke Table 1 and platelet sections,https://journals.sagepub.com/doi/full/10.1089/nat.2016.0650,Position map derived from the explicitly reported gapmer design and exact sequence.
CHEM-TMB-0306,OLG-TMB-027,494372,TGCTCCGTTGGTGCTTGTTC,20,5,C,2′-O-methoxyethyl,5-methylcytosine,PS,5′ wing,,Crooke Table 1 and platelet sections,https://journals.sagepub.com/doi/full/10.1089/nat.2016.0650,Position map derived from the explicitly reported gapmer design and exact sequence.
CHEM-TMB-0307,OLG-TMB-027,494372,TGCTCCGTTGGTGCTTGTTC,20,6,C,2′-deoxy,5-methylcytosine,PS,DNA gap,,Crooke Table 1 and platelet sections,https://journals.sagepub.com/doi/full/10.1089/nat.2016.0650,Position map derived from the explicitly reported gapmer design and exact sequence.
CHEM-TMB-0308,OLG-TMB-027,494372,TGCTCCGTTGGTGCTTGTTC,20,7,G,2′-deoxy,,PS,DNA gap,,Crooke Table 1 and platelet sections,https://journals.sagepub.com/doi/full/10.1089/nat.2016.0650,Position map derived from the explicitly reported gapmer design and exact sequence.
CHEM-TMB-0309,OLG-TMB-027,494372,TGCTCCGTTGGTGCTTGTTC,20,8,T,2′-deoxy,,PS,DNA gap,,Crooke Table 1 and platelet sections,https://journals.sagepub.com/doi/full/10.1089/nat.2016.0650,Position map derived from the explicitly reported gapmer design and exact sequence.
CHEM-TMB-0310,OLG-TMB-027,494372,TGCTCCGTTGGTGCTTGTTC,20,9,T,2′-deoxy,,PS,DNA gap,,Crooke Table 1 and platelet sections,https://journals.sagepub.com/doi/full/10.1089/nat.2016.0650,Position map derived from the explicitly reported gapmer design and exact sequence.
CHEM-TMB-0311,OLG-TMB-027,494372,TGCTCCGTTGGTGCTTGTTC,20,10,G,2′-deoxy,,PS,DNA gap,,Crooke Table 1 and platelet sections,https://journals.sagepub.com/doi/full/10.1089/nat.2016.0650,Position map derived from the explicitly reported gapmer design and exact sequence.
CHEM-TMB-0312,OLG-TMB-027,494372,TGCTCCGTTGGTGCTTGTTC,20,11,G,2′-deoxy,,PS,DNA gap,,Crooke Table 1 and platelet sections,https://journals.sagepub.com/doi/full/10.1089/nat.2016.0650,Position map derived from the explicitly reported gapmer design and exact sequence.
CHEM-TMB-0313,OLG-TMB-027,494372,TGCTCCGTTGGTGCTTGTTC,20,12,T,2′-deoxy,,PS,DNA gap,,Crooke Table 1 and platelet sections,https://journals.sagepub.com/doi/full/10.1089/nat.2016.0650,Position map derived from the explicitly reported gapmer design and exact sequence.
CHEM-TMB-0314,OLG-TMB-027,494372,TGCTCCGTTGGTGCTTGTTC,20,13,G,2′-deoxy,,PS,DNA gap,,Crooke Table 1 and platelet sections,https://journals.sagepub.com/doi/full/10.1089/nat.2016.0650,Position map derived from the explicitly reported gapmer design and exact sequence.
CHEM-TMB-0315,OLG-TMB-027,494372,TGCTCCGTTGGTGCTTGTTC,20,14,C,2′-deoxy,5-methylcytosine,PS,DNA gap,,Crooke Table 1 and platelet sections,https://journals.sagepub.com/doi/full/10.1089/nat.2016.0650,Position map derived from the explicitly reported gapmer design and exact sequence.
CHEM-TMB-0316,OLG-TMB-027,494372,TGCTCCGTTGGTGCTTGTTC,20,15,T,2′-deoxy,,PS,DNA gap,,Crooke Table 1 and platelet sections,https://journals.sagepub.com/doi/full/10.1089/nat.2016.0650,Position map derived from the explicitly reported gapmer design and exact sequence.
CHEM-TMB-0317,OLG-TMB-027,494372,TGCTCCGTTGGTGCTTGTTC,20,16,T,2′-O-methoxyethyl,,PS,3′ wing,,Crooke Table 1 and platelet sections,https://journals.sagepub.com/doi/full/10.1089/nat.2016.0650,Position map derived from the explicitly reported gapmer design and exact sequence.
CHEM-TMB-0318,OLG-TMB-027,494372,TGCTCCGTTGGTGCTTGTTC,20,17,G,2′-O-methoxyethyl,,PS,3′ wing,,Crooke Table 1 and platelet sections,https://journals.sagepub.com/doi/full/10.1089/nat.2016.0650,Position map derived from the explicitly reported gapmer design and exact sequence.
CHEM-TMB-0319,OLG-TMB-027,494372,TGCTCCGTTGGTGCTTGTTC,20,18,T,2′-O-methoxyethyl,,PS,3′ wing,,Crooke Table 1 and platelet sections,https://journals.sagepub.com/doi/full/10.1089/nat.2016.0650,Position map derived from the explicitly reported gapmer design and exact sequence.
CHEM-TMB-0320,OLG-TMB-027,494372,TGCTCCGTTGGTGCTTGTTC,20,19,T,2′-O-methoxyethyl,,PS,3′ wing,,Crooke Table 1 and platelet sections,https://journals.sagepub.com/doi/full/10.1089/nat.2016.0650,Position map derived from the explicitly reported gapmer design and exact sequence.
CHEM-TMB-0321,OLG-TMB-027,494372,TGCTCCGTTGGTGCTTGTTC,20,20,C,2′-O-methoxyethyl,5-methylcytosine,TERMINAL,3′ wing,3′,Crooke Table 1 and platelet sections,https://journals.sagepub.com/doi/full/10.1089/nat.2016.0650,Position map derived from the explicitly reported gapmer design and exact sequence.
CHEM-TMB-0322,OLG-TMB-028,505358,GCAGAGGTGAAGCGAAGTGC,20,1,G,2′-O-methoxyethyl,,PS,5′ wing,5′,Crooke Table 1 and platelet sections,https://journals.sagepub.com/doi/full/10.1089/nat.2016.0650,Position map derived from the explicitly reported gapmer design and exact sequence.
CHEM-TMB-0323,OLG-TMB-028,505358,GCAGAGGTGAAGCGAAGTGC,20,2,C,2′-O-methoxyethyl,5-methylcytosine,PS,5′ wing,,Crooke Table 1 and platelet sections,https://journals.sagepub.com/doi/full/10.1089/nat.2016.0650,Position map derived from the explicitly reported gapmer design and exact sequence.
CHEM-TMB-0324,OLG-TMB-028,505358,GCAGAGGTGAAGCGAAGTGC,20,3,A,2′-O-methoxyethyl,,PS,5′ wing,,Crooke Table 1 and platelet sections,https://journals.sagepub.com/doi/full/10.1089/nat.2016.0650,Position map derived from the explicitly reported gapmer design and exact sequence.
CHEM-TMB-0325,OLG-TMB-028,505358,GCAGAGGTGAAGCGAAGTGC,20,4,G,2′-O-methoxyethyl,,PS,5′ wing,,Crooke Table 1 and platelet sections,https://journals.sagepub.com/doi/full/10.1089/nat.2016.0650,Position map derived from the explicitly reported gapmer design and exact sequence.
CHEM-TMB-0326,OLG-TMB-028,505358,GCAGAGGTGAAGCGAAGTGC,20,5,A,2′-O-methoxyethyl,,PS,5′ wing,,Crooke Table 1 and platelet sections,https://journals.sagepub.com/doi/full/10.1089/nat.2016.0650,Position map derived from the explicitly reported gapmer design and exact sequence.
CHEM-TMB-0327,OLG-TMB-028,505358,GCAGAGGTGAAGCGAAGTGC,20,6,G,2′-deoxy,,PS,DNA gap,,Crooke Table 1 and platelet sections,https://journals.sagepub.com/doi/full/10.1089/nat.2016.0650,Position map derived from the explicitly reported gapmer design and exact sequence.
CHEM-TMB-0328,OLG-TMB-028,505358,GCAGAGGTGAAGCGAAGTGC,20,7,G,2′-deoxy,,PS,DNA gap,,Crooke Table 1 and platelet sections,https://journals.sagepub.com/doi/full/10.1089/nat.2016.0650,Position map derived from the explicitly reported gapmer design and exact sequence.
CHEM-TMB-0329,OLG-TMB-028,505358,GCAGAGGTGAAGCGAAGTGC,20,8,T,2′-deoxy,,PS,DNA gap,,Crooke Table 1 and platelet sections,https://journals.sagepub.com/doi/full/10.1089/nat.2016.0650,Position map derived from the explicitly reported gapmer design and exact sequence.
CHEM-TMB-0330,OLG-TMB-028,505358,GCAGAGGTGAAGCGAAGTGC,20,9,G,2′-deoxy,,PS,DNA gap,,Crooke Table 1 and platelet sections,https://journals.sagepub.com/doi/full/10.1089/nat.2016.0650,Position map derived from the explicitly reported gapmer design and exact sequence.
CHEM-TMB-0331,OLG-TMB-028,505358,GCAGAGGTGAAGCGAAGTGC,20,10,A,2′-deoxy,,PS,DNA gap,,Crooke Table 1 and platelet sections,https://journals.sagepub.com/doi/full/10.1089/nat.2016.0650,Position map derived from the explicitly reported gapmer design and exact sequence.
CHEM-TMB-0332,OLG-TMB-028,505358,GCAGAGGTGAAGCGAAGTGC,20,11,A,2′-deoxy,,PS,DNA gap,,Crooke Table 1 and platelet sections,https://journals.sagepub.com/doi/full/10.1089/nat.2016.0650,Position map derived from the explicitly reported gapmer design and exact sequence.
CHEM-TMB-0333,OLG-TMB-028,505358,GCAGAGGTGAAGCGAAGTGC,20,12,G,2′-deoxy,,PS,DNA gap,,Crooke Table 1 and platelet sections,https://journals.sagepub.com/doi/full/10.1089/nat.2016.0650,Position map derived from the explicitly reported gapmer design and exact sequence.
CHEM-TMB-0334,OLG-TMB-028,505358,GCAGAGGTGAAGCGAAGTGC,20,13,C,2′-deoxy,5-methylcytosine,PS,DNA gap,,Crooke Table 1 and platelet sections,https://journals.sagepub.com/doi/full/10.1089/nat.2016.0650,Position map derived from the explicitly reported gapmer design and exact sequence.
CHEM-TMB-0335,OLG-TMB-028,505358,GCAGAGGTGAAGCGAAGTGC,20,14,G,2′-deoxy,,PS,DNA gap,,Crooke Table 1 and platelet sections,https://journals.sagepub.com/doi/full/10.1089/nat.2016.0650,Position map derived from the explicitly reported gapmer design and exact sequence.
CHEM-TMB-0336,OLG-TMB-028,505358,GCAGAGGTGAAGCGAAGTGC,20,15,A,2′-deoxy,,PS,DNA gap,,Crooke Table 1 and platelet sections,https://journals.sagepub.com/doi/full/10.1089/nat.2016.0650,Position map derived from the explicitly reported gapmer design and exact sequence.
CHEM-TMB-0337,OLG-TMB-028,505358,GCAGAGGTGAAGCGAAGTGC,20,16,A,2′-O-methoxyethyl,,PS,3′ wing,,Crooke Table 1 and platelet sections,https://journals.sagepub.com/doi/full/10.1089/nat.2016.0650,Position map derived from the explicitly reported gapmer design and exact sequence.
CHEM-TMB-0338,OLG-TMB-028,505358,GCAGAGGTGAAGCGAAGTGC,20,17,G,2′-O-methoxyethyl,,PS,3′ wing,,Crooke Table 1 and platelet sections,https://journals.sagepub.com/doi/full/10.1089/nat.2016.0650,Position map derived from the explicitly reported gapmer design and exact sequence.
CHEM-TMB-0339,OLG-TMB-028,505358,GCAGAGGTGAAGCGAAGTGC,20,18,T,2′-O-methoxyethyl,,PS,3′ wing,,Crooke Table 1 and platelet sections,https://journals.sagepub.com/doi/full/10.1089/nat.2016.0650,Position map derived from the explicitly reported gapmer design and exact sequence.
CHEM-TMB-0340,OLG-TMB-028,505358,GCAGAGGTGAAGCGAAGTGC,20,19,G,2′-O-methoxyethyl,,PS,3′ wing,,Crooke Table 1 and platelet sections,https://journals.sagepub.com/doi/full/10.1089/nat.2016.0650,Position map derived from the explicitly reported gapmer design and exact sequence.
CHEM-TMB-0341,OLG-TMB-028,505358,GCAGAGGTGAAGCGAAGTGC,20,20,C,2′-O-methoxyethyl,5-methylcytosine,TERMINAL,3′ wing,3′,Crooke Table 1 and platelet sections,https://journals.sagepub.com/doi/full/10.1089/nat.2016.0650,Position map derived from the explicitly reported gapmer design and exact sequence.
CHEM-TMB-0342,OLG-TMB-029,546254,TGCAAGTCTCTTGGCAAACA,20,1,T,2′-O-methoxyethyl,,PS,5′ wing,5′,Crooke Table 1 and platelet sections,https://journals.sagepub.com/doi/full/10.1089/nat.2016.0650,Position map derived from the explicitly reported gapmer design and exact sequence.
CHEM-TMB-0343,OLG-TMB-029,546254,TGCAAGTCTCTTGGCAAACA,20,2,G,2′-O-methoxyethyl,,PS,5′ wing,,Crooke Table 1 and platelet sections,https://journals.sagepub.com/doi/full/10.1089/nat.2016.0650,Position map derived from the explicitly reported gapmer design and exact sequence.
CHEM-TMB-0344,OLG-TMB-029,546254,TGCAAGTCTCTTGGCAAACA,20,3,C,2′-O-methoxyethyl,5-methylcytosine,PS,5′ wing,,Crooke Table 1 and platelet sections,https://journals.sagepub.com/doi/full/10.1089/nat.2016.0650,Position map derived from the explicitly reported gapmer design and exact sequence.
CHEM-TMB-0345,OLG-TMB-029,546254,TGCAAGTCTCTTGGCAAACA,20,4,A,2′-O-methoxyethyl,,PS,5′ wing,,Crooke Table 1 and platelet sections,https://journals.sagepub.com/doi/full/10.1089/nat.2016.0650,Position map derived from the explicitly reported gapmer design and exact sequence.
CHEM-TMB-0346,OLG-TMB-029,546254,TGCAAGTCTCTTGGCAAACA,20,5,A,2′-O-methoxyethyl,,PS,5′ wing,,Crooke Table 1 and platelet sections,https://journals.sagepub.com/doi/full/10.1089/nat.2016.0650,Position map derived from the explicitly reported gapmer design and exact sequence.
CHEM-TMB-0347,OLG-TMB-029,546254,TGCAAGTCTCTTGGCAAACA,20,6,G,2′-deoxy,,PS,DNA gap,,Crooke Table 1 and platelet sections,https://journals.sagepub.com/doi/full/10.1089/nat.2016.0650,Position map derived from the explicitly reported gapmer design and exact sequence.
CHEM-TMB-0348,OLG-TMB-029,546254,TGCAAGTCTCTTGGCAAACA,20,7,T,2′-deoxy,,PS,DNA gap,,Crooke Table 1 and platelet sections,https://journals.sagepub.com/doi/full/10.1089/nat.2016.0650,Position map derived from the explicitly reported gapmer design and exact sequence.
CHEM-TMB-0349,OLG-TMB-029,546254,TGCAAGTCTCTTGGCAAACA,20,8,C,2′-deoxy,5-methylcytosine,PS,DNA gap,,Crooke Table 1 and platelet sections,https://journals.sagepub.com/doi/full/10.1089/nat.2016.0650,Position map derived from the explicitly reported gapmer design and exact sequence.
CHEM-TMB-0350,OLG-TMB-029,546254,TGCAAGTCTCTTGGCAAACA,20,9,T,2′-deoxy,,PS,DNA gap,,Crooke Table 1 and platelet sections,https://journals.sagepub.com/doi/full/10.1089/nat.2016.0650,Position map derived from the explicitly reported gapmer design and exact sequence.
CHEM-TMB-0351,OLG-TMB-029,546254,TGCAAGTCTCTTGGCAAACA,20,10,C,2′-deoxy,5-methylcytosine,PS,DNA gap,,Crooke Table 1 and platelet sections,https://journals.sagepub.com/doi/full/10.1089/nat.2016.0650,Position map derived from the explicitly reported gapmer design and exact sequence.
CHEM-TMB-0352,OLG-TMB-029,546254,TGCAAGTCTCTTGGCAAACA,20,11,T,2′-deoxy,,PS,DNA gap,,Crooke Table 1 and platelet sections,https://journals.sagepub.com/doi/full/10.1089/nat.2016.0650,Position map derived from the explicitly reported gapmer design and exact sequence.
CHEM-TMB-0353,OLG-TMB-029,546254,TGCAAGTCTCTTGGCAAACA,20,12,T,2′-deoxy,,PS,DNA gap,,Crooke Table 1 and platelet sections,https://journals.sagepub.com/doi/full/10.1089/nat.2016.0650,Position map derived from the explicitly reported gapmer design and exact sequence.
CHEM-TMB-0354,OLG-TMB-029,546254,TGCAAGTCTCTTGGCAAACA,20,13,G,2′-deoxy,,PS,DNA gap,,Crooke Table 1 and platelet sections,https://journals.sagepub.com/doi/full/10.1089/nat.2016.0650,Position map derived from the explicitly reported gapmer design and exact sequence.
CHEM-TMB-0355,OLG-TMB-029,546254,TGCAAGTCTCTTGGCAAACA,20,14,G,2′-deoxy,,PS,DNA gap,,Crooke Table 1 and platelet sections,https://journals.sagepub.com/doi/full/10.1089/nat.2016.0650,Position map derived from the explicitly reported gapmer design and exact sequence.
CHEM-TMB-0356,OLG-TMB-029,546254,TGCAAGTCTCTTGGCAAACA,20,15,C,2′-deoxy,5-methylcytosine,PS,DNA gap,,Crooke Table 1 and platelet sections,https://journals.sagepub.com/doi/full/10.1089/nat.2016.0650,Position map derived from the explicitly reported gapmer design and exact sequence.
CHEM-TMB-0357,OLG-TMB-029,546254,TGCAAGTCTCTTGGCAAACA,20,16,A,2′-O-methoxyethyl,,PS,3′ wing,,Crooke Table 1 and platelet sections,https://journals.sagepub.com/doi/full/10.1089/nat.2016.0650,Position map derived from the explicitly reported gapmer design and exact sequence.
CHEM-TMB-0358,OLG-TMB-029,546254,TGCAAGTCTCTTGGCAAACA,20,17,A,2′-O-methoxyethyl,,PS,3′ wing,,Crooke Table 1 and platelet sections,https://journals.sagepub.com/doi/full/10.1089/nat.2016.0650,Position map derived from the explicitly reported gapmer design and exact sequence.
CHEM-TMB-0359,OLG-TMB-029,546254,TGCAAGTCTCTTGGCAAACA,20,18,A,2′-O-methoxyethyl,,PS,3′ wing,,Crooke Table 1 and platelet sections,https://journals.sagepub.com/doi/full/10.1089/nat.2016.0650,Position map derived from the explicitly reported gapmer design and exact sequence.
CHEM-TMB-0360,OLG-TMB-029,546254,TGCAAGTCTCTTGGCAAACA,20,19,C,2′-O-methoxyethyl,5-methylcytosine,PS,3′ wing,,Crooke Table 1 and platelet sections,https://journals.sagepub.com/doi/full/10.1089/nat.2016.0650,Position map derived from the explicitly reported gapmer design and exact sequence.
CHEM-TMB-0361,OLG-TMB-029,546254,TGCAAGTCTCTTGGCAAACA,20,20,A,2′-O-methoxyethyl,,TERMINAL,3′ wing,3′,Crooke Table 1 and platelet sections,https://journals.sagepub.com/doi/full/10.1089/nat.2016.0650,Position map derived from the explicitly reported gapmer design and exact sequence.
CHEM-TMB-0362,OLG-TMB-030,563580,GGACATTGCCAGTAATCGCA,20,1,G,2′-O-methoxyethyl,,PS,5′ wing,5′,Crooke Table 1 and platelet sections,https://journals.sagepub.com/doi/full/10.1089/nat.2016.0650,Position map derived from the explicitly reported gapmer design and exact sequence.
CHEM-TMB-0363,OLG-TMB-030,563580,GGACATTGCCAGTAATCGCA,20,2,G,2′-O-methoxyethyl,,PS,5′ wing,,Crooke Table 1 and platelet sections,https://journals.sagepub.com/doi/full/10.1089/nat.2016.0650,Position map derived from the explicitly reported gapmer design and exact sequence.
CHEM-TMB-0364,OLG-TMB-030,563580,GGACATTGCCAGTAATCGCA,20,3,A,2′-O-methoxyethyl,,PS,5′ wing,,Crooke Table 1 and platelet sections,https://journals.sagepub.com/doi/full/10.1089/nat.2016.0650,Position map derived from the explicitly reported gapmer design and exact sequence.
CHEM-TMB-0365,OLG-TMB-030,563580,GGACATTGCCAGTAATCGCA,20,4,C,2′-O-methoxyethyl,5-methylcytosine,PS,5′ wing,,Crooke Table 1 and platelet sections,https://journals.sagepub.com/doi/full/10.1089/nat.2016.0650,Position map derived from the explicitly reported gapmer design and exact sequence.
CHEM-TMB-0366,OLG-TMB-030,563580,GGACATTGCCAGTAATCGCA,20,5,A,2′-O-methoxyethyl,,PS,5′ wing,,Crooke Table 1 and platelet sections,https://journals.sagepub.com/doi/full/10.1089/nat.2016.0650,Position map derived from the explicitly reported gapmer design and exact sequence.
CHEM-TMB-0367,OLG-TMB-030,563580,GGACATTGCCAGTAATCGCA,20,6,T,2′-deoxy,,PS,DNA gap,,Crooke Table 1 and platelet sections,https://journals.sagepub.com/doi/full/10.1089/nat.2016.0650,Position map derived from the explicitly reported gapmer design and exact sequence.
CHEM-TMB-0368,OLG-TMB-030,563580,GGACATTGCCAGTAATCGCA,20,7,T,2′-deoxy,,PS,DNA gap,,Crooke Table 1 and platelet sections,https://journals.sagepub.com/doi/full/10.1089/nat.2016.0650,Position map derived from the explicitly reported gapmer design and exact sequence.
CHEM-TMB-0369,OLG-TMB-030,563580,GGACATTGCCAGTAATCGCA,20,8,G,2′-deoxy,,PS,DNA gap,,Crooke Table 1 and platelet sections,https://journals.sagepub.com/doi/full/10.1089/nat.2016.0650,Position map derived from the explicitly reported gapmer design and exact sequence.
CHEM-TMB-0370,OLG-TMB-030,563580,GGACATTGCCAGTAATCGCA,20,9,C,2′-deoxy,5-methylcytosine,PS,DNA gap,,Crooke Table 1 and platelet sections,https://journals.sagepub.com/doi/full/10.1089/nat.2016.0650,Position map derived from the explicitly reported gapmer design and exact sequence.
CHEM-TMB-0371,OLG-TMB-030,563580,GGACATTGCCAGTAATCGCA,20,10,C,2′-deoxy,5-methylcytosine,PS,DNA gap,,Crooke Table 1 and platelet sections,https://journals.sagepub.com/doi/full/10.1089/nat.2016.0650,Position map derived from the explicitly reported gapmer design and exact sequence.
CHEM-TMB-0372,OLG-TMB-030,563580,GGACATTGCCAGTAATCGCA,20,11,A,2′-deoxy,,PS,DNA gap,,Crooke Table 1 and platelet sections,https://journals.sagepub.com/doi/full/10.1089/nat.2016.0650,Position map derived from the explicitly reported gapmer design and exact sequence.
CHEM-TMB-0373,OLG-TMB-030,563580,GGACATTGCCAGTAATCGCA,20,12,G,2′-deoxy,,PS,DNA gap,,Crooke Table 1 and platelet sections,https://journals.sagepub.com/doi/full/10.1089/nat.2016.0650,Position map derived from the explicitly reported gapmer design and exact sequence.
CHEM-TMB-0374,OLG-TMB-030,563580,GGACATTGCCAGTAATCGCA,20,13,T,2′-deoxy,,PS,DNA gap,,Crooke Table 1 and platelet sections,https://journals.sagepub.com/doi/full/10.1089/nat.2016.0650,Position map derived from the explicitly reported gapmer design and exact sequence.
CHEM-TMB-0375,OLG-TMB-030,563580,GGACATTGCCAGTAATCGCA,20,14,A,2′-deoxy,,PS,DNA gap,,Crooke Table 1 and platelet sections,https://journals.sagepub.com/doi/full/10.1089/nat.2016.0650,Position map derived from the explicitly reported gapmer design and exact sequence.
CHEM-TMB-0376,OLG-TMB-030,563580,GGACATTGCCAGTAATCGCA,20,15,A,2′-deoxy,,PS,DNA gap,,Crooke Table 1 and platelet sections,https://journals.sagepub.com/doi/full/10.1089/nat.2016.0650,Position map derived from the explicitly reported gapmer design and exact sequence.
CHEM-TMB-0377,OLG-TMB-030,563580,GGACATTGCCAGTAATCGCA,20,16,T,2′-O-methoxyethyl,,PS,3′ wing,,Crooke Table 1 and platelet sections,https://journals.sagepub.com/doi/full/10.1089/nat.2016.0650,Position map derived from the explicitly reported gapmer design and exact sequence.
CHEM-TMB-0378,OLG-TMB-030,563580,GGACATTGCCAGTAATCGCA,20,17,C,2′-O-methoxyethyl,5-methylcytosine,PS,3′ wing,,Crooke Table 1 and platelet sections,https://journals.sagepub.com/doi/full/10.1089/nat.2016.0650,Position map derived from the explicitly reported gapmer design and exact sequence.
CHEM-TMB-0379,OLG-TMB-030,563580,GGACATTGCCAGTAATCGCA,20,18,G,2′-O-methoxyethyl,,PS,3′ wing,,Crooke Table 1 and platelet sections,https://journals.sagepub.com/doi/full/10.1089/nat.2016.0650,Position map derived from the explicitly reported gapmer design and exact sequence.
CHEM-TMB-0380,OLG-TMB-030,563580,GGACATTGCCAGTAATCGCA,20,19,C,2′-O-methoxyethyl,5-methylcytosine,PS,3′ wing,,Crooke Table 1 and platelet sections,https://journals.sagepub.com/doi/full/10.1089/nat.2016.0650,Position map derived from the explicitly reported gapmer design and exact sequence.
CHEM-TMB-0381,OLG-TMB-030,563580,GGACATTGCCAGTAATCGCA,20,20,A,2′-O-methoxyethyl,,TERMINAL,3′ wing,3′,Crooke Table 1 and platelet sections,https://journals.sagepub.com/doi/full/10.1089/nat.2016.0650,Position map derived from the explicitly reported gapmer design and exact sequence.
CHEM-TMB-0382,OLG-TMB-031,Inotersen,TCTTGGTTACATGAAATCCC,20,1,T,2′-O-methoxyethyl,,PS,5′ wing,5′,Benson safety section/Table 2; Crooke Table 1,https://pmc.ncbi.nlm.nih.gov/articles/PMC12611561/,Position map derived from the explicitly reported gapmer design and exact sequence.
CHEM-TMB-0383,OLG-TMB-031,Inotersen,TCTTGGTTACATGAAATCCC,20,2,C,2′-O-methoxyethyl,5-methylcytosine,PS,5′ wing,,Benson safety section/Table 2; Crooke Table 1,https://pmc.ncbi.nlm.nih.gov/articles/PMC12611561/,Position map derived from the explicitly reported gapmer design and exact sequence.
CHEM-TMB-0384,OLG-TMB-031,Inotersen,TCTTGGTTACATGAAATCCC,20,3,T,2′-O-methoxyethyl,,PS,5′ wing,,Benson safety section/Table 2; Crooke Table 1,https://pmc.ncbi.nlm.nih.gov/articles/PMC12611561/,Position map derived from the explicitly reported gapmer design and exact sequence.
CHEM-TMB-0385,OLG-TMB-031,Inotersen,TCTTGGTTACATGAAATCCC,20,4,T,2′-O-methoxyethyl,,PS,5′ wing,,Benson safety section/Table 2; Crooke Table 1,https://pmc.ncbi.nlm.nih.gov/articles/PMC12611561/,Position map derived from the explicitly reported gapmer design and exact sequence.
CHEM-TMB-0386,OLG-TMB-031,Inotersen,TCTTGGTTACATGAAATCCC,20,5,G,2′-O-methoxyethyl,,PS,5′ wing,,Benson safety section/Table 2; Crooke Table 1,https://pmc.ncbi.nlm.nih.gov/articles/PMC12611561/,Position map derived from the explicitly reported gapmer design and exact sequence.
CHEM-TMB-0387,OLG-TMB-031,Inotersen,TCTTGGTTACATGAAATCCC,20,6,G,2′-deoxy,,PS,DNA gap,,Benson safety section/Table 2; Crooke Table 1,https://pmc.ncbi.nlm.nih.gov/articles/PMC12611561/,Position map derived from the explicitly reported gapmer design and exact sequence.
CHEM-TMB-0388,OLG-TMB-031,Inotersen,TCTTGGTTACATGAAATCCC,20,7,T,2′-deoxy,,PS,DNA gap,,Benson safety section/Table 2; Crooke Table 1,https://pmc.ncbi.nlm.nih.gov/articles/PMC12611561/,Position map derived from the explicitly reported gapmer design and exact sequence.
CHEM-TMB-0389,OLG-TMB-031,Inotersen,TCTTGGTTACATGAAATCCC,20,8,T,2′-deoxy,,PS,DNA gap,,Benson safety section/Table 2; Crooke Table 1,https://pmc.ncbi.nlm.nih.gov/articles/PMC12611561/,Position map derived from the explicitly reported gapmer design and exact sequence.
CHEM-TMB-0390,OLG-TMB-031,Inotersen,TCTTGGTTACATGAAATCCC,20,9,A,2′-deoxy,,PS,DNA gap,,Benson safety section/Table 2; Crooke Table 1,https://pmc.ncbi.nlm.nih.gov/articles/PMC12611561/,Position map derived from the explicitly reported gapmer design and exact sequence.
CHEM-TMB-0391,OLG-TMB-031,Inotersen,TCTTGGTTACATGAAATCCC,20,10,C,2′-deoxy,5-methylcytosine,PS,DNA gap,,Benson safety section/Table 2; Crooke Table 1,https://pmc.ncbi.nlm.nih.gov/articles/PMC12611561/,Position map derived from the explicitly reported gapmer design and exact sequence.
CHEM-TMB-0392,OLG-TMB-031,Inotersen,TCTTGGTTACATGAAATCCC,20,11,A,2′-deoxy,,PS,DNA gap,,Benson safety section/Table 2; Crooke Table 1,https://pmc.ncbi.nlm.nih.gov/articles/PMC12611561/,Position map derived from the explicitly reported gapmer design and exact sequence.
CHEM-TMB-0393,OLG-TMB-031,Inotersen,TCTTGGTTACATGAAATCCC,20,12,T,2′-deoxy,,PS,DNA gap,,Benson safety section/Table 2; Crooke Table 1,https://pmc.ncbi.nlm.nih.gov/articles/PMC12611561/,Position map derived from the explicitly reported gapmer design and exact sequence.
CHEM-TMB-0394,OLG-TMB-031,Inotersen,TCTTGGTTACATGAAATCCC,20,13,G,2′-deoxy,,PS,DNA gap,,Benson safety section/Table 2; Crooke Table 1,https://pmc.ncbi.nlm.nih.gov/articles/PMC12611561/,Position map derived from the explicitly reported gapmer design and exact sequence.
CHEM-TMB-0395,OLG-TMB-031,Inotersen,TCTTGGTTACATGAAATCCC,20,14,A,2′-deoxy,,PS,DNA gap,,Benson safety section/Table 2; Crooke Table 1,https://pmc.ncbi.nlm.nih.gov/articles/PMC12611561/,Position map derived from the explicitly reported gapmer design and exact sequence.
CHEM-TMB-0396,OLG-TMB-031,Inotersen,TCTTGGTTACATGAAATCCC,20,15,A,2′-deoxy,,PS,DNA gap,,Benson safety section/Table 2; Crooke Table 1,https://pmc.ncbi.nlm.nih.gov/articles/PMC12611561/,Position map derived from the explicitly reported gapmer design and exact sequence.
CHEM-TMB-0397,OLG-TMB-031,Inotersen,TCTTGGTTACATGAAATCCC,20,16,A,2′-O-methoxyethyl,,PS,3′ wing,,Benson safety section/Table 2; Crooke Table 1,https://pmc.ncbi.nlm.nih.gov/articles/PMC12611561/,Position map derived from the explicitly reported gapmer design and exact sequence.
CHEM-TMB-0398,OLG-TMB-031,Inotersen,TCTTGGTTACATGAAATCCC,20,17,T,2′-O-methoxyethyl,,PS,3′ wing,,Benson safety section/Table 2; Crooke Table 1,https://pmc.ncbi.nlm.nih.gov/articles/PMC12611561/,Position map derived from the explicitly reported gapmer design and exact sequence.
CHEM-TMB-0399,OLG-TMB-031,Inotersen,TCTTGGTTACATGAAATCCC,20,18,C,2′-O-methoxyethyl,5-methylcytosine,PS,3′ wing,,Benson safety section/Table 2; Crooke Table 1,https://pmc.ncbi.nlm.nih.gov/articles/PMC12611561/,Position map derived from the explicitly reported gapmer design and exact sequence.
CHEM-TMB-0400,OLG-TMB-031,Inotersen,TCTTGGTTACATGAAATCCC,20,19,C,2′-O-methoxyethyl,5-methylcytosine,PS,3′ wing,,Benson safety section/Table 2; Crooke Table 1,https://pmc.ncbi.nlm.nih.gov/articles/PMC12611561/,Position map derived from the explicitly reported gapmer design and exact sequence.
CHEM-TMB-0401,OLG-TMB-031,Inotersen,TCTTGGTTACATGAAATCCC,20,20,C,2′-O-methoxyethyl,5-methylcytosine,TERMINAL,3′ wing,3′,Benson safety section/Table 2; Crooke Table 1,https://pmc.ncbi.nlm.nih.gov/articles/PMC12611561/,Position map derived from the explicitly reported gapmer design and exact sequence.
CHEM-TMB-0402,OLG-TMB-032,AC5-PS,ACACACACAC,10,1,A,2′-deoxy,,PS,DNA,5′,"PLOS Table 1, Fig. 1-6",https://journals.plos.org/plosone/article?id=10.1371/journal.pone.0187574,Position map derived from the defined construct and exact sequence.
CHEM-TMB-0403,OLG-TMB-032,AC5-PS,ACACACACAC,10,2,C,2′-deoxy,,PS,DNA,,"PLOS Table 1, Fig. 1-6",https://journals.plos.org/plosone/article?id=10.1371/journal.pone.0187574,Position map derived from the defined construct and exact sequence.
CHEM-TMB-0404,OLG-TMB-032,AC5-PS,ACACACACAC,10,3,A,2′-deoxy,,PS,DNA,,"PLOS Table 1, Fig. 1-6",https://journals.plos.org/plosone/article?id=10.1371/journal.pone.0187574,Position map derived from the defined construct and exact sequence.
CHEM-TMB-0405,OLG-TMB-032,AC5-PS,ACACACACAC,10,4,C,2′-deoxy,,PS,DNA,,"PLOS Table 1, Fig. 1-6",https://journals.plos.org/plosone/article?id=10.1371/journal.pone.0187574,Position map derived from the defined construct and exact sequence.
CHEM-TMB-0406,OLG-TMB-032,AC5-PS,ACACACACAC,10,5,A,2′-deoxy,,PS,DNA,,"PLOS Table 1, Fig. 1-6",https://journals.plos.org/plosone/article?id=10.1371/journal.pone.0187574,Position map derived from the defined construct and exact sequence.
CHEM-TMB-0407,OLG-TMB-032,AC5-PS,ACACACACAC,10,6,C,2′-deoxy,,PS,DNA,,"PLOS Table 1, Fig. 1-6",https://journals.plos.org/plosone/article?id=10.1371/journal.pone.0187574,Position map derived from the defined construct and exact sequence.
CHEM-TMB-0408,OLG-TMB-032,AC5-PS,ACACACACAC,10,7,A,2′-deoxy,,PS,DNA,,"PLOS Table 1, Fig. 1-6",https://journals.plos.org/plosone/article?id=10.1371/journal.pone.0187574,Position map derived from the defined construct and exact sequence.
CHEM-TMB-0409,OLG-TMB-032,AC5-PS,ACACACACAC,10,8,C,2′-deoxy,,PS,DNA,,"PLOS Table 1, Fig. 1-6",https://journals.plos.org/plosone/article?id=10.1371/journal.pone.0187574,Position map derived from the defined construct and exact sequence.
CHEM-TMB-0410,OLG-TMB-032,AC5-PS,ACACACACAC,10,9,A,2′-deoxy,,PS,DNA,,"PLOS Table 1, Fig. 1-6",https://journals.plos.org/plosone/article?id=10.1371/journal.pone.0187574,Position map derived from the defined construct and exact sequence.
CHEM-TMB-0411,OLG-TMB-032,AC5-PS,ACACACACAC,10,10,C,2′-deoxy,,TERMINAL,DNA,3′,"PLOS Table 1, Fig. 1-6",https://journals.plos.org/plosone/article?id=10.1371/journal.pone.0187574,Position map derived from the defined construct and exact sequence.
CHEM-TMB-0412,OLG-TMB-033,AC6-PS,ACACACACACAC,12,1,A,2′-deoxy,,PS,DNA,5′,"PLOS Table 1, Fig. 1-6",https://journals.plos.org/plosone/article?id=10.1371/journal.pone.0187574,Position map derived from the defined construct and exact sequence.
CHEM-TMB-0413,OLG-TMB-033,AC6-PS,ACACACACACAC,12,2,C,2′-deoxy,,PS,DNA,,"PLOS Table 1, Fig. 1-6",https://journals.plos.org/plosone/article?id=10.1371/journal.pone.0187574,Position map derived from the defined construct and exact sequence.
CHEM-TMB-0414,OLG-TMB-033,AC6-PS,ACACACACACAC,12,3,A,2′-deoxy,,PS,DNA,,"PLOS Table 1, Fig. 1-6",https://journals.plos.org/plosone/article?id=10.1371/journal.pone.0187574,Position map derived from the defined construct and exact sequence.
CHEM-TMB-0415,OLG-TMB-033,AC6-PS,ACACACACACAC,12,4,C,2′-deoxy,,PS,DNA,,"PLOS Table 1, Fig. 1-6",https://journals.plos.org/plosone/article?id=10.1371/journal.pone.0187574,Position map derived from the defined construct and exact sequence.
CHEM-TMB-0416,OLG-TMB-033,AC6-PS,ACACACACACAC,12,5,A,2′-deoxy,,PS,DNA,,"PLOS Table 1, Fig. 1-6",https://journals.plos.org/plosone/article?id=10.1371/journal.pone.0187574,Position map derived from the defined construct and exact sequence.
CHEM-TMB-0417,OLG-TMB-033,AC6-PS,ACACACACACAC,12,6,C,2′-deoxy,,PS,DNA,,"PLOS Table 1, Fig. 1-6",https://journals.plos.org/plosone/article?id=10.1371/journal.pone.0187574,Position map derived from the defined construct and exact sequence.
CHEM-TMB-0418,OLG-TMB-033,AC6-PS,ACACACACACAC,12,7,A,2′-deoxy,,PS,DNA,,"PLOS Table 1, Fig. 1-6",https://journals.plos.org/plosone/article?id=10.1371/journal.pone.0187574,Position map derived from the defined construct and exact sequence.
CHEM-TMB-0419,OLG-TMB-033,AC6-PS,ACACACACACAC,12,8,C,2′-deoxy,,PS,DNA,,"PLOS Table 1, Fig. 1-6",https://journals.plos.org/plosone/article?id=10.1371/journal.pone.0187574,Position map derived from the defined construct and exact sequence.
CHEM-TMB-0420,OLG-TMB-033,AC6-PS,ACACACACACAC,12,9,A,2′-deoxy,,PS,DNA,,"PLOS Table 1, Fig. 1-6",https://journals.plos.org/plosone/article?id=10.1371/journal.pone.0187574,Position map derived from the defined construct and exact sequence.
CHEM-TMB-0421,OLG-TMB-033,AC6-PS,ACACACACACAC,12,10,C,2′-deoxy,,PS,DNA,,"PLOS Table 1, Fig. 1-6",https://journals.plos.org/plosone/article?id=10.1371/journal.pone.0187574,Position map derived from the defined construct and exact sequence.
CHEM-TMB-0422,OLG-TMB-033,AC6-PS,ACACACACACAC,12,11,A,2′-deoxy,,PS,DNA,,"PLOS Table 1, Fig. 1-6",https://journals.plos.org/plosone/article?id=10.1371/journal.pone.0187574,Position map derived from the defined construct and exact sequence.
CHEM-TMB-0423,OLG-TMB-033,AC6-PS,ACACACACACAC,12,12,C,2′-deoxy,,TERMINAL,DNA,3′,"PLOS Table 1, Fig. 1-6",https://journals.plos.org/plosone/article?id=10.1371/journal.pone.0187574,Position map derived from the defined construct and exact sequence.
CHEM-TMB-0424,OLG-TMB-034,AC7-PS,ACACACACACACAC,14,1,A,2′-deoxy,,PS,DNA,5′,"PLOS Table 1, Fig. 1-6",https://journals.plos.org/plosone/article?id=10.1371/journal.pone.0187574,Position map derived from the defined construct and exact sequence.
CHEM-TMB-0425,OLG-TMB-034,AC7-PS,ACACACACACACAC,14,2,C,2′-deoxy,,PS,DNA,,"PLOS Table 1, Fig. 1-6",https://journals.plos.org/plosone/article?id=10.1371/journal.pone.0187574,Position map derived from the defined construct and exact sequence.
CHEM-TMB-0426,OLG-TMB-034,AC7-PS,ACACACACACACAC,14,3,A,2′-deoxy,,PS,DNA,,"PLOS Table 1, Fig. 1-6",https://journals.plos.org/plosone/article?id=10.1371/journal.pone.0187574,Position map derived from the defined construct and exact sequence.
CHEM-TMB-0427,OLG-TMB-034,AC7-PS,ACACACACACACAC,14,4,C,2′-deoxy,,PS,DNA,,"PLOS Table 1, Fig. 1-6",https://journals.plos.org/plosone/article?id=10.1371/journal.pone.0187574,Position map derived from the defined construct and exact sequence.
CHEM-TMB-0428,OLG-TMB-034,AC7-PS,ACACACACACACAC,14,5,A,2′-deoxy,,PS,DNA,,"PLOS Table 1, Fig. 1-6",https://journals.plos.org/plosone/article?id=10.1371/journal.pone.0187574,Position map derived from the defined construct and exact sequence.
CHEM-TMB-0429,OLG-TMB-034,AC7-PS,ACACACACACACAC,14,6,C,2′-deoxy,,PS,DNA,,"PLOS Table 1, Fig. 1-6",https://journals.plos.org/plosone/article?id=10.1371/journal.pone.0187574,Position map derived from the defined construct and exact sequence.
CHEM-TMB-0430,OLG-TMB-034,AC7-PS,ACACACACACACAC,14,7,A,2′-deoxy,,PS,DNA,,"PLOS Table 1, Fig. 1-6",https://journals.plos.org/plosone/article?id=10.1371/journal.pone.0187574,Position map derived from the defined construct and exact sequence.
CHEM-TMB-0431,OLG-TMB-034,AC7-PS,ACACACACACACAC,14,8,C,2′-deoxy,,PS,DNA,,"PLOS Table 1, Fig. 1-6",https://journals.plos.org/plosone/article?id=10.1371/journal.pone.0187574,Position map derived from the defined construct and exact sequence.
CHEM-TMB-0432,OLG-TMB-034,AC7-PS,ACACACACACACAC,14,9,A,2′-deoxy,,PS,DNA,,"PLOS Table 1, Fig. 1-6",https://journals.plos.org/plosone/article?id=10.1371/journal.pone.0187574,Position map derived from the defined construct and exact sequence.
CHEM-TMB-0433,OLG-TMB-034,AC7-PS,ACACACACACACAC,14,10,C,2′-deoxy,,PS,DNA,,"PLOS Table 1, Fig. 1-6",https://journals.plos.org/plosone/article?id=10.1371/journal.pone.0187574,Position map derived from the defined construct and exact sequence.
CHEM-TMB-0434,OLG-TMB-034,AC7-PS,ACACACACACACAC,14,11,A,2′-deoxy,,PS,DNA,,"PLOS Table 1, Fig. 1-6",https://journals.plos.org/plosone/article?id=10.1371/journal.pone.0187574,Position map derived from the defined construct and exact sequence.
CHEM-TMB-0435,OLG-TMB-034,AC7-PS,ACACACACACACAC,14,12,C,2′-deoxy,,PS,DNA,,"PLOS Table 1, Fig. 1-6",https://journals.plos.org/plosone/article?id=10.1371/journal.pone.0187574,Position map derived from the defined construct and exact sequence.
CHEM-TMB-0436,OLG-TMB-034,AC7-PS,ACACACACACACAC,14,13,A,2′-deoxy,,PS,DNA,,"PLOS Table 1, Fig. 1-6",https://journals.plos.org/plosone/article?id=10.1371/journal.pone.0187574,Position map derived from the defined construct and exact sequence.
CHEM-TMB-0437,OLG-TMB-034,AC7-PS,ACACACACACACAC,14,14,C,2′-deoxy,,TERMINAL,DNA,3′,"PLOS Table 1, Fig. 1-6",https://journals.plos.org/plosone/article?id=10.1371/journal.pone.0187574,Position map derived from the defined construct and exact sequence.
CHEM-TMB-0438,OLG-TMB-035,AC8-PS,ACACACACACACACAC,16,1,A,2′-deoxy,,PS,DNA,5′,"PLOS Table 1, Fig. 1-6",https://journals.plos.org/plosone/article?id=10.1371/journal.pone.0187574,Position map derived from the defined construct and exact sequence.
CHEM-TMB-0439,OLG-TMB-035,AC8-PS,ACACACACACACACAC,16,2,C,2′-deoxy,,PS,DNA,,"PLOS Table 1, Fig. 1-6",https://journals.plos.org/plosone/article?id=10.1371/journal.pone.0187574,Position map derived from the defined construct and exact sequence.
CHEM-TMB-0440,OLG-TMB-035,AC8-PS,ACACACACACACACAC,16,3,A,2′-deoxy,,PS,DNA,,"PLOS Table 1, Fig. 1-6",https://journals.plos.org/plosone/article?id=10.1371/journal.pone.0187574,Position map derived from the defined construct and exact sequence.
CHEM-TMB-0441,OLG-TMB-035,AC8-PS,ACACACACACACACAC,16,4,C,2′-deoxy,,PS,DNA,,"PLOS Table 1, Fig. 1-6",https://journals.plos.org/plosone/article?id=10.1371/journal.pone.0187574,Position map derived from the defined construct and exact sequence.
CHEM-TMB-0442,OLG-TMB-035,AC8-PS,ACACACACACACACAC,16,5,A,2′-deoxy,,PS,DNA,,"PLOS Table 1, Fig. 1-6",https://journals.plos.org/plosone/article?id=10.1371/journal.pone.0187574,Position map derived from the defined construct and exact sequence.
CHEM-TMB-0443,OLG-TMB-035,AC8-PS,ACACACACACACACAC,16,6,C,2′-deoxy,,PS,DNA,,"PLOS Table 1, Fig. 1-6",https://journals.plos.org/plosone/article?id=10.1371/journal.pone.0187574,Position map derived from the defined construct and exact sequence.
CHEM-TMB-0444,OLG-TMB-035,AC8-PS,ACACACACACACACAC,16,7,A,2′-deoxy,,PS,DNA,,"PLOS Table 1, Fig. 1-6",https://journals.plos.org/plosone/article?id=10.1371/journal.pone.0187574,Position map derived from the defined construct and exact sequence.
CHEM-TMB-0445,OLG-TMB-035,AC8-PS,ACACACACACACACAC,16,8,C,2′-deoxy,,PS,DNA,,"PLOS Table 1, Fig. 1-6",https://journals.plos.org/plosone/article?id=10.1371/journal.pone.0187574,Position map derived from the defined construct and exact sequence.
CHEM-TMB-0446,OLG-TMB-035,AC8-PS,ACACACACACACACAC,16,9,A,2′-deoxy,,PS,DNA,,"PLOS Table 1, Fig. 1-6",https://journals.plos.org/plosone/article?id=10.1371/journal.pone.0187574,Position map derived from the defined construct and exact sequence.
CHEM-TMB-0447,OLG-TMB-035,AC8-PS,ACACACACACACACAC,16,10,C,2′-deoxy,,PS,DNA,,"PLOS Table 1, Fig. 1-6",https://journals.plos.org/plosone/article?id=10.1371/journal.pone.0187574,Position map derived from the defined construct and exact sequence.
CHEM-TMB-0448,OLG-TMB-035,AC8-PS,ACACACACACACACAC,16,11,A,2′-deoxy,,PS,DNA,,"PLOS Table 1, Fig. 1-6",https://journals.plos.org/plosone/article?id=10.1371/journal.pone.0187574,Position map derived from the defined construct and exact sequence.
CHEM-TMB-0449,OLG-TMB-035,AC8-PS,ACACACACACACACAC,16,12,C,2′-deoxy,,PS,DNA,,"PLOS Table 1, Fig. 1-6",https://journals.plos.org/plosone/article?id=10.1371/journal.pone.0187574,Position map derived from the defined construct and exact sequence.
CHEM-TMB-0450,OLG-TMB-035,AC8-PS,ACACACACACACACAC,16,13,A,2′-deoxy,,PS,DNA,,"PLOS Table 1, Fig. 1-6",https://journals.plos.org/plosone/article?id=10.1371/journal.pone.0187574,Position map derived from the defined construct and exact sequence.
CHEM-TMB-0451,OLG-TMB-035,AC8-PS,ACACACACACACACAC,16,14,C,2′-deoxy,,PS,DNA,,"PLOS Table 1, Fig. 1-6",https://journals.plos.org/plosone/article?id=10.1371/journal.pone.0187574,Position map derived from the defined construct and exact sequence.
CHEM-TMB-0452,OLG-TMB-035,AC8-PS,ACACACACACACACAC,16,15,A,2′-deoxy,,PS,DNA,,"PLOS Table 1, Fig. 1-6",https://journals.plos.org/plosone/article?id=10.1371/journal.pone.0187574,Position map derived from the defined construct and exact sequence.
CHEM-TMB-0453,OLG-TMB-035,AC8-PS,ACACACACACACACAC,16,16,C,2′-deoxy,,TERMINAL,DNA,3′,"PLOS Table 1, Fig. 1-6",https://journals.plos.org/plosone/article?id=10.1371/journal.pone.0187574,Position map derived from the defined construct and exact sequence.
CHEM-TMB-0454,OLG-TMB-036,AC9-PS,ACACACACACACACACAC,18,1,A,2′-deoxy,,PS,DNA,5′,"PLOS Table 1, Fig. 1-6",https://journals.plos.org/plosone/article?id=10.1371/journal.pone.0187574,Position map derived from the defined construct and exact sequence.
CHEM-TMB-0455,OLG-TMB-036,AC9-PS,ACACACACACACACACAC,18,2,C,2′-deoxy,,PS,DNA,,"PLOS Table 1, Fig. 1-6",https://journals.plos.org/plosone/article?id=10.1371/journal.pone.0187574,Position map derived from the defined construct and exact sequence.
CHEM-TMB-0456,OLG-TMB-036,AC9-PS,ACACACACACACACACAC,18,3,A,2′-deoxy,,PS,DNA,,"PLOS Table 1, Fig. 1-6",https://journals.plos.org/plosone/article?id=10.1371/journal.pone.0187574,Position map derived from the defined construct and exact sequence.
CHEM-TMB-0457,OLG-TMB-036,AC9-PS,ACACACACACACACACAC,18,4,C,2′-deoxy,,PS,DNA,,"PLOS Table 1, Fig. 1-6",https://journals.plos.org/plosone/article?id=10.1371/journal.pone.0187574,Position map derived from the defined construct and exact sequence.
CHEM-TMB-0458,OLG-TMB-036,AC9-PS,ACACACACACACACACAC,18,5,A,2′-deoxy,,PS,DNA,,"PLOS Table 1, Fig. 1-6",https://journals.plos.org/plosone/article?id=10.1371/journal.pone.0187574,Position map derived from the defined construct and exact sequence.
CHEM-TMB-0459,OLG-TMB-036,AC9-PS,ACACACACACACACACAC,18,6,C,2′-deoxy,,PS,DNA,,"PLOS Table 1, Fig. 1-6",https://journals.plos.org/plosone/article?id=10.1371/journal.pone.0187574,Position map derived from the defined construct and exact sequence.
CHEM-TMB-0460,OLG-TMB-036,AC9-PS,ACACACACACACACACAC,18,7,A,2′-deoxy,,PS,DNA,,"PLOS Table 1, Fig. 1-6",https://journals.plos.org/plosone/article?id=10.1371/journal.pone.0187574,Position map derived from the defined construct and exact sequence.
CHEM-TMB-0461,OLG-TMB-036,AC9-PS,ACACACACACACACACAC,18,8,C,2′-deoxy,,PS,DNA,,"PLOS Table 1, Fig. 1-6",https://journals.plos.org/plosone/article?id=10.1371/journal.pone.0187574,Position map derived from the defined construct and exact sequence.
CHEM-TMB-0462,OLG-TMB-036,AC9-PS,ACACACACACACACACAC,18,9,A,2′-deoxy,,PS,DNA,,"PLOS Table 1, Fig. 1-6",https://journals.plos.org/plosone/article?id=10.1371/journal.pone.0187574,Position map derived from the defined construct and exact sequence.
CHEM-TMB-0463,OLG-TMB-036,AC9-PS,ACACACACACACACACAC,18,10,C,2′-deoxy,,PS,DNA,,"PLOS Table 1, Fig. 1-6",https://journals.plos.org/plosone/article?id=10.1371/journal.pone.0187574,Position map derived from the defined construct and exact sequence.
CHEM-TMB-0464,OLG-TMB-036,AC9-PS,ACACACACACACACACAC,18,11,A,2′-deoxy,,PS,DNA,,"PLOS Table 1, Fig. 1-6",https://journals.plos.org/plosone/article?id=10.1371/journal.pone.0187574,Position map derived from the defined construct and exact sequence.
CHEM-TMB-0465,OLG-TMB-036,AC9-PS,ACACACACACACACACAC,18,12,C,2′-deoxy,,PS,DNA,,"PLOS Table 1, Fig. 1-6",https://journals.plos.org/plosone/article?id=10.1371/journal.pone.0187574,Position map derived from the defined construct and exact sequence.
CHEM-TMB-0466,OLG-TMB-036,AC9-PS,ACACACACACACACACAC,18,13,A,2′-deoxy,,PS,DNA,,"PLOS Table 1, Fig. 1-6",https://journals.plos.org/plosone/article?id=10.1371/journal.pone.0187574,Position map derived from the defined construct and exact sequence.
CHEM-TMB-0467,OLG-TMB-036,AC9-PS,ACACACACACACACACAC,18,14,C,2′-deoxy,,PS,DNA,,"PLOS Table 1, Fig. 1-6",https://journals.plos.org/plosone/article?id=10.1371/journal.pone.0187574,Position map derived from the defined construct and exact sequence.
CHEM-TMB-0468,OLG-TMB-036,AC9-PS,ACACACACACACACACAC,18,15,A,2′-deoxy,,PS,DNA,,"PLOS Table 1, Fig. 1-6",https://journals.plos.org/plosone/article?id=10.1371/journal.pone.0187574,Position map derived from the defined construct and exact sequence.
CHEM-TMB-0469,OLG-TMB-036,AC9-PS,ACACACACACACACACAC,18,16,C,2′-deoxy,,PS,DNA,,"PLOS Table 1, Fig. 1-6",https://journals.plos.org/plosone/article?id=10.1371/journal.pone.0187574,Position map derived from the defined construct and exact sequence.
CHEM-TMB-0470,OLG-TMB-036,AC9-PS,ACACACACACACACACAC,18,17,A,2′-deoxy,,PS,DNA,,"PLOS Table 1, Fig. 1-6",https://journals.plos.org/plosone/article?id=10.1371/journal.pone.0187574,Position map derived from the defined construct and exact sequence.
CHEM-TMB-0471,OLG-TMB-036,AC9-PS,ACACACACACACACACAC,18,18,C,2′-deoxy,,TERMINAL,DNA,3′,"PLOS Table 1, Fig. 1-6",https://journals.plos.org/plosone/article?id=10.1371/journal.pone.0187574,Position map derived from the defined construct and exact sequence.
CHEM-TMB-0472,OLG-TMB-037,AC10-PS,ACACACACACACACACACAC,20,1,A,2′-deoxy,,PS,DNA,5′,"PLOS Table 1, Fig. 1-6",https://journals.plos.org/plosone/article?id=10.1371/journal.pone.0187574,Position map derived from the defined construct and exact sequence.
CHEM-TMB-0473,OLG-TMB-037,AC10-PS,ACACACACACACACACACAC,20,2,C,2′-deoxy,,PS,DNA,,"PLOS Table 1, Fig. 1-6",https://journals.plos.org/plosone/article?id=10.1371/journal.pone.0187574,Position map derived from the defined construct and exact sequence.
CHEM-TMB-0474,OLG-TMB-037,AC10-PS,ACACACACACACACACACAC,20,3,A,2′-deoxy,,PS,DNA,,"PLOS Table 1, Fig. 1-6",https://journals.plos.org/plosone/article?id=10.1371/journal.pone.0187574,Position map derived from the defined construct and exact sequence.
CHEM-TMB-0475,OLG-TMB-037,AC10-PS,ACACACACACACACACACAC,20,4,C,2′-deoxy,,PS,DNA,,"PLOS Table 1, Fig. 1-6",https://journals.plos.org/plosone/article?id=10.1371/journal.pone.0187574,Position map derived from the defined construct and exact sequence.
CHEM-TMB-0476,OLG-TMB-037,AC10-PS,ACACACACACACACACACAC,20,5,A,2′-deoxy,,PS,DNA,,"PLOS Table 1, Fig. 1-6",https://journals.plos.org/plosone/article?id=10.1371/journal.pone.0187574,Position map derived from the defined construct and exact sequence.
CHEM-TMB-0477,OLG-TMB-037,AC10-PS,ACACACACACACACACACAC,20,6,C,2′-deoxy,,PS,DNA,,"PLOS Table 1, Fig. 1-6",https://journals.plos.org/plosone/article?id=10.1371/journal.pone.0187574,Position map derived from the defined construct and exact sequence.
CHEM-TMB-0478,OLG-TMB-037,AC10-PS,ACACACACACACACACACAC,20,7,A,2′-deoxy,,PS,DNA,,"PLOS Table 1, Fig. 1-6",https://journals.plos.org/plosone/article?id=10.1371/journal.pone.0187574,Position map derived from the defined construct and exact sequence.
CHEM-TMB-0479,OLG-TMB-037,AC10-PS,ACACACACACACACACACAC,20,8,C,2′-deoxy,,PS,DNA,,"PLOS Table 1, Fig. 1-6",https://journals.plos.org/plosone/article?id=10.1371/journal.pone.0187574,Position map derived from the defined construct and exact sequence.
CHEM-TMB-0480,OLG-TMB-037,AC10-PS,ACACACACACACACACACAC,20,9,A,2′-deoxy,,PS,DNA,,"PLOS Table 1, Fig. 1-6",https://journals.plos.org/plosone/article?id=10.1371/journal.pone.0187574,Position map derived from the defined construct and exact sequence.
CHEM-TMB-0481,OLG-TMB-037,AC10-PS,ACACACACACACACACACAC,20,10,C,2′-deoxy,,PS,DNA,,"PLOS Table 1, Fig. 1-6",https://journals.plos.org/plosone/article?id=10.1371/journal.pone.0187574,Position map derived from the defined construct and exact sequence.
CHEM-TMB-0482,OLG-TMB-037,AC10-PS,ACACACACACACACACACAC,20,11,A,2′-deoxy,,PS,DNA,,"PLOS Table 1, Fig. 1-6",https://journals.plos.org/plosone/article?id=10.1371/journal.pone.0187574,Position map derived from the defined construct and exact sequence.
CHEM-TMB-0483,OLG-TMB-037,AC10-PS,ACACACACACACACACACAC,20,12,C,2′-deoxy,,PS,DNA,,"PLOS Table 1, Fig. 1-6",https://journals.plos.org/plosone/article?id=10.1371/journal.pone.0187574,Position map derived from the defined construct and exact sequence.
CHEM-TMB-0484,OLG-TMB-037,AC10-PS,ACACACACACACACACACAC,20,13,A,2′-deoxy,,PS,DNA,,"PLOS Table 1, Fig. 1-6",https://journals.plos.org/plosone/article?id=10.1371/journal.pone.0187574,Position map derived from the defined construct and exact sequence.
CHEM-TMB-0485,OLG-TMB-037,AC10-PS,ACACACACACACACACACAC,20,14,C,2′-deoxy,,PS,DNA,,"PLOS Table 1, Fig. 1-6",https://journals.plos.org/plosone/article?id=10.1371/journal.pone.0187574,Position map derived from the defined construct and exact sequence.
CHEM-TMB-0486,OLG-TMB-037,AC10-PS,ACACACACACACACACACAC,20,15,A,2′-deoxy,,PS,DNA,,"PLOS Table 1, Fig. 1-6",https://journals.plos.org/plosone/article?id=10.1371/journal.pone.0187574,Position map derived from the defined construct and exact sequence.
CHEM-TMB-0487,OLG-TMB-037,AC10-PS,ACACACACACACACACACAC,20,16,C,2′-deoxy,,PS,DNA,,"PLOS Table 1, Fig. 1-6",https://journals.plos.org/plosone/article?id=10.1371/journal.pone.0187574,Position map derived from the defined construct and exact sequence.
CHEM-TMB-0488,OLG-TMB-037,AC10-PS,ACACACACACACACACACAC,20,17,A,2′-deoxy,,PS,DNA,,"PLOS Table 1, Fig. 1-6",https://journals.plos.org/plosone/article?id=10.1371/journal.pone.0187574,Position map derived from the defined construct and exact sequence.
CHEM-TMB-0489,OLG-TMB-037,AC10-PS,ACACACACACACACACACAC,20,18,C,2′-deoxy,,PS,DNA,,"PLOS Table 1, Fig. 1-6",https://journals.plos.org/plosone/article?id=10.1371/journal.pone.0187574,Position map derived from the defined construct and exact sequence.
CHEM-TMB-0490,OLG-TMB-037,AC10-PS,ACACACACACACACACACAC,20,19,A,2′-deoxy,,PS,DNA,,"PLOS Table 1, Fig. 1-6",https://journals.plos.org/plosone/article?id=10.1371/journal.pone.0187574,Position map derived from the defined construct and exact sequence.
CHEM-TMB-0491,OLG-TMB-037,AC10-PS,ACACACACACACACACACAC,20,20,C,2′-deoxy,,TERMINAL,DNA,3′,"PLOS Table 1, Fig. 1-6",https://journals.plos.org/plosone/article?id=10.1371/journal.pone.0187574,Position map derived from the defined construct and exact sequence.
CHEM-TMB-0492,OLG-TMB-038,AC11-PS,ACACACACACACACACACACAC,22,1,A,2′-deoxy,,PS,DNA,5′,"PLOS Table 1, Fig. 1-6",https://journals.plos.org/plosone/article?id=10.1371/journal.pone.0187574,Position map derived from the defined construct and exact sequence.
CHEM-TMB-0493,OLG-TMB-038,AC11-PS,ACACACACACACACACACACAC,22,2,C,2′-deoxy,,PS,DNA,,"PLOS Table 1, Fig. 1-6",https://journals.plos.org/plosone/article?id=10.1371/journal.pone.0187574,Position map derived from the defined construct and exact sequence.
CHEM-TMB-0494,OLG-TMB-038,AC11-PS,ACACACACACACACACACACAC,22,3,A,2′-deoxy,,PS,DNA,,"PLOS Table 1, Fig. 1-6",https://journals.plos.org/plosone/article?id=10.1371/journal.pone.0187574,Position map derived from the defined construct and exact sequence.
CHEM-TMB-0495,OLG-TMB-038,AC11-PS,ACACACACACACACACACACAC,22,4,C,2′-deoxy,,PS,DNA,,"PLOS Table 1, Fig. 1-6",https://journals.plos.org/plosone/article?id=10.1371/journal.pone.0187574,Position map derived from the defined construct and exact sequence.
CHEM-TMB-0496,OLG-TMB-038,AC11-PS,ACACACACACACACACACACAC,22,5,A,2′-deoxy,,PS,DNA,,"PLOS Table 1, Fig. 1-6",https://journals.plos.org/plosone/article?id=10.1371/journal.pone.0187574,Position map derived from the defined construct and exact sequence.
CHEM-TMB-0497,OLG-TMB-038,AC11-PS,ACACACACACACACACACACAC,22,6,C,2′-deoxy,,PS,DNA,,"PLOS Table 1, Fig. 1-6",https://journals.plos.org/plosone/article?id=10.1371/journal.pone.0187574,Position map derived from the defined construct and exact sequence.
CHEM-TMB-0498,OLG-TMB-038,AC11-PS,ACACACACACACACACACACAC,22,7,A,2′-deoxy,,PS,DNA,,"PLOS Table 1, Fig. 1-6",https://journals.plos.org/plosone/article?id=10.1371/journal.pone.0187574,Position map derived from the defined construct and exact sequence.
CHEM-TMB-0499,OLG-TMB-038,AC11-PS,ACACACACACACACACACACAC,22,8,C,2′-deoxy,,PS,DNA,,"PLOS Table 1, Fig. 1-6",https://journals.plos.org/plosone/article?id=10.1371/journal.pone.0187574,Position map derived from the defined construct and exact sequence.
CHEM-TMB-0500,OLG-TMB-038,AC11-PS,ACACACACACACACACACACAC,22,9,A,2′-deoxy,,PS,DNA,,"PLOS Table 1, Fig. 1-6",https://journals.plos.org/plosone/article?id=10.1371/journal.pone.0187574,Position map derived from the defined construct and exact sequence.
CHEM-TMB-0501,OLG-TMB-038,AC11-PS,ACACACACACACACACACACAC,22,10,C,2′-deoxy,,PS,DNA,,"PLOS Table 1, Fig. 1-6",https://journals.plos.org/plosone/article?id=10.1371/journal.pone.0187574,Position map derived from the defined construct and exact sequence.
CHEM-TMB-0502,OLG-TMB-038,AC11-PS,ACACACACACACACACACACAC,22,11,A,2′-deoxy,,PS,DNA,,"PLOS Table 1, Fig. 1-6",https://journals.plos.org/plosone/article?id=10.1371/journal.pone.0187574,Position map derived from the defined construct and exact sequence.
CHEM-TMB-0503,OLG-TMB-038,AC11-PS,ACACACACACACACACACACAC,22,12,C,2′-deoxy,,PS,DNA,,"PLOS Table 1, Fig. 1-6",https://journals.plos.org/plosone/article?id=10.1371/journal.pone.0187574,Position map derived from the defined construct and exact sequence.
CHEM-TMB-0504,OLG-TMB-038,AC11-PS,ACACACACACACACACACACAC,22,13,A,2′-deoxy,,PS,DNA,,"PLOS Table 1, Fig. 1-6",https://journals.plos.org/plosone/article?id=10.1371/journal.pone.0187574,Position map derived from the defined construct and exact sequence.
CHEM-TMB-0505,OLG-TMB-038,AC11-PS,ACACACACACACACACACACAC,22,14,C,2′-deoxy,,PS,DNA,,"PLOS Table 1, Fig. 1-6",https://journals.plos.org/plosone/article?id=10.1371/journal.pone.0187574,Position map derived from the defined construct and exact sequence.
CHEM-TMB-0506,OLG-TMB-038,AC11-PS,ACACACACACACACACACACAC,22,15,A,2′-deoxy,,PS,DNA,,"PLOS Table 1, Fig. 1-6",https://journals.plos.org/plosone/article?id=10.1371/journal.pone.0187574,Position map derived from the defined construct and exact sequence.
CHEM-TMB-0507,OLG-TMB-038,AC11-PS,ACACACACACACACACACACAC,22,16,C,2′-deoxy,,PS,DNA,,"PLOS Table 1, Fig. 1-6",https://journals.plos.org/plosone/article?id=10.1371/journal.pone.0187574,Position map derived from the defined construct and exact sequence.
CHEM-TMB-0508,OLG-TMB-038,AC11-PS,ACACACACACACACACACACAC,22,17,A,2′-deoxy,,PS,DNA,,"PLOS Table 1, Fig. 1-6",https://journals.plos.org/plosone/article?id=10.1371/journal.pone.0187574,Position map derived from the defined construct and exact sequence.
CHEM-TMB-0509,OLG-TMB-038,AC11-PS,ACACACACACACACACACACAC,22,18,C,2′-deoxy,,PS,DNA,,"PLOS Table 1, Fig. 1-6",https://journals.plos.org/plosone/article?id=10.1371/journal.pone.0187574,Position map derived from the defined construct and exact sequence.
CHEM-TMB-0510,OLG-TMB-038,AC11-PS,ACACACACACACACACACACAC,22,19,A,2′-deoxy,,PS,DNA,,"PLOS Table 1, Fig. 1-6",https://journals.plos.org/plosone/article?id=10.1371/journal.pone.0187574,Position map derived from the defined construct and exact sequence.
CHEM-TMB-0511,OLG-TMB-038,AC11-PS,ACACACACACACACACACACAC,22,20,C,2′-deoxy,,PS,DNA,,"PLOS Table 1, Fig. 1-6",https://journals.plos.org/plosone/article?id=10.1371/journal.pone.0187574,Position map derived from the defined construct and exact sequence.
CHEM-TMB-0512,OLG-TMB-038,AC11-PS,ACACACACACACACACACACAC,22,21,A,2′-deoxy,,PS,DNA,,"PLOS Table 1, Fig. 1-6",https://journals.plos.org/plosone/article?id=10.1371/journal.pone.0187574,Position map derived from the defined construct and exact sequence.
CHEM-TMB-0513,OLG-TMB-038,AC11-PS,ACACACACACACACACACACAC,22,22,C,2′-deoxy,,TERMINAL,DNA,3′,"PLOS Table 1, Fig. 1-6",https://journals.plos.org/plosone/article?id=10.1371/journal.pone.0187574,Position map derived from the defined construct and exact sequence.
CHEM-TMB-0514,OLG-TMB-039,AC8-LNA-PS,ACACACACACACACAC,16,1,A,LNA,,PS,5′ LNA wing,5′,PLOS Table 1 and Figs. 2-6,https://journals.plos.org/plosone/article?id=10.1371/journal.pone.0187574,Position map derived from the defined construct and exact sequence.
CHEM-TMB-0515,OLG-TMB-039,AC8-LNA-PS,ACACACACACACACAC,16,2,C,LNA,,PS,5′ LNA wing,,PLOS Table 1 and Figs. 2-6,https://journals.plos.org/plosone/article?id=10.1371/journal.pone.0187574,Position map derived from the defined construct and exact sequence.
CHEM-TMB-0516,OLG-TMB-039,AC8-LNA-PS,ACACACACACACACAC,16,3,A,LNA,,PS,5′ LNA wing,,PLOS Table 1 and Figs. 2-6,https://journals.plos.org/plosone/article?id=10.1371/journal.pone.0187574,Position map derived from the defined construct and exact sequence.
CHEM-TMB-0517,OLG-TMB-039,AC8-LNA-PS,ACACACACACACACAC,16,4,C,2′-deoxy,,PS,DNA core,,PLOS Table 1 and Figs. 2-6,https://journals.plos.org/plosone/article?id=10.1371/journal.pone.0187574,Position map derived from the defined construct and exact sequence.
CHEM-TMB-0518,OLG-TMB-039,AC8-LNA-PS,ACACACACACACACAC,16,5,A,2′-deoxy,,PS,DNA core,,PLOS Table 1 and Figs. 2-6,https://journals.plos.org/plosone/article?id=10.1371/journal.pone.0187574,Position map derived from the defined construct and exact sequence.
CHEM-TMB-0519,OLG-TMB-039,AC8-LNA-PS,ACACACACACACACAC,16,6,C,2′-deoxy,,PS,DNA core,,PLOS Table 1 and Figs. 2-6,https://journals.plos.org/plosone/article?id=10.1371/journal.pone.0187574,Position map derived from the defined construct and exact sequence.
CHEM-TMB-0520,OLG-TMB-039,AC8-LNA-PS,ACACACACACACACAC,16,7,A,2′-deoxy,,PS,DNA core,,PLOS Table 1 and Figs. 2-6,https://journals.plos.org/plosone/article?id=10.1371/journal.pone.0187574,Position map derived from the defined construct and exact sequence.
CHEM-TMB-0521,OLG-TMB-039,AC8-LNA-PS,ACACACACACACACAC,16,8,C,2′-deoxy,,PS,DNA core,,PLOS Table 1 and Figs. 2-6,https://journals.plos.org/plosone/article?id=10.1371/journal.pone.0187574,Position map derived from the defined construct and exact sequence.
CHEM-TMB-0522,OLG-TMB-039,AC8-LNA-PS,ACACACACACACACAC,16,9,A,2′-deoxy,,PS,DNA core,,PLOS Table 1 and Figs. 2-6,https://journals.plos.org/plosone/article?id=10.1371/journal.pone.0187574,Position map derived from the defined construct and exact sequence.
CHEM-TMB-0523,OLG-TMB-039,AC8-LNA-PS,ACACACACACACACAC,16,10,C,2′-deoxy,,PS,DNA core,,PLOS Table 1 and Figs. 2-6,https://journals.plos.org/plosone/article?id=10.1371/journal.pone.0187574,Position map derived from the defined construct and exact sequence.
CHEM-TMB-0524,OLG-TMB-039,AC8-LNA-PS,ACACACACACACACAC,16,11,A,2′-deoxy,,PS,DNA core,,PLOS Table 1 and Figs. 2-6,https://journals.plos.org/plosone/article?id=10.1371/journal.pone.0187574,Position map derived from the defined construct and exact sequence.
CHEM-TMB-0525,OLG-TMB-039,AC8-LNA-PS,ACACACACACACACAC,16,12,C,2′-deoxy,,PS,DNA core,,PLOS Table 1 and Figs. 2-6,https://journals.plos.org/plosone/article?id=10.1371/journal.pone.0187574,Position map derived from the defined construct and exact sequence.
CHEM-TMB-0526,OLG-TMB-039,AC8-LNA-PS,ACACACACACACACAC,16,13,A,2′-deoxy,,PS,DNA core,,PLOS Table 1 and Figs. 2-6,https://journals.plos.org/plosone/article?id=10.1371/journal.pone.0187574,Position map derived from the defined construct and exact sequence.
CHEM-TMB-0527,OLG-TMB-039,AC8-LNA-PS,ACACACACACACACAC,16,14,C,LNA,,PS,3′ LNA wing,,PLOS Table 1 and Figs. 2-6,https://journals.plos.org/plosone/article?id=10.1371/journal.pone.0187574,Position map derived from the defined construct and exact sequence.
CHEM-TMB-0528,OLG-TMB-039,AC8-LNA-PS,ACACACACACACACAC,16,15,A,LNA,,PS,3′ LNA wing,,PLOS Table 1 and Figs. 2-6,https://journals.plos.org/plosone/article?id=10.1371/journal.pone.0187574,Position map derived from the defined construct and exact sequence.
CHEM-TMB-0529,OLG-TMB-039,AC8-LNA-PS,ACACACACACACACAC,16,16,C,LNA,,TERMINAL,3′ LNA wing,3′,PLOS Table 1 and Figs. 2-6,https://journals.plos.org/plosone/article?id=10.1371/journal.pone.0187574,Position map derived from the defined construct and exact sequence.
CHEM-TMB-0530,OLG-TMB-040,AC9-LNA-PS,ACACACACACACACACAC,18,1,A,LNA,,PS,5′ LNA wing,5′,PLOS Table 1 and Figs. 2-6,https://journals.plos.org/plosone/article?id=10.1371/journal.pone.0187574,Position map derived from the defined construct and exact sequence.
CHEM-TMB-0531,OLG-TMB-040,AC9-LNA-PS,ACACACACACACACACAC,18,2,C,LNA,,PS,5′ LNA wing,,PLOS Table 1 and Figs. 2-6,https://journals.plos.org/plosone/article?id=10.1371/journal.pone.0187574,Position map derived from the defined construct and exact sequence.
CHEM-TMB-0532,OLG-TMB-040,AC9-LNA-PS,ACACACACACACACACAC,18,3,A,LNA,,PS,5′ LNA wing,,PLOS Table 1 and Figs. 2-6,https://journals.plos.org/plosone/article?id=10.1371/journal.pone.0187574,Position map derived from the defined construct and exact sequence.
CHEM-TMB-0533,OLG-TMB-040,AC9-LNA-PS,ACACACACACACACACAC,18,4,C,2′-deoxy,,PS,DNA core,,PLOS Table 1 and Figs. 2-6,https://journals.plos.org/plosone/article?id=10.1371/journal.pone.0187574,Position map derived from the defined construct and exact sequence.
CHEM-TMB-0534,OLG-TMB-040,AC9-LNA-PS,ACACACACACACACACAC,18,5,A,2′-deoxy,,PS,DNA core,,PLOS Table 1 and Figs. 2-6,https://journals.plos.org/plosone/article?id=10.1371/journal.pone.0187574,Position map derived from the defined construct and exact sequence.
CHEM-TMB-0535,OLG-TMB-040,AC9-LNA-PS,ACACACACACACACACAC,18,6,C,2′-deoxy,,PS,DNA core,,PLOS Table 1 and Figs. 2-6,https://journals.plos.org/plosone/article?id=10.1371/journal.pone.0187574,Position map derived from the defined construct and exact sequence.
CHEM-TMB-0536,OLG-TMB-040,AC9-LNA-PS,ACACACACACACACACAC,18,7,A,2′-deoxy,,PS,DNA core,,PLOS Table 1 and Figs. 2-6,https://journals.plos.org/plosone/article?id=10.1371/journal.pone.0187574,Position map derived from the defined construct and exact sequence.
CHEM-TMB-0537,OLG-TMB-040,AC9-LNA-PS,ACACACACACACACACAC,18,8,C,2′-deoxy,,PS,DNA core,,PLOS Table 1 and Figs. 2-6,https://journals.plos.org/plosone/article?id=10.1371/journal.pone.0187574,Position map derived from the defined construct and exact sequence.
CHEM-TMB-0538,OLG-TMB-040,AC9-LNA-PS,ACACACACACACACACAC,18,9,A,2′-deoxy,,PS,DNA core,,PLOS Table 1 and Figs. 2-6,https://journals.plos.org/plosone/article?id=10.1371/journal.pone.0187574,Position map derived from the defined construct and exact sequence.
CHEM-TMB-0539,OLG-TMB-040,AC9-LNA-PS,ACACACACACACACACAC,18,10,C,2′-deoxy,,PS,DNA core,,PLOS Table 1 and Figs. 2-6,https://journals.plos.org/plosone/article?id=10.1371/journal.pone.0187574,Position map derived from the defined construct and exact sequence.
CHEM-TMB-0540,OLG-TMB-040,AC9-LNA-PS,ACACACACACACACACAC,18,11,A,2′-deoxy,,PS,DNA core,,PLOS Table 1 and Figs. 2-6,https://journals.plos.org/plosone/article?id=10.1371/journal.pone.0187574,Position map derived from the defined construct and exact sequence.
CHEM-TMB-0541,OLG-TMB-040,AC9-LNA-PS,ACACACACACACACACAC,18,12,C,2′-deoxy,,PS,DNA core,,PLOS Table 1 and Figs. 2-6,https://journals.plos.org/plosone/article?id=10.1371/journal.pone.0187574,Position map derived from the defined construct and exact sequence.
CHEM-TMB-0542,OLG-TMB-040,AC9-LNA-PS,ACACACACACACACACAC,18,13,A,2′-deoxy,,PS,DNA core,,PLOS Table 1 and Figs. 2-6,https://journals.plos.org/plosone/article?id=10.1371/journal.pone.0187574,Position map derived from the defined construct and exact sequence.
CHEM-TMB-0543,OLG-TMB-040,AC9-LNA-PS,ACACACACACACACACAC,18,14,C,2′-deoxy,,PS,DNA core,,PLOS Table 1 and Figs. 2-6,https://journals.plos.org/plosone/article?id=10.1371/journal.pone.0187574,Position map derived from the defined construct and exact sequence.
CHEM-TMB-0544,OLG-TMB-040,AC9-LNA-PS,ACACACACACACACACAC,18,15,A,2′-deoxy,,PS,DNA core,,PLOS Table 1 and Figs. 2-6,https://journals.plos.org/plosone/article?id=10.1371/journal.pone.0187574,Position map derived from the defined construct and exact sequence.
CHEM-TMB-0545,OLG-TMB-040,AC9-LNA-PS,ACACACACACACACACAC,18,16,C,LNA,,PS,3′ LNA wing,,PLOS Table 1 and Figs. 2-6,https://journals.plos.org/plosone/article?id=10.1371/journal.pone.0187574,Position map derived from the defined construct and exact sequence.
CHEM-TMB-0546,OLG-TMB-040,AC9-LNA-PS,ACACACACACACACACAC,18,17,A,LNA,,PS,3′ LNA wing,,PLOS Table 1 and Figs. 2-6,https://journals.plos.org/plosone/article?id=10.1371/journal.pone.0187574,Position map derived from the defined construct and exact sequence.
CHEM-TMB-0547,OLG-TMB-040,AC9-LNA-PS,ACACACACACACACACAC,18,18,C,LNA,,TERMINAL,3′ LNA wing,3′,PLOS Table 1 and Figs. 2-6,https://journals.plos.org/plosone/article?id=10.1371/journal.pone.0187574,Position map derived from the defined construct and exact sequence.
CHEM-TMB-0548,OLG-TMB-041,AC10-LNA-PS,ACACACACACACACACACAC,20,1,A,LNA,,PS,5′ LNA wing,5′,PLOS Table 1 and Figs. 2-6,https://journals.plos.org/plosone/article?id=10.1371/journal.pone.0187574,Position map derived from the defined construct and exact sequence.
CHEM-TMB-0549,OLG-TMB-041,AC10-LNA-PS,ACACACACACACACACACAC,20,2,C,LNA,,PS,5′ LNA wing,,PLOS Table 1 and Figs. 2-6,https://journals.plos.org/plosone/article?id=10.1371/journal.pone.0187574,Position map derived from the defined construct and exact sequence.
CHEM-TMB-0550,OLG-TMB-041,AC10-LNA-PS,ACACACACACACACACACAC,20,3,A,LNA,,PS,5′ LNA wing,,PLOS Table 1 and Figs. 2-6,https://journals.plos.org/plosone/article?id=10.1371/journal.pone.0187574,Position map derived from the defined construct and exact sequence.
CHEM-TMB-0551,OLG-TMB-041,AC10-LNA-PS,ACACACACACACACACACAC,20,4,C,2′-deoxy,,PS,DNA core,,PLOS Table 1 and Figs. 2-6,https://journals.plos.org/plosone/article?id=10.1371/journal.pone.0187574,Position map derived from the defined construct and exact sequence.
CHEM-TMB-0552,OLG-TMB-041,AC10-LNA-PS,ACACACACACACACACACAC,20,5,A,2′-deoxy,,PS,DNA core,,PLOS Table 1 and Figs. 2-6,https://journals.plos.org/plosone/article?id=10.1371/journal.pone.0187574,Position map derived from the defined construct and exact sequence.
CHEM-TMB-0553,OLG-TMB-041,AC10-LNA-PS,ACACACACACACACACACAC,20,6,C,2′-deoxy,,PS,DNA core,,PLOS Table 1 and Figs. 2-6,https://journals.plos.org/plosone/article?id=10.1371/journal.pone.0187574,Position map derived from the defined construct and exact sequence.
CHEM-TMB-0554,OLG-TMB-041,AC10-LNA-PS,ACACACACACACACACACAC,20,7,A,2′-deoxy,,PS,DNA core,,PLOS Table 1 and Figs. 2-6,https://journals.plos.org/plosone/article?id=10.1371/journal.pone.0187574,Position map derived from the defined construct and exact sequence.
CHEM-TMB-0555,OLG-TMB-041,AC10-LNA-PS,ACACACACACACACACACAC,20,8,C,2′-deoxy,,PS,DNA core,,PLOS Table 1 and Figs. 2-6,https://journals.plos.org/plosone/article?id=10.1371/journal.pone.0187574,Position map derived from the defined construct and exact sequence.
CHEM-TMB-0556,OLG-TMB-041,AC10-LNA-PS,ACACACACACACACACACAC,20,9,A,2′-deoxy,,PS,DNA core,,PLOS Table 1 and Figs. 2-6,https://journals.plos.org/plosone/article?id=10.1371/journal.pone.0187574,Position map derived from the defined construct and exact sequence.
CHEM-TMB-0557,OLG-TMB-041,AC10-LNA-PS,ACACACACACACACACACAC,20,10,C,2′-deoxy,,PS,DNA core,,PLOS Table 1 and Figs. 2-6,https://journals.plos.org/plosone/article?id=10.1371/journal.pone.0187574,Position map derived from the defined construct and exact sequence.
CHEM-TMB-0558,OLG-TMB-041,AC10-LNA-PS,ACACACACACACACACACAC,20,11,A,2′-deoxy,,PS,DNA core,,PLOS Table 1 and Figs. 2-6,https://journals.plos.org/plosone/article?id=10.1371/journal.pone.0187574,Position map derived from the defined construct and exact sequence.
CHEM-TMB-0559,OLG-TMB-041,AC10-LNA-PS,ACACACACACACACACACAC,20,12,C,2′-deoxy,,PS,DNA core,,PLOS Table 1 and Figs. 2-6,https://journals.plos.org/plosone/article?id=10.1371/journal.pone.0187574,Position map derived from the defined construct and exact sequence.
CHEM-TMB-0560,OLG-TMB-041,AC10-LNA-PS,ACACACACACACACACACAC,20,13,A,2′-deoxy,,PS,DNA core,,PLOS Table 1 and Figs. 2-6,https://journals.plos.org/plosone/article?id=10.1371/journal.pone.0187574,Position map derived from the defined construct and exact sequence.
CHEM-TMB-0561,OLG-TMB-041,AC10-LNA-PS,ACACACACACACACACACAC,20,14,C,2′-deoxy,,PS,DNA core,,PLOS Table 1 and Figs. 2-6,https://journals.plos.org/plosone/article?id=10.1371/journal.pone.0187574,Position map derived from the defined construct and exact sequence.
CHEM-TMB-0562,OLG-TMB-041,AC10-LNA-PS,ACACACACACACACACACAC,20,15,A,2′-deoxy,,PS,DNA core,,PLOS Table 1 and Figs. 2-6,https://journals.plos.org/plosone/article?id=10.1371/journal.pone.0187574,Position map derived from the defined construct and exact sequence.
CHEM-TMB-0563,OLG-TMB-041,AC10-LNA-PS,ACACACACACACACACACAC,20,16,C,2′-deoxy,,PS,DNA core,,PLOS Table 1 and Figs. 2-6,https://journals.plos.org/plosone/article?id=10.1371/journal.pone.0187574,Position map derived from the defined construct and exact sequence.
CHEM-TMB-0564,OLG-TMB-041,AC10-LNA-PS,ACACACACACACACACACAC,20,17,A,2′-deoxy,,PS,DNA core,,PLOS Table 1 and Figs. 2-6,https://journals.plos.org/plosone/article?id=10.1371/journal.pone.0187574,Position map derived from the defined construct and exact sequence.
CHEM-TMB-0565,OLG-TMB-041,AC10-LNA-PS,ACACACACACACACACACAC,20,18,C,LNA,,PS,3′ LNA wing,,PLOS Table 1 and Figs. 2-6,https://journals.plos.org/plosone/article?id=10.1371/journal.pone.0187574,Position map derived from the defined construct and exact sequence.
CHEM-TMB-0566,OLG-TMB-041,AC10-LNA-PS,ACACACACACACACACACAC,20,19,A,LNA,,PS,3′ LNA wing,,PLOS Table 1 and Figs. 2-6,https://journals.plos.org/plosone/article?id=10.1371/journal.pone.0187574,Position map derived from the defined construct and exact sequence.
CHEM-TMB-0567,OLG-TMB-041,AC10-LNA-PS,ACACACACACACACACACAC,20,20,C,LNA,,TERMINAL,3′ LNA wing,3′,PLOS Table 1 and Figs. 2-6,https://journals.plos.org/plosone/article?id=10.1371/journal.pone.0187574,Position map derived from the defined construct and exact sequence.
CHEM-TMB-0568,OLG-TMB-042,ODN 2395-PO,TCGTCGTTTTCGGCGCGCGCCG,22,1,T,2′-deoxy,,PO,DNA,5′,PLOS figures comparing Thio vs PO,https://journals.plos.org/plosone/article?id=10.1371/journal.pone.0187574,Canonical 22-mer position map corrected and cross-checked in v0.6.
CHEM-TMB-0569,OLG-TMB-042,ODN 2395-PO,TCGTCGTTTTCGGCGCGCGCCG,22,2,C,2′-deoxy,,PO,DNA,,PLOS figures comparing Thio vs PO,https://journals.plos.org/plosone/article?id=10.1371/journal.pone.0187574,Canonical 22-mer position map corrected and cross-checked in v0.6.
CHEM-TMB-0570,OLG-TMB-042,ODN 2395-PO,TCGTCGTTTTCGGCGCGCGCCG,22,3,G,2′-deoxy,,PO,DNA,,PLOS figures comparing Thio vs PO,https://journals.plos.org/plosone/article?id=10.1371/journal.pone.0187574,Canonical 22-mer position map corrected and cross-checked in v0.6.
CHEM-TMB-0571,OLG-TMB-042,ODN 2395-PO,TCGTCGTTTTCGGCGCGCGCCG,22,4,T,2′-deoxy,,PO,DNA,,PLOS figures comparing Thio vs PO,https://journals.plos.org/plosone/article?id=10.1371/journal.pone.0187574,Canonical 22-mer position map corrected and cross-checked in v0.6.
CHEM-TMB-0572,OLG-TMB-042,ODN 2395-PO,TCGTCGTTTTCGGCGCGCGCCG,22,5,C,2′-deoxy,,PO,DNA,,PLOS figures comparing Thio vs PO,https://journals.plos.org/plosone/article?id=10.1371/journal.pone.0187574,Canonical 22-mer position map corrected and cross-checked in v0.6.
CHEM-TMB-0573,OLG-TMB-042,ODN 2395-PO,TCGTCGTTTTCGGCGCGCGCCG,22,6,G,2′-deoxy,,PO,DNA,,PLOS figures comparing Thio vs PO,https://journals.plos.org/plosone/article?id=10.1371/journal.pone.0187574,Canonical 22-mer position map corrected and cross-checked in v0.6.
CHEM-TMB-0574,OLG-TMB-042,ODN 2395-PO,TCGTCGTTTTCGGCGCGCGCCG,22,7,T,2′-deoxy,,PO,DNA,,PLOS figures comparing Thio vs PO,https://journals.plos.org/plosone/article?id=10.1371/journal.pone.0187574,Canonical 22-mer position map corrected and cross-checked in v0.6.
CHEM-TMB-0575,OLG-TMB-042,ODN 2395-PO,TCGTCGTTTTCGGCGCGCGCCG,22,8,T,2′-deoxy,,PO,DNA,,PLOS figures comparing Thio vs PO,https://journals.plos.org/plosone/article?id=10.1371/journal.pone.0187574,Canonical 22-mer position map corrected and cross-checked in v0.6.
CHEM-TMB-0576,OLG-TMB-042,ODN 2395-PO,TCGTCGTTTTCGGCGCGCGCCG,22,9,T,2′-deoxy,,PO,DNA,,PLOS figures comparing Thio vs PO,https://journals.plos.org/plosone/article?id=10.1371/journal.pone.0187574,Canonical 22-mer position map corrected and cross-checked in v0.6.
CHEM-TMB-0577,OLG-TMB-042,ODN 2395-PO,TCGTCGTTTTCGGCGCGCGCCG,22,10,T,2′-deoxy,,PO,DNA,,PLOS figures comparing Thio vs PO,https://journals.plos.org/plosone/article?id=10.1371/journal.pone.0187574,Canonical 22-mer position map corrected and cross-checked in v0.6.
CHEM-TMB-0578,OLG-TMB-042,ODN 2395-PO,TCGTCGTTTTCGGCGCGCGCCG,22,11,C,2′-deoxy,,PO,DNA,,PLOS figures comparing Thio vs PO,https://journals.plos.org/plosone/article?id=10.1371/journal.pone.0187574,Canonical 22-mer position map corrected and cross-checked in v0.6.
CHEM-TMB-0579,OLG-TMB-042,ODN 2395-PO,TCGTCGTTTTCGGCGCGCGCCG,22,12,G,2′-deoxy,,PO,DNA,,PLOS figures comparing Thio vs PO,https://journals.plos.org/plosone/article?id=10.1371/journal.pone.0187574,Canonical 22-mer position map corrected and cross-checked in v0.6.
CHEM-TMB-0580,OLG-TMB-042,ODN 2395-PO,TCGTCGTTTTCGGCGCGCGCCG,22,13,G,2′-deoxy,,PO,DNA,,PLOS figures comparing Thio vs PO,https://journals.plos.org/plosone/article?id=10.1371/journal.pone.0187574,Canonical 22-mer position map corrected and cross-checked in v0.6.
CHEM-TMB-0581,OLG-TMB-042,ODN 2395-PO,TCGTCGTTTTCGGCGCGCGCCG,22,14,C,2′-deoxy,,PO,DNA,,PLOS figures comparing Thio vs PO,https://journals.plos.org/plosone/article?id=10.1371/journal.pone.0187574,Canonical 22-mer position map corrected and cross-checked in v0.6.
CHEM-TMB-0582,OLG-TMB-042,ODN 2395-PO,TCGTCGTTTTCGGCGCGCGCCG,22,15,G,2′-deoxy,,PO,DNA,,PLOS figures comparing Thio vs PO,https://journals.plos.org/plosone/article?id=10.1371/journal.pone.0187574,Canonical 22-mer position map corrected and cross-checked in v0.6.
CHEM-TMB-0583,OLG-TMB-042,ODN 2395-PO,TCGTCGTTTTCGGCGCGCGCCG,22,16,C,2′-deoxy,,PO,DNA,,PLOS figures comparing Thio vs PO,https://journals.plos.org/plosone/article?id=10.1371/journal.pone.0187574,Canonical 22-mer position map corrected and cross-checked in v0.6.
CHEM-TMB-0584,OLG-TMB-042,ODN 2395-PO,TCGTCGTTTTCGGCGCGCGCCG,22,17,G,2′-deoxy,,PO,DNA,,PLOS figures comparing Thio vs PO,https://journals.plos.org/plosone/article?id=10.1371/journal.pone.0187574,Canonical 22-mer position map corrected and cross-checked in v0.6.
CHEM-TMB-0585,OLG-TMB-042,ODN 2395-PO,TCGTCGTTTTCGGCGCGCGCCG,22,18,C,2′-deoxy,,PO,DNA,,PLOS figures comparing Thio vs PO,https://journals.plos.org/plosone/article?id=10.1371/journal.pone.0187574,Canonical 22-mer position map corrected and cross-checked in v0.6.
CHEM-TMB-0586,OLG-TMB-042,ODN 2395-PO,TCGTCGTTTTCGGCGCGCGCCG,22,19,G,2′-deoxy,,PO,DNA,,PLOS figures comparing Thio vs PO,https://journals.plos.org/plosone/article?id=10.1371/journal.pone.0187574,Canonical 22-mer position map corrected and cross-checked in v0.6.
CHEM-TMB-0587,OLG-TMB-042,ODN 2395-PO,TCGTCGTTTTCGGCGCGCGCCG,22,20,C,2′-deoxy,,PO,DNA,,PLOS figures comparing Thio vs PO,https://journals.plos.org/plosone/article?id=10.1371/journal.pone.0187574,Canonical 22-mer position map corrected and cross-checked in v0.6.
CHEM-TMB-0588,OLG-TMB-007,ODN 2395,TCGTCGTTTTCGGCGCGCGCCG,22,21,C,2′-deoxy,,PS,DNA,,Slingsby Table 1; Sewing Table 1,https://haematologica.org/article/view/haematol.2020.260059,Canonical 22-mer position map added in v0.6 after source-level sequence reconciliation.
CHEM-TMB-0589,OLG-TMB-007,ODN 2395,TCGTCGTTTTCGGCGCGCGCCG,22,22,G,2′-deoxy,,TERMINAL,DNA,3′,Slingsby Table 1; Sewing Table 1,https://haematologica.org/article/view/haematol.2020.260059,Canonical 22-mer position map added in v0.6 after source-level sequence reconciliation.
CHEM-TMB-0590,OLG-TMB-042,ODN 2395-PO,TCGTCGTTTTCGGCGCGCGCCG,22,21,C,2′-deoxy,,PO,DNA,,Sewing Table 1 and matched PS/PO figures,https://pmc.ncbi.nlm.nih.gov/articles/PMC5673186/,Canonical 22-mer position map added in v0.6 after source-level sequence reconciliation.
CHEM-TMB-0591,OLG-TMB-042,ODN 2395-PO,TCGTCGTTTTCGGCGCGCGCCG,22,22,G,2′-deoxy,,TERMINAL,DNA,3′,Sewing Table 1 and matched PS/PO figures,https://pmc.ncbi.nlm.nih.gov/articles/PMC5673186/,Canonical 22-mer position map added in v0.6 after source-level sequence reconciliation.
CHEM-TMB-0592,OLG-TMB-043,Olezarsen,AGCTTCTTGTCCAGCTTTAT,20,5,T,2′-O-methoxyethyl,,PS,5′ wing,,Stroes et al. 2024 states same nucleotide sequence/backbone as volanesorsen; FDA TRYNGOLZA label,https://doi.org/10.1056/NEJMoa2400201,Position map is inherited from the explicitly defined volanesorsen 5-10-5 2′MOE full-PS construct because the primary source states the same nucleotide sequence and backbone composition. GalNAc3 is a construct-level feature; attachment position is not mapped here.
CHEM-TMB-0593,OLG-TMB-043,Olezarsen,AGCTTCTTGTCCAGCTTTAT,20,6,C,2′-deoxy,5-methylcytosine,PS,DNA gap,,Stroes et al. 2024 states same nucleotide sequence/backbone as volanesorsen; FDA TRYNGOLZA label,https://doi.org/10.1056/NEJMoa2400201,Position map is inherited from the explicitly defined volanesorsen 5-10-5 2′MOE full-PS construct because the primary source states the same nucleotide sequence and backbone composition. GalNAc3 is a construct-level feature; attachment position is not mapped here.
CHEM-TMB-0594,OLG-TMB-043,Olezarsen,AGCTTCTTGTCCAGCTTTAT,20,7,T,2′-deoxy,,PS,DNA gap,,Stroes et al. 2024 states same nucleotide sequence/backbone as volanesorsen; FDA TRYNGOLZA label,https://doi.org/10.1056/NEJMoa2400201,Position map is inherited from the explicitly defined volanesorsen 5-10-5 2′MOE full-PS construct because the primary source states the same nucleotide sequence and backbone composition. GalNAc3 is a construct-level feature; attachment position is not mapped here.
CHEM-TMB-0595,OLG-TMB-043,Olezarsen,AGCTTCTTGTCCAGCTTTAT,20,8,T,2′-deoxy,,PS,DNA gap,,Stroes et al. 2024 states same nucleotide sequence/backbone as volanesorsen; FDA TRYNGOLZA label,https://doi.org/10.1056/NEJMoa2400201,Position map is inherited from the explicitly defined volanesorsen 5-10-5 2′MOE full-PS construct because the primary source states the same nucleotide sequence and backbone composition. GalNAc3 is a construct-level feature; attachment position is not mapped here.
CHEM-TMB-0596,OLG-TMB-043,Olezarsen,AGCTTCTTGTCCAGCTTTAT,20,9,G,2′-deoxy,,PS,DNA gap,,Stroes et al. 2024 states same nucleotide sequence/backbone as volanesorsen; FDA TRYNGOLZA label,https://doi.org/10.1056/NEJMoa2400201,Position map is inherited from the explicitly defined volanesorsen 5-10-5 2′MOE full-PS construct because the primary source states the same nucleotide sequence and backbone composition. GalNAc3 is a construct-level feature; attachment position is not mapped here.
CHEM-TMB-0597,OLG-TMB-043,Olezarsen,AGCTTCTTGTCCAGCTTTAT,20,10,T,2′-deoxy,,PS,DNA gap,,Stroes et al. 2024 states same nucleotide sequence/backbone as volanesorsen; FDA TRYNGOLZA label,https://doi.org/10.1056/NEJMoa2400201,Position map is inherited from the explicitly defined volanesorsen 5-10-5 2′MOE full-PS construct because the primary source states the same nucleotide sequence and backbone composition. GalNAc3 is a construct-level feature; attachment position is not mapped here.
CHEM-TMB-0598,OLG-TMB-043,Olezarsen,AGCTTCTTGTCCAGCTTTAT,20,11,C,2′-deoxy,5-methylcytosine,PS,DNA gap,,Stroes et al. 2024 states same nucleotide sequence/backbone as volanesorsen; FDA TRYNGOLZA label,https://doi.org/10.1056/NEJMoa2400201,Position map is inherited from the explicitly defined volanesorsen 5-10-5 2′MOE full-PS construct because the primary source states the same nucleotide sequence and backbone composition. GalNAc3 is a construct-level feature; attachment position is not mapped here.
CHEM-TMB-0599,OLG-TMB-043,Olezarsen,AGCTTCTTGTCCAGCTTTAT,20,12,C,2′-deoxy,5-methylcytosine,PS,DNA gap,,Stroes et al. 2024 states same nucleotide sequence/backbone as volanesorsen; FDA TRYNGOLZA label,https://doi.org/10.1056/NEJMoa2400201,Position map is inherited from the explicitly defined volanesorsen 5-10-5 2′MOE full-PS construct because the primary source states the same nucleotide sequence and backbone composition. GalNAc3 is a construct-level feature; attachment position is not mapped here.
CHEM-TMB-0600,OLG-TMB-043,Olezarsen,AGCTTCTTGTCCAGCTTTAT,20,13,A,2′-deoxy,,PS,DNA gap,,Stroes et al. 2024 states same nucleotide sequence/backbone as volanesorsen; FDA TRYNGOLZA label,https://doi.org/10.1056/NEJMoa2400201,Position map is inherited from the explicitly defined volanesorsen 5-10-5 2′MOE full-PS construct because the primary source states the same nucleotide sequence and backbone composition. GalNAc3 is a construct-level feature; attachment position is not mapped here.
CHEM-TMB-0601,OLG-TMB-043,Olezarsen,AGCTTCTTGTCCAGCTTTAT,20,14,G,2′-deoxy,,PS,DNA gap,,Stroes et al. 2024 states same nucleotide sequence/backbone as volanesorsen; FDA TRYNGOLZA label,https://doi.org/10.1056/NEJMoa2400201,Position map is inherited from the explicitly defined volanesorsen 5-10-5 2′MOE full-PS construct because the primary source states the same nucleotide sequence and backbone composition. GalNAc3 is a construct-level feature; attachment position is not mapped here.
CHEM-TMB-0602,OLG-TMB-043,Olezarsen,AGCTTCTTGTCCAGCTTTAT,20,15,C,2′-deoxy,5-methylcytosine,PS,DNA gap,,Stroes et al. 2024 states same nucleotide sequence/backbone as volanesorsen; FDA TRYNGOLZA label,https://doi.org/10.1056/NEJMoa2400201,Position map is inherited from the explicitly defined volanesorsen 5-10-5 2′MOE full-PS construct because the primary source states the same nucleotide sequence and backbone composition. GalNAc3 is a construct-level feature; attachment position is not mapped here.
CHEM-TMB-0603,OLG-TMB-043,Olezarsen,AGCTTCTTGTCCAGCTTTAT,20,16,T,2′-O-methoxyethyl,,PS,3′ wing,,Stroes et al. 2024 states same nucleotide sequence/backbone as volanesorsen; FDA TRYNGOLZA label,https://doi.org/10.1056/NEJMoa2400201,Position map is inherited from the explicitly defined volanesorsen 5-10-5 2′MOE full-PS construct because the primary source states the same nucleotide sequence and backbone composition. GalNAc3 is a construct-level feature; attachment position is not mapped here.
CHEM-TMB-0604,OLG-TMB-043,Olezarsen,AGCTTCTTGTCCAGCTTTAT,20,17,T,2′-O-methoxyethyl,,PS,3′ wing,,Stroes et al. 2024 states same nucleotide sequence/backbone as volanesorsen; FDA TRYNGOLZA label,https://doi.org/10.1056/NEJMoa2400201,Position map is inherited from the explicitly defined volanesorsen 5-10-5 2′MOE full-PS construct because the primary source states the same nucleotide sequence and backbone composition. GalNAc3 is a construct-level feature; attachment position is not mapped here.
CHEM-TMB-0605,OLG-TMB-043,Olezarsen,AGCTTCTTGTCCAGCTTTAT,20,18,T,2′-O-methoxyethyl,,PS,3′ wing,,Stroes et al. 2024 states same nucleotide sequence/backbone as volanesorsen; FDA TRYNGOLZA label,https://doi.org/10.1056/NEJMoa2400201,Position map is inherited from the explicitly defined volanesorsen 5-10-5 2′MOE full-PS construct because the primary source states the same nucleotide sequence and backbone composition. GalNAc3 is a construct-level feature; attachment position is not mapped here.
CHEM-TMB-0606,OLG-TMB-043,Olezarsen,AGCTTCTTGTCCAGCTTTAT,20,19,A,2′-O-methoxyethyl,,PS,3′ wing,,Stroes et al. 2024 states same nucleotide sequence/backbone as volanesorsen; FDA TRYNGOLZA label,https://doi.org/10.1056/NEJMoa2400201,Position map is inherited from the explicitly defined volanesorsen 5-10-5 2′MOE full-PS construct because the primary source states the same nucleotide sequence and backbone composition. GalNAc3 is a construct-level feature; attachment position is not mapped here.
CHEM-TMB-0607,OLG-TMB-043,Olezarsen,AGCTTCTTGTCCAGCTTTAT,20,20,T,2′-O-methoxyethyl,,TERMINAL,3′ wing,3′,Stroes et al. 2024 states same nucleotide sequence/backbone as volanesorsen; FDA TRYNGOLZA label,https://doi.org/10.1056/NEJMoa2400201,Position map is inherited from the explicitly defined volanesorsen 5-10-5 2′MOE full-PS construct because the primary source states the same nucleotide sequence and backbone composition. GalNAc3 is a construct-level feature; attachment position is not mapped here.
CHEM-TMB-0608,OLG-TMB-044,Eplontersen,TCTTGGTTACATGAAATCCC,20,1,T,2′-O-methoxyethyl,,PS,5′ wing,5′,Coelho et al. 2021/2023 and Viney et al. 2021; same sequence as inotersen,https://doi.org/10.1001/jama.2023.18688,Position map is inherited from the inotersen 5-10-5 2′MOE full-PS ASO on the basis of the same nucleotide sequence and closely related ASO chemistry. GalNAc3 is a construct-level feature; attachment position is not mapped here.
CHEM-TMB-0609,OLG-TMB-044,Eplontersen,TCTTGGTTACATGAAATCCC,20,2,C,2′-O-methoxyethyl,5-methylcytosine,PS,5′ wing,,Coelho et al. 2021/2023 and Viney et al. 2021; same sequence as inotersen,https://doi.org/10.1001/jama.2023.18688,Position map is inherited from the inotersen 5-10-5 2′MOE full-PS ASO on the basis of the same nucleotide sequence and closely related ASO chemistry. GalNAc3 is a construct-level feature; attachment position is not mapped here.
CHEM-TMB-0610,OLG-TMB-044,Eplontersen,TCTTGGTTACATGAAATCCC,20,3,T,2′-O-methoxyethyl,,PS,5′ wing,,Coelho et al. 2021/2023 and Viney et al. 2021; same sequence as inotersen,https://doi.org/10.1001/jama.2023.18688,Position map is inherited from the inotersen 5-10-5 2′MOE full-PS ASO on the basis of the same nucleotide sequence and closely related ASO chemistry. GalNAc3 is a construct-level feature; attachment position is not mapped here.
CHEM-TMB-0611,OLG-TMB-044,Eplontersen,TCTTGGTTACATGAAATCCC,20,4,T,2′-O-methoxyethyl,,PS,5′ wing,,Coelho et al. 2021/2023 and Viney et al. 2021; same sequence as inotersen,https://doi.org/10.1001/jama.2023.18688,Position map is inherited from the inotersen 5-10-5 2′MOE full-PS ASO on the basis of the same nucleotide sequence and closely related ASO chemistry. GalNAc3 is a construct-level feature; attachment position is not mapped here.
CHEM-TMB-0612,OLG-TMB-044,Eplontersen,TCTTGGTTACATGAAATCCC,20,5,G,2′-O-methoxyethyl,,PS,5′ wing,,Coelho et al. 2021/2023 and Viney et al. 2021; same sequence as inotersen,https://doi.org/10.1001/jama.2023.18688,Position map is inherited from the inotersen 5-10-5 2′MOE full-PS ASO on the basis of the same nucleotide sequence and closely related ASO chemistry. GalNAc3 is a construct-level feature; attachment position is not mapped here.
CHEM-TMB-0613,OLG-TMB-044,Eplontersen,TCTTGGTTACATGAAATCCC,20,6,G,2′-deoxy,,PS,DNA gap,,Coelho et al. 2021/2023 and Viney et al. 2021; same sequence as inotersen,https://doi.org/10.1001/jama.2023.18688,Position map is inherited from the inotersen 5-10-5 2′MOE full-PS ASO on the basis of the same nucleotide sequence and closely related ASO chemistry. GalNAc3 is a construct-level feature; attachment position is not mapped here.
CHEM-TMB-0614,OLG-TMB-044,Eplontersen,TCTTGGTTACATGAAATCCC,20,7,T,2′-deoxy,,PS,DNA gap,,Coelho et al. 2021/2023 and Viney et al. 2021; same sequence as inotersen,https://doi.org/10.1001/jama.2023.18688,Position map is inherited from the inotersen 5-10-5 2′MOE full-PS ASO on the basis of the same nucleotide sequence and closely related ASO chemistry. GalNAc3 is a construct-level feature; attachment position is not mapped here.
CHEM-TMB-0615,OLG-TMB-044,Eplontersen,TCTTGGTTACATGAAATCCC,20,8,T,2′-deoxy,,PS,DNA gap,,Coelho et al. 2021/2023 and Viney et al. 2021; same sequence as inotersen,https://doi.org/10.1001/jama.2023.18688,Position map is inherited from the inotersen 5-10-5 2′MOE full-PS ASO on the basis of the same nucleotide sequence and closely related ASO chemistry. GalNAc3 is a construct-level feature; attachment position is not mapped here.
CHEM-TMB-0616,OLG-TMB-044,Eplontersen,TCTTGGTTACATGAAATCCC,20,9,A,2′-deoxy,,PS,DNA gap,,Coelho et al. 2021/2023 and Viney et al. 2021; same sequence as inotersen,https://doi.org/10.1001/jama.2023.18688,Position map is inherited from the inotersen 5-10-5 2′MOE full-PS ASO on the basis of the same nucleotide sequence and closely related ASO chemistry. GalNAc3 is a construct-level feature; attachment position is not mapped here.
CHEM-TMB-0617,OLG-TMB-044,Eplontersen,TCTTGGTTACATGAAATCCC,20,10,C,2′-deoxy,5-methylcytosine,PS,DNA gap,,Coelho et al. 2021/2023 and Viney et al. 2021; same sequence as inotersen,https://doi.org/10.1001/jama.2023.18688,Position map is inherited from the inotersen 5-10-5 2′MOE full-PS ASO on the basis of the same nucleotide sequence and closely related ASO chemistry. GalNAc3 is a construct-level feature; attachment position is not mapped here.
CHEM-TMB-0618,OLG-TMB-044,Eplontersen,TCTTGGTTACATGAAATCCC,20,11,A,2′-deoxy,,PS,DNA gap,,Coelho et al. 2021/2023 and Viney et al. 2021; same sequence as inotersen,https://doi.org/10.1001/jama.2023.18688,Position map is inherited from the inotersen 5-10-5 2′MOE full-PS ASO on the basis of the same nucleotide sequence and closely related ASO chemistry. GalNAc3 is a construct-level feature; attachment position is not mapped here.
CHEM-TMB-0619,OLG-TMB-044,Eplontersen,TCTTGGTTACATGAAATCCC,20,12,T,2′-deoxy,,PS,DNA gap,,Coelho et al. 2021/2023 and Viney et al. 2021; same sequence as inotersen,https://doi.org/10.1001/jama.2023.18688,Position map is inherited from the inotersen 5-10-5 2′MOE full-PS ASO on the basis of the same nucleotide sequence and closely related ASO chemistry. GalNAc3 is a construct-level feature; attachment position is not mapped here.
CHEM-TMB-0620,OLG-TMB-044,Eplontersen,TCTTGGTTACATGAAATCCC,20,13,G,2′-deoxy,,PS,DNA gap,,Coelho et al. 2021/2023 and Viney et al. 2021; same sequence as inotersen,https://doi.org/10.1001/jama.2023.18688,Position map is inherited from the inotersen 5-10-5 2′MOE full-PS ASO on the basis of the same nucleotide sequence and closely related ASO chemistry. GalNAc3 is a construct-level feature; attachment position is not mapped here.
CHEM-TMB-0621,OLG-TMB-044,Eplontersen,TCTTGGTTACATGAAATCCC,20,14,A,2′-deoxy,,PS,DNA gap,,Coelho et al. 2021/2023 and Viney et al. 2021; same sequence as inotersen,https://doi.org/10.1001/jama.2023.18688,Position map is inherited from the inotersen 5-10-5 2′MOE full-PS ASO on the basis of the same nucleotide sequence and closely related ASO chemistry. GalNAc3 is a construct-level feature; attachment position is not mapped here.
CHEM-TMB-0622,OLG-TMB-044,Eplontersen,TCTTGGTTACATGAAATCCC,20,15,A,2′-deoxy,,PS,DNA gap,,Coelho et al. 2021/2023 and Viney et al. 2021; same sequence as inotersen,https://doi.org/10.1001/jama.2023.18688,Position map is inherited from the inotersen 5-10-5 2′MOE full-PS ASO on the basis of the same nucleotide sequence and closely related ASO chemistry. GalNAc3 is a construct-level feature; attachment position is not mapped here.
CHEM-TMB-0623,OLG-TMB-044,Eplontersen,TCTTGGTTACATGAAATCCC,20,16,A,2′-O-methoxyethyl,,PS,3′ wing,,Coelho et al. 2021/2023 and Viney et al. 2021; same sequence as inotersen,https://doi.org/10.1001/jama.2023.18688,Position map is inherited from the inotersen 5-10-5 2′MOE full-PS ASO on the basis of the same nucleotide sequence and closely related ASO chemistry. GalNAc3 is a construct-level feature; attachment position is not mapped here.
CHEM-TMB-0624,OLG-TMB-044,Eplontersen,TCTTGGTTACATGAAATCCC,20,17,T,2′-O-methoxyethyl,,PS,3′ wing,,Coelho et al. 2021/2023 and Viney et al. 2021; same sequence as inotersen,https://doi.org/10.1001/jama.2023.18688,Position map is inherited from the inotersen 5-10-5 2′MOE full-PS ASO on the basis of the same nucleotide sequence and closely related ASO chemistry. GalNAc3 is a construct-level feature; attachment position is not mapped here.
CHEM-TMB-0625,OLG-TMB-044,Eplontersen,TCTTGGTTACATGAAATCCC,20,18,C,2′-O-methoxyethyl,5-methylcytosine,PS,3′ wing,,Coelho et al. 2021/2023 and Viney et al. 2021; same sequence as inotersen,https://doi.org/10.1001/jama.2023.18688,Position map is inherited from the inotersen 5-10-5 2′MOE full-PS ASO on the basis of the same nucleotide sequence and closely related ASO chemistry. GalNAc3 is a construct-level feature; attachment position is not mapped here.
CHEM-TMB-0626,OLG-TMB-044,Eplontersen,TCTTGGTTACATGAAATCCC,20,19,C,2′-O-methoxyethyl,5-methylcytosine,PS,3′ wing,,Coelho et al. 2021/2023 and Viney et al. 2021; same sequence as inotersen,https://doi.org/10.1001/jama.2023.18688,Position map is inherited from the inotersen 5-10-5 2′MOE full-PS ASO on the basis of the same nucleotide sequence and closely related ASO chemistry. GalNAc3 is a construct-level feature; attachment position is not mapped here.
CHEM-TMB-0627,OLG-TMB-044,Eplontersen,TCTTGGTTACATGAAATCCC,20,20,C,2′-O-methoxyethyl,5-methylcytosine,TERMINAL,3′ wing,3′,Coelho et al. 2021/2023 and Viney et al. 2021; same sequence as inotersen,https://doi.org/10.1001/jama.2023.18688,Position map is inherited from the inotersen 5-10-5 2′MOE full-PS ASO on the basis of the same nucleotide sequence and closely related ASO chemistry. GalNAc3 is a construct-level feature; attachment position is not mapped here.
CHEM-TMB-0628,OLG-TMB-008,575013,CAGATATAGGACTGGA,16,1,C,constrained ethyl (cEt),,PS,5′ cEt wing,5′,"Shen et al. 2019, Figure 1a",https://doi.org/10.1038/s41587-019-0106-2,Position map derived from the exact Figure 1 sequence and explicitly reported 3-10-3 cEt full-PS gapmer design. Support-only for Thrombo.
CHEM-TMB-0629,OLG-TMB-008,575013,CAGATATAGGACTGGA,16,2,A,constrained ethyl (cEt),,PS,5′ cEt wing,,"Shen et al. 2019, Figure 1a",https://doi.org/10.1038/s41587-019-0106-2,Position map derived from the exact Figure 1 sequence and explicitly reported 3-10-3 cEt full-PS gapmer design. Support-only for Thrombo.
CHEM-TMB-0630,OLG-TMB-008,575013,CAGATATAGGACTGGA,16,3,G,constrained ethyl (cEt),,PS,5′ cEt wing,,"Shen et al. 2019, Figure 1a",https://doi.org/10.1038/s41587-019-0106-2,Position map derived from the exact Figure 1 sequence and explicitly reported 3-10-3 cEt full-PS gapmer design. Support-only for Thrombo.
CHEM-TMB-0631,OLG-TMB-008,575013,CAGATATAGGACTGGA,16,4,A,2′-deoxy,,PS,DNA gap,,"Shen et al. 2019, Figure 1a",https://doi.org/10.1038/s41587-019-0106-2,Position map derived from the exact Figure 1 sequence and explicitly reported 3-10-3 cEt full-PS gapmer design. Support-only for Thrombo.
CHEM-TMB-0632,OLG-TMB-008,575013,CAGATATAGGACTGGA,16,5,T,2′-deoxy,,PS,DNA gap,,"Shen et al. 2019, Figure 1a",https://doi.org/10.1038/s41587-019-0106-2,Position map derived from the exact Figure 1 sequence and explicitly reported 3-10-3 cEt full-PS gapmer design. Support-only for Thrombo.
CHEM-TMB-0633,OLG-TMB-008,575013,CAGATATAGGACTGGA,16,6,A,2′-deoxy,,PS,DNA gap,,"Shen et al. 2019, Figure 1a",https://doi.org/10.1038/s41587-019-0106-2,Position map derived from the exact Figure 1 sequence and explicitly reported 3-10-3 cEt full-PS gapmer design. Support-only for Thrombo.
CHEM-TMB-0634,OLG-TMB-008,575013,CAGATATAGGACTGGA,16,7,T,2′-deoxy,,PS,DNA gap,,"Shen et al. 2019, Figure 1a",https://doi.org/10.1038/s41587-019-0106-2,Position map derived from the exact Figure 1 sequence and explicitly reported 3-10-3 cEt full-PS gapmer design. Support-only for Thrombo.
CHEM-TMB-0635,OLG-TMB-008,575013,CAGATATAGGACTGGA,16,8,A,2′-deoxy,,PS,DNA gap,,"Shen et al. 2019, Figure 1a",https://doi.org/10.1038/s41587-019-0106-2,Position map derived from the exact Figure 1 sequence and explicitly reported 3-10-3 cEt full-PS gapmer design. Support-only for Thrombo.
CHEM-TMB-0636,OLG-TMB-008,575013,CAGATATAGGACTGGA,16,9,G,2′-deoxy,,PS,DNA gap,,"Shen et al. 2019, Figure 1a",https://doi.org/10.1038/s41587-019-0106-2,Position map derived from the exact Figure 1 sequence and explicitly reported 3-10-3 cEt full-PS gapmer design. Support-only for Thrombo.
CHEM-TMB-0637,OLG-TMB-008,575013,CAGATATAGGACTGGA,16,10,G,2′-deoxy,,PS,DNA gap,,"Shen et al. 2019, Figure 1a",https://doi.org/10.1038/s41587-019-0106-2,Position map derived from the exact Figure 1 sequence and explicitly reported 3-10-3 cEt full-PS gapmer design. Support-only for Thrombo.
CHEM-TMB-0638,OLG-TMB-008,575013,CAGATATAGGACTGGA,16,11,A,2′-deoxy,,PS,DNA gap,,"Shen et al. 2019, Figure 1a",https://doi.org/10.1038/s41587-019-0106-2,Position map derived from the exact Figure 1 sequence and explicitly reported 3-10-3 cEt full-PS gapmer design. Support-only for Thrombo.
CHEM-TMB-0639,OLG-TMB-008,575013,CAGATATAGGACTGGA,16,12,C,2′-deoxy,,PS,DNA gap,,"Shen et al. 2019, Figure 1a",https://doi.org/10.1038/s41587-019-0106-2,Position map derived from the exact Figure 1 sequence and explicitly reported 3-10-3 cEt full-PS gapmer design. Support-only for Thrombo.
CHEM-TMB-0640,OLG-TMB-008,575013,CAGATATAGGACTGGA,16,13,T,2′-deoxy,,PS,DNA gap,,"Shen et al. 2019, Figure 1a",https://doi.org/10.1038/s41587-019-0106-2,Position map derived from the exact Figure 1 sequence and explicitly reported 3-10-3 cEt full-PS gapmer design. Support-only for Thrombo.
CHEM-TMB-0641,OLG-TMB-008,575013,CAGATATAGGACTGGA,16,14,G,constrained ethyl (cEt),,PS,3′ cEt wing,,"Shen et al. 2019, Figure 1a",https://doi.org/10.1038/s41587-019-0106-2,Position map derived from the exact Figure 1 sequence and explicitly reported 3-10-3 cEt full-PS gapmer design. Support-only for Thrombo.
CHEM-TMB-0642,OLG-TMB-008,575013,CAGATATAGGACTGGA,16,15,G,constrained ethyl (cEt),,PS,3′ cEt wing,,"Shen et al. 2019, Figure 1a",https://doi.org/10.1038/s41587-019-0106-2,Position map derived from the exact Figure 1 sequence and explicitly reported 3-10-3 cEt full-PS gapmer design. Support-only for Thrombo.
CHEM-TMB-0643,OLG-TMB-008,575013,CAGATATAGGACTGGA,16,16,A,constrained ethyl (cEt),,TERMINAL,3′ cEt wing,3′,"Shen et al. 2019, Figure 1a",https://doi.org/10.1038/s41587-019-0106-2,Position map derived from the exact Figure 1 sequence and explicitly reported 3-10-3 cEt full-PS gapmer design. Support-only for Thrombo.
CHEM-TMB-0644,OLG-TMB-009,465131,TGCCACCGTAGACACG,16,1,T,constrained ethyl (cEt),,PS,5′ cEt wing,5′,"Shen et al. 2019, Figure 1a",https://doi.org/10.1038/s41587-019-0106-2,Position map derived from the exact Figure 1 sequence and explicitly reported 3-10-3 cEt full-PS gapmer design. Support-only for Thrombo.
CHEM-TMB-0645,OLG-TMB-009,465131,TGCCACCGTAGACACG,16,2,G,constrained ethyl (cEt),,PS,5′ cEt wing,,"Shen et al. 2019, Figure 1a",https://doi.org/10.1038/s41587-019-0106-2,Position map derived from the exact Figure 1 sequence and explicitly reported 3-10-3 cEt full-PS gapmer design. Support-only for Thrombo.
CHEM-TMB-0646,OLG-TMB-009,465131,TGCCACCGTAGACACG,16,3,C,constrained ethyl (cEt),,PS,5′ cEt wing,,"Shen et al. 2019, Figure 1a",https://doi.org/10.1038/s41587-019-0106-2,Position map derived from the exact Figure 1 sequence and explicitly reported 3-10-3 cEt full-PS gapmer design. Support-only for Thrombo.
CHEM-TMB-0647,OLG-TMB-009,465131,TGCCACCGTAGACACG,16,4,C,2′-deoxy,,PS,DNA gap,,"Shen et al. 2019, Figure 1a",https://doi.org/10.1038/s41587-019-0106-2,Position map derived from the exact Figure 1 sequence and explicitly reported 3-10-3 cEt full-PS gapmer design. Support-only for Thrombo.
CHEM-TMB-0648,OLG-TMB-009,465131,TGCCACCGTAGACACG,16,5,A,2′-deoxy,,PS,DNA gap,,"Shen et al. 2019, Figure 1a",https://doi.org/10.1038/s41587-019-0106-2,Position map derived from the exact Figure 1 sequence and explicitly reported 3-10-3 cEt full-PS gapmer design. Support-only for Thrombo.
CHEM-TMB-0649,OLG-TMB-009,465131,TGCCACCGTAGACACG,16,6,C,2′-deoxy,,PS,DNA gap,,"Shen et al. 2019, Figure 1a",https://doi.org/10.1038/s41587-019-0106-2,Position map derived from the exact Figure 1 sequence and explicitly reported 3-10-3 cEt full-PS gapmer design. Support-only for Thrombo.
CHEM-TMB-0650,OLG-TMB-009,465131,TGCCACCGTAGACACG,16,7,C,2′-deoxy,,PS,DNA gap,,"Shen et al. 2019, Figure 1a",https://doi.org/10.1038/s41587-019-0106-2,Position map derived from the exact Figure 1 sequence and explicitly reported 3-10-3 cEt full-PS gapmer design. Support-only for Thrombo.
CHEM-TMB-0651,OLG-TMB-009,465131,TGCCACCGTAGACACG,16,8,G,2′-deoxy,,PS,DNA gap,,"Shen et al. 2019, Figure 1a",https://doi.org/10.1038/s41587-019-0106-2,Position map derived from the exact Figure 1 sequence and explicitly reported 3-10-3 cEt full-PS gapmer design. Support-only for Thrombo.
CHEM-TMB-0652,OLG-TMB-009,465131,TGCCACCGTAGACACG,16,9,T,2′-deoxy,,PS,DNA gap,,"Shen et al. 2019, Figure 1a",https://doi.org/10.1038/s41587-019-0106-2,Position map derived from the exact Figure 1 sequence and explicitly reported 3-10-3 cEt full-PS gapmer design. Support-only for Thrombo.
CHEM-TMB-0653,OLG-TMB-009,465131,TGCCACCGTAGACACG,16,10,A,2′-deoxy,,PS,DNA gap,,"Shen et al. 2019, Figure 1a",https://doi.org/10.1038/s41587-019-0106-2,Position map derived from the exact Figure 1 sequence and explicitly reported 3-10-3 cEt full-PS gapmer design. Support-only for Thrombo.
CHEM-TMB-0654,OLG-TMB-009,465131,TGCCACCGTAGACACG,16,11,G,2′-deoxy,,PS,DNA gap,,"Shen et al. 2019, Figure 1a",https://doi.org/10.1038/s41587-019-0106-2,Position map derived from the exact Figure 1 sequence and explicitly reported 3-10-3 cEt full-PS gapmer design. Support-only for Thrombo.
CHEM-TMB-0655,OLG-TMB-009,465131,TGCCACCGTAGACACG,16,12,A,2′-deoxy,,PS,DNA gap,,"Shen et al. 2019, Figure 1a",https://doi.org/10.1038/s41587-019-0106-2,Position map derived from the exact Figure 1 sequence and explicitly reported 3-10-3 cEt full-PS gapmer design. Support-only for Thrombo.
CHEM-TMB-0656,OLG-TMB-009,465131,TGCCACCGTAGACACG,16,13,C,2′-deoxy,,PS,DNA gap,,"Shen et al. 2019, Figure 1a",https://doi.org/10.1038/s41587-019-0106-2,Position map derived from the exact Figure 1 sequence and explicitly reported 3-10-3 cEt full-PS gapmer design. Support-only for Thrombo.
CHEM-TMB-0657,OLG-TMB-009,465131,TGCCACCGTAGACACG,16,14,A,constrained ethyl (cEt),,PS,3′ cEt wing,,"Shen et al. 2019, Figure 1a",https://doi.org/10.1038/s41587-019-0106-2,Position map derived from the exact Figure 1 sequence and explicitly reported 3-10-3 cEt full-PS gapmer design. Support-only for Thrombo.
CHEM-TMB-0658,OLG-TMB-009,465131,TGCCACCGTAGACACG,16,15,C,constrained ethyl (cEt),,PS,3′ cEt wing,,"Shen et al. 2019, Figure 1a",https://doi.org/10.1038/s41587-019-0106-2,Position map derived from the exact Figure 1 sequence and explicitly reported 3-10-3 cEt full-PS gapmer design. Support-only for Thrombo.
CHEM-TMB-0659,OLG-TMB-009,465131,TGCCACCGTAGACACG,16,16,G,constrained ethyl (cEt),,TERMINAL,3′ cEt wing,3′,"Shen et al. 2019, Figure 1a",https://doi.org/10.1038/s41587-019-0106-2,Position map derived from the exact Figure 1 sequence and explicitly reported 3-10-3 cEt full-PS gapmer design. Support-only for Thrombo.
CHEM-TMB-0660,OLG-TMB-010,549139,GACGCGCCTGAAGGTT,16,1,G,constrained ethyl (cEt),,PS,5′ cEt wing,5′,"Shen et al. 2019, Figure 1a",https://doi.org/10.1038/s41587-019-0106-2,Position map derived from the exact Figure 1 sequence and explicitly reported 3-10-3 cEt full-PS gapmer design. Support-only for Thrombo.
CHEM-TMB-0661,OLG-TMB-010,549139,GACGCGCCTGAAGGTT,16,2,A,constrained ethyl (cEt),,PS,5′ cEt wing,,"Shen et al. 2019, Figure 1a",https://doi.org/10.1038/s41587-019-0106-2,Position map derived from the exact Figure 1 sequence and explicitly reported 3-10-3 cEt full-PS gapmer design. Support-only for Thrombo.
CHEM-TMB-0662,OLG-TMB-010,549139,GACGCGCCTGAAGGTT,16,3,C,constrained ethyl (cEt),,PS,5′ cEt wing,,"Shen et al. 2019, Figure 1a",https://doi.org/10.1038/s41587-019-0106-2,Position map derived from the exact Figure 1 sequence and explicitly reported 3-10-3 cEt full-PS gapmer design. Support-only for Thrombo.
CHEM-TMB-0663,OLG-TMB-010,549139,GACGCGCCTGAAGGTT,16,4,G,2′-deoxy,,PS,DNA gap,,"Shen et al. 2019, Figure 1a",https://doi.org/10.1038/s41587-019-0106-2,Position map derived from the exact Figure 1 sequence and explicitly reported 3-10-3 cEt full-PS gapmer design. Support-only for Thrombo.
CHEM-TMB-0664,OLG-TMB-010,549139,GACGCGCCTGAAGGTT,16,5,C,2′-deoxy,,PS,DNA gap,,"Shen et al. 2019, Figure 1a",https://doi.org/10.1038/s41587-019-0106-2,Position map derived from the exact Figure 1 sequence and explicitly reported 3-10-3 cEt full-PS gapmer design. Support-only for Thrombo.
CHEM-TMB-0665,OLG-TMB-010,549139,GACGCGCCTGAAGGTT,16,6,G,2′-deoxy,,PS,DNA gap,,"Shen et al. 2019, Figure 1a",https://doi.org/10.1038/s41587-019-0106-2,Position map derived from the exact Figure 1 sequence and explicitly reported 3-10-3 cEt full-PS gapmer design. Support-only for Thrombo.
CHEM-TMB-0666,OLG-TMB-010,549139,GACGCGCCTGAAGGTT,16,7,C,2′-deoxy,,PS,DNA gap,,"Shen et al. 2019, Figure 1a",https://doi.org/10.1038/s41587-019-0106-2,Position map derived from the exact Figure 1 sequence and explicitly reported 3-10-3 cEt full-PS gapmer design. Support-only for Thrombo.
CHEM-TMB-0667,OLG-TMB-010,549139,GACGCGCCTGAAGGTT,16,8,C,2′-deoxy,,PS,DNA gap,,"Shen et al. 2019, Figure 1a",https://doi.org/10.1038/s41587-019-0106-2,Position map derived from the exact Figure 1 sequence and explicitly reported 3-10-3 cEt full-PS gapmer design. Support-only for Thrombo.
CHEM-TMB-0668,OLG-TMB-010,549139,GACGCGCCTGAAGGTT,16,9,T,2′-deoxy,,PS,DNA gap,,"Shen et al. 2019, Figure 1a",https://doi.org/10.1038/s41587-019-0106-2,Position map derived from the exact Figure 1 sequence and explicitly reported 3-10-3 cEt full-PS gapmer design. Support-only for Thrombo.
CHEM-TMB-0669,OLG-TMB-010,549139,GACGCGCCTGAAGGTT,16,10,G,2′-deoxy,,PS,DNA gap,,"Shen et al. 2019, Figure 1a",https://doi.org/10.1038/s41587-019-0106-2,Position map derived from the exact Figure 1 sequence and explicitly reported 3-10-3 cEt full-PS gapmer design. Support-only for Thrombo.
CHEM-TMB-0670,OLG-TMB-010,549139,GACGCGCCTGAAGGTT,16,11,A,2′-deoxy,,PS,DNA gap,,"Shen et al. 2019, Figure 1a",https://doi.org/10.1038/s41587-019-0106-2,Position map derived from the exact Figure 1 sequence and explicitly reported 3-10-3 cEt full-PS gapmer design. Support-only for Thrombo.
CHEM-TMB-0671,OLG-TMB-010,549139,GACGCGCCTGAAGGTT,16,12,A,2′-deoxy,,PS,DNA gap,,"Shen et al. 2019, Figure 1a",https://doi.org/10.1038/s41587-019-0106-2,Position map derived from the exact Figure 1 sequence and explicitly reported 3-10-3 cEt full-PS gapmer design. Support-only for Thrombo.
CHEM-TMB-0672,OLG-TMB-010,549139,GACGCGCCTGAAGGTT,16,13,G,2′-deoxy,,PS,DNA gap,,"Shen et al. 2019, Figure 1a",https://doi.org/10.1038/s41587-019-0106-2,Position map derived from the exact Figure 1 sequence and explicitly reported 3-10-3 cEt full-PS gapmer design. Support-only for Thrombo.
CHEM-TMB-0673,OLG-TMB-010,549139,GACGCGCCTGAAGGTT,16,14,G,constrained ethyl (cEt),,PS,3′ cEt wing,,"Shen et al. 2019, Figure 1a",https://doi.org/10.1038/s41587-019-0106-2,Position map derived from the exact Figure 1 sequence and explicitly reported 3-10-3 cEt full-PS gapmer design. Support-only for Thrombo.
CHEM-TMB-0674,OLG-TMB-010,549139,GACGCGCCTGAAGGTT,16,15,T,constrained ethyl (cEt),,PS,3′ cEt wing,,"Shen et al. 2019, Figure 1a",https://doi.org/10.1038/s41587-019-0106-2,Position map derived from the exact Figure 1 sequence and explicitly reported 3-10-3 cEt full-PS gapmer design. Support-only for Thrombo.
CHEM-TMB-0675,OLG-TMB-010,549139,GACGCGCCTGAAGGTT,16,16,T,constrained ethyl (cEt),,TERMINAL,3′ cEt wing,3′,"Shen et al. 2019, Figure 1a",https://doi.org/10.1038/s41587-019-0106-2,Position map derived from the exact Figure 1 sequence and explicitly reported 3-10-3 cEt full-PS gapmer design. Support-only for Thrombo.
CHEM-TMB-0676,OLG-TMB-011,549148,GGCTACTACGCCGTCA,16,1,G,constrained ethyl (cEt),,PS,5′ cEt wing,5′,"Shen et al. 2019, Figure 1a",https://doi.org/10.1038/s41587-019-0106-2,Position map derived from the exact Figure 1 sequence and explicitly reported 3-10-3 cEt full-PS gapmer design. Support-only for Thrombo.
CHEM-TMB-0677,OLG-TMB-011,549148,GGCTACTACGCCGTCA,16,2,G,constrained ethyl (cEt),,PS,5′ cEt wing,,"Shen et al. 2019, Figure 1a",https://doi.org/10.1038/s41587-019-0106-2,Position map derived from the exact Figure 1 sequence and explicitly reported 3-10-3 cEt full-PS gapmer design. Support-only for Thrombo.
CHEM-TMB-0678,OLG-TMB-011,549148,GGCTACTACGCCGTCA,16,3,C,constrained ethyl (cEt),,PS,5′ cEt wing,,"Shen et al. 2019, Figure 1a",https://doi.org/10.1038/s41587-019-0106-2,Position map derived from the exact Figure 1 sequence and explicitly reported 3-10-3 cEt full-PS gapmer design. Support-only for Thrombo.
CHEM-TMB-0679,OLG-TMB-011,549148,GGCTACTACGCCGTCA,16,4,T,2′-deoxy,,PS,DNA gap,,"Shen et al. 2019, Figure 1a",https://doi.org/10.1038/s41587-019-0106-2,Position map derived from the exact Figure 1 sequence and explicitly reported 3-10-3 cEt full-PS gapmer design. Support-only for Thrombo.
CHEM-TMB-0680,OLG-TMB-011,549148,GGCTACTACGCCGTCA,16,5,A,2′-deoxy,,PS,DNA gap,,"Shen et al. 2019, Figure 1a",https://doi.org/10.1038/s41587-019-0106-2,Position map derived from the exact Figure 1 sequence and explicitly reported 3-10-3 cEt full-PS gapmer design. Support-only for Thrombo.
CHEM-TMB-0681,OLG-TMB-011,549148,GGCTACTACGCCGTCA,16,6,C,2′-deoxy,,PS,DNA gap,,"Shen et al. 2019, Figure 1a",https://doi.org/10.1038/s41587-019-0106-2,Position map derived from the exact Figure 1 sequence and explicitly reported 3-10-3 cEt full-PS gapmer design. Support-only for Thrombo.
CHEM-TMB-0682,OLG-TMB-011,549148,GGCTACTACGCCGTCA,16,7,T,2′-deoxy,,PS,DNA gap,,"Shen et al. 2019, Figure 1a",https://doi.org/10.1038/s41587-019-0106-2,Position map derived from the exact Figure 1 sequence and explicitly reported 3-10-3 cEt full-PS gapmer design. Support-only for Thrombo.
CHEM-TMB-0683,OLG-TMB-011,549148,GGCTACTACGCCGTCA,16,8,A,2′-deoxy,,PS,DNA gap,,"Shen et al. 2019, Figure 1a",https://doi.org/10.1038/s41587-019-0106-2,Position map derived from the exact Figure 1 sequence and explicitly reported 3-10-3 cEt full-PS gapmer design. Support-only for Thrombo.
CHEM-TMB-0684,OLG-TMB-011,549148,GGCTACTACGCCGTCA,16,9,C,2′-deoxy,,PS,DNA gap,,"Shen et al. 2019, Figure 1a",https://doi.org/10.1038/s41587-019-0106-2,Position map derived from the exact Figure 1 sequence and explicitly reported 3-10-3 cEt full-PS gapmer design. Support-only for Thrombo.
CHEM-TMB-0685,OLG-TMB-011,549148,GGCTACTACGCCGTCA,16,10,G,2′-deoxy,,PS,DNA gap,,"Shen et al. 2019, Figure 1a",https://doi.org/10.1038/s41587-019-0106-2,Position map derived from the exact Figure 1 sequence and explicitly reported 3-10-3 cEt full-PS gapmer design. Support-only for Thrombo.
CHEM-TMB-0686,OLG-TMB-011,549148,GGCTACTACGCCGTCA,16,11,C,2′-deoxy,,PS,DNA gap,,"Shen et al. 2019, Figure 1a",https://doi.org/10.1038/s41587-019-0106-2,Position map derived from the exact Figure 1 sequence and explicitly reported 3-10-3 cEt full-PS gapmer design. Support-only for Thrombo.
CHEM-TMB-0687,OLG-TMB-011,549148,GGCTACTACGCCGTCA,16,12,C,2′-deoxy,,PS,DNA gap,,"Shen et al. 2019, Figure 1a",https://doi.org/10.1038/s41587-019-0106-2,Position map derived from the exact Figure 1 sequence and explicitly reported 3-10-3 cEt full-PS gapmer design. Support-only for Thrombo.
CHEM-TMB-0688,OLG-TMB-011,549148,GGCTACTACGCCGTCA,16,13,G,2′-deoxy,,PS,DNA gap,,"Shen et al. 2019, Figure 1a",https://doi.org/10.1038/s41587-019-0106-2,Position map derived from the exact Figure 1 sequence and explicitly reported 3-10-3 cEt full-PS gapmer design. Support-only for Thrombo.
CHEM-TMB-0689,OLG-TMB-011,549148,GGCTACTACGCCGTCA,16,14,T,constrained ethyl (cEt),,PS,3′ cEt wing,,"Shen et al. 2019, Figure 1a",https://doi.org/10.1038/s41587-019-0106-2,Position map derived from the exact Figure 1 sequence and explicitly reported 3-10-3 cEt full-PS gapmer design. Support-only for Thrombo.
CHEM-TMB-0690,OLG-TMB-011,549148,GGCTACTACGCCGTCA,16,15,C,constrained ethyl (cEt),,PS,3′ cEt wing,,"Shen et al. 2019, Figure 1a",https://doi.org/10.1038/s41587-019-0106-2,Position map derived from the exact Figure 1 sequence and explicitly reported 3-10-3 cEt full-PS gapmer design. Support-only for Thrombo.
CHEM-TMB-0691,OLG-TMB-011,549148,GGCTACTACGCCGTCA,16,16,A,constrained ethyl (cEt),,TERMINAL,3′ cEt wing,3′,"Shen et al. 2019, Figure 1a",https://doi.org/10.1038/s41587-019-0106-2,Position map derived from the exact Figure 1 sequence and explicitly reported 3-10-3 cEt full-PS gapmer design. Support-only for Thrombo.
CHEM-TMB-0692,OLG-TMB-012,464932,GGCCACCACGCTGTCA,16,1,G,constrained ethyl (cEt),,PS,5′ cEt wing,5′,"Shen et al. 2019, Figure 1a",https://doi.org/10.1038/s41587-019-0106-2,Position map derived from the exact Figure 1 sequence and explicitly reported 3-10-3 cEt full-PS gapmer design. Support-only for Thrombo.
CHEM-TMB-0693,OLG-TMB-012,464932,GGCCACCACGCTGTCA,16,2,G,constrained ethyl (cEt),,PS,5′ cEt wing,,"Shen et al. 2019, Figure 1a",https://doi.org/10.1038/s41587-019-0106-2,Position map derived from the exact Figure 1 sequence and explicitly reported 3-10-3 cEt full-PS gapmer design. Support-only for Thrombo.
CHEM-TMB-0694,OLG-TMB-012,464932,GGCCACCACGCTGTCA,16,3,C,constrained ethyl (cEt),,PS,5′ cEt wing,,"Shen et al. 2019, Figure 1a",https://doi.org/10.1038/s41587-019-0106-2,Position map derived from the exact Figure 1 sequence and explicitly reported 3-10-3 cEt full-PS gapmer design. Support-only for Thrombo.
CHEM-TMB-0695,OLG-TMB-012,464932,GGCCACCACGCTGTCA,16,4,C,2′-deoxy,,PS,DNA gap,,"Shen et al. 2019, Figure 1a",https://doi.org/10.1038/s41587-019-0106-2,Position map derived from the exact Figure 1 sequence and explicitly reported 3-10-3 cEt full-PS gapmer design. Support-only for Thrombo.
CHEM-TMB-0696,OLG-TMB-012,464932,GGCCACCACGCTGTCA,16,5,A,2′-deoxy,,PS,DNA gap,,"Shen et al. 2019, Figure 1a",https://doi.org/10.1038/s41587-019-0106-2,Position map derived from the exact Figure 1 sequence and explicitly reported 3-10-3 cEt full-PS gapmer design. Support-only for Thrombo.
CHEM-TMB-0697,OLG-TMB-012,464932,GGCCACCACGCTGTCA,16,6,C,2′-deoxy,,PS,DNA gap,,"Shen et al. 2019, Figure 1a",https://doi.org/10.1038/s41587-019-0106-2,Position map derived from the exact Figure 1 sequence and explicitly reported 3-10-3 cEt full-PS gapmer design. Support-only for Thrombo.
CHEM-TMB-0698,OLG-TMB-012,464932,GGCCACCACGCTGTCA,16,7,C,2′-deoxy,,PS,DNA gap,,"Shen et al. 2019, Figure 1a",https://doi.org/10.1038/s41587-019-0106-2,Position map derived from the exact Figure 1 sequence and explicitly reported 3-10-3 cEt full-PS gapmer design. Support-only for Thrombo.
CHEM-TMB-0699,OLG-TMB-012,464932,GGCCACCACGCTGTCA,16,8,A,2′-deoxy,,PS,DNA gap,,"Shen et al. 2019, Figure 1a",https://doi.org/10.1038/s41587-019-0106-2,Position map derived from the exact Figure 1 sequence and explicitly reported 3-10-3 cEt full-PS gapmer design. Support-only for Thrombo.
CHEM-TMB-0700,OLG-TMB-012,464932,GGCCACCACGCTGTCA,16,9,C,2′-deoxy,,PS,DNA gap,,"Shen et al. 2019, Figure 1a",https://doi.org/10.1038/s41587-019-0106-2,Position map derived from the exact Figure 1 sequence and explicitly reported 3-10-3 cEt full-PS gapmer design. Support-only for Thrombo.
CHEM-TMB-0701,OLG-TMB-012,464932,GGCCACCACGCTGTCA,16,10,G,2′-deoxy,,PS,DNA gap,,"Shen et al. 2019, Figure 1a",https://doi.org/10.1038/s41587-019-0106-2,Position map derived from the exact Figure 1 sequence and explicitly reported 3-10-3 cEt full-PS gapmer design. Support-only for Thrombo.
CHEM-TMB-0702,OLG-TMB-012,464932,GGCCACCACGCTGTCA,16,11,C,2′-deoxy,,PS,DNA gap,,"Shen et al. 2019, Figure 1a",https://doi.org/10.1038/s41587-019-0106-2,Position map derived from the exact Figure 1 sequence and explicitly reported 3-10-3 cEt full-PS gapmer design. Support-only for Thrombo.
CHEM-TMB-0703,OLG-TMB-012,464932,GGCCACCACGCTGTCA,16,12,T,2′-deoxy,,PS,DNA gap,,"Shen et al. 2019, Figure 1a",https://doi.org/10.1038/s41587-019-0106-2,Position map derived from the exact Figure 1 sequence and explicitly reported 3-10-3 cEt full-PS gapmer design. Support-only for Thrombo.
CHEM-TMB-0704,OLG-TMB-012,464932,GGCCACCACGCTGTCA,16,13,G,2′-deoxy,,PS,DNA gap,,"Shen et al. 2019, Figure 1a",https://doi.org/10.1038/s41587-019-0106-2,Position map derived from the exact Figure 1 sequence and explicitly reported 3-10-3 cEt full-PS gapmer design. Support-only for Thrombo.
CHEM-TMB-0705,OLG-TMB-012,464932,GGCCACCACGCTGTCA,16,14,T,constrained ethyl (cEt),,PS,3′ cEt wing,,"Shen et al. 2019, Figure 1a",https://doi.org/10.1038/s41587-019-0106-2,Position map derived from the exact Figure 1 sequence and explicitly reported 3-10-3 cEt full-PS gapmer design. Support-only for Thrombo.
CHEM-TMB-0706,OLG-TMB-012,464932,GGCCACCACGCTGTCA,16,15,C,constrained ethyl (cEt),,PS,3′ cEt wing,,"Shen et al. 2019, Figure 1a",https://doi.org/10.1038/s41587-019-0106-2,Position map derived from the exact Figure 1 sequence and explicitly reported 3-10-3 cEt full-PS gapmer design. Support-only for Thrombo.
CHEM-TMB-0707,OLG-TMB-012,464932,GGCCACCACGCTGTCA,16,16,A,constrained ethyl (cEt),,TERMINAL,3′ cEt wing,3′,"Shen et al. 2019, Figure 1a",https://doi.org/10.1038/s41587-019-0106-2,Position map derived from the exact Figure 1 sequence and explicitly reported 3-10-3 cEt full-PS gapmer design. Support-only for Thrombo.
CHEM-TMB-0708,OLG-TMB-013,449093,TTCAGTCATGACTTCC,16,1,T,constrained ethyl (cEt),,PS,5′ cEt wing,5′,"Shen et al. 2019, Figure 1a",https://doi.org/10.1038/s41587-019-0106-2,Position map derived from the exact Figure 1 sequence and explicitly reported 3-10-3 cEt full-PS gapmer design. Support-only for Thrombo.
CHEM-TMB-0709,OLG-TMB-013,449093,TTCAGTCATGACTTCC,16,2,T,constrained ethyl (cEt),,PS,5′ cEt wing,,"Shen et al. 2019, Figure 1a",https://doi.org/10.1038/s41587-019-0106-2,Position map derived from the exact Figure 1 sequence and explicitly reported 3-10-3 cEt full-PS gapmer design. Support-only for Thrombo.
CHEM-TMB-0710,OLG-TMB-013,449093,TTCAGTCATGACTTCC,16,3,C,constrained ethyl (cEt),,PS,5′ cEt wing,,"Shen et al. 2019, Figure 1a",https://doi.org/10.1038/s41587-019-0106-2,Position map derived from the exact Figure 1 sequence and explicitly reported 3-10-3 cEt full-PS gapmer design. Support-only for Thrombo.
CHEM-TMB-0711,OLG-TMB-013,449093,TTCAGTCATGACTTCC,16,4,A,2′-deoxy,,PS,DNA gap,,"Shen et al. 2019, Figure 1a",https://doi.org/10.1038/s41587-019-0106-2,Position map derived from the exact Figure 1 sequence and explicitly reported 3-10-3 cEt full-PS gapmer design. Support-only for Thrombo.
CHEM-TMB-0712,OLG-TMB-013,449093,TTCAGTCATGACTTCC,16,5,G,2′-deoxy,,PS,DNA gap,,"Shen et al. 2019, Figure 1a",https://doi.org/10.1038/s41587-019-0106-2,Position map derived from the exact Figure 1 sequence and explicitly reported 3-10-3 cEt full-PS gapmer design. Support-only for Thrombo.
CHEM-TMB-0713,OLG-TMB-013,449093,TTCAGTCATGACTTCC,16,6,T,2′-deoxy,,PS,DNA gap,,"Shen et al. 2019, Figure 1a",https://doi.org/10.1038/s41587-019-0106-2,Position map derived from the exact Figure 1 sequence and explicitly reported 3-10-3 cEt full-PS gapmer design. Support-only for Thrombo.
CHEM-TMB-0714,OLG-TMB-013,449093,TTCAGTCATGACTTCC,16,7,C,2′-deoxy,,PS,DNA gap,,"Shen et al. 2019, Figure 1a",https://doi.org/10.1038/s41587-019-0106-2,Position map derived from the exact Figure 1 sequence and explicitly reported 3-10-3 cEt full-PS gapmer design. Support-only for Thrombo.
CHEM-TMB-0715,OLG-TMB-013,449093,TTCAGTCATGACTTCC,16,8,A,2′-deoxy,,PS,DNA gap,,"Shen et al. 2019, Figure 1a",https://doi.org/10.1038/s41587-019-0106-2,Position map derived from the exact Figure 1 sequence and explicitly reported 3-10-3 cEt full-PS gapmer design. Support-only for Thrombo.
CHEM-TMB-0716,OLG-TMB-013,449093,TTCAGTCATGACTTCC,16,9,T,2′-deoxy,,PS,DNA gap,,"Shen et al. 2019, Figure 1a",https://doi.org/10.1038/s41587-019-0106-2,Position map derived from the exact Figure 1 sequence and explicitly reported 3-10-3 cEt full-PS gapmer design. Support-only for Thrombo.
CHEM-TMB-0717,OLG-TMB-013,449093,TTCAGTCATGACTTCC,16,10,G,2′-deoxy,,PS,DNA gap,,"Shen et al. 2019, Figure 1a",https://doi.org/10.1038/s41587-019-0106-2,Position map derived from the exact Figure 1 sequence and explicitly reported 3-10-3 cEt full-PS gapmer design. Support-only for Thrombo.
CHEM-TMB-0718,OLG-TMB-013,449093,TTCAGTCATGACTTCC,16,11,A,2′-deoxy,,PS,DNA gap,,"Shen et al. 2019, Figure 1a",https://doi.org/10.1038/s41587-019-0106-2,Position map derived from the exact Figure 1 sequence and explicitly reported 3-10-3 cEt full-PS gapmer design. Support-only for Thrombo.
CHEM-TMB-0719,OLG-TMB-013,449093,TTCAGTCATGACTTCC,16,12,C,2′-deoxy,,PS,DNA gap,,"Shen et al. 2019, Figure 1a",https://doi.org/10.1038/s41587-019-0106-2,Position map derived from the exact Figure 1 sequence and explicitly reported 3-10-3 cEt full-PS gapmer design. Support-only for Thrombo.
CHEM-TMB-0720,OLG-TMB-013,449093,TTCAGTCATGACTTCC,16,13,T,2′-deoxy,,PS,DNA gap,,"Shen et al. 2019, Figure 1a",https://doi.org/10.1038/s41587-019-0106-2,Position map derived from the exact Figure 1 sequence and explicitly reported 3-10-3 cEt full-PS gapmer design. Support-only for Thrombo.
CHEM-TMB-0721,OLG-TMB-013,449093,TTCAGTCATGACTTCC,16,14,T,constrained ethyl (cEt),,PS,3′ cEt wing,,"Shen et al. 2019, Figure 1a",https://doi.org/10.1038/s41587-019-0106-2,Position map derived from the exact Figure 1 sequence and explicitly reported 3-10-3 cEt full-PS gapmer design. Support-only for Thrombo.
CHEM-TMB-0722,OLG-TMB-013,449093,TTCAGTCATGACTTCC,16,15,C,constrained ethyl (cEt),,PS,3′ cEt wing,,"Shen et al. 2019, Figure 1a",https://doi.org/10.1038/s41587-019-0106-2,Position map derived from the exact Figure 1 sequence and explicitly reported 3-10-3 cEt full-PS gapmer design. Support-only for Thrombo.
CHEM-TMB-0723,OLG-TMB-013,449093,TTCAGTCATGACTTCC,16,16,C,constrained ethyl (cEt),,TERMINAL,3′ cEt wing,3′,"Shen et al. 2019, Figure 1a",https://doi.org/10.1038/s41587-019-0106-2,Position map derived from the exact Figure 1 sequence and explicitly reported 3-10-3 cEt full-PS gapmer design. Support-only for Thrombo.
CHEM-TMB-0724,OLG-TMB-014,482050,ATCATGGCTGCAGCTT,16,1,A,constrained ethyl (cEt),,PS,5′ cEt wing,5′,"Shen et al. 2019, Figure 1a",https://doi.org/10.1038/s41587-019-0106-2,Position map derived from the exact Figure 1 sequence and explicitly reported 3-10-3 cEt full-PS gapmer design. Support-only for Thrombo.
CHEM-TMB-0725,OLG-TMB-014,482050,ATCATGGCTGCAGCTT,16,2,T,constrained ethyl (cEt),,PS,5′ cEt wing,,"Shen et al. 2019, Figure 1a",https://doi.org/10.1038/s41587-019-0106-2,Position map derived from the exact Figure 1 sequence and explicitly reported 3-10-3 cEt full-PS gapmer design. Support-only for Thrombo.
CHEM-TMB-0726,OLG-TMB-014,482050,ATCATGGCTGCAGCTT,16,3,C,constrained ethyl (cEt),,PS,5′ cEt wing,,"Shen et al. 2019, Figure 1a",https://doi.org/10.1038/s41587-019-0106-2,Position map derived from the exact Figure 1 sequence and explicitly reported 3-10-3 cEt full-PS gapmer design. Support-only for Thrombo.
CHEM-TMB-0727,OLG-TMB-014,482050,ATCATGGCTGCAGCTT,16,4,A,2′-deoxy,,PS,DNA gap,,"Shen et al. 2019, Figure 1a",https://doi.org/10.1038/s41587-019-0106-2,Position map derived from the exact Figure 1 sequence and explicitly reported 3-10-3 cEt full-PS gapmer design. Support-only for Thrombo.
CHEM-TMB-0728,OLG-TMB-014,482050,ATCATGGCTGCAGCTT,16,5,T,2′-deoxy,,PS,DNA gap,,"Shen et al. 2019, Figure 1a",https://doi.org/10.1038/s41587-019-0106-2,Position map derived from the exact Figure 1 sequence and explicitly reported 3-10-3 cEt full-PS gapmer design. Support-only for Thrombo.
CHEM-TMB-0729,OLG-TMB-014,482050,ATCATGGCTGCAGCTT,16,6,G,2′-deoxy,,PS,DNA gap,,"Shen et al. 2019, Figure 1a",https://doi.org/10.1038/s41587-019-0106-2,Position map derived from the exact Figure 1 sequence and explicitly reported 3-10-3 cEt full-PS gapmer design. Support-only for Thrombo.
CHEM-TMB-0730,OLG-TMB-014,482050,ATCATGGCTGCAGCTT,16,7,G,2′-deoxy,,PS,DNA gap,,"Shen et al. 2019, Figure 1a",https://doi.org/10.1038/s41587-019-0106-2,Position map derived from the exact Figure 1 sequence and explicitly reported 3-10-3 cEt full-PS gapmer design. Support-only for Thrombo.
CHEM-TMB-0731,OLG-TMB-014,482050,ATCATGGCTGCAGCTT,16,8,C,2′-deoxy,,PS,DNA gap,,"Shen et al. 2019, Figure 1a",https://doi.org/10.1038/s41587-019-0106-2,Position map derived from the exact Figure 1 sequence and explicitly reported 3-10-3 cEt full-PS gapmer design. Support-only for Thrombo.
CHEM-TMB-0732,OLG-TMB-014,482050,ATCATGGCTGCAGCTT,16,9,T,2′-deoxy,,PS,DNA gap,,"Shen et al. 2019, Figure 1a",https://doi.org/10.1038/s41587-019-0106-2,Position map derived from the exact Figure 1 sequence and explicitly reported 3-10-3 cEt full-PS gapmer design. Support-only for Thrombo.
CHEM-TMB-0733,OLG-TMB-014,482050,ATCATGGCTGCAGCTT,16,10,G,2′-deoxy,,PS,DNA gap,,"Shen et al. 2019, Figure 1a",https://doi.org/10.1038/s41587-019-0106-2,Position map derived from the exact Figure 1 sequence and explicitly reported 3-10-3 cEt full-PS gapmer design. Support-only for Thrombo.
CHEM-TMB-0734,OLG-TMB-014,482050,ATCATGGCTGCAGCTT,16,11,C,2′-deoxy,,PS,DNA gap,,"Shen et al. 2019, Figure 1a",https://doi.org/10.1038/s41587-019-0106-2,Position map derived from the exact Figure 1 sequence and explicitly reported 3-10-3 cEt full-PS gapmer design. Support-only for Thrombo.
CHEM-TMB-0735,OLG-TMB-014,482050,ATCATGGCTGCAGCTT,16,12,A,2′-deoxy,,PS,DNA gap,,"Shen et al. 2019, Figure 1a",https://doi.org/10.1038/s41587-019-0106-2,Position map derived from the exact Figure 1 sequence and explicitly reported 3-10-3 cEt full-PS gapmer design. Support-only for Thrombo.
CHEM-TMB-0736,OLG-TMB-014,482050,ATCATGGCTGCAGCTT,16,13,G,2′-deoxy,,PS,DNA gap,,"Shen et al. 2019, Figure 1a",https://doi.org/10.1038/s41587-019-0106-2,Position map derived from the exact Figure 1 sequence and explicitly reported 3-10-3 cEt full-PS gapmer design. Support-only for Thrombo.
CHEM-TMB-0737,OLG-TMB-014,482050,ATCATGGCTGCAGCTT,16,14,C,constrained ethyl (cEt),,PS,3′ cEt wing,,"Shen et al. 2019, Figure 1a",https://doi.org/10.1038/s41587-019-0106-2,Position map derived from the exact Figure 1 sequence and explicitly reported 3-10-3 cEt full-PS gapmer design. Support-only for Thrombo.
CHEM-TMB-0738,OLG-TMB-014,482050,ATCATGGCTGCAGCTT,16,15,T,constrained ethyl (cEt),,PS,3′ cEt wing,,"Shen et al. 2019, Figure 1a",https://doi.org/10.1038/s41587-019-0106-2,Position map derived from the exact Figure 1 sequence and explicitly reported 3-10-3 cEt full-PS gapmer design. Support-only for Thrombo.
CHEM-TMB-0739,OLG-TMB-014,482050,ATCATGGCTGCAGCTT,16,16,T,constrained ethyl (cEt),,TERMINAL,3′ cEt wing,3′,"Shen et al. 2019, Figure 1a",https://doi.org/10.1038/s41587-019-0106-2,Position map derived from the exact Figure 1 sequence and explicitly reported 3-10-3 cEt full-PS gapmer design. Support-only for Thrombo.
CHEM-TMB-0740,OLG-TMB-015,508031,TGAGGTCCTGCACTGG,16,1,T,constrained ethyl (cEt),,PS,5′ cEt wing,5′,"Shen et al. 2019, Figure 1a",https://doi.org/10.1038/s41587-019-0106-2,Position map derived from the exact Figure 1 sequence and explicitly reported 3-10-3 cEt full-PS gapmer design. Support-only for Thrombo.
CHEM-TMB-0741,OLG-TMB-015,508031,TGAGGTCCTGCACTGG,16,2,G,constrained ethyl (cEt),,PS,5′ cEt wing,,"Shen et al. 2019, Figure 1a",https://doi.org/10.1038/s41587-019-0106-2,Position map derived from the exact Figure 1 sequence and explicitly reported 3-10-3 cEt full-PS gapmer design. Support-only for Thrombo.
CHEM-TMB-0742,OLG-TMB-015,508031,TGAGGTCCTGCACTGG,16,3,A,constrained ethyl (cEt),,PS,5′ cEt wing,,"Shen et al. 2019, Figure 1a",https://doi.org/10.1038/s41587-019-0106-2,Position map derived from the exact Figure 1 sequence and explicitly reported 3-10-3 cEt full-PS gapmer design. Support-only for Thrombo.
CHEM-TMB-0743,OLG-TMB-015,508031,TGAGGTCCTGCACTGG,16,4,G,2′-deoxy,,PS,DNA gap,,"Shen et al. 2019, Figure 1a",https://doi.org/10.1038/s41587-019-0106-2,Position map derived from the exact Figure 1 sequence and explicitly reported 3-10-3 cEt full-PS gapmer design. Support-only for Thrombo.
CHEM-TMB-0744,OLG-TMB-015,508031,TGAGGTCCTGCACTGG,16,5,G,2′-deoxy,,PS,DNA gap,,"Shen et al. 2019, Figure 1a",https://doi.org/10.1038/s41587-019-0106-2,Position map derived from the exact Figure 1 sequence and explicitly reported 3-10-3 cEt full-PS gapmer design. Support-only for Thrombo.
CHEM-TMB-0745,OLG-TMB-015,508031,TGAGGTCCTGCACTGG,16,6,T,2′-deoxy,,PS,DNA gap,,"Shen et al. 2019, Figure 1a",https://doi.org/10.1038/s41587-019-0106-2,Position map derived from the exact Figure 1 sequence and explicitly reported 3-10-3 cEt full-PS gapmer design. Support-only for Thrombo.
CHEM-TMB-0746,OLG-TMB-015,508031,TGAGGTCCTGCACTGG,16,7,C,2′-deoxy,,PS,DNA gap,,"Shen et al. 2019, Figure 1a",https://doi.org/10.1038/s41587-019-0106-2,Position map derived from the exact Figure 1 sequence and explicitly reported 3-10-3 cEt full-PS gapmer design. Support-only for Thrombo.
CHEM-TMB-0747,OLG-TMB-015,508031,TGAGGTCCTGCACTGG,16,8,C,2′-deoxy,,PS,DNA gap,,"Shen et al. 2019, Figure 1a",https://doi.org/10.1038/s41587-019-0106-2,Position map derived from the exact Figure 1 sequence and explicitly reported 3-10-3 cEt full-PS gapmer design. Support-only for Thrombo.
CHEM-TMB-0748,OLG-TMB-015,508031,TGAGGTCCTGCACTGG,16,9,T,2′-deoxy,,PS,DNA gap,,"Shen et al. 2019, Figure 1a",https://doi.org/10.1038/s41587-019-0106-2,Position map derived from the exact Figure 1 sequence and explicitly reported 3-10-3 cEt full-PS gapmer design. Support-only for Thrombo.
CHEM-TMB-0749,OLG-TMB-015,508031,TGAGGTCCTGCACTGG,16,10,G,2′-deoxy,,PS,DNA gap,,"Shen et al. 2019, Figure 1a",https://doi.org/10.1038/s41587-019-0106-2,Position map derived from the exact Figure 1 sequence and explicitly reported 3-10-3 cEt full-PS gapmer design. Support-only for Thrombo.
CHEM-TMB-0750,OLG-TMB-015,508031,TGAGGTCCTGCACTGG,16,11,C,2′-deoxy,,PS,DNA gap,,"Shen et al. 2019, Figure 1a",https://doi.org/10.1038/s41587-019-0106-2,Position map derived from the exact Figure 1 sequence and explicitly reported 3-10-3 cEt full-PS gapmer design. Support-only for Thrombo.
CHEM-TMB-0751,OLG-TMB-015,508031,TGAGGTCCTGCACTGG,16,12,A,2′-deoxy,,PS,DNA gap,,"Shen et al. 2019, Figure 1a",https://doi.org/10.1038/s41587-019-0106-2,Position map derived from the exact Figure 1 sequence and explicitly reported 3-10-3 cEt full-PS gapmer design. Support-only for Thrombo.
CHEM-TMB-0752,OLG-TMB-015,508031,TGAGGTCCTGCACTGG,16,13,C,2′-deoxy,,PS,DNA gap,,"Shen et al. 2019, Figure 1a",https://doi.org/10.1038/s41587-019-0106-2,Position map derived from the exact Figure 1 sequence and explicitly reported 3-10-3 cEt full-PS gapmer design. Support-only for Thrombo.
CHEM-TMB-0753,OLG-TMB-015,508031,TGAGGTCCTGCACTGG,16,14,T,constrained ethyl (cEt),,PS,3′ cEt wing,,"Shen et al. 2019, Figure 1a",https://doi.org/10.1038/s41587-019-0106-2,Position map derived from the exact Figure 1 sequence and explicitly reported 3-10-3 cEt full-PS gapmer design. Support-only for Thrombo.
CHEM-TMB-0754,OLG-TMB-015,508031,TGAGGTCCTGCACTGG,16,15,G,constrained ethyl (cEt),,PS,3′ cEt wing,,"Shen et al. 2019, Figure 1a",https://doi.org/10.1038/s41587-019-0106-2,Position map derived from the exact Figure 1 sequence and explicitly reported 3-10-3 cEt full-PS gapmer design. Support-only for Thrombo.
CHEM-TMB-0755,OLG-TMB-015,508031,TGAGGTCCTGCACTGG,16,16,G,constrained ethyl (cEt),,TERMINAL,3′ cEt wing,3′,"Shen et al. 2019, Figure 1a",https://doi.org/10.1038/s41587-019-0106-2,Position map derived from the exact Figure 1 sequence and explicitly reported 3-10-3 cEt full-PS gapmer design. Support-only for Thrombo.
CHEM-TMB-0756,OLG-TMB-016,558807,GCATGTTCTCACATTA,16,1,G,constrained ethyl (cEt),,PS,5′ cEt wing,5′,"Shen et al. 2019, Figure 1a",https://doi.org/10.1038/s41587-019-0106-2,Position map derived from the exact Figure 1 sequence and explicitly reported 3-10-3 cEt full-PS gapmer design. Support-only for Thrombo.
CHEM-TMB-0757,OLG-TMB-016,558807,GCATGTTCTCACATTA,16,2,C,constrained ethyl (cEt),,PS,5′ cEt wing,,"Shen et al. 2019, Figure 1a",https://doi.org/10.1038/s41587-019-0106-2,Position map derived from the exact Figure 1 sequence and explicitly reported 3-10-3 cEt full-PS gapmer design. Support-only for Thrombo.
CHEM-TMB-0758,OLG-TMB-016,558807,GCATGTTCTCACATTA,16,3,A,constrained ethyl (cEt),,PS,5′ cEt wing,,"Shen et al. 2019, Figure 1a",https://doi.org/10.1038/s41587-019-0106-2,Position map derived from the exact Figure 1 sequence and explicitly reported 3-10-3 cEt full-PS gapmer design. Support-only for Thrombo.
CHEM-TMB-0759,OLG-TMB-016,558807,GCATGTTCTCACATTA,16,4,T,2′-deoxy,,PS,DNA gap,,"Shen et al. 2019, Figure 1a",https://doi.org/10.1038/s41587-019-0106-2,Position map derived from the exact Figure 1 sequence and explicitly reported 3-10-3 cEt full-PS gapmer design. Support-only for Thrombo.
CHEM-TMB-0760,OLG-TMB-016,558807,GCATGTTCTCACATTA,16,5,G,2′-deoxy,,PS,DNA gap,,"Shen et al. 2019, Figure 1a",https://doi.org/10.1038/s41587-019-0106-2,Position map derived from the exact Figure 1 sequence and explicitly reported 3-10-3 cEt full-PS gapmer design. Support-only for Thrombo.
CHEM-TMB-0761,OLG-TMB-016,558807,GCATGTTCTCACATTA,16,6,T,2′-deoxy,,PS,DNA gap,,"Shen et al. 2019, Figure 1a",https://doi.org/10.1038/s41587-019-0106-2,Position map derived from the exact Figure 1 sequence and explicitly reported 3-10-3 cEt full-PS gapmer design. Support-only for Thrombo.
CHEM-TMB-0762,OLG-TMB-016,558807,GCATGTTCTCACATTA,16,7,T,2′-deoxy,,PS,DNA gap,,"Shen et al. 2019, Figure 1a",https://doi.org/10.1038/s41587-019-0106-2,Position map derived from the exact Figure 1 sequence and explicitly reported 3-10-3 cEt full-PS gapmer design. Support-only for Thrombo.
CHEM-TMB-0763,OLG-TMB-016,558807,GCATGTTCTCACATTA,16,8,C,2′-deoxy,,PS,DNA gap,,"Shen et al. 2019, Figure 1a",https://doi.org/10.1038/s41587-019-0106-2,Position map derived from the exact Figure 1 sequence and explicitly reported 3-10-3 cEt full-PS gapmer design. Support-only for Thrombo.
CHEM-TMB-0764,OLG-TMB-016,558807,GCATGTTCTCACATTA,16,9,T,2′-deoxy,,PS,DNA gap,,"Shen et al. 2019, Figure 1a",https://doi.org/10.1038/s41587-019-0106-2,Position map derived from the exact Figure 1 sequence and explicitly reported 3-10-3 cEt full-PS gapmer design. Support-only for Thrombo.
CHEM-TMB-0765,OLG-TMB-016,558807,GCATGTTCTCACATTA,16,10,C,2′-deoxy,,PS,DNA gap,,"Shen et al. 2019, Figure 1a",https://doi.org/10.1038/s41587-019-0106-2,Position map derived from the exact Figure 1 sequence and explicitly reported 3-10-3 cEt full-PS gapmer design. Support-only for Thrombo.
CHEM-TMB-0766,OLG-TMB-016,558807,GCATGTTCTCACATTA,16,11,A,2′-deoxy,,PS,DNA gap,,"Shen et al. 2019, Figure 1a",https://doi.org/10.1038/s41587-019-0106-2,Position map derived from the exact Figure 1 sequence and explicitly reported 3-10-3 cEt full-PS gapmer design. Support-only for Thrombo.
CHEM-TMB-0767,OLG-TMB-016,558807,GCATGTTCTCACATTA,16,12,C,2′-deoxy,,PS,DNA gap,,"Shen et al. 2019, Figure 1a",https://doi.org/10.1038/s41587-019-0106-2,Position map derived from the exact Figure 1 sequence and explicitly reported 3-10-3 cEt full-PS gapmer design. Support-only for Thrombo.
CHEM-TMB-0768,OLG-TMB-016,558807,GCATGTTCTCACATTA,16,13,A,2′-deoxy,,PS,DNA gap,,"Shen et al. 2019, Figure 1a",https://doi.org/10.1038/s41587-019-0106-2,Position map derived from the exact Figure 1 sequence and explicitly reported 3-10-3 cEt full-PS gapmer design. Support-only for Thrombo.
CHEM-TMB-0769,OLG-TMB-016,558807,GCATGTTCTCACATTA,16,14,T,constrained ethyl (cEt),,PS,3′ cEt wing,,"Shen et al. 2019, Figure 1a",https://doi.org/10.1038/s41587-019-0106-2,Position map derived from the exact Figure 1 sequence and explicitly reported 3-10-3 cEt full-PS gapmer design. Support-only for Thrombo.
CHEM-TMB-0770,OLG-TMB-016,558807,GCATGTTCTCACATTA,16,15,T,constrained ethyl (cEt),,PS,3′ cEt wing,,"Shen et al. 2019, Figure 1a",https://doi.org/10.1038/s41587-019-0106-2,Position map derived from the exact Figure 1 sequence and explicitly reported 3-10-3 cEt full-PS gapmer design. Support-only for Thrombo.
CHEM-TMB-0771,OLG-TMB-016,558807,GCATGTTCTCACATTA,16,16,A,constrained ethyl (cEt),,TERMINAL,3′ cEt wing,3′,"Shen et al. 2019, Figure 1a",https://doi.org/10.1038/s41587-019-0106-2,Position map derived from the exact Figure 1 sequence and explicitly reported 3-10-3 cEt full-PS gapmer design. Support-only for Thrombo.
CHEM-TMB-0772,OLG-TMB-017,464917,GTCTGTGCATCTCTCC,16,1,G,constrained ethyl (cEt),,PS,5′ cEt wing,5′,"Shen et al. 2019, Figure 1a",https://doi.org/10.1038/s41587-019-0106-2,Position map derived from the exact Figure 1 sequence and explicitly reported 3-10-3 cEt full-PS gapmer design. Support-only for Thrombo.
CHEM-TMB-0773,OLG-TMB-017,464917,GTCTGTGCATCTCTCC,16,2,T,constrained ethyl (cEt),,PS,5′ cEt wing,,"Shen et al. 2019, Figure 1a",https://doi.org/10.1038/s41587-019-0106-2,Position map derived from the exact Figure 1 sequence and explicitly reported 3-10-3 cEt full-PS gapmer design. Support-only for Thrombo.
CHEM-TMB-0774,OLG-TMB-017,464917,GTCTGTGCATCTCTCC,16,3,C,constrained ethyl (cEt),,PS,5′ cEt wing,,"Shen et al. 2019, Figure 1a",https://doi.org/10.1038/s41587-019-0106-2,Position map derived from the exact Figure 1 sequence and explicitly reported 3-10-3 cEt full-PS gapmer design. Support-only for Thrombo.
CHEM-TMB-0775,OLG-TMB-017,464917,GTCTGTGCATCTCTCC,16,4,T,2′-deoxy,,PS,DNA gap,,"Shen et al. 2019, Figure 1a",https://doi.org/10.1038/s41587-019-0106-2,Position map derived from the exact Figure 1 sequence and explicitly reported 3-10-3 cEt full-PS gapmer design. Support-only for Thrombo.
CHEM-TMB-0776,OLG-TMB-017,464917,GTCTGTGCATCTCTCC,16,5,G,2′-deoxy,,PS,DNA gap,,"Shen et al. 2019, Figure 1a",https://doi.org/10.1038/s41587-019-0106-2,Position map derived from the exact Figure 1 sequence and explicitly reported 3-10-3 cEt full-PS gapmer design. Support-only for Thrombo.
CHEM-TMB-0777,OLG-TMB-017,464917,GTCTGTGCATCTCTCC,16,6,T,2′-deoxy,,PS,DNA gap,,"Shen et al. 2019, Figure 1a",https://doi.org/10.1038/s41587-019-0106-2,Position map derived from the exact Figure 1 sequence and explicitly reported 3-10-3 cEt full-PS gapmer design. Support-only for Thrombo.
CHEM-TMB-0778,OLG-TMB-017,464917,GTCTGTGCATCTCTCC,16,7,G,2′-deoxy,,PS,DNA gap,,"Shen et al. 2019, Figure 1a",https://doi.org/10.1038/s41587-019-0106-2,Position map derived from the exact Figure 1 sequence and explicitly reported 3-10-3 cEt full-PS gapmer design. Support-only for Thrombo.
CHEM-TMB-0779,OLG-TMB-017,464917,GTCTGTGCATCTCTCC,16,8,C,2′-deoxy,,PS,DNA gap,,"Shen et al. 2019, Figure 1a",https://doi.org/10.1038/s41587-019-0106-2,Position map derived from the exact Figure 1 sequence and explicitly reported 3-10-3 cEt full-PS gapmer design. Support-only for Thrombo.
CHEM-TMB-0780,OLG-TMB-017,464917,GTCTGTGCATCTCTCC,16,9,A,2′-deoxy,,PS,DNA gap,,"Shen et al. 2019, Figure 1a",https://doi.org/10.1038/s41587-019-0106-2,Position map derived from the exact Figure 1 sequence and explicitly reported 3-10-3 cEt full-PS gapmer design. Support-only for Thrombo.
CHEM-TMB-0781,OLG-TMB-017,464917,GTCTGTGCATCTCTCC,16,10,T,2′-deoxy,,PS,DNA gap,,"Shen et al. 2019, Figure 1a",https://doi.org/10.1038/s41587-019-0106-2,Position map derived from the exact Figure 1 sequence and explicitly reported 3-10-3 cEt full-PS gapmer design. Support-only for Thrombo.
CHEM-TMB-0782,OLG-TMB-017,464917,GTCTGTGCATCTCTCC,16,11,C,2′-deoxy,,PS,DNA gap,,"Shen et al. 2019, Figure 1a",https://doi.org/10.1038/s41587-019-0106-2,Position map derived from the exact Figure 1 sequence and explicitly reported 3-10-3 cEt full-PS gapmer design. Support-only for Thrombo.
CHEM-TMB-0783,OLG-TMB-017,464917,GTCTGTGCATCTCTCC,16,12,T,2′-deoxy,,PS,DNA gap,,"Shen et al. 2019, Figure 1a",https://doi.org/10.1038/s41587-019-0106-2,Position map derived from the exact Figure 1 sequence and explicitly reported 3-10-3 cEt full-PS gapmer design. Support-only for Thrombo.
CHEM-TMB-0784,OLG-TMB-017,464917,GTCTGTGCATCTCTCC,16,13,C,2′-deoxy,,PS,DNA gap,,"Shen et al. 2019, Figure 1a",https://doi.org/10.1038/s41587-019-0106-2,Position map derived from the exact Figure 1 sequence and explicitly reported 3-10-3 cEt full-PS gapmer design. Support-only for Thrombo.
CHEM-TMB-0785,OLG-TMB-017,464917,GTCTGTGCATCTCTCC,16,14,T,constrained ethyl (cEt),,PS,3′ cEt wing,,"Shen et al. 2019, Figure 1a",https://doi.org/10.1038/s41587-019-0106-2,Position map derived from the exact Figure 1 sequence and explicitly reported 3-10-3 cEt full-PS gapmer design. Support-only for Thrombo.
CHEM-TMB-0786,OLG-TMB-017,464917,GTCTGTGCATCTCTCC,16,15,C,constrained ethyl (cEt),,PS,3′ cEt wing,,"Shen et al. 2019, Figure 1a",https://doi.org/10.1038/s41587-019-0106-2,Position map derived from the exact Figure 1 sequence and explicitly reported 3-10-3 cEt full-PS gapmer design. Support-only for Thrombo.
CHEM-TMB-0787,OLG-TMB-017,464917,GTCTGTGCATCTCTCC,16,16,C,constrained ethyl (cEt),,TERMINAL,3′ cEt wing,3′,"Shen et al. 2019, Figure 1a",https://doi.org/10.1038/s41587-019-0106-2,Position map derived from the exact Figure 1 sequence and explicitly reported 3-10-3 cEt full-PS gapmer design. Support-only for Thrombo.
CHEM-TMB-0788,OLG-TMB-043,Olezarsen,AGCTTCTTGTCCAGCTTTAT,20,1,A,2′-O-methoxyethyl,,PS,5′ wing,5′,Stroes et al. 2024; FDA TRYNGOLZA label; matched sequence/backbone statement,https://doi.org/10.1056/NEJMoa2400201,Position map inherited from the primary statement that the nucleotide sequence and backbone design are the same as volanesorsen; GalNAc attachment position remains unresolved.
CHEM-TMB-0789,OLG-TMB-043,Olezarsen,AGCTTCTTGTCCAGCTTTAT,20,2,G,2′-O-methoxyethyl,,PS,5′ wing,,Stroes et al. 2024; FDA TRYNGOLZA label; matched sequence/backbone statement,https://doi.org/10.1056/NEJMoa2400201,Position map inherited from the primary statement that the nucleotide sequence and backbone design are the same as volanesorsen; GalNAc attachment position remains unresolved.
CHEM-TMB-0790,OLG-TMB-043,Olezarsen,AGCTTCTTGTCCAGCTTTAT,20,3,C,2′-O-methoxyethyl,5-methylcytosine,PS,5′ wing,,Stroes et al. 2024; FDA TRYNGOLZA label; matched sequence/backbone statement,https://doi.org/10.1056/NEJMoa2400201,Position map inherited from the primary statement that the nucleotide sequence and backbone design are the same as volanesorsen; GalNAc attachment position remains unresolved.
CHEM-TMB-0791,OLG-TMB-043,Olezarsen,AGCTTCTTGTCCAGCTTTAT,20,4,T,2′-O-methoxyethyl,,PS,5′ wing,,Stroes et al. 2024; FDA TRYNGOLZA label; matched sequence/backbone statement,https://doi.org/10.1056/NEJMoa2400201,Position map inherited from the primary statement that the nucleotide sequence and backbone design are the same as volanesorsen; GalNAc attachment position remains unresolved.
CHEM-TMB-0792,OLG-TMB-045,ARC1779,GCGUGCAGUGCCUUCGGCCGTGCGGTGCCUCCGUCACGCT,40,1,G,2′-O-methyl,,PO,aptamer core,5′ hexylamine/PEG conjugation site,"US20090203766A1, SEQ ID NO: 1",https://patents.google.com/patent/US20090203766A1/en,Exact patent-reported position map for the 40-mer core of PEGylated ARC1779; clinical platelet outcomes are represented in separate clinical records.
CHEM-TMB-0793,OLG-TMB-045,ARC1779,GCGUGCAGUGCCUUCGGCCGTGCGGTGCCUCCGUCACGCT,40,2,C,2′-O-methyl,,PO,aptamer core,,"US20090203766A1, SEQ ID NO: 1",https://patents.google.com/patent/US20090203766A1/en,Exact patent-reported position map for the 40-mer core of PEGylated ARC1779; clinical platelet outcomes are represented in separate clinical records.
CHEM-TMB-0794,OLG-TMB-045,ARC1779,GCGUGCAGUGCCUUCGGCCGTGCGGTGCCUCCGUCACGCT,40,3,G,2′-O-methyl,,PO,aptamer core,,"US20090203766A1, SEQ ID NO: 1",https://patents.google.com/patent/US20090203766A1/en,Exact patent-reported position map for the 40-mer core of PEGylated ARC1779; clinical platelet outcomes are represented in separate clinical records.
CHEM-TMB-0795,OLG-TMB-045,ARC1779,GCGUGCAGUGCCUUCGGCCGTGCGGTGCCUCCGUCACGCT,40,4,U,2′-O-methyl,,PO,aptamer core,,"US20090203766A1, SEQ ID NO: 1",https://patents.google.com/patent/US20090203766A1/en,Exact patent-reported position map for the 40-mer core of PEGylated ARC1779; clinical platelet outcomes are represented in separate clinical records.
CHEM-TMB-0796,OLG-TMB-045,ARC1779,GCGUGCAGUGCCUUCGGCCGTGCGGTGCCUCCGUCACGCT,40,5,G,2′-deoxy,,PO,aptamer core,,"US20090203766A1, SEQ ID NO: 1",https://patents.google.com/patent/US20090203766A1/en,Exact patent-reported position map for the 40-mer core of PEGylated ARC1779; clinical platelet outcomes are represented in separate clinical records.
CHEM-TMB-0797,OLG-TMB-045,ARC1779,GCGUGCAGUGCCUUCGGCCGTGCGGTGCCUCCGUCACGCT,40,6,C,2′-deoxy,,PO,aptamer core,,"US20090203766A1, SEQ ID NO: 1",https://patents.google.com/patent/US20090203766A1/en,Exact patent-reported position map for the 40-mer core of PEGylated ARC1779; clinical platelet outcomes are represented in separate clinical records.
CHEM-TMB-0798,OLG-TMB-045,ARC1779,GCGUGCAGUGCCUUCGGCCGTGCGGTGCCUCCGUCACGCT,40,7,A,2′-deoxy,,PO,aptamer core,,"US20090203766A1, SEQ ID NO: 1",https://patents.google.com/patent/US20090203766A1/en,Exact patent-reported position map for the 40-mer core of PEGylated ARC1779; clinical platelet outcomes are represented in separate clinical records.
CHEM-TMB-0799,OLG-TMB-045,ARC1779,GCGUGCAGUGCCUUCGGCCGTGCGGTGCCUCCGUCACGCT,40,8,G,2′-O-methyl,,PO,aptamer core,,"US20090203766A1, SEQ ID NO: 1",https://patents.google.com/patent/US20090203766A1/en,Exact patent-reported position map for the 40-mer core of PEGylated ARC1779; clinical platelet outcomes are represented in separate clinical records.
CHEM-TMB-0800,OLG-TMB-045,ARC1779,GCGUGCAGUGCCUUCGGCCGTGCGGTGCCUCCGUCACGCT,40,9,U,2′-O-methyl,,PO,aptamer core,,"US20090203766A1, SEQ ID NO: 1",https://patents.google.com/patent/US20090203766A1/en,Exact patent-reported position map for the 40-mer core of PEGylated ARC1779; clinical platelet outcomes are represented in separate clinical records.
CHEM-TMB-0801,OLG-TMB-045,ARC1779,GCGUGCAGUGCCUUCGGCCGTGCGGTGCCUCCGUCACGCT,40,10,G,2′-O-methyl,,PO,aptamer core,,"US20090203766A1, SEQ ID NO: 1",https://patents.google.com/patent/US20090203766A1/en,Exact patent-reported position map for the 40-mer core of PEGylated ARC1779; clinical platelet outcomes are represented in separate clinical records.
CHEM-TMB-0802,OLG-TMB-045,ARC1779,GCGUGCAGUGCCUUCGGCCGTGCGGTGCCUCCGUCACGCT,40,11,C,2′-O-methyl,,PO,aptamer core,,"US20090203766A1, SEQ ID NO: 1",https://patents.google.com/patent/US20090203766A1/en,Exact patent-reported position map for the 40-mer core of PEGylated ARC1779; clinical platelet outcomes are represented in separate clinical records.
CHEM-TMB-0803,OLG-TMB-045,ARC1779,GCGUGCAGUGCCUUCGGCCGTGCGGTGCCUCCGUCACGCT,40,12,C,2′-O-methyl,,PO,aptamer core,,"US20090203766A1, SEQ ID NO: 1",https://patents.google.com/patent/US20090203766A1/en,Exact patent-reported position map for the 40-mer core of PEGylated ARC1779; clinical platelet outcomes are represented in separate clinical records.
CHEM-TMB-0804,OLG-TMB-045,ARC1779,GCGUGCAGUGCCUUCGGCCGTGCGGTGCCUCCGUCACGCT,40,13,U,2′-O-methyl,,PO,aptamer core,,"US20090203766A1, SEQ ID NO: 1",https://patents.google.com/patent/US20090203766A1/en,Exact patent-reported position map for the 40-mer core of PEGylated ARC1779; clinical platelet outcomes are represented in separate clinical records.
CHEM-TMB-0805,OLG-TMB-045,ARC1779,GCGUGCAGUGCCUUCGGCCGTGCGGTGCCUCCGUCACGCT,40,14,U,2′-O-methyl,,PO,aptamer core,,"US20090203766A1, SEQ ID NO: 1",https://patents.google.com/patent/US20090203766A1/en,Exact patent-reported position map for the 40-mer core of PEGylated ARC1779; clinical platelet outcomes are represented in separate clinical records.
CHEM-TMB-0806,OLG-TMB-045,ARC1779,GCGUGCAGUGCCUUCGGCCGTGCGGTGCCUCCGUCACGCT,40,15,C,2′-O-methyl,,PO,aptamer core,,"US20090203766A1, SEQ ID NO: 1",https://patents.google.com/patent/US20090203766A1/en,Exact patent-reported position map for the 40-mer core of PEGylated ARC1779; clinical platelet outcomes are represented in separate clinical records.
CHEM-TMB-0807,OLG-TMB-045,ARC1779,GCGUGCAGUGCCUUCGGCCGTGCGGTGCCUCCGUCACGCT,40,16,G,2′-O-methyl,,PO,aptamer core,,"US20090203766A1, SEQ ID NO: 1",https://patents.google.com/patent/US20090203766A1/en,Exact patent-reported position map for the 40-mer core of PEGylated ARC1779; clinical platelet outcomes are represented in separate clinical records.
CHEM-TMB-0808,OLG-TMB-045,ARC1779,GCGUGCAGUGCCUUCGGCCGTGCGGTGCCUCCGUCACGCT,40,17,G,2′-O-methyl,,PO,aptamer core,,"US20090203766A1, SEQ ID NO: 1",https://patents.google.com/patent/US20090203766A1/en,Exact patent-reported position map for the 40-mer core of PEGylated ARC1779; clinical platelet outcomes are represented in separate clinical records.
CHEM-TMB-0809,OLG-TMB-045,ARC1779,GCGUGCAGUGCCUUCGGCCGTGCGGTGCCUCCGUCACGCT,40,18,C,2′-O-methyl,,PO,aptamer core,,"US20090203766A1, SEQ ID NO: 1",https://patents.google.com/patent/US20090203766A1/en,Exact patent-reported position map for the 40-mer core of PEGylated ARC1779; clinical platelet outcomes are represented in separate clinical records.
CHEM-TMB-0810,OLG-TMB-045,ARC1779,GCGUGCAGUGCCUUCGGCCGTGCGGTGCCUCCGUCACGCT,40,19,C,2′-deoxy,,PO,aptamer core,,"US20090203766A1, SEQ ID NO: 1",https://patents.google.com/patent/US20090203766A1/en,Exact patent-reported position map for the 40-mer core of PEGylated ARC1779; clinical platelet outcomes are represented in separate clinical records.
CHEM-TMB-0811,OLG-TMB-045,ARC1779,GCGUGCAGUGCCUUCGGCCGTGCGGTGCCUCCGUCACGCT,40,20,G,2′-O-methyl,,PS,aptamer core,,"US20090203766A1, SEQ ID NO: 1",https://patents.google.com/patent/US20090203766A1/en,Exact patent-reported position map for the 40-mer core of PEGylated ARC1779; clinical platelet outcomes are represented in separate clinical records.
CHEM-TMB-0812,OLG-TMB-045,ARC1779,GCGUGCAGUGCCUUCGGCCGTGCGGTGCCUCCGUCACGCT,40,21,T,2′-deoxy,,PO,aptamer core,,"US20090203766A1, SEQ ID NO: 1",https://patents.google.com/patent/US20090203766A1/en,Exact patent-reported position map for the 40-mer core of PEGylated ARC1779; clinical platelet outcomes are represented in separate clinical records.
CHEM-TMB-0813,OLG-TMB-045,ARC1779,GCGUGCAGUGCCUUCGGCCGTGCGGTGCCUCCGUCACGCT,40,22,G,2′-O-methyl,,PO,aptamer core,,"US20090203766A1, SEQ ID NO: 1",https://patents.google.com/patent/US20090203766A1/en,Exact patent-reported position map for the 40-mer core of PEGylated ARC1779; clinical platelet outcomes are represented in separate clinical records.
CHEM-TMB-0814,OLG-TMB-045,ARC1779,GCGUGCAGUGCCUUCGGCCGTGCGGTGCCUCCGUCACGCT,40,23,C,2′-deoxy,,PO,aptamer core,,"US20090203766A1, SEQ ID NO: 1",https://patents.google.com/patent/US20090203766A1/en,Exact patent-reported position map for the 40-mer core of PEGylated ARC1779; clinical platelet outcomes are represented in separate clinical records.
CHEM-TMB-0815,OLG-TMB-045,ARC1779,GCGUGCAGUGCCUUCGGCCGTGCGGTGCCUCCGUCACGCT,40,24,G,2′-deoxy,,PO,aptamer core,,"US20090203766A1, SEQ ID NO: 1",https://patents.google.com/patent/US20090203766A1/en,Exact patent-reported position map for the 40-mer core of PEGylated ARC1779; clinical platelet outcomes are represented in separate clinical records.
CHEM-TMB-0816,OLG-TMB-045,ARC1779,GCGUGCAGUGCCUUCGGCCGTGCGGTGCCUCCGUCACGCT,40,25,G,2′-deoxy,,PO,aptamer core,,"US20090203766A1, SEQ ID NO: 1",https://patents.google.com/patent/US20090203766A1/en,Exact patent-reported position map for the 40-mer core of PEGylated ARC1779; clinical platelet outcomes are represented in separate clinical records.
CHEM-TMB-0817,OLG-TMB-045,ARC1779,GCGUGCAGUGCCUUCGGCCGTGCGGTGCCUCCGUCACGCT,40,26,T,2′-deoxy,,PO,aptamer core,,"US20090203766A1, SEQ ID NO: 1",https://patents.google.com/patent/US20090203766A1/en,Exact patent-reported position map for the 40-mer core of PEGylated ARC1779; clinical platelet outcomes are represented in separate clinical records.
CHEM-TMB-0818,OLG-TMB-045,ARC1779,GCGUGCAGUGCCUUCGGCCGTGCGGTGCCUCCGUCACGCT,40,27,G,2′-O-methyl,,PO,aptamer core,,"US20090203766A1, SEQ ID NO: 1",https://patents.google.com/patent/US20090203766A1/en,Exact patent-reported position map for the 40-mer core of PEGylated ARC1779; clinical platelet outcomes are represented in separate clinical records.
CHEM-TMB-0819,OLG-TMB-045,ARC1779,GCGUGCAGUGCCUUCGGCCGTGCGGTGCCUCCGUCACGCT,40,28,C,2′-O-methyl,,PO,aptamer core,,"US20090203766A1, SEQ ID NO: 1",https://patents.google.com/patent/US20090203766A1/en,Exact patent-reported position map for the 40-mer core of PEGylated ARC1779; clinical platelet outcomes are represented in separate clinical records.
CHEM-TMB-0820,OLG-TMB-045,ARC1779,GCGUGCAGUGCCUUCGGCCGTGCGGTGCCUCCGUCACGCT,40,29,C,2′-deoxy,,PO,aptamer core,,"US20090203766A1, SEQ ID NO: 1",https://patents.google.com/patent/US20090203766A1/en,Exact patent-reported position map for the 40-mer core of PEGylated ARC1779; clinical platelet outcomes are represented in separate clinical records.
CHEM-TMB-0821,OLG-TMB-045,ARC1779,GCGUGCAGUGCCUUCGGCCGTGCGGTGCCUCCGUCACGCT,40,30,U,2′-O-methyl,,PO,aptamer core,,"US20090203766A1, SEQ ID NO: 1",https://patents.google.com/patent/US20090203766A1/en,Exact patent-reported position map for the 40-mer core of PEGylated ARC1779; clinical platelet outcomes are represented in separate clinical records.
CHEM-TMB-0822,OLG-TMB-045,ARC1779,GCGUGCAGUGCCUUCGGCCGTGCGGTGCCUCCGUCACGCT,40,31,C,2′-deoxy,,PO,aptamer core,,"US20090203766A1, SEQ ID NO: 1",https://patents.google.com/patent/US20090203766A1/en,Exact patent-reported position map for the 40-mer core of PEGylated ARC1779; clinical platelet outcomes are represented in separate clinical records.
CHEM-TMB-0823,OLG-TMB-045,ARC1779,GCGUGCAGUGCCUUCGGCCGTGCGGTGCCUCCGUCACGCT,40,32,C,2′-deoxy,,PO,aptamer core,,"US20090203766A1, SEQ ID NO: 1",https://patents.google.com/patent/US20090203766A1/en,Exact patent-reported position map for the 40-mer core of PEGylated ARC1779; clinical platelet outcomes are represented in separate clinical records.
CHEM-TMB-0824,OLG-TMB-045,ARC1779,GCGUGCAGUGCCUUCGGCCGTGCGGTGCCUCCGUCACGCT,40,33,G,2′-O-methyl,,PO,aptamer core,,"US20090203766A1, SEQ ID NO: 1",https://patents.google.com/patent/US20090203766A1/en,Exact patent-reported position map for the 40-mer core of PEGylated ARC1779; clinical platelet outcomes are represented in separate clinical records.
CHEM-TMB-0825,OLG-TMB-045,ARC1779,GCGUGCAGUGCCUUCGGCCGTGCGGTGCCUCCGUCACGCT,40,34,U,2′-O-methyl,,PO,aptamer core,,"US20090203766A1, SEQ ID NO: 1",https://patents.google.com/patent/US20090203766A1/en,Exact patent-reported position map for the 40-mer core of PEGylated ARC1779; clinical platelet outcomes are represented in separate clinical records.
CHEM-TMB-0826,OLG-TMB-045,ARC1779,GCGUGCAGUGCCUUCGGCCGTGCGGTGCCUCCGUCACGCT,40,35,C,2′-deoxy,,PO,aptamer core,,"US20090203766A1, SEQ ID NO: 1",https://patents.google.com/patent/US20090203766A1/en,Exact patent-reported position map for the 40-mer core of PEGylated ARC1779; clinical platelet outcomes are represented in separate clinical records.
CHEM-TMB-0827,OLG-TMB-045,ARC1779,GCGUGCAGUGCCUUCGGCCGTGCGGTGCCUCCGUCACGCT,40,36,A,2′-O-methyl,,PO,aptamer core,,"US20090203766A1, SEQ ID NO: 1",https://patents.google.com/patent/US20090203766A1/en,Exact patent-reported position map for the 40-mer core of PEGylated ARC1779; clinical platelet outcomes are represented in separate clinical records.
CHEM-TMB-0828,OLG-TMB-045,ARC1779,GCGUGCAGUGCCUUCGGCCGTGCGGTGCCUCCGUCACGCT,40,37,C,2′-O-methyl,,PO,aptamer core,,"US20090203766A1, SEQ ID NO: 1",https://patents.google.com/patent/US20090203766A1/en,Exact patent-reported position map for the 40-mer core of PEGylated ARC1779; clinical platelet outcomes are represented in separate clinical records.
CHEM-TMB-0829,OLG-TMB-045,ARC1779,GCGUGCAGUGCCUUCGGCCGTGCGGTGCCUCCGUCACGCT,40,38,G,2′-O-methyl,,PO,aptamer core,,"US20090203766A1, SEQ ID NO: 1",https://patents.google.com/patent/US20090203766A1/en,Exact patent-reported position map for the 40-mer core of PEGylated ARC1779; clinical platelet outcomes are represented in separate clinical records.
CHEM-TMB-0830,OLG-TMB-045,ARC1779,GCGUGCAGUGCCUUCGGCCGTGCGGTGCCUCCGUCACGCT,40,39,C,2′-O-methyl,,PO,aptamer core,,"US20090203766A1, SEQ ID NO: 1",https://patents.google.com/patent/US20090203766A1/en,Exact patent-reported position map for the 40-mer core of PEGylated ARC1779; clinical platelet outcomes are represented in separate clinical records.
CHEM-TMB-0831,OLG-TMB-045,ARC1779,GCGUGCAGUGCCUUCGGCCGTGCGGTGCCUCCGUCACGCT,40,40,T,2′-deoxy,,TERMINAL,aptamer core,3′ inverted dT cap,"US20090203766A1, SEQ ID NO: 1",https://patents.google.com/patent/US20090203766A1/en,Exact patent-reported position map for the 40-mer core of PEGylated ARC1779; clinical platelet outcomes are represented in separate clinical records.
