measurement_id,oligo_id,study_type,species,system_model,tissue,delivery_method,dose_or_conc_value,dose_or_conc_unit,exposure_duration,readout_category,readout_name,readout_value,readout_unit,effect_direction,effect_vs_control,thrombocytopenia_grade,is_platelet_specific,subject_class,source_id,source_ref,source_table,redistribution,notes
TMSR105,TOLG013,animal_invivo,monkey,cynomolgus_invivo,blood,systemic_dose,5,mg/kg,repeat-dose toxicology studies,platelet_count,platelet_count_lt50k_incidence,2-4,pct_incidence,decrease,sporadic falls to <50 x10^9/L in 2-4% of NHPs at doses >5 mg/kg,3,TRUE,animal_in_vivo,S-HENRY17,"PMID 28541820 / doi:10.1089/nat.2017.0666 (Henry et al. 2017, Nucleic Acid Ther 27:197-208)",Abstract (Results),summary_stat,"CLASS-LEVEL ROW. Pattern 2 of the bimodal endpoint: the rare, sporadic, often non-reproducible severe fall. Graded on the SEVERITY of the event (<50 x10^9/L), not on the small incidence, per the rubric. Dose threshold stated as >5 mg/kg."
TMSR106,TOLG013,animal_invivo,monkey,cynomolgus_invivo,blood,systemic_dose,TBD,mg/kg,repeat-dose toxicology studies (61 studies),platelet_count,group_mean_platelet_decrease_compound_frequency,30,pct_of_compounds,decrease,"consistent, reproducible group-mean decrease in ~30% of 102 compounds; platelet count typically remains >=150 x10^9/L",1,TRUE,animal_in_vivo,S-HENRY17,"PMID 28541820 / doi:10.1089/nat.2017.0666 (Henry et al. 2017, Nucleic Acid Ther 27:197-208)","Abstract (Results); database of >102 independent 2'-MOE ASOs, 61 studies, >2200 NHPs",summary_stat,"CLASS-LEVEL ROW (not a single compound). Pattern 1 of the bimodal endpoint: the common, dose-dependent, reversible, self-limiting mean decline that stays within the normal range -> grade 1."
TMSR375,TOLG015,animal_invivo,monkey,cynomolgus_invivo,blood,systemic_dose,20,mg/kg,repeat-dose toxicology studies,platelet_count,platelet_count,TBD,10^9/L,decrease,platelet reductions at >20 mg/kg/wk; did not generally progress and did not adversely affect haemostasis; reversible over weeks to months,1,TRUE,animal_in_vivo,R-FRAZ15,"doi:10.1177/0192623314551840 — Frazier KS (2015) ""Antisense oligonucleotide therapies: the promise and the challenges from a toxicologic pathologist's perspective"", Toxicol Pathol 43:78-89","Section ""THROMBOCYTOPENIA (CHALLENGE #3)"", p.84 (citing Levin and Henry 2008; Marquis and Grindel 2000)",summary_stat,"PATTERN 1 of the bimodal endpoint - the common, dose-dependent, reversible decline. Dose is the stated weekly threshold (>20 mg/kg/wk); no numeric platelet count is printed, so readout_value is TBD."
TMSR376,TOLG015,animal_invivo,monkey,cynomolgus_invivo,blood,systemic_dose,TBD,mg/kg,repeat-dose toxicology studies,platelet_count,platelet_nadir,40,10^9/L,decrease,sporadic animals fell below 40 x10^9/L with NO apparent dose response,3,TRUE,animal_in_vivo,R-FRAZ15,"doi:10.1177/0192623314551840 — Frazier KS (2015) ""Antisense oligonucleotide therapies: the promise and the challenges from a toxicologic pathologist's perspective"", Toxicol Pathol 43:78-89","Section ""THROMBOCYTOPENIA (CHALLENGE #3)"", p.84 (unpublished/anecdotal reports from the 2013 DIA/FDA and 2014 TIDE oligonucleotide conferences, e.g. Younis et al. 2013)",summary_stat,"PATTERN 2 of the bimodal endpoint - the rare, sporadic, idiosyncratic severe fall. Source prints ""below 40,000/mL"", an evident unit typo for 40,000/uL = 40 x10^9/L. Clinical presentation: multiple haemorrhages and lethargy; required multiple doses; platelets recovered on withdrawal and thrombocytopenia RECURRED ON RECHALLENGE, with a protracted time to recurrence that Frazier notes is inconsistent with a type I antibody-mediated hypersensitivity. ANECDOTAL/UNPUBLISHED provenance - the source itself flags it as such."
TMSR379,TOLG018,animal_invivo,monkey,cynomolgus_invivo,blood,systemic_dose,12,mg/kg,93d,platelet_count,platelet_nadir,<75,K/mm3,decrease,TBD,2,TRUE,animal_in_vivo,workflow:10.1038/mt.2016.136 (PMC5112040; PMID 273576,10.1038/mt.2016.136 (PMC5112040; PMID 27357629),"Supplementary Figure S5b (red open circles, 12 mg/kg/week panel, study day 93); Results, 'Hematology' paragraph 2",summary_stat,"SINGLE ANIMAL (n=1). Source text verbatim: 'An example of this phenomenon is shown in the results from one study where a profound reduction in platelet counts (<75 K/mm3) was observed in a single monkey during the course treatment (see Supplementary Figure S5b).' readout_value recorded as the printed threshold '<75' - the exact count is NOT printed anywhere. Dose group (12 mg/kg/week) and timepoint (study day 93) are read from the Fig S5b panel/axis labels, which are legible; Fig S5b dose groups are 0, 4, 8, 12, 40 mg/kg/wk at study days -13, -7, 30, 93. Graded 2, not 3: the red circle plots between the 50 and 75 K/mm3 gridlines, so the CTCAE 50-99 band applies and the <50 threshold that grade 3 requires is not established. Authors add these events 'appear to be highly idiosyncratic and are likely not associated with myelosuppression, or thromboembolic phenomena', and that mechanistic studies are underway."
TMSR380,TOLG019,animal_invivo,monkey,cynomolgus_invivo,blood,systemic_dose,40,mg/kg,TBD,platelet_count,sustained_platelet_count_decrease_incidence,TBD,NA,decrease,TBD,1,TRUE,animal_in_vivo,workflow:10.1038/mt.2016.136 (PMC5112040; PMID 273576,10.1038/mt.2016.136 (PMC5112040; PMID 27357629),"Results, 'Hematology' paragraph 1; Supplementary Figure S5a",summary_stat,"QUALITATIVE ROW - no numerator is printed. Source text verbatim: 'In nonGLP screening studies we have evaluated ~ 40 2'MOE chimeric ASOs at a dose of 40 mg/kg/wk and identified only a few ASOs that produced sustained effects on platelet counts (see Supplementary Figure S5a). Thus, there is no apparent class effect on platelets, but individual sequences may be problematic in the NHP and perhaps humans.' Dose is 40 mg/kg/WEEK. readout_value is TBD because 'a few' is not quantified. Graded 1 on the authors' own characterisation of Fig S5a as 'moderate SUSTAINED decreases': in that panel every mean +/- SEM curve stays well above the marked 75,000 cells/uL event threshold (visually none descends below roughly 230 K/mm3), so the 50-99 K/mm3 grade-2 band is not reached. The visual floor is an approximate reading of an unlabelled plot and is recorded as context only, not as a value. Exposure duration TBD; Fig S5a x-axis runs from study day -20 to about day 93."
TMSR381,TOLG020,animal_invivo,monkey,cynomolgus_invivo,blood,systemic_dose,>24,mg/kg,13wk,platelet_count,mean_platelet_count,322.3,K/mm3,decrease,-24.7%,1,TRUE,animal_in_vivo,workflow:10.1038/mt.2016.136 (PMC5112040; PMID 273576,10.1038/mt.2016.136 (PMC5112040; PMID 27357629),"Supplementary Table S6a ('Platelets, K/mm3', non-clinical), Week 13 row, column '>24 mg/kg/week'",summary_stat,"Mean (SE) 322.3 (18.3), marked with double-dagger = p<0.001 vs control; n=22; median 334.0 (Q1,Q3 273.0, 393.0); min-max 133.0-477.0. Largest mean decrement anywhere in the NHP dataset (-24.7% vs the Week 13 control mean of 428.3, a derived ratio). Graded 1: highly significant but mean and even the minimum (133 K/mm3) remain above 100 K/mm3, so the decline is mild/reversible in rubric terms. Dose band is mg/kg/WEEK."
TMSR382,TOLG020,animal_invivo,monkey,cynomolgus_invivo,blood,systemic_dose,0,mg/kg,13wk,platelet_count,mean_platelet_count,428.3,K/mm3,no_change,reference_control_arm,0,TRUE,animal_in_vivo,workflow:10.1038/mt.2016.136 (PMC5112040; PMID 273576,10.1038/mt.2016.136 (PMC5112040; PMID 27357629),"Supplementary Table S6a ('Platelets, K/mm3', non-clinical), Week 13 row, column 'Control'",summary_stat,"Mean (SE) 428.3 (18.7), n=52; median 409.0 (Q1,Q3 348.0, 485.5); min-max 224.0-809.0. CONTROL-ARM ROW, dose_or_conc_value='0'. Week 13 is the last on-treatment timepoint (treatment periods up to 13 weeks). Graphical version is Figure 4a (NHP platelets, ULN 677 K/mm3); numeric values taken from Suppl. Table S6a in the supplementary PDF (mt2016136x1.pdf, p.41)."
TMSR383,TOLG020,animal_invivo,monkey,cynomolgus_invivo,blood,systemic_dose,<=4,mg/kg,14wk,platelet_count,mean_platelet_count,405.2,K/mm3,no_change,-2.7%,0,TRUE,animal_in_vivo,workflow:10.1038/mt.2016.136 (PMC5112040; PMID 273576,10.1038/mt.2016.136 (PMC5112040; PMID 27357629),"Supplementary Table S6a ('Platelets, K/mm3', non-clinical), Week 14 row, column '<= 4 mg/kg/week'",summary_stat,"Mean (SE) 405.2 (14.3), n=40, NO significance marker (p>=0.05 vs control); median 386.0 (Q1,Q3 344.0, 448.0); min-max 247.0-698.0. Grade 0: no statistically or clinically meaningful change. -2.7% vs control is a derived ratio of the two printed means."
TMSR384,TOLG020,animal_invivo,monkey,cynomolgus_invivo,blood,systemic_dose,>4-8,mg/kg,14wk,platelet_count,mean_platelet_count,411.8,K/mm3,no_change,-1.2%,0,TRUE,animal_in_vivo,workflow:10.1038/mt.2016.136 (PMC5112040; PMID 273576,10.1038/mt.2016.136 (PMC5112040; PMID 27357629),"Supplementary Table S6a ('Platelets, K/mm3', non-clinical), Week 14 row, column '> 4 to <= 8 mg/kg/week'",summary_stat,"Mean (SE) 411.8 (15.2), n=35, NO significance marker; median 408.0 (Q1,Q3 350.0, 455.0); min-max 281.0-749.0. Grade 0. -1.2% vs control is a derived ratio of the two printed means."
TMSR385,TOLG020,animal_invivo,monkey,cynomolgus_invivo,blood,systemic_dose,>8-12,mg/kg,14wk,platelet_count,mean_platelet_count,369.8,K/mm3,decrease,-11.2%,1,TRUE,animal_in_vivo,workflow:10.1038/mt.2016.136 (PMC5112040; PMID 273576,10.1038/mt.2016.136 (PMC5112040; PMID 27357629),"Supplementary Table S6a ('Platelets, K/mm3', non-clinical), Week 14 row, column '> 8 to <= 12 mg/kg/week'",summary_stat,"Mean (SE) 369.8 (13.2), marked double-dagger = p<0.001 vs control; n=57; median 358.0 (Q1,Q3 303.0, 455.0); min-max 85.70-580.0. Graded 1: significant mean decline but far above 100 K/mm3. NOTE the group MINIMUM of 85.70 K/mm3 - the only sub-100 K/mm3 individual value printed in Suppl. Table S6a outside the control baseline row (which had a min of 34.0 K/mm3 at Baseline). -11.2% vs control is a derived ratio."
TMSR386,TOLG020,animal_invivo,monkey,cynomolgus_invivo,blood,systemic_dose,>24,mg/kg,14wk,platelet_count,mean_platelet_count,366.6,K/mm3,decrease,-12.0%,1,TRUE,animal_in_vivo,workflow:10.1038/mt.2016.136 (PMC5112040; PMID 273576,10.1038/mt.2016.136 (PMC5112040; PMID 27357629),"Supplementary Table S6a ('Platelets, K/mm3', non-clinical), Week 14 row, column '>24 mg/kg/week'",summary_stat,"Mean (SE) 366.6 (12.8), marked double-dagger = p<0.001 vs control; n=59; median 366.0 (Q1,Q3 302.0, 434.0); min-max 136.0-593.0. Graded 1. -12.0% vs control is a derived ratio. The >12-24 mg/kg/wk column is EMPTY throughout Suppl. Table S6a (cells did not meet the n>=10 animals and >=4 ASOs criteria), which is why no Week 13/14 mean row exists for that band."
TMSR387,TOLG020,animal_invivo,monkey,cynomolgus_invivo,blood,systemic_dose,0,mg/kg,14wk,platelet_count,mean_platelet_count,416.6,K/mm3,no_change,reference_control_arm,0,TRUE,animal_in_vivo,workflow:10.1038/mt.2016.136 (PMC5112040; PMID 273576,10.1038/mt.2016.136 (PMC5112040; PMID 27357629),"Supplementary Table S6a ('Platelets, K/mm3', non-clinical), Week 14 row, column 'Control'",summary_stat,"Mean (SE) 416.6 (10.7), n=74; median 410.5 (Q1,Q3 347.0, 482.0); min-max 198.0-633.0. CONTROL-ARM ROW, dose_or_conc_value='0'. Week 14 is the final tabulated timepoint and the only late timepoint with data across all five dose columns, so it carries the complete NHP dose-response series; treatment periods are stated as up to 13 weeks, so Week 14 is at or just past end-of-dosing (the source does not label it as a recovery timepoint)."
TMSR393,TOLG020,animal_invivo,monkey,cynomolgus_invivo,plasma,systemic_dose,<=4,mg/kg,up to 13wk,coagulation,prothrombin_time_gt1.2xULN_incidence,2.4,pct_incidence,no_change,2.4pct_vs_0.6pct_control,0,FALSE,animal_in_vivo,workflow:10.1038/mt.2016.136 (PMC5112040; PMID 273576,10.1038/mt.2016.136 (PMC5112040; PMID 27357629),"Table 1, 'PT' / '> 1.2x ULN', column '<= 4 mg/kg/week'",summary_stat,ADJACENT-HAEMATOLOGY CONTEXT ROW. 2 of 85 monkeys. Grade 0 - no thrombocytopenia described; PT incidence shows no dose relationship across the six NHP bands (0.6/2.4/1.3/1.1/3.4/0.9%). PT events are unconfirmed single observations per the table footnote.
TMSR394,TOLG020,animal_invivo,monkey,cynomolgus_invivo,plasma,systemic_dose,>4-8,mg/kg,up to 13wk,coagulation,prothrombin_time_gt1.2xULN_incidence,1.3,pct_incidence,no_change,1.3pct_vs_0.6pct_control,0,FALSE,animal_in_vivo,workflow:10.1038/mt.2016.136 (PMC5112040; PMID 273576,10.1038/mt.2016.136 (PMC5112040; PMID 27357629),"Table 1, 'PT' / '> 1.2x ULN', column '> 4 to <= 8 mg/kg/week'",summary_stat,ADJACENT-HAEMATOLOGY CONTEXT ROW. 1 of 80 monkeys. Grade 0. PT events are unconfirmed single observations per the table footnote.
TMSR395,TOLG020,animal_invivo,monkey,cynomolgus_invivo,plasma,systemic_dose,>8-12,mg/kg,up to 13wk,coagulation,prothrombin_time_gt1.2xULN_incidence,1.1,pct_incidence,no_change,1.1pct_vs_0.6pct_control,0,FALSE,animal_in_vivo,workflow:10.1038/mt.2016.136 (PMC5112040; PMID 273576,10.1038/mt.2016.136 (PMC5112040; PMID 27357629),"Table 1, 'PT' / '> 1.2x ULN', column '> 8 to <= 12 mg/kg/week'",summary_stat,ADJACENT-HAEMATOLOGY CONTEXT ROW. 1 of 95 monkeys. Grade 0. PT events are unconfirmed single observations per the table footnote.
TMSR396,TOLG020,animal_invivo,monkey,cynomolgus_invivo,plasma,systemic_dose,>12-24,mg/kg,up to 13wk,coagulation,prothrombin_time_gt1.2xULN_incidence,3.4,pct_incidence,no_change,3.4pct_vs_0.6pct_control,0,FALSE,animal_in_vivo,workflow:10.1038/mt.2016.136 (PMC5112040; PMID 273576,10.1038/mt.2016.136 (PMC5112040; PMID 27357629),"Table 1, 'PT' / '> 1.2x ULN', column '>12 to <=24 mg/kg/week'",summary_stat,ADJACENT-HAEMATOLOGY CONTEXT ROW. 1 of 29 monkeys - highest PT percentage but on the smallest denominator. Grade 0. PT events are unconfirmed single observations per the table footnote.
TMSR397,TOLG020,animal_invivo,monkey,cynomolgus_invivo,plasma,systemic_dose,>24,mg/kg,up to 13wk,coagulation,prothrombin_time_gt1.2xULN_incidence,0.9,pct_incidence,no_change,0.9pct_vs_0.6pct_control,0,FALSE,animal_in_vivo,workflow:10.1038/mt.2016.136 (PMC5112040; PMID 273576,10.1038/mt.2016.136 (PMC5112040; PMID 27357629),"Table 1, 'PT' / '> 1.2x ULN', column '>24 mg/kg/week'",summary_stat,ADJACENT-HAEMATOLOGY CONTEXT ROW. 1 of 112 monkeys at the highest NHP dose band - essentially identical to control (0.9% vs 0.6%). Grade 0. PT events are unconfirmed single observations per the table footnote.
TMSR398,TOLG020,animal_invivo,monkey,cynomolgus_invivo,plasma,systemic_dose,0,mg/kg,up to 13wk,coagulation,prothrombin_time_gt1.2xULN_incidence,0.6,pct_incidence,no_change,reference_control_arm,0,FALSE,animal_in_vivo,workflow:10.1038/mt.2016.136 (PMC5112040; PMID 273576,10.1038/mt.2016.136 (PMC5112040; PMID 27357629),"Table 1, 'PT, N' / '> 1.2x ULN', column '0 (Control)'",summary_stat,"ADJACENT-HAEMATOLOGY CONTEXT ROW (is_platelet_specific=FALSE). 1 of 156 control monkeys. Graded 0 because no thrombocytopenia is described by this readout; PT is retained only as coagulation context alongside the platelet series. CONTROL-ARM ROW, dose_or_conc_value='0'. Table 2 footnote (applies to both tables' methodology): incidence is based on confirmed test results EXCEPT for PT, Bb and C5a, i.e. PT events are unconfirmed single observations."
TMSR399,TOLG020,animal_invivo,monkey,cynomolgus_invivo,blood,systemic_dose,<=4,mg/kg,up to 13wk,platelet_count,platelet_count_lt75K_incidence,2.1,pct_incidence,decrease,2.1pct_vs_0.0pct_control,2,TRUE,animal_in_vivo,workflow:10.1038/mt.2016.136 (PMC5112040; PMID 273576,10.1038/mt.2016.136 (PMC5112040; PMID 27357629),"Table 1, Hematology block, '< 75 K/mm3', column '<= 4 mg/kg/week'",summary_stat,"2 of 95 monkeys. Graded 2 on event severity: <75 K/mm3 falls in the CTCAE 50-99 band; grade 3 (<50) is not established because the source reports only the threshold, not the nadir values. Text: 'These events are sporadic and not obviously dose or sequence related... the numbers of NHP evaluated does not support a firm conclusion about dose relatedness.'"
TMSR400,TOLG020,animal_invivo,monkey,cynomolgus_invivo,blood,systemic_dose,>4-8,mg/kg,up to 13wk,platelet_count,platelet_count_lt75K_incidence,0.0,pct_incidence,no_change,0.0pct_vs_0.0pct_control,0,TRUE,animal_in_vivo,workflow:10.1038/mt.2016.136 (PMC5112040; PMID 273576,10.1038/mt.2016.136 (PMC5112040; PMID 27357629),"Table 1, Hematology block, '< 75 K/mm3', column '> 4 to <= 8 mg/kg/week'",summary_stat,"EXPLICIT ZERO: 0 of 95 monkeys. Grade 0. Band would have carried grade 2 had events occurred. Non-monotonic across dose bands (2.1 / 0.0 / 1.8 / 3.0 / 0.0%), consistent with the authors' description of these events as sporadic and not dose related."
TMSR401,TOLG020,animal_invivo,monkey,cynomolgus_invivo,blood,systemic_dose,>8-12,mg/kg,up to 13wk,platelet_count,platelet_count_lt75K_incidence,1.8,pct_incidence,decrease,1.8pct_vs_0.0pct_control,2,TRUE,animal_in_vivo,workflow:10.1038/mt.2016.136 (PMC5112040; PMID 273576,10.1038/mt.2016.136 (PMC5112040; PMID 27357629),"Table 1, Hematology block, '< 75 K/mm3', column '> 8 to <= 12 mg/kg/week'",summary_stat,2 of 114 monkeys. Graded 2 (CTCAE 50-99 band; nadir values not printed so grade 3 unsupported). Related observation: Suppl. Table S6a Week 14 minimum in this same dose band is 85.70 K/mm3.
TMSR402,TOLG020,animal_invivo,monkey,cynomolgus_invivo,blood,systemic_dose,>12-24,mg/kg,up to 13wk,platelet_count,platelet_count_lt75K_incidence,3.0,pct_incidence,decrease,3.0pct_vs_0.0pct_control,2,TRUE,animal_in_vivo,workflow:10.1038/mt.2016.136 (PMC5112040; PMID 273576,10.1038/mt.2016.136 (PMC5112040; PMID 27357629),"Table 1, Hematology block, '< 75 K/mm3', column '>12 to <=24 mg/kg/week'",summary_stat,1 of 33 monkeys - highest incidence of the <75 K/mm3 event but on the smallest denominator. Graded 2 (CTCAE 50-99 band; nadir not printed).
TMSR403,TOLG020,animal_invivo,monkey,cynomolgus_invivo,blood,systemic_dose,>24,mg/kg,up to 13wk,platelet_count,platelet_count_lt75K_incidence,0.0,pct_incidence,no_change,0.0pct_vs_0.0pct_control,0,TRUE,animal_in_vivo,workflow:10.1038/mt.2016.136 (PMC5112040; PMID 273576,10.1038/mt.2016.136 (PMC5112040; PMID 27357629),"Table 1, Hematology block, '< 75 K/mm3', column '>24 mg/kg/week'",summary_stat,"EXPLICIT ZERO: 0 of 145 monkeys at the HIGHEST dose band. Grade 0. Band would have carried grade 2 had events occurred. This zero at the top dose is the strongest single piece of evidence that the severe NHP platelet events are idiosyncratic rather than dose-driven, even though the >30% decline incidence is maximal (40.7%) in this same band."
TMSR404,TOLG020,animal_invivo,monkey,cynomolgus_invivo,blood,systemic_dose,<=4,mg/kg,up to 13wk,platelet_count,platelet_decrease_gt30pct_from_baseline_incidence,14.7,pct_incidence,decrease,14.7pct_vs_7.3pct_control,1,TRUE,animal_in_vivo,workflow:10.1038/mt.2016.136 (PMC5112040; PMID 273576,10.1038/mt.2016.136 (PMC5112040; PMID 27357629),"Table 1, Hematology block, '> 30% dec. versus baseline', column '<= 4 mg/kg/week'",summary_stat,14 of 95 monkeys. Dose band is mg/kg/WEEK (unit enum has no per-week option). Graded 1: >30% relative decline remains well above 100 K/mm3.
TMSR405,TOLG020,animal_invivo,monkey,cynomolgus_invivo,blood,systemic_dose,>4-8,mg/kg,up to 13wk,platelet_count,platelet_decrease_gt30pct_from_baseline_incidence,14.7,pct_incidence,decrease,14.7pct_vs_7.3pct_control,1,TRUE,animal_in_vivo,workflow:10.1038/mt.2016.136 (PMC5112040; PMID 273576,10.1038/mt.2016.136 (PMC5112040; PMID 27357629),"Table 1, Hematology block, '> 30% dec. versus baseline', column '> 4 to <= 8 mg/kg/week'",summary_stat,14 of 95 monkeys. Dose band is mg/kg/WEEK. Graded 1: >30% relative decline remains well above 100 K/mm3.
TMSR406,TOLG020,animal_invivo,monkey,cynomolgus_invivo,blood,systemic_dose,>8-12,mg/kg,up to 13wk,platelet_count,platelet_decrease_gt30pct_from_baseline_incidence,24.6,pct_incidence,decrease,24.6pct_vs_7.3pct_control,1,TRUE,animal_in_vivo,workflow:10.1038/mt.2016.136 (PMC5112040; PMID 273576,10.1038/mt.2016.136 (PMC5112040; PMID 27357629),"Table 1, Hematology block, '> 30% dec. versus baseline', column '> 8 to <= 12 mg/kg/week'",summary_stat,"28 of 114 monkeys. Dose band is mg/kg/WEEK. Incidence rises >3-fold over control but event severity (a >30% relative decline, still >100 K/mm3) sets the grade at 1 per rubric."
TMSR407,TOLG020,animal_invivo,monkey,cynomolgus_invivo,blood,systemic_dose,>12-24,mg/kg,up to 13wk,platelet_count,platelet_decrease_gt30pct_from_baseline_incidence,39.4,pct_incidence,decrease,39.4pct_vs_7.3pct_control,1,TRUE,animal_in_vivo,workflow:10.1038/mt.2016.136 (PMC5112040; PMID 273576,10.1038/mt.2016.136 (PMC5112040; PMID 27357629),"Table 1, Hematology block, '> 30% dec. versus baseline', column '>12 to <=24 mg/kg/week'",summary_stat,"13 of 33 monkeys - smallest denominator in the NHP table. Dose band is mg/kg/WEEK. Text: 'results in Table 1 show that there is an increased incidence of >30% reduction of platelets compared with baseline (<0.7x BSLN) at high doses (>12 mg/kg/wk, i.e., 20, 40 or 50 mg/kg/wk)'."
TMSR408,TOLG020,animal_invivo,monkey,cynomolgus_invivo,blood,systemic_dose,>24,mg/kg,up to 13wk,platelet_count,platelet_decrease_gt30pct_from_baseline_incidence,40.7,pct_incidence,decrease,40.7pct_vs_7.3pct_control,1,TRUE,animal_in_vivo,workflow:10.1038/mt.2016.136 (PMC5112040; PMID 273576,10.1038/mt.2016.136 (PMC5112040; PMID 27357629),"Table 1, Hematology block, '> 30% dec. versus baseline', column '>24 mg/kg/week'",summary_stat,"59 of 145 monkeys - highest incidence in the series and the top of a monotonic dose-response (7.3 -> 14.7 -> 14.7 -> 24.6 -> 39.4 -> 40.7%). Dose band is mg/kg/WEEK; high doses comprised 20, 40 or 50 mg/kg/wk. Graded 1 on event severity (>30% relative decline, still >100 K/mm3), not on incidence."
TMSR409,TOLG020,animal_invivo,monkey,cynomolgus_invivo,blood,systemic_dose,0,mg/kg,up to 13wk,platelet_count,platelet_count_lt75K_incidence,0.0,pct_incidence,no_change,reference_control_arm,0,TRUE,animal_in_vivo,workflow:10.1038/mt.2016.136 (PMC5112040; PMID 273576,10.1038/mt.2016.136 (PMC5112040; PMID 27357629),"Table 1, Hematology block, 'Platelets' / '< 75 K/mm3', column '0 (Control)'",summary_stat,"EXPLICIT ZERO: 0 of 192 control monkeys. Grade 0. Had events occurred, the <75 K/mm3 band would have carried grade 2 (the band guarantees <=75 K/mm3, i.e. inside the 50-99 CTCAE band, but cannot establish <50 which grade 3 requires). CONTROL-ARM ROW, dose_or_conc_value='0'."
TMSR410,TOLG020,animal_invivo,monkey,cynomolgus_invivo,blood,systemic_dose,0,mg/kg,up to 13wk,platelet_count,platelet_decrease_gt30pct_from_baseline_incidence,7.3,pct_incidence,decrease,reference_control_arm,1,TRUE,animal_in_vivo,workflow:10.1038/mt.2016.136 (PMC5112040; PMID 273576,10.1038/mt.2016.136 (PMC5112040; PMID 27357629),"Table 1, Hematology block, 'Platelets, N' / '> 30% dec. versus baseline', column '0 (Control)'",summary_stat,"14 of 192 control (saline) monkeys. CONTROL-ARM ROW - dose_or_conc_value='0' is the canonical filter; graded on what was observed. Graded 1 because a >30% relative decline from a NHP baseline mean of ~445-478 K/mm3 lands near ~310-330 K/mm3, i.e. remains far above 100 K/mm3. Table 1 image is an embedded JPEG (mt2016136t1.jpg), read by vision from the Europe PMC supplementaryFiles bundle."
TMSR436,TOLG025,animal_invivo,mouse,"mouse_invivo (C57BL/6, 8-10 wk; complexed with recombinant murine PF4)",plasma,systemic_dose,200,ug/mL,retroorbital injection daily for 5 days; serum sampled 10 days later (day 15),immunogenicity,anti-PF4/aptamer_antibody,2.39,OD (median; range 1.96-2.61),increase,"strong, robust response in ALL 5 animals; vs aptamer alone median OD 0.20 and vs mPF4 alone median OD 0.84 (P = .015 vs mPF4 alone)",2,FALSE,animal_in_vivo,workflow:doi:10.1182/blood-2013-01-478966 (PMC3709655,doi:10.1182/blood-2013-01-478966 (PMC3709655 / PMID 23673861),Fig 5E,summary_stat,"Text: 'In mice, mPF4/44mer-DNA protein C aptamer complexes induced a strong and robust immune response within 15 days in all animals (median OD: 2.39, range: 1.96-2.61, n = 5; Figure 5E).' Dosing per Methods: mPF4 and aptamer each at 200 ug/mL in a 100 uL final volume, retroorbital, daily x5 (i.e. ~20 ug of each per dose). Positive-control mPF4/heparin-immunised mice: median OD 1.58, range 0.61-2.76, n=7 (heparin 33 ug/mL). is_platelet_specific FALSE: this is a serologic endpoint - NO platelet count, platelet activation or thrombosis endpoint was measured in the mouse study. Graded 2 on demonstrated in-vivo induction of HIT-type anti-PF4/polyanion antibodies by a therapeutic-class aptamer; grade 3 was NOT assigned because no thrombocytopenia, platelet clearance or thrombotic event was observed or looked for."
TMSR437,TOLG025,animal_invivo,mouse,"mouse_invivo (C57BL/6; aptamer alone, without PF4)",plasma,systemic_dose,200,ug/mL,retroorbital injection daily for 5 days; serum sampled 10 days later (day 15),immunogenicity,anti-PF4/aptamer_antibody,0.20,OD (median; range 0.10-1.39),no_change,no antibody formation except in 1 of 6 animals; vs median OD 2.39 when the aptamer was administered complexed with mPF4,0,FALSE,animal_in_vivo,workflow:doi:10.1182/blood-2013-01-478966 (PMC3709655,doi:10.1182/blood-2013-01-478966 (PMC3709655 / PMID 23673861),Fig 5E,summary_stat,"Text: 'Injection of the aptamer alone did not induce antibody formation with the exception of 1 animal (median OD: 0.20, range: 0.10-1.39; Figure 5E).' n=6 per the Fig 5E legend. Explicit near-null control row - grade 0, and valuable: it shows the aptamer alone is not immunogenic and that PRE-FORMED PF4 COMPLEXATION is what drives the response. Had the aptamer alone induced the response it would have carried grade 2 like its complexed partner rows. The single responding animal (OD 1.39) is retained in the range."
TMSR438,TOLG025,animal_invivo,mouse,mouse_invivo (C57BL/6; sera from mPF4/44mer-aptamer-immunised mice tested against mPF4/heparin complexes),plasma,systemic_dose,200,ug/mL,retroorbital injection daily for 5 days; serum sampled 10 days later (day 15),immunogenicity,anti-PF4/heparin_antibody_crossreactivity,1.73,OD (median; range 1.10-2.13),increase,"cross-reactive against mPF4/heparin at median OD 1.73, comparable to mPF4/heparin-immunised positive controls (median OD 1.58, range 0.61-2.76, n=7)",2,FALSE,animal_in_vivo,workflow:doi:10.1182/blood-2013-01-478966 (PMC3709655,doi:10.1182/blood-2013-01-478966 (PMC3709655 / PMID 23673861),Fig 5E,summary_stat,"Text: 'These antibodies cross-reacted against mPF4/heparin complexes (median OD: 1.73, range 1.10-2.13, n = 5; Figure 5E).' Antibody binding was always inhibited by 660 ug/mL heparin (Fig 5E open symbols), confirming anti-PF4/polyanion specificity. Second readout on the same animals as the preceding row, split per the one-row-per-readout rule. Grade 2 for the same reason: HIT-type antibody induction demonstrated in vivo, but no platelet endpoint measured. This row supports the paper's central safety claim that 'administration of therapeutic aptamers has the potential to induce anti-PF4/polyanion antibodies and a prothrombotic diathesis'."
TMSR451,TOLG034,animal_invivo,rat,Sprague-Dawley_rat_invivo,blood,systemic_dose,3.0,mg/kg,"Q2W IV infusion, Day 44 sampling (13 weeks)",platelet_count,platelet_count,598.4,10^3/uL,decrease,"-28% vs PBS control (837.0 -> 598.4, p<0.05)",1,TRUE,animal_in_vivo,S-FDA-PATI,FDA NDA 210922 Orig1s000 Multi-discipline Review (210922Orig1s000MultiR.pdf),"Pharm/Tox review p.27, Study hematology table Day 44 (males), AF-011-1955 arm",public_domain,"LNP-packaged anti-luciferase siRNA control arm included specifically 'to distinguish between siRNA-mediated or lipid nanoparticle toxicities'. Platelet decrease with the LNP control but not with ALN-TTR02 at the same dose points to a lipid-nanoparticle rather than siRNA-sequence mechanism. Females 897.1 -> 758.6 (-15%, p<0.05)."
TMSR459,TOLG047,animal_invivo,monkey,cynomolgus_invivo,blood,systemic_dose,86.2,mg/kg,single dose (range-finding),platelet_count,platelet_count,TBD,TBD,increase,"INCREASED platelets (with decreased RBC, haematocrit and haemoglobin) at 86.2 and 287 mg/kg",0,TRUE,animal_in_vivo,A-IZERVAY,"FDA NDA 217225 (IZERVAY / avacincaptad pegol) Pharmacology/Toxicology review, reviewer Maria I. Rivera PhD, Reference ID 5180757","Section 6.1 Single-Dose Toxicity — Single-Dose Range-Finding Study in Cynomolgus Monkeys (Study No. KSH00033), doses 0/2.9/8.6/28.7/86.2/287 mg/kg IV, n=1/timepoint",public_domain,"GRADE 0 with a direction of INCREASE: the platelet change here is thrombocytOSIS, not thrombocytopenia, so there is no thrombocytopenia signal to grade. The review elsewhere attributes the concurrent red-cell/clinical-pathology changes at >=86.2 mg/kg to haemodilution from the circulating PEG. n=1 per timepoint. NOAEL 28.7 mg/kg."
TMSR460,TOLG047,animal_invivo,rat,rat_invivo,blood,systemic_dose,540,mg/kg,single dose (range-finding),platelet_count,platelet_count,TBD,TBD,decrease,minimal decreases in platelet counts (and red cell parameters) at >=540 mg/kg,1,TRUE,animal_in_vivo,A-IZERVAY,"FDA NDA 217225 (IZERVAY / avacincaptad pegol) Pharmacology/Toxicology review, reviewer Maria I. Rivera PhD, Reference ID 5180757","Section 6.1 Single-Dose Toxicity — Single-Dose Range-Finding Study in Sprague-Dawley Rats (Study No. KSH00038), doses 0/10/26/54/100/260/540/800 mg/kg IV",public_domain,"Mortality and decreased body weight also occurred at 540 and 800 mg/kg. Graded 1: the review characterises the platelet change as ""minimal"". No numeric count is printed, so readout_value is TBD. NOAEL for the study was 26 mg/kg."
TMSR461,TOLG047,animal_invivo,monkey,cynomolgus_invivo,blood,systemic_dose,TBD,mg/kg,7d (IV bolus then continuous infusion),platelet_count,thrombocytopenia,TBD,TBD,decrease,"thrombocytopenia listed among the adverse effects, alongside anticoagulation, anaemia, hypoproteinaemia and increased rouleaux formation",2,TRUE,animal_in_vivo,A-IZERVAY,"FDA NDA 217225 (IZERVAY / avacincaptad pegol) Pharmacology/Toxicology review, reviewer Maria I. Rivera PhD, Reference ID 5180757","Section 6.2 Repeat-Dose Toxicity — 7-Day IV Toxicity Study in Cynomolgus Monkeys (Study No. KSH00040), cumulative doses 0/141/423/1410 mg/kg; and the Executive Summary p.8 / Integrated Summary p.94",public_domain,"dose_or_conc_value is TBD ON PURPOSE: the review names the dose threshold only for haemoglobin/rouleaux (""all dose levels"") and for APTT (>=423 mg/kg) and PT (1410 mg/kg), NOT for thrombocytopenia, so no dose attribution is asserted. Dose range across the study was 141-1410 mg/kg cumulative (the review states these as mg/kg/day on p.94 and as cumulative totals on p.65 - an internal inconsistency in the source). No NOAEL was identified. Exposure margin at the lowest dose stated as >540x the human systemic exposure at the 2 mg intravitreal clinical dose. Graded 2: an explicit thrombocytopenia finding with no severity quantified; most clinical pathology findings were reversible or partially reversible. THIS IS AN OFF-TARGET EFFECT - avacincaptad pegol is an anti-C5 aptamer with no intended platelet pharmacology, so it is not excluded by the on-target-antithrombotic rule applied elsewhere in this lane."
TMSR462,TOLG047,animal_invivo,monkey,cynomolgus_invivo,NA,systemic_dose,1410,mg/kg,7d (IV bolus then continuous infusion),clinical_outcome,mortality_with_hemorrhage,TBD,NA,increase,mortalities at the high dose attributed to cardiopulmonary failure resulting from haemorrhage and oedema in the heart (myocardium) and lungs,3,FALSE,animal_in_vivo,A-IZERVAY,"FDA NDA 217225 (IZERVAY / avacincaptad pegol) Pharmacology/Toxicology review, reviewer Maria I. Rivera PhD, Reference ID 5180757","Section 6.2 Repeat-Dose Toxicity — 7-Day IV Toxicity Study in Cynomolgus Monkeys (Study No. KSH00040), high-dose group",public_domain,"ADJACENT FALLBACK ROW (is_platelet_specific=FALSE): a haemorrhagic/fatal outcome that CO-OCCURRED with thrombocytopenia and prolonged PT/APTT in the same study, but which the review does not attribute to the platelet effect. Kept separate from the thrombocytopenia row so the two are not conflated. Grade 3 per the rubric clause for a haemorrhagic event. Enormous exposure multiple over the clinical intravitreal dose."
TMSR463,TOLG047,animal_invivo,rat,rat_invivo,blood,systemic_dose,367,mg/kg,7d (IV bolus then continuous infusion),platelet_count,platelet_count,TBD,TBD,decrease,"decreased platelet counts (with decreased RBC and WBC) at ALL dose levels, i.e. from the lowest cumulative dose of 367 mg/kg upward",2,TRUE,animal_in_vivo,A-IZERVAY,"FDA NDA 217225 (IZERVAY / avacincaptad pegol) Pharmacology/Toxicology review, reviewer Maria I. Rivera PhD, Reference ID 5180757","Section 6.2 Repeat-Dose Toxicity — 7-Day IV Toxicity Study in Sprague-Dawley Rats (Study No. 501280), cumulative doses 0/367/760/1410 mg/kg",public_domain,"Graded 2: an unequivocal platelet decrease with no NOAEL identified in the study, accompanied by prolonged PT/APTT and decreased fibrinogen. Exposure margin at the lowest dose is stated as >1000x the human systemic exposure at the 2 mg intravitreal clinical dose, so the clinical relevance of this row is low - weight accordingly."
TMSR464,TOLG047,animal_invivo,dog,"Beagle dog, intravitreal both eyes",blood,intravitreal,3.0,mg,9 months (10 monthly doses),platelet_count,hematology_panel_incl_platelet_count,TBD,NA,no_change,no test-article-related haematology findings,0,FALSE,animal_in_vivo,A-IZERVAY,"FDA NDA 217225 (IZERVAY / avacincaptad pegol) Pharmacology/Toxicology review, reviewer Maria I. Rivera PhD, Reference ID 5180757","Section 6.2 Repeat-Dose Toxicity — 9-month ocular (IVT) toxicity study in Beagle dogs, monthly dosing x10 doses, ""Hematology and Coagulation"" subsection",public_domain,"NO-EFFECT ROW at the CLINICAL ROUTE. In an explicitly reported Hematology and Coagulation panel (weeks 1, 5, 13, 25, 37, 41) the ONLY finding reported was a marginal APTT increase at 3.0 mg/eye +/- Lucentis (means 20.8-25.0 s vs 18.4-20.2 s in controls, only marginally above the historical control range 15.4-23.1 s), absent during recovery. No platelet finding was reported in a panel that was measured and reported. Flagged is_platelet_specific=FALSE because the platelet count is not named individually."
TMSR466,TOLG048,animal_invivo,mouse,mdx_mouse_invivo,blood,systemic_dose,960,mg/kg,26wk (once weekly IV) + 8wk recovery,platelet_count,platelet_count,-23,% of control,decrease,-23% vs control (reversible),1,TRUE,animal_in_vivo,S-FDA-ETEP,"FDA NDA 206488 Orig1s000 Pharmacology/Toxicology Review (EXONDYS 51, reviewer D.B. Hawver), Reference ID 3876740","p.45 (PDF p.67), Study 4225-tox-001 (26-Week Toxicity and TK Study of AVI-4225 in Mice), 'Hematology' section",public_domain,"Verbatim: 'Drug-related effects on hematology were limited to a reversible 23% reduction in platelet count in HD mdx mice compared to controls.' Notable because AVI-4225 is a NEUTRAL-backbone PMO, so a modest platelet decrease is achievable without phosphorothioate content - but only at 960 mg/kg/wk IV, i.e. ~8x the top monkey dose and far above clinical exposure. Reversible, mean decline -> grade 1."
TMSR467,TOLG048,animal_invivo,mouse,mdx_mouse_invivo,blood,systemic_dose,120,mg/kg,26wk (once weekly IV),platelet_count,platelet_count,TBD,NA,no_change,no platelet change at 12 or 120 mg/kg/wk,0,TRUE,animal_in_vivo,S-FDA-ETEP,"FDA NDA 206488 Orig1s000 Pharmacology/Toxicology Review (EXONDYS 51, reviewer D.B. Hawver), Reference ID 3876740","p.45 (PDF p.67), Study 4225-tox-001, 'Hematology' section",public_domain,"MEASURED GRADE 0 by exclusion within a reported finding: the platelet reduction was stated to occur in HD (960 mg/kg) mdx mice only, so the mid dose (120 mg/kg, the study NOAEL) was a measured no-effect on platelets in the same analysed panel."
TMSR469,TOLG050,animal_invivo,monkey,cynomolgus_invivo,blood,systemic_dose,640,mg/kg,39wk (once weekly IV) + 8wk recovery,platelet_count,hematology_panel_no_effect,TBD,NA,no_change,no significant test-article-related haematology effect up to 640 mg/kg/wk,0,FALSE,animal_in_vivo,S-FDA-CASI,"FDA NDA 213026 Orig1s000 Pharmacology/Toxicology Review (AMONDYS 45, reviewer B.J. Wilcox), Reference ID 4735654","p.32-33 (PDF p.41-42), Study SR-15-037 (SRP-4045 39-week IV infusion, male cynomolgus monkeys), 'Clinical Pathology - Hematology' section",public_domain,"ADJACENT-HAEMATOLOGY FALLBACK ROW. Verbatim: 'Hematology: No significant test article-related effects were observed.' 9/group (6 main + 3 recovery), 5-7 years old, doses 0, 80, 320, 640 mg/kg IV weekly."
TMSR470,TOLG050,animal_invivo,mouse,C57BL/6NCrl_mouse_invivo,blood,systemic_dose,960,mg/kg,26wk (once weekly SC),platelet_count,hematology_panel_no_effect,TBD,NA,no_change,no test-article-related haematology effect up to 960 mg/kg/wk,0,FALSE,animal_in_vivo,S-FDA-CASI,"FDA NDA 213026 Orig1s000 Pharmacology/Toxicology Review (AMONDYS 45, reviewer B.J. Wilcox), Reference ID 4735654","p.~28-29 (PDF p.37-38), 26-week SC mouse study of SRP-4045, 'Hematology' section",public_domain,"ADJACENT-HAEMATOLOGY FALLBACK ROW. Verbatim: 'Hematology: (A standard battery of hematology parameters was assessed.) No test article-related effects were observed.' Doses 0, 300, 600, 960 mg/kg SC weekly, male C57BL/6NCrl, 20/group main + 12/group recovery."
TMSR471,TOLG051,in_vitro,mouse,cell_free_solid_phase_EIA (microtiter plate coated with human PF4 10 ug/mL),NA,direct_addition,300,ug/mL,2h at 22C,platelet_binding,competition_of_biotinylated_RNA_binding_to_immobilized_PF4,TBD,OD (absolute values not printed; graphical only in Fig 2),decrease,decreased biotinylated-RNA binding to PF4; weakest of the three competitors (heparin > unlabeled RNA > DNA),0,FALSE,animal_in_vitro,workflow:doi:10.1182/blood-2013-01-478966 (PMC3709655,doi:10.1182/blood-2013-01-478966 (PMC3709655 / PMID 23673861),Fig 2,summary_stat,"Text: 'High concentrations of unlabeled RNA, DNA, or heparin decreased the binding of biotinylated RNA to PF4, with heparin showing the strongest inhibitory effect, followed by RNA and DNA. This indicates charge-dependent binding of RNA to PF4.' Competitors each at 300 ug/mL. Cell-free competition control; no platelet endpoint - grade 0 by that convention. Unlabeled cellular RNA and heparin were the other two competitors at the same 300 ug/mL."
TMSR472,TOLG052,in_vitro,mouse,cell_free_solid_phase_EIA (microtiter plate coated with human PF4 10 ug/mL),NA,direct_addition,6.25,ug/mL,2h at 22C,platelet_binding,biotinylated_RNA_binding_to_immobilized_PF4,TBD,OD (absolute values not printed; graphical only in Fig 2),increase,saturable binding to PF4-coated wells; no binding to BSA-coated control wells,0,FALSE,animal_in_vitro,workflow:doi:10.1182/blood-2013-01-478966 (PMC3709655,doi:10.1182/blood-2013-01-478966 (PMC3709655 / PMID 23673861),Fig 2,summary_stat,"Text: 'biotinylated RNA, which bound to PF4 in a saturable manner, reaching a maximum at 6.25 ug/mL (Figure 2)'. Cell-free mechanistic row establishing direct RNA-PF4 binding; NO platelet endpoint was measured in this assay, so grade 0 records the absence of a platelet measurement, not the absence of hazard. Tested range of biotinylated RNA 0.78-25 ug/mL. RNA is of mouse VSMC origin but the PF4 is human."
TMSR478,TOLG054,animal_invivo,mouse,mouse_invivo,NA,systemic_dose,TBD,mg/kg,TBD,clinical_outcome,bleeding_event,100,pct_animals,increase,all Chol-ASO-treated mice affected,3,FALSE,animal_in_vivo,TL-PMC12846741,PMC12846741 / PMID 41592789 / DOI 10.1093/nar/gkag007,Results section 'Chol-HDO mitigates platelet activation caused by Chol-ASO' (citing Supplementary Fig. S5),cc_by,Text: 'we found that all mice treated with Chol-ASO targeting Dmpk exhibited pulmonary hemorrhage and lethality'. Graded 3 on the severity of the event (haemorrhage with death). Flagged is_platelet_specific = FALSE because the paper does not demonstrate that the haemorrhage was platelet-mediated; it is an adjacent bleeding outcome in the same compound that showed platelet activation and platelet-count reduction.
TMSR480,TOLG056,animal_invivo,monkey,cynomolgus_invivo,blood,systemic_dose,320,mg/kg,"4 weekly SC doses (Days 0,7,14,21) plus 320 mg/kg IV on Days 38 and 45",platelet_count,platelet_count,TBD,NA,no_change,no toxicologically important effect on any parameter assessed,0,TRUE,animal_in_vivo,S-FDA-ETEP,"FDA NDA 206488 Orig1s000 Pharmacology/Toxicology Review (EXONDYS 51, reviewer D.B. Hawver), Reference ID 3876740","p.17 (PDF p.39), Safety Pharmacology, Sponsor Study 4658-GLP-0704, cardiovascular/respiratory/neurological/renal/liver telemetry study",public_domain,"MEASURED GRADE 0. Platelet count is itemised in the assessed haematology panel and the review states 'No toxicologically important effects were observed on any of the parameters assessed.' Six telemeterised male cynomolgus monkeys, Latin-square design, 0/40/160/320 mg/kg SC then 320 mg/kg IV."
TMSR481,TOLG056,animal_invivo,monkey,cynomolgus_invivo,blood,systemic_dose,320,mg/kg,39wk (once weekly IV),platelet_count,platelet_count,TBD,NA,no_change,no platelet change at up to 320 mg/kg/wk (only WBC/neutrophil/monocyte decreases reported),0,TRUE,animal_in_vivo,S-FDA-ETEP,"FDA NDA 206488 Orig1s000 Pharmacology/Toxicology Review (EXONDYS 51, reviewer D.B. Hawver), Reference ID 3876740","p.54 (PDF p.76), 39-week cynomolgus monkey IV study, 'Hematology' section",public_domain,"MEASURED GRADE 0 and the single best neutral-backbone negative control in this lane. Platelet count is named explicitly in the analysed panel ('...mean corpuscular hemoglobin, concentration, platelet count, white blood cell count...'); the only reported drug-related haematology changes at Week 39 were decreased WBC (41%), neutrophils (50%) and monocytes (38%) at the high dose - platelets are not among them. Doses 0, 5, 40, 320 mg/kg IV weekly, 5 males/group main + 3/group 8-week recovery; NOAEL 320 mg/kg (highest dose). PMO backbone is uncharged (ps_count 0), consistent with the PS-content hypothesis."
TMSR484,TOLG057,animal_invivo,monkey,cynomolgus_invivo,blood,systemic_dose,1.5,mg/kg,day 31,platelet_count,platelet_count,366.0,10^3/uL,decrease,-3.2% vs PBS 378,0,TRUE,animal_in_vivo,TP-US20210355497,US 2021/0355497 A1,Table 5,public_domain,"1.5 mg/kg mg/kg weekly, subcutaneous, groups of 14-18 cynomolgus monkeys. The patent's own summary is that Compound No. 957943 'demonstrated lack of platelet reduction in cynomolgus monkeys'. Grading convention for rodent/NHP platelet-count panels in this lane: change vs concurrent PBS control >-10% = grade 0; -10% to -30% = grade 1 (mild decline, counts remain far above 100x10^9/L); worse than -30% = grade 2 (exceeds the ~30-50% decline the same patents use as their own tolerability screening cut-off for de-selecting a compound)."
TMSR485,TOLG057,animal_invivo,monkey,cynomolgus_invivo,blood,systemic_dose,1.0,mg/kg,day 31,platelet_count,platelet_count,347.0,10^3/uL,decrease,-8.2% vs PBS 378,0,TRUE,animal_in_vivo,TP-US20210355497,US 2021/0355497 A1,Table 5,public_domain,"1 mg/kg mg/kg monthly, subcutaneous, groups of 14-18 cynomolgus monkeys. The patent's own summary is that Compound No. 957943 'demonstrated lack of platelet reduction in cynomolgus monkeys'. Grading convention for rodent/NHP platelet-count panels in this lane: change vs concurrent PBS control >-10% = grade 0; -10% to -30% = grade 1 (mild decline, counts remain far above 100x10^9/L); worse than -30% = grade 2 (exceeds the ~30-50% decline the same patents use as their own tolerability screening cut-off for de-selecting a compound)."
TMSR486,TOLG057,animal_invivo,monkey,cynomolgus_invivo,blood,systemic_dose,6.0,mg/kg,day 31,platelet_count,platelet_count,372.0,10^3/uL,no_change,-1.6% vs PBS 378,0,TRUE,animal_in_vivo,TP-US20210355497,US 2021/0355497 A1,Table 5,public_domain,"6 mg/kg mg/kg monthly, subcutaneous, groups of 14-18 cynomolgus monkeys. The patent's own summary is that Compound No. 957943 'demonstrated lack of platelet reduction in cynomolgus monkeys'. Grading convention for rodent/NHP platelet-count panels in this lane: change vs concurrent PBS control >-10% = grade 0; -10% to -30% = grade 1 (mild decline, counts remain far above 100x10^9/L); worse than -30% = grade 2 (exceeds the ~30-50% decline the same patents use as their own tolerability screening cut-off for de-selecting a compound)."
TMSR487,TOLG057,animal_invivo,monkey,cynomolgus_invivo,blood,systemic_dose,25.0,mg/kg,day 31,platelet_count,platelet_count,370.0,10^3/uL,no_change,-2.1% vs PBS 378,0,TRUE,animal_in_vivo,TP-US20210355497,US 2021/0355497 A1,Table 5,public_domain,"25 mg/kg mg/kg monthly, subcutaneous, groups of 14-18 cynomolgus monkeys. The patent's own summary is that Compound No. 957943 'demonstrated lack of platelet reduction in cynomolgus monkeys'. Grading convention for rodent/NHP platelet-count panels in this lane: change vs concurrent PBS control >-10% = grade 0; -10% to -30% = grade 1 (mild decline, counts remain far above 100x10^9/L); worse than -30% = grade 2 (exceeds the ~30-50% decline the same patents use as their own tolerability screening cut-off for de-selecting a compound)."
TMSR533,TOLG060,animal_invivo,rat,Sprague-Dawley_rat_invivo,blood,systemic_dose,30,mg/kg,26wk (once weekly),platelet_count,platelet_count,-20,% of control,decrease,-20%,1,TRUE,animal_in_vivo,S-FDA-GIVO,"FDA NDA 212194 Orig1s000 Multi-discipline Review and Evaluation (GIVLAARI), Reference ID 4522419","p.38, 26-Week Repeat Dose SC Toxicity study (rat) Observations and Results table, Hematology row",public_domain,"Verbatim: 'Platelets were reduced -20% on Day 184 (end of dosing) at 30 mg/kg in females compared to control.' Females only; mean decline, no absolute count given. Corroborated by EMA Givlaari EPAR Table 14 (study AS1-GLP15-022, '=30F: PLT')."
TMSR534,TOLG060,animal_invivo,monkey,cynomolgus_invivo,blood,systemic_dose,100,mg/kg,39wk (once weekly),platelet_count,platelet_count,TBD,NA,no_change,no change at end of dosing up to 100 mg/kg/wk,0,TRUE,animal_in_vivo,S-FDA-GIVO,"FDA NDA 212194 Orig1s000 Multi-discipline Review and Evaluation (GIVLAARI), Reference ID 4522419","p.41-43, Study AS1-GLP15-018 (39-week juvenile cynomolgus monkey) Observations and Results table, Hematology row",public_domain,"MEASURED GRADE 0. Verbatim: 'Hematology: Unremarkable at the end of dosing.' Haematology was assessed and reported (an end-of-recovery table of % changes from control is given for the same study), so this is a reported no-effect, not silence. 6/sex/group, 13-17 months old, SC once weekly for 39 weeks. Key negative control for the PS-content hypothesis: a GalNAc-siRNA at 100 mg/kg/wk in monkey with no platelet effect."
TMSR535,TOLG060,animal_invivo,monkey,cynomolgus_invivo,blood,systemic_dose,100,mg/kg,39wk dosing + 13wk recovery (sampling Day 359/360),platelet_count,platelet_count,41,% of control,increase,"+41% vs control (males, end of recovery)",0,TRUE,animal_in_vivo,S-FDA-GIVO,"FDA NDA 212194 Orig1s000 Multi-discipline Review and Evaluation (GIVLAARI), Reference ID 4522419","p.43, Study AS1-GLP15-018 end-of-recovery '% Change from Control' table, Platelets row",public_domain,"Platelet INCREASE, not a thrombocytopenia signal; graded 0 on the thrombocytopenia rubric. Males +24% (10 mg/kg), +26% (30 mg/kg), +41% (100 mg/kg); no change in females. Not flagged with a significance asterisk in the table. Accompanied by neutrophilia/monocytosis at recovery, consistent with a reactive/inflammatory pattern."
TMSR536,TOLG061,animal_invivo,mouse,C57BL/6NCrl_mouse_invivo,blood,systemic_dose,600,mg/kg,26wk (once weekly SC) + 8wk recovery,platelet_count,hematology_panel_no_effect,TBD,NA,no_change,no test-article-related effect on haematology parameters up to 600 mg/kg/wk,0,FALSE,animal_in_vivo,S-FDA-GOLO,"FDA NDA 211970 Orig1s000 Pharmacology/Toxicology Review (VYONDYS 53, reviewer B.J. Wilcox), Reference ID 4457029","p.31-32 (PDF p.41-42), 26-week SC mouse study (SRP-4053), 'Clinical Pathology - Hematology' section",public_domain,"ADJACENT-HAEMATOLOGY FALLBACK ROW. The review reproduces a table of the monitored haematology parameters as an image (not extractable) and concludes 'No test article-related effects on hematology parameters were observed.' Doses 0, 120, 300, 600 mg/kg SC weekly, male C57BL/6NCrl."
TMSR537,TOLG061,animal_invivo,monkey,cynomolgus_invivo,blood,systemic_dose,320,mg/kg,12wk (13 weekly IV doses),platelet_count,hematology_panel_no_effect,TBD,NA,no_change,no test-article-related effect on the standard haematology battery up to 320 mg/kg/wk,0,FALSE,animal_in_vivo,S-FDA-GOLO,"FDA NDA 211970 Orig1s000 Pharmacology/Toxicology Review (VYONDYS 53, reviewer B.J. Wilcox), Reference ID 4457029","p.48 (PDF p.58), 12-week cynomolgus monkey IV study, 'Clinical Pathology - Hematology' section",public_domain,"ADJACENT-HAEMATOLOGY FALLBACK ROW (is_platelet_specific FALSE): the review states 'Hematology: (Standard battery of parameters was monitored.) No test article-related effects were observed', but does not itemise platelet count, so platelet monitoring is highly likely but not textually explicit. Doses 0, 5, 40, 320 mg/kg IV weekly, 6 males/group + 3/group recovery."
TMSR547,TOLG064,animal_invivo,monkey,cynomolgus_invivo,blood,systemic_dose,5,mg/kg,"9 months, once weekly 2-h IV infusion (Day -7 to Day 267)",platelet_count,platelet_count,202,10^9/L,decrease,-31.8pct from own baseline (296 -> 202); concurrent male control -4.9pct (390 -> 371); terminal value 54pct of control,1,TRUE,animal_in_vivo,workflow:FDA NDA 217779 Orig1s000 Multi-discipline Re,FDA NDA 217779 Orig1s000 Multi-discipline Review (imetelstat/Rytelo),"Applicant Table 6, 'Hematology (Day -7 - Day 267)' row 'Platelets (10^3/uL)', 5 mg/kg MALES (printed p62); study 002-TOX-2008",public_domain,"Chronic pivotal monkey study, 3/sex/group main study. Source prints units as 10^3/uL, numerically identical to 10^9/L. Terminal count 202 is still well above 100 x10^9/L -> grade 1 (mild). HONEST CAVEAT: the Applicant's own key-findings list attributes platelet decreases only to the 10 and 15 mg/kg groups ('Platelet counts were highly variable but were mildly lower at 10 and 15 mg/kg', printed p60), so this 5 mg/kg male decline is NOT identified by the sponsor as an imetelstat-related finding; the arithmetic on the printed values is reported here regardless. Percent changes are computed from the two printed numbers."
TMSR548,TOLG064,animal_invivo,monkey,cynomolgus_invivo,blood,systemic_dose,10,mg/kg,"9 months, once weekly 2-h IV infusion (Day -7 to Day 267)",platelet_count,platelet_count,275,10^9/L,decrease,-32.9pct from own baseline (410 -> 275); concurrent female control -4.6pct (372 -> 355); terminal value 77pct of control,1,TRUE,animal_in_vivo,workflow:FDA NDA 217779 Orig1s000 Multi-discipline Re,FDA NDA 217779 Orig1s000 Multi-discipline Review (imetelstat/Rytelo),"Applicant Table 6, 'Platelets (10^3/uL)' row, 10 mg/kg FEMALES (printed p62); study 002-TOX-2008",public_domain,Largest proportional fall from own baseline in the female arm. Terminal count still normal -> grade 1.
TMSR549,TOLG064,animal_invivo,monkey,cynomolgus_invivo,blood,systemic_dose,10,mg/kg,"9 months, once weekly 2-h IV infusion (Day -7 to Day 267)",platelet_count,platelet_count,210,10^9/L,decrease,-18.0pct from own baseline (256 -> 210); concurrent male control -4.9pct (390 -> 371); terminal value 57pct of control,1,TRUE,animal_in_vivo,workflow:FDA NDA 217779 Orig1s000 Multi-discipline Re,FDA NDA 217779 Orig1s000 Multi-discipline Review (imetelstat/Rytelo),"Applicant Table 6, 'Platelets (10^3/uL)' row, 10 mg/kg MALES (printed p62); study 002-TOX-2008",public_domain,"One of the two dose levels the sponsor identifies as showing mildly lower platelets. Grade 1 (mild, counts remain >100 x10^9/L). Exposure at 10 mg/kg males Day 267: AUC 2611 +/- 1551 ug.h/mL, Cmax 206 +/- 100 ug/mL, i.e. ~2.3x the human Cmax of 89.2 ug/mL at the approved dose."
TMSR550,TOLG064,animal_invivo,monkey,cynomolgus_invivo,blood,systemic_dose,15,mg/kg,"9 months, once weekly 2-h IV infusion (Day -7 to Day 267)",platelet_count,platelet_count,314,10^9/L,decrease,-27.6pct from own baseline (434 -> 314); concurrent female control -4.6pct (372 -> 355); terminal value 88pct of control,1,TRUE,animal_in_vivo,workflow:FDA NDA 217779 Orig1s000 Multi-discipline Re,FDA NDA 217779 Orig1s000 Multi-discipline Review (imetelstat/Rytelo),"Applicant Table 6, 'Platelets (10^3/uL)' row, 15 mg/kg FEMALES (printed p62); study 002-TOX-2008",public_domain,"Top-dose females. Mild decline, terminal count 314 x10^9/L, well within normal -> grade 1. Illustrates the 'highly variable' platelet response the sponsor describes: across 6 drug-treated dose x sex cells the terminal counts range 202-314 with no clean monotonic dose ordering."
TMSR551,TOLG064,animal_invivo,monkey,cynomolgus_invivo,blood,systemic_dose,15,mg/kg,"9 months, once weekly 2-h IV infusion (Day -7 to Day 267)",platelet_count,platelet_count,247,10^9/L,decrease,-42.9pct from own baseline (433 -> 247); concurrent male control -4.9pct (390 -> 371); terminal value 67pct of control,1,TRUE,animal_in_vivo,workflow:FDA NDA 217779 Orig1s000 Multi-discipline Re,FDA NDA 217779 Orig1s000 Multi-discipline Review (imetelstat/Rytelo),"Applicant Table 6, 'Platelets (10^3/uL)' row, 15 mg/kg MALES (printed p62); study 002-TOX-2008",public_domain,"Top dose, Highest Non-Severely Toxic Dose Level (NOAEL not determined). Largest proportional fall from baseline in the study, yet the terminal absolute count (247 x10^9/L) is still normal -> grade 1, matching the sponsor's 'mildly lower' characterisation. Exposure at 15 mg/kg males Day 267: AUC 11339 +/- 3506 ug.h/mL, Cmax 612 +/- 308 ug/mL; the review states the 14.1 mg/kg (active-moiety) exposure is ~14.5x the human AUC at the recommended clinical dose (printed p67). CONCURRENT FINDINGS at this dose that are NOT platelet-mediated but bear on bleeding risk: marked aPTT prolongation (17.9 -> 51.0 s males, 19.2 -> 40.1 s females), strong alternative-pathway complement activation (Bb 10-min 7977 males), CH50 depletion, and renal tubular haemorrhage histopathology (2/3 males, 2/3 females)."
TMSR552,TOLG064,animal_invivo,monkey,cynomolgus_invivo,blood,systemic_dose,5,mg/kg,"9 months, once weekly 2-h IV infusion (Day -7 to Day 267)",platelet_count,platelet_count,270,10^9/L,decrease,-18.9pct from own baseline (333 -> 270); concurrent female control -4.6pct (372 -> 355); terminal value 76pct of control,1,TRUE,animal_in_vivo,workflow:FDA NDA 217779 Orig1s000 Multi-discipline Re,FDA NDA 217779 Orig1s000 Multi-discipline Review (imetelstat/Rytelo),"Applicant Table 6, 'Platelets (10^3/uL)' row, 5 mg/kg FEMALES (printed p62); study 002-TOX-2008",public_domain,"Low-dose females. Mild decline, terminal count normal -> grade 1. Systemic exposure at 5 mg/kg: AUC0-inf Day 267 1061 +/- 412 ug.h/mL, Cmax 112 +/- 29.9 ug/mL (females)."
TMSR553,TOLG064,animal_invivo,monkey,cynomolgus_invivo,blood,systemic_dose,15,mg/kg,9 months dosing then 14-week drug-free recovery (Day -7 to Day 365),platelet_count,platelet_count_after_recovery,M 296; F 524,10^9/L,no_change,"recovery controls M 390 -> 408, F 372 -> 407; treated M 433 -> 296, F 434 -> 524",0,TRUE,animal_in_vivo,workflow:FDA NDA 217779 Orig1s000 Multi-discipline Re,FDA NDA 217779 Orig1s000 Multi-discipline Review (imetelstat/Rytelo),"Applicant Table 6, 'Recovery Evaluation - Hematology (Day -7 - Day 365)' row 'Platelets (10^3/uL)', 15 mg/kg and control (printed p64); study 002-TOX-2008",public_domain,"REVERSIBILITY row - grade 0: after a 14-week drug-free period the top-dose platelet counts are back within the control range (females actually above their own baseline at 524), and platelets are not among the findings the study lists as persisting through recovery (which were increased kidney weights, decreased red-cell indices, enlarged spleen, and liver/kidney/choroid-plexus microscopic changes). Only 2 animals/sex in the recovery cohort. Mirrors the clinical picture (86.3% of Grade 3/4 events resolving in <4 weeks) and the ex-vivo Mosoyan finding that the megakaryocyte-maturation delay is reversible on drug withdrawal."
TMSR583,TOLG064,animal_invivo,mouse,mouse_invivo,blood,systemic_dose,>=15,mg/kg,"8 weeks, twice weekly (BIW) IV bolus, plus 4-week recovery",platelet_count,platelet_count,TBD,10^9/L,decrease,TBD,1,TRUE,animal_in_vivo,workflow:FDA NDA 217779 Orig1s000 Multi-discipline Re,FDA NDA 217779 Orig1s000 Multi-discipline Review (imetelstat/Rytelo),"FDA's Assessment of general toxicology, 8-week GLP repeat-dose mouse study GS04-070 narrative (printed p64)",public_domain,"readout_value TBD - the review states the finding qualitatively only, with no platelet numbers: 'Decreases in platelet and lymphocyte counts were observed at >=15 mg/kg.' Doses tested 5, 15, 30 mg/kg BIW IV; 20 early deaths/moribund sacrifices, mostly at 30 mg/kg, cause undetermined. Graded 1 on the qualitative 'decreases' with no severity stated and with the review recording that imetelstat-related effects were reversible by the end of the 4-week recovery period. Increased severity of haemorrhage at tail-vein injection sites was also seen at >=15 mg/kg (local, injection-site, not thrombocytopenic bleeding)."
TMSR663,TOLG066,animal_invivo,rat,rat_invivo,bone_marrow,systemic_dose,>=15,mg/kg,26wk,megakaryocyte,megakaryopoiesis,TBD,NA,increase,TBD,2,TRUE,animal_in_vivo,workflow:EMA/411876/2018 (EMEA/H/C/004782) Tegsedi EP,EMA/411876/2018 (EMEA/H/C/004782) Tegsedi EPAR public assessment report,"p24, section 2.3.4 Toxicology, subheading 'Platelet declines and thrombocytopenia'",public_domain,'compensatory increased megakaryopoiesis' accompanying the mild platelet reductions in rats. Graded 2 per rubric ('megakaryocyte/bone-marrow findings in animals'). No numeric value reported.
TMSR664,TOLG066,animal_invivo,mouse,mouse_invivo,blood,systemic_dose,>=40,mg/kg,26wk,platelet_count,platelet_count,-36 to -41,% change from baseline,decrease,-36% to -41%,2,TRUE,animal_in_vivo,workflow:EMA/411876/2018 (EMEA/H/C/004782) Tegsedi EP,EMA/411876/2018 (EMEA/H/C/004782) Tegsedi EPAR public assessment report,"p24, section 2.3.4 Toxicology, subheading 'Platelet declines and thrombocytopenia'",public_domain,Verbatim: 'Platelet decreases were moderate (-36 to -41%) at inotersen doses >=40 mg/kg/week in mice'. Dose recorded as printed band (mg/kg/week). Graded 2 as a clear moderate decline in a chronic animal study.
TMSR665,TOLG066,animal_invivo,rat,rat_invivo,blood,systemic_dose,>=15,mg/kg,26wk,platelet_count,platelet_count,TBD,NA,decrease,TBD,1,TRUE,animal_in_vivo,workflow:EMA/411876/2018 (EMEA/H/C/004782) Tegsedi EP,EMA/411876/2018 (EMEA/H/C/004782) Tegsedi EPAR public assessment report,"p24, section 2.3.4 Toxicology, subheading 'Platelet declines and thrombocytopenia'",public_domain,"Verbatim: 'in rats, mild reductions were determined at >=15 mg/kg/week inotersen with compensatory increased megakaryopoiesis'. No numeric magnitude given in this source, so readout_value is TBD. Graded 1 (explicitly 'mild')."
TMSR666,TOLG066,animal_invivo,monkey,cynomolgus_invivo,blood,systemic_dose,3,mg/kg,39wk,platelet_count,platelet_count,TBD,NA,decrease,1 of the male monkeys in this dose group affected,1,TRUE,animal_in_vivo,workflow:EMA/411876/2018 (EMEA/H/C/004782) Tegsedi EP,EMA/411876/2018 (EMEA/H/C/004782) Tegsedi EPAR public assessment report,"p24, section 2.3.4 Toxicology, subheading 'Platelet declines and thrombocytopenia'",public_domain,"Verbatim: 'In monkeys, platelet counts were reduced after chronic administration in one male monkey of the 3 mg/kg/week low dose group'. Chronic monkey study = 39 weeks (p23). No severity band or absolute count given for this animal, so graded 1 (reduction reported without severe qualifier); N affected not expressed as a denominator in the source."
TMSR667,TOLG066,animal_invivo,monkey,cynomolgus_invivo,blood,systemic_dose,6,mg/kg,39wk,platelet_count,platelet_count,TBD,NA,decrease,1 male and 1 female in this dose group affected,1,TRUE,animal_in_vivo,workflow:EMA/411876/2018 (EMEA/H/C/004782) Tegsedi EP,EMA/411876/2018 (EMEA/H/C/004782) Tegsedi EPAR public assessment report,"p24, section 2.3.4 Toxicology, subheading 'Platelet declines and thrombocytopenia'",public_domain,Verbatim: 'platelet counts were reduced ... [in] 1 male and 1 female injected with 6 mg/kg/week'. Dose-band backbone row of the monkey chronic study.
TMSR668,TOLG066,animal_invivo,monkey,cynomolgus_invivo,blood,systemic_dose,10,mg/kg,39wk,platelet_count,platelet_count,TBD,NA,decrease,1 female in this dose group affected,1,TRUE,animal_in_vivo,workflow:EMA/411876/2018 (EMEA/H/C/004782) Tegsedi EP,EMA/411876/2018 (EMEA/H/C/004782) Tegsedi EPAR public assessment report,"p24, section 2.3.4 Toxicology, subheading 'Platelet declines and thrombocytopenia'",public_domain,Verbatim: '...and in 1 female of the 10 mg/kg/week group'. Distinct from the severe-thrombocytopenia male at the same dose (separate row).
TMSR669,TOLG066,animal_invivo,monkey,cynomolgus_invivo,blood,systemic_dose,10,mg/kg,11-13wk (within 39wk chronic study),platelet_count,platelet_nadir,<10,10^9/L,decrease,~90% decrease from baseline,3,TRUE,animal_in_vivo,workflow:EMA/411876/2018 (EMEA/H/C/004782) Tegsedi EP,EMA/411876/2018 (EMEA/H/C/004782) Tegsedi EPAR public assessment report,"p24, section 2.3.4 Toxicology, subheading 'Platelet declines and thrombocytopenia'",public_domain,"Verbatim: 'Severe thrombocytopenia (platelet counts <10x10^3/ul; ~90 % platelet decrease from baseline) was evident between 11 and 13 weeks in two male monkeys administered 10 and 20 mg/kg/week inotersen, respectively.' This row = the 10 mg/kg/week male. Grade 3 (<25 x10^9/L, animal prematurely euthanised for bruising/petechiae)."
TMSR670,TOLG066,animal_invivo,monkey,cynomolgus_invivo,blood,systemic_dose,20,mg/kg,11-13wk (within 39wk chronic study),platelet_count,platelet_nadir,<10,10^9/L,decrease,~90% decrease from baseline,3,TRUE,animal_in_vivo,workflow:EMA/411876/2018 (EMEA/H/C/004782) Tegsedi EP,EMA/411876/2018 (EMEA/H/C/004782) Tegsedi EPAR public assessment report,"p24, section 2.3.4 Toxicology, subheading 'Platelet declines and thrombocytopenia'",public_domain,This row = the 20 mg/kg/week male of the same sentence. Grade 3.
TMSR671,TOLG066,animal_invivo,monkey,cynomolgus_invivo,blood,systemic_dose,20,mg/kg,39wk (with dose interruption and resumption),platelet_count,platelet_count_on_rechallenge,TBD,NA,decrease,"recovered on suspension, fell to even lower levels on resumption",3,TRUE,animal_in_vivo,workflow:EMA/411876/2018 (EMEA/H/C/004782) Tegsedi EP,EMA/411876/2018 (EMEA/H/C/004782) Tegsedi EPAR public assessment report,"p24-25, section 2.3.4 Toxicology, subheading 'Platelet declines and thrombocytopenia'",public_domain,"Verbatim: 'Platelet counts recovered when the dosing of the high dose animal was temporarily suspended, but dropped again to even lower levels when the treatment was resumed.' Animal-model analogue of the clinical re-initiation signal. No numeric values given."
TMSR673,TOLG066,animal_invivo,monkey,cynomolgus_invivo,plasma,systemic_dose,6,mg/kg,39wk,immunogenicity,anti-PF4_IgG,2,n_animals_positive,increase,elevated only in these 2 of the analysed subset,1,TRUE,animal_in_vivo,workflow:EMA/411876/2018 (EMEA/H/C/004782) Tegsedi EP,EMA/411876/2018 (EMEA/H/C/004782) Tegsedi EPAR public assessment report,"p25, section 2.3.4 Toxicology, 'Platelet declines and thrombocytopenia' (anti-PF4 antibody subset analysis)",public_domain,Anti-PF4 IgG elevated in exactly the two 6 mg/kg/week monkeys with moderate platelet falls (to 124 and 141 x10^9/L) and NOT in the two prematurely sacrificed severely thrombocytopenic monkeys. Graded 1: the antibody accompanied only a mild/moderate (>=100 x10^9/L) decline. Denominator of the analysed subset is not stated in the source.
TMSR674,TOLG066,animal_invivo,monkey,cynomolgus_invivo,blood,systemic_dose,6,mg/kg,39wk,platelet_count,platelet_nadir,124,10^9/L,decrease,from 400 x10^3/uL baseline (-69%),1,TRUE,animal_in_vivo,workflow:EMA/411876/2018 (EMEA/H/C/004782) Tegsedi EP,EMA/411876/2018 (EMEA/H/C/004782) Tegsedi EPAR public assessment report,"p25, section 2.3.4 Toxicology, 'Platelet declines and thrombocytopenia' (anti-PF4 antibody subset analysis)",public_domain,"Verbatim: 'anti-PF4 IgG antibodies were only elevated in two monkeys with platelet reductions from 400x10^3/ul to either 124x10^3/ul, or 141x10^3/ul (monkeys of the 6 mg/kg/week group)'. x10^3/uL == x10^9/L. Nadir remains >=100 x10^9/L, hence grade 1."
TMSR675,TOLG066,animal_invivo,monkey,cynomolgus_invivo,plasma,systemic_dose,10;20,mg/kg,39wk,immunogenicity,anti-platelet_antibody,2,n_animals_positive,increase,anti-platelet IgG + IgM together with anti-PF4 IgM elevated; anti-PF4 IgG NOT elevated,3,TRUE,animal_in_vivo,workflow:EMA/411876/2018 (EMEA/H/C/004782) Tegsedi EP,EMA/411876/2018 (EMEA/H/C/004782) Tegsedi EPAR public assessment report,"p25, section 2.3.4 Toxicology, 'Platelet declines and thrombocytopenia' (antibody profile paragraph)",public_domain,Verbatim: 'a combination of increased anti-platelet IgG and IgM together with anti-PF4 IgM antibodies were elevated in the two prematurely euthanized monkeys'. Grade 3: antibody profile concomitant with platelet counts <10 x10^9/L. Note also that anti-inotersen (ADA) status did not explain the effect - one severely thrombocytopenic monkey was ADA-negative while several ADA-positive monkeys had normal platelets (p25).
TMSR676,TOLG066,animal_invivo,monkey,cynomolgus_invivo,blood,systemic_dose,TBD,mg/kg,39wk,platelet_count,platelet_count,~230,10^9/L,decrease,moderate decrease despite the same anti-platelet IgG/IgM + anti-PF4 IgM profile as the euthanised animals,1,TRUE,animal_in_vivo,workflow:EMA/411876/2018 (EMEA/H/C/004782) Tegsedi EP,EMA/411876/2018 (EMEA/H/C/004782) Tegsedi EPAR public assessment report,"p25, section 2.3.4 Toxicology, 'Platelet declines and thrombocytopenia' (antibody profile paragraph)",public_domain,"Verbatim: 'the analytic results of another monkey with the same antibody profile and only moderate platelet decreases (platelet counts ~230x10^3/ul) suggests that antibodies against other platelet surface epitopes are additionally involved.' Dose group NOT stated for this animal => dose TBD. Count >=100 x10^9/L => grade 1. Key dissociation row: identical antibody profile, no severe thrombocytopenia."
TMSR678,TOLG066,animal_invivo,monkey,cynomolgus_invivo,NA,systemic_dose,10;20,mg/kg,11-13wk (within 39wk chronic study),clinical_outcome,bleeding_event,2,n_animals,increase,bruising and petechiae; both animals prematurely euthanised,3,TRUE,animal_in_vivo,workflow:EMA/411876/2018 (EMEA/H/C/004782) Tegsedi EP,EMA/411876/2018 (EMEA/H/C/004782) Tegsedi EPAR public assessment report,"p25, section 2.3.4 Toxicology, subheading 'Platelet declines and thrombocytopenia' (first paragraph)",public_domain,"Verbatim: 'In view of bruising and petechiae, both monkeys were prematurely euthanized.' Haemorrhagic signs directly attributable to platelet counts <10 x10^9/L => grade 3. Row covers both animals (10 and 20 mg/kg/week) because the source reports the finding jointly."
TMSR827,TOLG066,animal_invivo,monkey,monkey_invivo,blood,systemic_dose,TBD,mg/kg,39wk,platelet_count,NOAEL_AUC_safety_margin_severe_thrombocytopenia,<=2,fold_AUC_margin_vs_human_clinical_exposure,decrease,TBD,3,TRUE,animal_in_vivo,workflow:FDA NDA 211172 211172Orig1s000MedR.pdf,FDA NDA 211172 211172Orig1s000MedR.pdf,Combined Clinical/Biostatistical Review sec 4.4 'Nonclinical Pharmacology/Toxicology' (PDF p17),public_domain,"CROSS-SPECIES EXPOSURE-MARGIN row. Verbatim: 'Safety margins based on AUCs at the no observed adverse effect levels (NOAELs) for severe thrombocytopenia in monkeys and kidney toxicity in rats were <= ~2-fold, suggesting monitoring in humans may be warranted.' Graded 3 because the severe (fatal-in-animals) thrombocytopenia NOAEL sits at or below ~2x the human clinical AUC - i.e. the severe effect occurs at essentially clinical exposure, which is the animal analogue of the rubric's grade-3 'at or below therapeutic plasma concentration' criterion. Human reference exposure: Cmax 12.1 ug/mL at 300 mg SC weekly."
TMSR828,TOLG066,animal_invivo,monkey,monkey_invivo,blood,systemic_dose,TBD,mg/kg,39wk,platelet_count,platelet_count,49-70,% decrease from baseline,decrease,49-70pct_reduction_vs_baseline,2,TRUE,animal_in_vivo,workflow:FDA NDA 211172 211172Orig1s000MedR.pdf,FDA NDA 211172 211172Orig1s000MedR.pdf,Combined Clinical/Biostatistical Review sec 4.4 'Nonclinical Pharmacology/Toxicology' (PDF p17),public_domain,"39-week monkey study, LOW-DOSE BAND. Verbatim: 'five other animals across the three lowest dose groups showed perivascular mixed cell infiltration in multiple organs ... and (in 4/5 animals) with moderate reductions in platelet counts (49-70%, compared to baseline).' So 4 of 5 animals in the three lowest dose groups had moderate platelet reductions. Grade 2 (source's own word: 'moderate'). Numeric mg/kg doses not stated in this document -> TBD. Together with the severe cases in the two highest dose groups this establishes a dose-response across the monkey study."
TMSR829,TOLG066,animal_invivo,monkey,monkey_invivo,plasma,systemic_dose,TBD,mg/kg,39wk,immunogenicity,proinflammatory_cytokine_and_immunoglobulin_increase,5,n_animals,increase,TBD,1,FALSE,animal_in_vivo,workflow:FDA NDA 211172 211172Orig1s000MedR.pdf,FDA NDA 211172 211172Orig1s000MedR.pdf,Combined Clinical/Biostatistical Review sec 4.4 'Nonclinical Pharmacology/Toxicology' (PDF p17),public_domain,"ADJACENT-IMMUNOLOGY CONTEXT ROW (is_platelet_specific=FALSE). Same 5 monkeys in the three lowest dose groups: 'perivascular mixed cell infiltration in multiple organs, associated with increases in anti-drug antibody, CRP, IL-6, MIP-1beta, TNFalpha, and serum IgG and IgM'. No numeric fold-changes are given in this document -> readout_value is the animal count. Mechanistically parallels the human finding of raised IgG/IgM preceding antiplatelet antibody emergence."
TMSR830,TOLG066,animal_invivo,monkey,monkey_invivo,blood,systemic_dose,TBD,mg/kg,39wk (onset within first 11-14wk),platelet_count,severe_thrombocytopenia_with_haemorrhage,2,n_animals,decrease,TBD,3,TRUE,animal_in_vivo,workflow:FDA NDA 211172 211172Orig1s000MedR.pdf,FDA NDA 211172 211172Orig1s000MedR.pdf,Combined Clinical/Biostatistical Review sec 4.4 'Nonclinical Pharmacology/Toxicology' (PDF p17),public_domain,"39-week monkey chronic toxicity study. Verbatim: 'severe thrombocytopenia associated with petechiae, bruising, and internal hemorrhages was observed within the first 11-14 weeks of dosing in two animals (one in each of the two highest dose groups), necessitating early euthanasia.' DOSE-BANDED: affected animals were in the two HIGHEST dose groups. Numeric mg/kg dose levels are NOT stated in this clinical review (they are in the pharmacology/toxicology review, a separate document) -> dose_or_conc_value TBD. Species stated only as 'monkey'. Grade 3: severe thrombocytopenia with haemorrhage requiring euthanasia."
TMSR837,TOLG066,animal_invivo,mouse,CD1_mouse_invivo,blood,systemic_dose,50,mg/kg,2wk,platelet_count,platelet_count,41.0,% change vs PBS control,increase,+41%,0,TRUE,animal_in_vivo,TP-US11535849,"US 11,535,849 B2",Table 27,public_domain,"50 mg/kg subcutaneous twice weekly. Grading convention for rodent/NHP platelet-count panels in this lane: change vs concurrent PBS control >-10% = grade 0; -10% to -30% = grade 1 (mild decline, counts remain far above 100x10^9/L); worse than -30% = grade 2 (exceeds the ~30-50% decline the same patents use as their own tolerability screening cut-off for de-selecting a compound)."
TMSR838,TOLG066,animal_invivo,mouse,CD1_mouse_invivo,blood,systemic_dose,50,mg/kg,6wk,platelet_count,platelet_count,-30.0,% change vs PBS control,decrease,-30%,2,TRUE,animal_in_vivo,TP-US11535849,"US 11,535,849 B2",Table 28,public_domain,"50 mg/kg subcutaneous twice weekly. Grading convention for rodent/NHP platelet-count panels in this lane: change vs concurrent PBS control >-10% = grade 0; -10% to -30% = grade 1 (mild decline, counts remain far above 100x10^9/L); worse than -30% = grade 2 (exceeds the ~30-50% decline the same patents use as their own tolerability screening cut-off for de-selecting a compound)."
TMSR839,TOLG066,animal_invivo,rat,Sprague-Dawley_rat_invivo,blood,systemic_dose,50,mg/kg,6wk,platelet_count,platelet_count,-29.0,% change vs PBS control,decrease,-29%,1,TRUE,animal_in_vivo,TP-US11535849,"US 11,535,849 B2",Table 37,public_domain,"50 mg/kg subcutaneous twice weekly. Grading convention for rodent/NHP platelet-count panels in this lane: change vs concurrent PBS control >-10% = grade 0; -10% to -30% = grade 1 (mild decline, counts remain far above 100x10^9/L); worse than -30% = grade 2 (exceeds the ~30-50% decline the same patents use as their own tolerability screening cut-off for de-selecting a compound)."
TMSR840,TOLG066,animal_invivo,monkey,cynomolgus_invivo,blood,systemic_dose,25,mg/kg,12wk,platelet_count,platelet_count,382.0,10^3/uL,decrease,-8.0% vs PBS 415,0,TRUE,animal_in_vivo,TP-US11535849,"US 11,535,849 B2",Table 80,public_domain,"25 mg/kg subcutaneous, 3x in week 1 then 2x weekly for 11 weeks; terminal sacrifice day 86. PBS control 415 x10^3/uL (= x10^9/L). Grading convention for rodent/NHP platelet-count panels in this lane: change vs concurrent PBS control >-10% = grade 0; -10% to -30% = grade 1 (mild decline, counts remain far above 100x10^9/L); worse than -30% = grade 2 (exceeds the ~30-50% decline the same patents use as their own tolerability screening cut-off for de-selecting a compound)."
TMSR844,TOLG068,in_vitro,mouse,mouse_fetal_liver_megakaryocytes,bone_marrow,gymnotic_free_uptake,5,uM,24h,megakaryocyte,proplatelet_producing_MK_percent,23,% of MK,increase,23pm1pct_vs_17pm1pct_vehicle,0,TRUE,animal_in_vitro,workflow:10.3324/haematol.2020.260059,10.3324/haematol.2020.260059,Fig 1B,summary_stat,Value stated in Results prose. No inhibition of proplatelet production - key negative against the 'decreased production' mechanism for the phenotype-1-associated ASO.;verified_against_source
TMSR877,TOLG068,in_vitro,minipig,adult_Gottingen_minipig_PRP,platelet,direct_addition,1,uM,30min,platelet_activation,TSP-1_release,TBD,fold_change,no_change,TBD,0,TRUE,animal_in_vitro,workflow:doi:10.3390/pharmaceutics15041112 (PMC101434,doi:10.3390/pharmaceutics15041112 (PMC10143489; PMID 37111598),Fig 1A (Results 3.1),cc_by,"Explicit negative: 'none of the PRP samples treated with 1 uM ASOs showed a significant increase in TSP-1' (Results 3.1); no asterisk on any 1 uM group in Fig 1A. n=5. Box-plot data, no printed numbers -> readout_value=TBD. Human Cmax ~1-2 uM per the Discussion, so this is a negative AT clinical exposure for a compound that causes thrombocytopenia in humans/NHPs in vivo. Grade 0."
TMSR878,TOLG068,in_vitro,minipig,adult_Gottingen_minipig_PRP,platelet,direct_addition,5,uM,30min,platelet_activation,TSP-1_release,TBD,fold_change,increase,TBD,1,TRUE,animal_in_vitro,workflow:doi:10.3390/pharmaceutics15041112 (PMC101434,doi:10.3390/pharmaceutics15041112 (PMC10143489; PMID 37111598),Fig 1A (Results 3.1),cc_by,"Significant TSP-1 release vs DPBS vehicle (p=0.0002, linear mixed model with Dunnett post hoc); asterisk in Fig 1A. n=5. Box plots without printed numbers -> readout_value=TBD. Human Cmax ~1-2 uM per the Discussion. Graded 1: activation marker only at supra-therapeutic 5 uM (no effect at 1 uM). Note the Discussion: activation was slightly higher for ISIS104838 than for its all-PS variant, attributed to added negative charge from the 2'MOE wings."
TMSR879,TOLG068,in_vitro,minipig,adult_Gottingen_minipig_whole_blood,blood,direct_addition,1,uM,30min,platelet_activation,TSP-1_release,TBD,fold_change,no_change,TBD,0,TRUE,animal_in_vitro,workflow:doi:10.3390/pharmaceutics15041112 (PMC101434,doi:10.3390/pharmaceutics15041112 (PMC10143489; PMID 37111598),Fig 1B (Results 3.1),cc_by,"Explicit negative: 'no considerable stimulation was detected for the WB samples treated with 1 uM ASOs' (Results 3.1); no asterisk on any 1 uM group in Fig 1B. n=5. Box-plot data, no printed values -> readout_value=TBD. Human Cmax ~1-2 uM per the Discussion, so this is a negative at clinical exposure. Grade 0."
TMSR880,TOLG068,in_vitro,minipig,adult_Gottingen_minipig_whole_blood,blood,direct_addition,5,uM,30min,platelet_activation,TSP-1_release,TBD,fold_change,increase,TBD,1,TRUE,animal_in_vitro,workflow:doi:10.3390/pharmaceutics15041112 (PMC101434,doi:10.3390/pharmaceutics15041112 (PMC10143489; PMID 37111598),Fig 1B (Results 3.1),cc_by,"Significant TSP-1 release vs vehicle (p=0.0048); asterisk in Fig 1B. n=5. Box-plot data, no printed values -> readout_value=TBD. Human Cmax ~1-2 uM per the Discussion. Graded 1: activation marker only at supra-therapeutic 5 uM, no effect at 1 uM."
TMSR881,TOLG068,in_vitro,minipig,adult_Gottingen_minipig_PRP,platelet,direct_addition,5,uM,30min,platelet_aggregation,platelet_aggregation,TBD,% change in OD (595 nm),increase,minimal OD decrease,2,TRUE,animal_in_vitro,workflow:doi:10.3390/pharmaceutics15041112 (PMC101434,doi:10.3390/pharmaceutics15041112 (PMC10143489; PMID 37111598),Fig 2F (Results 3.2),cc_by,"96-well plate aggregometry as above; p=0.0392 (printed on the panel). n=5. 'A minimal decrease in OD was observed for ISIS104838 (p = 0.0392) ... after an erratic increase in the OD of some samples observed at different time points.' No numeric group value printed -> readout_value=TBD. Table 2 scores this compound as 'aggregation' in the minipig aggregometry column. Graded 2 on statistically significant aggregation at 5 uM (<=10x human Cmax), but the magnitude is explicitly minimal - a borderline grade 1/2 call, flagged here rather than silently rounded."
TMSR882,TOLG068,in_vitro,minipig,washed_Gottingen_minipig_platelet_lysate,platelet,direct_addition,400 pmol,NA,30min,platelet_binding,GPVI_binding,TBD,NA,increase,GPVI pulled down,1,TRUE,animal_in_vitro,workflow:doi:10.3390/pharmaceutics15041112 (PMC101434,doi:10.3390/pharmaceutics15041112 (PMC10143489; PMID 37111598),Fig 3A (Results 3.3),cc_by,"400 pmol biotinylated ASO on streptavidin beads, 30 min at RT with washed-platelet lysate ('pmol' outside the schema unit enum; carried verbatim with unit NA). An ~75 kDa band identified as GPVI by Western blot (n=3). Qualitative blot -> readout_value=TBD. Graded 1: binding demonstrated without an aggregation endpoint in this assay. Confirms the same GPVI mechanism in the Gottingen minipig as previously shown in human platelets."
TMSR883,TOLG068,in_vitro,minipig,adult_Gottingen_minipig_whole_blood + 10uM SYK inhibitor PRT-060318,blood,direct_addition,5,uM,30min,platelet_activation,TSP-1_release,TBD,fold_change,no_change,activation abolished by SYK inhibitor,0,TRUE,animal_in_vitro,workflow:doi:10.3390/pharmaceutics15041112 (PMC101434,doi:10.3390/pharmaceutics15041112 (PMC10143489; PMID 37111598),Fig 3B (Results 3.3),cc_by,"Whole blood (n=5) pretreated 10 min with 10 uM SYK inhibitor PRT-060318 before 30 min with 5 uM ASO; the TSP-1 increase was abolished. No numeric fold-change printed -> readout_value=TBD. MECHANISTIC ROW: grade 0 applies to the SYK-inhibited condition only, not to the compound's intrinsic hazard (uninhibited Fig 1B row = grade 1). Confirms GPVI->SYK signalling as the activation pathway."
TMSR886,TOLG068,animal_invivo,monkey,"cynomolgus_invivo (literature summary, refs 18/19 of this paper)",blood,systemic_dose,TBD,NA,TBD,platelet_count,platelet_count,TBD,NA,decrease,TBD,2,TRUE,animal_in_vivo,workflow:doi:10.3390/pharmaceutics15041112 (PMC101434,doi:10.3390/pharmaceutics15041112 (PMC10143489; PMID 37111598),"Table 2, In Vivo column ('thrombocytopenia', superscript N = non-human primates)",cc_by,"SECONDARY/SUMMARY CLAIM from Table 2 (refs 18,19) - flagged as a possible duplicate of primary-source rows. The Introduction adds the mechanism reported in ref 19: the reduced peripheral platelet count in cynomolgus monkeys was attributed to increased natural IgM and monocyte activation causing platelet sequestration in spleen and liver, with NO increase in P-selectin in vitro and NO PF4-ASO specific antibodies detected - i.e. neither direct platelet activation nor a HIT-like humoral response. No counts or doses stated here, so readout_value=TBD; graded 2 on 'thrombocytopenia' without a severity band."
TMSR891,TOLG068,animal_invivo,monkey,cynomolgus_invivo,plasma,systemic_dose,60,mg/kg,12wk (weekly SC),immunogenicity,anti-PF4_IgM,2-5,fold_change,increase,2- to 5-fold increase in anti-platelet-factor-4 IgM,3,TRUE,animal_in_vivo,S-NARA18,"PMID 29846725 / doi:10.1093/toxsci/kfy119 (Narayanan et al. 2018, Toxicol Sci 164:613-626)",Abstract (Results),summary_stat,"Accompanied by a 2- to 4.5-fold rise in total IgM and a 2- to 5-fold rise in anti-platelet IgM. Graded 3 because it is the mechanistic correlate of the severe (50-90%) platelet fall in the same animals - the antibody/immune arm of the bimodal endpoint, and the monkey counterpart of the anti-platelet IgG seen with inotersen in humans."
TMSR892,TOLG068,animal_invivo,monkey,cynomolgus_invivo,platelet,systemic_dose,60,mg/kg,12wk (weekly SC),platelet_activation,platelet_derived_extracellular_vesicles,TBD,NA,no_change,monocyte activation but NOT platelet activation,0,TRUE,animal_in_vivo,S-NARA18,"PMID 29846725 / doi:10.1093/toxsci/kfy119 (Narayanan et al. 2018, Toxicol Sci 164:613-626)",Abstract (Results),summary_stat,MEASURED NEGATIVE within a positive study: monocyte-derived extracellular vesicles rose 2- to 6-fold (with increased MCP-1) 'indicating monocyte activation but not PLT activation'. Mechanistically important - in this in-vivo monkey model the platelet loss was immune/clearance-driven rather than driven by direct platelet activation.
TMSR893,TOLG068,animal_invivo,monkey,cynomolgus_invivo,spleen,systemic_dose,60,mg/kg,12wk (weekly SC),platelet_binding,platelet_sequestration_liver_spleen,60-80,% increase,increase,~60-80% increase in platelet sequestration in liver and spleen,3,TRUE,animal_in_vivo,S-NARA18,"PMID 29846725 / doi:10.1093/toxsci/kfy119 (Narayanan et al. 2018, Toxicol Sci 164:613-626)",Abstract (Results),summary_stat,"Measured with 111In-oxine-labelled autologous platelets. Establishes peripheral CLEARANCE/sequestration (destruction axis), as distinct from a bone-marrow production defect."
TMSR894,TOLG068,animal_invivo,monkey,cynomolgus_invivo,blood,systemic_dose,60,mg/kg,"12wk (weekly SC, 30-60 mg/kg/wk)",platelet_count,platelet_count,50-90,% decrease from baseline,decrease,platelet counts decreased by 50-90% by day 30 in all 5 monkeys,3,TRUE,animal_in_vivo,S-NARA18,"PMID 29846725 / doi:10.1093/toxsci/kfy119 (Narayanan et al. 2018, Toxicol Sci 164:613-626)",Abstract (Results); full text paywalled - value taken from the PubMed abstract,summary_stat,"LANE A ANCHOR: 12-week repeat-dose study, 5 cynomolgus monkeys, SC 30-60 mg/kg/week. A 50-90% fall from baseline in every animal is severe. Only the abstract was retrievable (Toxicological Sciences full text returns HTTP 403), so no per-animal table locus can be cited and redistribution is summary_stat."
TMSR896,TOLG071,in_vitro,mouse,mouse_fetal_liver_megakaryocytes,bone_marrow,gymnotic_free_uptake,5,uM,24h,megakaryocyte,proplatelet_producing_MK_percent,23,% of MK,increase,23pm1pct_vs_17pm1pct_vehicle,0,TRUE,animal_in_vitro,workflow:10.3324/haematol.2020.260059,10.3324/haematol.2020.260059,Fig 1B,summary_stat,Value stated in Results prose.;verified_against_source
TMSR930,TOLG071,animal_invivo,mouse,BALB/c_mouse_invivo,blood,systemic_dose,TBD,mg/kg,24h,platelet_count,platelet_count,TBD,NA,decrease,acute dose-dependent thrombocytopenia within 24 hours vs saline-treated mice,2,TRUE,animal_in_vivo,S-JOHA24,"PMID 39155024 / doi:10.1016/j.jtha.2024.08.003 (Johansson et al. 2024, J Thromb Haemost 22:3266-3276)",Abstract (Results); full text not open access,summary_stat,"Slower onset (24 h) than ODN 2395 (3 h). Severity band not stated in the abstract, hence grade 2 rather than 3. Same TLR9/Syk-dependent, IVIg-sensitive clearance mechanism."
TMSR931,TOLG072,animal_invivo,mouse,mouse_invivo,blood,systemic_dose,75,mg/kg,26wk,platelet_count,platelet_count,TBD,fold_change,no_change,'without effect' on platelet count and RBC mass,0,TRUE,animal_in_vivo,workflow:FDA NDA 203568 Orig1s000 PharmR (Kynamro/mip,FDA NDA 203568 Orig1s000 PharmR (Kynamro/mipomersen Pharmacology Review(s)),review p70 'Hematology: 8/s/g terminal and recovery sac' narrative (PDF p84),public_domain,"MOUSE SURROGATE COMPARATOR at the same 75 mg/kg/week dose as mipomersen in the same 6-month study (301012-AS14). As printed: 'The murine surrogate (ISIS 147764) was without effect on these parameters' (i.e. RBC mass and platelet count). Explicit zero row. Useful sequence-vs-chemistry contrast: at an identical dose in the identical study, the pharmacologically active mouse-targeted surrogate produced no platelet signal while mipomersen produced a 1.61x male platelet increase, arguing the mouse platelet effect is sequence/target-dependent rather than a generic PS-ASO class effect in that species."
TMSR932,TOLG073,animal_invivo,rat,rat_invivo,blood,systemic_dose,10,mg/kg,10wk dosing + 4wk recovery,platelet_count,mean_platelet_volume_MPV,9.2,fL,increase,"+8.2% vs control (9.2 vs 8.5 fL, males), p<0.001",1,TRUE,animal_in_vivo,workflow:FDA NDA 203568 Orig1s000 PharmR (Kynamro/mip,FDA NDA 203568 Orig1s000 PharmR (Kynamro/mipomersen Pharmacology Review(s)),"'Hematology Group Means' table, MPV (fL) / Reco row, Male ISIS 147768 10 mg/kg/week column - review p222 (PDF p236)",public_domain,"RAT SURROGATE COMPARATOR in the juvenile rat study GT-348-TX-5, dosed at only 10 mg/kg/week (one fifth of the mipomersen high dose) yet producing essentially the same recovery-period MPV increase (male 9.2*** vs control 8.5; female 9.3*** vs 8.5). The surrogate also produced the only statistically significant TERMINAL MPV decreases (male 7.2** vs 7.7; female 7.1* vs 7.5) and a significant terminal PDW decrease in males (47.4* vs 53.2), plus a significant recovery PDW increase in females (45.8** vs 42.4). Graded 1: platelet index changes with no reported platelet count change. Platelet count itself is not tabulated for this study."
TMSR933,TOLG074,animal_invivo,mouse,CD1_mouse_invivo,blood,systemic_dose,50,mg/kg,2wk,platelet_count,platelet_count,17.0,% change vs PBS control,increase,+17%,0,TRUE,animal_in_vivo,TP-US11535849,"US 11,535,849 B2",Table 27,public_domain,"50 mg/kg subcutaneous twice weekly. Grading convention for rodent/NHP platelet-count panels in this lane: change vs concurrent PBS control >-10% = grade 0; -10% to -30% = grade 1 (mild decline, counts remain far above 100x10^9/L); worse than -30% = grade 2 (exceeds the ~30-50% decline the same patents use as their own tolerability screening cut-off for de-selecting a compound)."
TMSR934,TOLG074,animal_invivo,mouse,CD1_mouse_invivo,blood,systemic_dose,50,mg/kg,6wk,platelet_count,platelet_count,-16.0,% change vs PBS control,decrease,-16%,1,TRUE,animal_in_vivo,TP-US11535849,"US 11,535,849 B2",Table 28,public_domain,"50 mg/kg subcutaneous twice weekly. Grading convention for rodent/NHP platelet-count panels in this lane: change vs concurrent PBS control >-10% = grade 0; -10% to -30% = grade 1 (mild decline, counts remain far above 100x10^9/L); worse than -30% = grade 2 (exceeds the ~30-50% decline the same patents use as their own tolerability screening cut-off for de-selecting a compound)."
TMSR935,TOLG074,animal_invivo,rat,Sprague-Dawley_rat_invivo,blood,systemic_dose,50,mg/kg,6wk,platelet_count,platelet_count,-41.0,% change vs PBS control,decrease,-41%,2,TRUE,animal_in_vivo,TP-US11535849,"US 11,535,849 B2",Table 37,public_domain,"50 mg/kg subcutaneous twice weekly. Grading convention for rodent/NHP platelet-count panels in this lane: change vs concurrent PBS control >-10% = grade 0; -10% to -30% = grade 1 (mild decline, counts remain far above 100x10^9/L); worse than -30% = grade 2 (exceeds the ~30-50% decline the same patents use as their own tolerability screening cut-off for de-selecting a compound)."
TMSR936,TOLG074,animal_invivo,monkey,cynomolgus_invivo,blood,systemic_dose,25,mg/kg,12wk,platelet_count,platelet_count,395.0,10^3/uL,decrease,-4.8% vs PBS 415,0,TRUE,animal_in_vivo,TP-US11535849,"US 11,535,849 B2",Table 80,public_domain,"25 mg/kg subcutaneous, 3x in week 1 then 2x weekly for 11 weeks; terminal sacrifice day 86. PBS control 415 x10^3/uL (= x10^9/L). Grading convention for rodent/NHP platelet-count panels in this lane: change vs concurrent PBS control >-10% = grade 0; -10% to -30% = grade 1 (mild decline, counts remain far above 100x10^9/L); worse than -30% = grade 2 (exceeds the ~30-50% decline the same patents use as their own tolerability screening cut-off for de-selecting a compound)."
TMSR937,TOLG075,animal_invivo,mouse,CD1_mouse_invivo,blood,systemic_dose,50,mg/kg,2wk,platelet_count,platelet_count,14.0,% change vs PBS control,increase,+14%,0,TRUE,animal_in_vivo,TP-US11535849,"US 11,535,849 B2",Table 27,public_domain,"50 mg/kg subcutaneous twice weekly. Grading convention for rodent/NHP platelet-count panels in this lane: change vs concurrent PBS control >-10% = grade 0; -10% to -30% = grade 1 (mild decline, counts remain far above 100x10^9/L); worse than -30% = grade 2 (exceeds the ~30-50% decline the same patents use as their own tolerability screening cut-off for de-selecting a compound)."
TMSR938,TOLG075,animal_invivo,mouse,CD1_mouse_invivo,blood,systemic_dose,50,mg/kg,6wk,platelet_count,platelet_count,2.0,% change vs PBS control,no_change,+2%,0,TRUE,animal_in_vivo,TP-US11535849,"US 11,535,849 B2",Table 28,public_domain,"50 mg/kg subcutaneous twice weekly. Grading convention for rodent/NHP platelet-count panels in this lane: change vs concurrent PBS control >-10% = grade 0; -10% to -30% = grade 1 (mild decline, counts remain far above 100x10^9/L); worse than -30% = grade 2 (exceeds the ~30-50% decline the same patents use as their own tolerability screening cut-off for de-selecting a compound)."
TMSR939,TOLG075,animal_invivo,rat,Sprague-Dawley_rat_invivo,blood,systemic_dose,50,mg/kg,6wk,platelet_count,platelet_count,-37.0,% change vs PBS control,decrease,-37%,2,TRUE,animal_in_vivo,TP-US11535849,"US 11,535,849 B2",Table 37,public_domain,"50 mg/kg subcutaneous twice weekly. Grading convention for rodent/NHP platelet-count panels in this lane: change vs concurrent PBS control >-10% = grade 0; -10% to -30% = grade 1 (mild decline, counts remain far above 100x10^9/L); worse than -30% = grade 2 (exceeds the ~30-50% decline the same patents use as their own tolerability screening cut-off for de-selecting a compound)."
TMSR940,TOLG076,animal_invivo,mouse,CD1_mouse_invivo,blood,systemic_dose,50,mg/kg,6wk,platelet_count,platelet_count,36.0,% change vs PBS control,increase,+36%,0,TRUE,animal_in_vivo,TP-US11535849,"US 11,535,849 B2",Table 53,public_domain,"50 mg/kg subcutaneous twice weekly. Grading convention for rodent/NHP platelet-count panels in this lane: change vs concurrent PBS control >-10% = grade 0; -10% to -30% = grade 1 (mild decline, counts remain far above 100x10^9/L); worse than -30% = grade 2 (exceeds the ~30-50% decline the same patents use as their own tolerability screening cut-off for de-selecting a compound). Table 53 caption does not restate the timepoint; the companion tables of the same Example (Tables 49-51) are labelled week 6. Table 53 prints ISIS 450518-450523 whereas the Example 17 treatment list prints 425518-425523 (apparent typographical inconsistency in the patent); numbers here are exactly as printed in Table 53, which match the ISIS numbers defined in Example 16."
TMSR942,TOLG079,animal_invivo,mouse,mouse_invivo,blood,systemic_dose,TBD,mg/kg,26wk,platelet_count,platelet_count,TBD,NA,no_change,no platelet reduction (vs -36 to -41% for inotersen in the same species),0,TRUE,animal_in_vivo,workflow:EMA/411876/2018 (EMEA/H/C/004782) Tegsedi EP,EMA/411876/2018 (EMEA/H/C/004782) Tegsedi EPAR public assessment report,"p24, section 2.3.4 Toxicology, subheading 'Platelet declines and thrombocytopenia'",public_domain,"Verbatim: 'platelet reductions were not observed after treatment with the mouse- and rat-specific ASO analogues ISIS 401724 and ISIS 594799 indicating that the declines were not related to TTR inhibition.' Explicit negative control - grade 0, and mechanistically important (sequence/target-independent). Dose levels for the analogue arms are not stated on this page."
TMSR943,TOLG080,animal_invivo,monkey,cynomolgus_invivo,blood,systemic_dose,10,mg/kg,26wk (once weekly SC),platelet_count,platelet_count_lt50k_incidence,6.25,pct_incidence,decrease,1 of 16 NHPs fell below 50 x10^9/L,3,TRUE,animal_in_vivo,S-HENRY17,"PMID 28541820 / doi:10.1089/nat.2017.0666 (Henry et al. 2017, Nucleic Acid Ther 27:197-208)",Abstract (Results),summary_stat,Graded on event severity (<50 x10^9/L) per the rubric; incidence carried in readout_value (1/16).
TMSR944,TOLG080,animal_invivo,monkey,cynomolgus_invivo,blood,systemic_dose,20,mg/kg,26wk (once weekly SC),platelet_count,platelet_count_lt50k_incidence,18.75,pct_incidence,decrease,3 of 16 NHPs fell below 50 x10^9/L,3,TRUE,animal_in_vivo,S-HENRY17,"PMID 28541820 / doi:10.1089/nat.2017.0666 (Henry et al. 2017, Nucleic Acid Ther 27:197-208)",Abstract (Results),summary_stat,Dose-dependence of the sporadic severe pattern: 1/16 at 10 mg/kg/wk vs 3/16 at 20 mg/kg/wk.
TMSR946,TOLG080,animal_invivo,monkey,cynomolgus_invivo,blood,systemic_dose,20,mg/kg,26wk (once weekly SC),platelet_count,group_mean_platelet_count,TBD,NA,decrease,"gradual group-mean decrease at >=10 mg/kg/wk, plateauing by week 13 generally within the normal range and maintained to week 26",1,TRUE,animal_in_vivo,S-HENRY17,"PMID 28541820 / doi:10.1089/nat.2017.0666 (Henry et al. 2017, Nucleic Acid Ther 27:197-208)","Abstract (Results), chronic NHP study 20 mg/kg/wk x 26 weeks",summary_stat,"The self-limiting, plateauing mean decline. Explicitly used by the authors as the bridging case for human translation."
TMSR947,TOLG081,animal_invivo,monkey,cynomolgus_invivo,plasma,systemic_dose,40,mg/kg,16wk (once weekly),immunogenicity,anti-GPIIbIIIa_IgG,TBD,NA,increase,serum anti-GPIIb/IIIa IgG correlated with platelet reduction,3,TRUE,animal_in_vivo,S-SHEN23,"PMID 37093125 / doi:10.1089/nat.2022.0042 (Shen et al. 2023, Nucleic Acid Ther 33:209-225)",Abstract (Results),summary_stat,"Same antigen target (GPIIb/IIIa) that Ionis reported for the antiplatelet IgG in the human grade-4 inotersen cases - a direct monkey/human mechanistic bridge. Total serum IgM, anti-platelet IgM and anti-PF4 IgM also rose in both monkey sources but more markedly in Mauritian animals."
TMSR948,TOLG081,animal_invivo,monkey,cynomolgus_invivo_Mauritian_source,platelet,systemic_dose,40,mg/kg,16wk (once weekly),platelet_binding,platelet_bound_complement_C3d_C4d,TBD,NA,increase,marked increase in all thrombocytopenic Mauritian monkeys; not increased in unaffected Mauritian- or Asian-sourced animals,3,TRUE,animal_in_vivo,S-SHEN23,"PMID 37093125 / doi:10.1089/nat.2022.0042 (Shen et al. 2023, Nucleic Acid Ther 33:209-225)",Abstract (Results),summary_stat,"Complement deposition on the platelet surface as the clearance mechanism, and independent of ASO-mediated fluid-phase alternative-pathway activation. Provides a candidate translational biomarker."
TMSR949,TOLG081,animal_invivo,monkey,cynomolgus_invivo_Asian_source,blood,systemic_dose,40,mg/kg,16wk (once weekly),platelet_count,severe_thrombocytopenia_lt50k_incidence,0,pct_incidence,no_change,no severe thrombocytopenia in Asian-sourced monkeys at the same dose/duration,0,TRUE,animal_in_vivo,S-SHEN23,"PMID 37093125 / doi:10.1089/nat.2022.0042 (Shen et al. 2023, Nucleic Acid Ther 33:209-225)",Abstract (Results),summary_stat,MEASURED GRADE 0 for the severe endpoint - the same ASO at the same dose induced no severe thrombocytopenia in Asian-sourced animals ('induced severe TCP in seven of nine Mauritian-sourced monkeys but not in the Asian-sourced monkeys'). Note: this is grade 0 for the <50 x10^9/L endpoint only; the abstract does not exclude a milder mean decline in these animals.
TMSR950,TOLG081,animal_invivo,monkey,cynomolgus_invivo_Mauritian_source,blood,systemic_dose,40,mg/kg,16wk (once weekly),platelet_count,severe_thrombocytopenia_lt50k_incidence,77.8,pct_incidence,decrease,severe thrombocytopenia (<50 x10^9/L) in 7 of 9 Mauritian-sourced monkeys,3,TRUE,animal_in_vivo,S-SHEN23,"PMID 37093125 / doi:10.1089/nat.2022.0042 (Shen et al. 2023, Nucleic Acid Ther 33:209-225)",Abstract (Results); full text paywalled,summary_stat,"Mauritian-sourced cynomolgus monkeys are markedly MORE susceptible to 2'-MOE-ASO-induced thrombocytopenia than Asian-sourced animals. This is a major confounder for animal-to-human translation: the apparent incidence of severe ASO thrombocytopenia in monkey depends on the colony source, so a monkey study's predicted human risk is source-dependent."
TMSR951,TOLG082,animal_invivo,monkey,cynomolgus_invivo,blood,systemic_dose,35,mg/kg,44d,platelet_count,platelet_count,367.0,10^3/uL,no_change,-2.9% vs PBS 378,0,TRUE,animal_in_vivo,TP-US20150031747,US 2015/0031747 A1,Table 45,public_domain,"Example 39: 35 mg/kg subcutaneous, loading doses on days 1/3/5/7 then once weekly for weeks 2-12; blood for hematology collected on day 44 (ADVIA120 analyser). NOTE: the Table 45 caption in the patent is misprinted as 'Complement C3 levels in cynomolgus monkeys' but its column headers are 'Platelet count (x10^3/uL)' and 'RBC count (x10^6/uL)'; recorded from the column header, and the caption error is flagged rather than silently corrected. This is a cEt-vs-MOE, 16-mer-vs-20-mer chemistry panel with no platelet decline in any arm. Grading convention for rodent/NHP platelet-count panels in this lane: change vs concurrent PBS control >-10% = grade 0; -10% to -30% = grade 1 (mild decline, counts remain far above 100x10^9/L); worse than -30% = grade 2 (exceeds the ~30-50% decline the same patents use as their own tolerability screening cut-off for de-selecting a compound)."
TMSR952,TOLG083,animal_invivo,mouse,CD1_mouse_invivo,blood,systemic_dose,50,mg/kg,6wk,platelet_count,platelet_count,862.0,10^3/uL,decrease,-8.3% vs PBS 940,0,TRUE,animal_in_vivo,TP-US20230263822,US 2023/0263822 A1,Table 84,public_domain,"50 mg/kg subcutaneous twice weekly for 6 weeks (Example 37). Grading convention for rodent/NHP platelet-count panels in this lane: change vs concurrent PBS control >-10% = grade 0; -10% to -30% = grade 1 (mild decline, counts remain far above 100x10^9/L); worse than -30% = grade 2 (exceeds the ~30-50% decline the same patents use as their own tolerability screening cut-off for de-selecting a compound)."
TMSR953,TOLG083,animal_invivo,rat,Sprague-Dawley_rat_invivo,blood,systemic_dose,50,mg/kg,6wk,platelet_count,platelet_count,567.0,10^3/uL,increase,+16.9% vs PBS 485,0,TRUE,animal_in_vivo,TP-US20230263822,US 2023/0263822 A1,Table 90,public_domain,"50 mg/kg subcutaneous twice weekly for 6 weeks (Example 39). Column header printed as '10^3/mL'; values are consistent with 10^3/uL (=10^9/L) and the unit is recorded accordingly. Grading convention for rodent/NHP platelet-count panels in this lane: change vs concurrent PBS control >-10% = grade 0; -10% to -30% = grade 1 (mild decline, counts remain far above 100x10^9/L); worse than -30% = grade 2 (exceeds the ~30-50% decline the same patents use as their own tolerability screening cut-off for de-selecting a compound)."
TMSR954,TOLG084,animal_invivo,mouse,CD1_mouse_invivo,blood,systemic_dose,50,mg/kg,6wk,platelet_count,platelet_count,647.0,10^3/uL,decrease,-31.2% vs PBS 940,2,TRUE,animal_in_vivo,TP-US20230263822,US 2023/0263822 A1,Table 84,public_domain,"50 mg/kg subcutaneous twice weekly for 6 weeks (Example 37). Grading convention for rodent/NHP platelet-count panels in this lane: change vs concurrent PBS control >-10% = grade 0; -10% to -30% = grade 1 (mild decline, counts remain far above 100x10^9/L); worse than -30% = grade 2 (exceeds the ~30-50% decline the same patents use as their own tolerability screening cut-off for de-selecting a compound)."
TMSR955,TOLG084,animal_invivo,rat,Sprague-Dawley_rat_invivo,blood,systemic_dose,50,mg/kg,6wk,platelet_count,platelet_count,685.0,10^3/uL,increase,+41.2% vs PBS 485,0,TRUE,animal_in_vivo,TP-US20230263822,US 2023/0263822 A1,Table 90,public_domain,"50 mg/kg subcutaneous twice weekly for 6 weeks (Example 39). Column header printed as '10^3/mL'; values are consistent with 10^3/uL (=10^9/L) and the unit is recorded accordingly. Grading convention for rodent/NHP platelet-count panels in this lane: change vs concurrent PBS control >-10% = grade 0; -10% to -30% = grade 1 (mild decline, counts remain far above 100x10^9/L); worse than -30% = grade 2 (exceeds the ~30-50% decline the same patents use as their own tolerability screening cut-off for de-selecting a compound)."
TMSR956,TOLG085,animal_invivo,mouse,CD1_mouse_invivo,blood,systemic_dose,50,mg/kg,6wk,platelet_count,platelet_count,574.0,10^3/uL,decrease,-38.9% vs PBS 940,2,TRUE,animal_in_vivo,TP-US20230263822,US 2023/0263822 A1,Table 84,public_domain,"50 mg/kg subcutaneous twice weekly for 6 weeks (Example 37). Grading convention for rodent/NHP platelet-count panels in this lane: change vs concurrent PBS control >-10% = grade 0; -10% to -30% = grade 1 (mild decline, counts remain far above 100x10^9/L); worse than -30% = grade 2 (exceeds the ~30-50% decline the same patents use as their own tolerability screening cut-off for de-selecting a compound)."
TMSR957,TOLG085,animal_invivo,rat,Sprague-Dawley_rat_invivo,blood,systemic_dose,50,mg/kg,6wk,platelet_count,platelet_count,673.0,10^3/uL,increase,+38.8% vs PBS 485,0,TRUE,animal_in_vivo,TP-US20230263822,US 2023/0263822 A1,Table 90,public_domain,"50 mg/kg subcutaneous twice weekly for 6 weeks (Example 39). Column header printed as '10^3/mL'; values are consistent with 10^3/uL (=10^9/L) and the unit is recorded accordingly. Grading convention for rodent/NHP platelet-count panels in this lane: change vs concurrent PBS control >-10% = grade 0; -10% to -30% = grade 1 (mild decline, counts remain far above 100x10^9/L); worse than -30% = grade 2 (exceeds the ~30-50% decline the same patents use as their own tolerability screening cut-off for de-selecting a compound)."
TMSR958,TOLG086,animal_invivo,mouse,CD1_mouse_invivo,blood,systemic_dose,50,mg/kg,6wk,platelet_count,platelet_count,841.0,10^3/uL,decrease,-10.5% vs PBS 940,1,TRUE,animal_in_vivo,TP-US20230263822,US 2023/0263822 A1,Table 84,public_domain,"50 mg/kg subcutaneous twice weekly for 6 weeks (Example 37). Grading convention for rodent/NHP platelet-count panels in this lane: change vs concurrent PBS control >-10% = grade 0; -10% to -30% = grade 1 (mild decline, counts remain far above 100x10^9/L); worse than -30% = grade 2 (exceeds the ~30-50% decline the same patents use as their own tolerability screening cut-off for de-selecting a compound)."
TMSR959,TOLG086,animal_invivo,rat,Sprague-Dawley_rat_invivo,blood,systemic_dose,50,mg/kg,6wk,platelet_count,platelet_count,552.0,10^3/uL,increase,+13.8% vs PBS 485,0,TRUE,animal_in_vivo,TP-US20230263822,US 2023/0263822 A1,Table 90,public_domain,"50 mg/kg subcutaneous twice weekly for 6 weeks (Example 39). Column header printed as '10^3/mL'; values are consistent with 10^3/uL (=10^9/L) and the unit is recorded accordingly. Grading convention for rodent/NHP platelet-count panels in this lane: change vs concurrent PBS control >-10% = grade 0; -10% to -30% = grade 1 (mild decline, counts remain far above 100x10^9/L); worse than -30% = grade 2 (exceeds the ~30-50% decline the same patents use as their own tolerability screening cut-off for de-selecting a compound)."
TMSR960,TOLG087,animal_invivo,mouse,CD1_mouse_invivo,blood,systemic_dose,50,mg/kg,6wk,platelet_count,platelet_count,818.0,10^3/uL,decrease,-13.0% vs PBS 940,1,TRUE,animal_in_vivo,TP-US20230263822,US 2023/0263822 A1,Table 84,public_domain,"50 mg/kg subcutaneous twice weekly for 6 weeks (Example 37). Grading convention for rodent/NHP platelet-count panels in this lane: change vs concurrent PBS control >-10% = grade 0; -10% to -30% = grade 1 (mild decline, counts remain far above 100x10^9/L); worse than -30% = grade 2 (exceeds the ~30-50% decline the same patents use as their own tolerability screening cut-off for de-selecting a compound)."
TMSR961,TOLG087,animal_invivo,rat,Sprague-Dawley_rat_invivo,blood,systemic_dose,50,mg/kg,6wk,platelet_count,platelet_count,641.0,10^3/uL,increase,+32.2% vs PBS 485,0,TRUE,animal_in_vivo,TP-US20230263822,US 2023/0263822 A1,Table 90,public_domain,"50 mg/kg subcutaneous twice weekly for 6 weeks (Example 39). Column header printed as '10^3/mL'; values are consistent with 10^3/uL (=10^9/L) and the unit is recorded accordingly. Grading convention for rodent/NHP platelet-count panels in this lane: change vs concurrent PBS control >-10% = grade 0; -10% to -30% = grade 1 (mild decline, counts remain far above 100x10^9/L); worse than -30% = grade 2 (exceeds the ~30-50% decline the same patents use as their own tolerability screening cut-off for de-selecting a compound)."
TMSR962,TOLG088,animal_invivo,mouse,CD1_mouse_invivo,blood,systemic_dose,50,mg/kg,2wk,platelet_count,platelet_count,1689.0,10^3/uL,decrease,-20.6% vs PBS 2126,1,TRUE,animal_in_vivo,TP-US20230263822,US 2023/0263822 A1,Table 66,public_domain,"50 mg/kg subcutaneous twice weekly (Example 33); week-2 column only, because the patent reports the PBS control at week 2 only ('n.d.' at weeks 4 and 6), so later timepoints have no concurrent control. Grading convention for rodent/NHP platelet-count panels in this lane: change vs concurrent PBS control >-10% = grade 0; -10% to -30% = grade 1 (mild decline, counts remain far above 100x10^9/L); worse than -30% = grade 2 (exceeds the ~30-50% decline the same patents use as their own tolerability screening cut-off for de-selecting a compound)."
TMSR963,TOLG089,animal_invivo,mouse,CD1_mouse_invivo,blood,systemic_dose,50,mg/kg,2wk,platelet_count,platelet_count,1498.0,10^3/uL,decrease,-29.5% vs PBS 2126,1,TRUE,animal_in_vivo,TP-US20230263822,US 2023/0263822 A1,Table 66,public_domain,"50 mg/kg subcutaneous twice weekly (Example 33); week-2 column only, because the patent reports the PBS control at week 2 only ('n.d.' at weeks 4 and 6), so later timepoints have no concurrent control. Grading convention for rodent/NHP platelet-count panels in this lane: change vs concurrent PBS control >-10% = grade 0; -10% to -30% = grade 1 (mild decline, counts remain far above 100x10^9/L); worse than -30% = grade 2 (exceeds the ~30-50% decline the same patents use as their own tolerability screening cut-off for de-selecting a compound)."
TMSR964,TOLG090,ex_vivo,monkey,cynomolgus_invivo,blood,systemic_dose,25,mg/kg,12wk,platelet_aggregation,collagen_induced_platelet_aggregation_impedance,24.0,Ohms,increase,+41.2% vs PBS 17 Ohms,1,TRUE,animal_ex_vivo,TP-US20230263822,US 2023/0263822 A1,"Table 121 (day 85, with collagen)",public_domain,"Ex-vivo whole-blood impedance aggregometry after collagen agonist, in monkeys dosed in vivo (Example 45 dose escalation to 25 mg/kg SC). This is agonist-INDUCED platelet reactivity, not spontaneous ASO-induced aggregation: a value above the concurrent PBS control indicates hypersensitive platelets. Graded 1 where reactivity was >=10% above PBS control, 0 otherwise; the patent itself draws no conclusion from this table."
TMSR965,TOLG090,animal_invivo,monkey,cynomolgus_invivo,blood,systemic_dose,25,mg/kg,12wk,platelet_count,platelet_count,344.0,10^3/uL,decrease,-3.4% vs PBS 356,0,TRUE,animal_in_vivo,TP-US20230263822,US 2023/0263822 A1,Table 137 (day 85),public_domain,"Example 45 dose escalation: 5 mg/kg (weeks 1-3), 10 mg/kg (weeks 4-6), 25 mg/kg (weeks 7-12), subcutaneous; day 85 value at the 25 mg/kg maintenance dose. Grading convention for rodent/NHP platelet-count panels in this lane: change vs concurrent PBS control >-10% = grade 0; -10% to -30% = grade 1 (mild decline, counts remain far above 100x10^9/L); worse than -30% = grade 2 (exceeds the ~30-50% decline the same patents use as their own tolerability screening cut-off for de-selecting a compound)."
TMSR966,TOLG090,animal_invivo,mouse,CD1_mouse_invivo,blood,systemic_dose,50,mg/kg,2wk,platelet_count,platelet_count,1376.0,10^3/uL,decrease,-35.3% vs PBS 2126,2,TRUE,animal_in_vivo,TP-US20230263822,US 2023/0263822 A1,Table 66,public_domain,"50 mg/kg subcutaneous twice weekly (Example 33); week-2 column only, because the patent reports the PBS control at week 2 only ('n.d.' at weeks 4 and 6), so later timepoints have no concurrent control. Grading convention for rodent/NHP platelet-count panels in this lane: change vs concurrent PBS control >-10% = grade 0; -10% to -30% = grade 1 (mild decline, counts remain far above 100x10^9/L); worse than -30% = grade 2 (exceeds the ~30-50% decline the same patents use as their own tolerability screening cut-off for de-selecting a compound)."
TMSR967,TOLG091,animal_invivo,mouse,CD1_mouse_invivo,blood,systemic_dose,50,mg/kg,6wk,platelet_count,platelet_count,953.0,10^3/uL,no_change,+1.4% vs PBS 940,0,TRUE,animal_in_vivo,TP-US20230263822,US 2023/0263822 A1,Table 84,public_domain,"50 mg/kg subcutaneous twice weekly for 6 weeks (Example 37). Grading convention for rodent/NHP platelet-count panels in this lane: change vs concurrent PBS control >-10% = grade 0; -10% to -30% = grade 1 (mild decline, counts remain far above 100x10^9/L); worse than -30% = grade 2 (exceeds the ~30-50% decline the same patents use as their own tolerability screening cut-off for de-selecting a compound)."
TMSR968,TOLG091,animal_invivo,rat,Sprague-Dawley_rat_invivo,blood,systemic_dose,50,mg/kg,6wk,platelet_count,platelet_count,384.0,10^3/uL,decrease,-20.8% vs PBS 485,1,TRUE,animal_in_vivo,TP-US20230263822,US 2023/0263822 A1,Table 90,public_domain,"50 mg/kg subcutaneous twice weekly for 6 weeks (Example 39). Column header printed as '10^3/mL'; values are consistent with 10^3/uL (=10^9/L) and the unit is recorded accordingly. Grading convention for rodent/NHP platelet-count panels in this lane: change vs concurrent PBS control >-10% = grade 0; -10% to -30% = grade 1 (mild decline, counts remain far above 100x10^9/L); worse than -30% = grade 2 (exceeds the ~30-50% decline the same patents use as their own tolerability screening cut-off for de-selecting a compound)."
TMSR969,TOLG092,animal_invivo,mouse,CD1_mouse_invivo,blood,systemic_dose,50,mg/kg,6wk,platelet_count,platelet_count,744.0,10^3/uL,decrease,-20.9% vs PBS 940,1,TRUE,animal_in_vivo,TP-US20230263822,US 2023/0263822 A1,Table 84,public_domain,"50 mg/kg subcutaneous twice weekly for 6 weeks (Example 37). Grading convention for rodent/NHP platelet-count panels in this lane: change vs concurrent PBS control >-10% = grade 0; -10% to -30% = grade 1 (mild decline, counts remain far above 100x10^9/L); worse than -30% = grade 2 (exceeds the ~30-50% decline the same patents use as their own tolerability screening cut-off for de-selecting a compound)."
TMSR970,TOLG093,ex_vivo,monkey,cynomolgus_invivo,blood,systemic_dose,25,mg/kg,12wk,platelet_aggregation,collagen_induced_platelet_aggregation_impedance,26.0,Ohms,increase,+52.9% vs PBS 17 Ohms,1,TRUE,animal_ex_vivo,TP-US20230263822,US 2023/0263822 A1,"Table 121 (day 85, with collagen)",public_domain,"Ex-vivo whole-blood impedance aggregometry after collagen agonist, in monkeys dosed in vivo (Example 45 dose escalation to 25 mg/kg SC). This is agonist-INDUCED platelet reactivity, not spontaneous ASO-induced aggregation: a value above the concurrent PBS control indicates hypersensitive platelets. Graded 1 where reactivity was >=10% above PBS control, 0 otherwise; the patent itself draws no conclusion from this table."
TMSR971,TOLG093,animal_invivo,monkey,cynomolgus_invivo,blood,systemic_dose,25,mg/kg,12wk,platelet_count,platelet_count,458.0,10^3/uL,increase,+28.7% vs PBS 356,0,TRUE,animal_in_vivo,TP-US20230263822,US 2023/0263822 A1,Table 137 (day 85),public_domain,"Example 45 dose escalation: 5 mg/kg (weeks 1-3), 10 mg/kg (weeks 4-6), 25 mg/kg (weeks 7-12), subcutaneous; day 85 value at the 25 mg/kg maintenance dose. Grading convention for rodent/NHP platelet-count panels in this lane: change vs concurrent PBS control >-10% = grade 0; -10% to -30% = grade 1 (mild decline, counts remain far above 100x10^9/L); worse than -30% = grade 2 (exceeds the ~30-50% decline the same patents use as their own tolerability screening cut-off for de-selecting a compound)."
TMSR972,TOLG093,animal_invivo,monkey,cynomolgus_invivo,blood,systemic_dose,25,mg/kg,8wk,platelet_count,platelet_count,396.0,10^3/uL,no_change,-2.9% vs PBS 408,0,TRUE,animal_in_vivo,TP-US20230263822,US 2023/0263822 A1,Table 158 (Day 55),public_domain,"25 mg/kg subcutaneous 3x in week 1 then 2x weekly weeks 2-8; Day 55 terminal value. Table 158 header prints '(x100/uL)', which is inconsistent with the physiological range of the values and with Table 137 of the same patent ('x10^3/uL'); unit recorded as 10^3/uL and the header discrepancy is flagged rather than silently corrected. Grading convention for rodent/NHP platelet-count panels in this lane: change vs concurrent PBS control >-10% = grade 0; -10% to -30% = grade 1 (mild decline, counts remain far above 100x10^9/L); worse than -30% = grade 2 (exceeds the ~30-50% decline the same patents use as their own tolerability screening cut-off for de-selecting a compound)."
TMSR973,TOLG093,animal_invivo,mouse,CD1_mouse_invivo,blood,systemic_dose,50,mg/kg,2wk,platelet_count,platelet_count,1264.0,10^3/uL,decrease,-40.5% vs PBS 2126,2,TRUE,animal_in_vivo,TP-US20230263822,US 2023/0263822 A1,Table 66,public_domain,"50 mg/kg subcutaneous twice weekly (Example 33); week-2 column only, because the patent reports the PBS control at week 2 only ('n.d.' at weeks 4 and 6), so later timepoints have no concurrent control. Grading convention for rodent/NHP platelet-count panels in this lane: change vs concurrent PBS control >-10% = grade 0; -10% to -30% = grade 1 (mild decline, counts remain far above 100x10^9/L); worse than -30% = grade 2 (exceeds the ~30-50% decline the same patents use as their own tolerability screening cut-off for de-selecting a compound)."
TMSR974,TOLG093,animal_invivo,mouse,CD1_mouse_invivo,blood,systemic_dose,50,mg/kg,6wk,platelet_count,platelet_count,916.0,10^3/uL,no_change,-2.6% vs PBS 940,0,TRUE,animal_in_vivo,TP-US20230263822,US 2023/0263822 A1,Table 84,public_domain,"50 mg/kg subcutaneous twice weekly for 6 weeks (Example 37). Grading convention for rodent/NHP platelet-count panels in this lane: change vs concurrent PBS control >-10% = grade 0; -10% to -30% = grade 1 (mild decline, counts remain far above 100x10^9/L); worse than -30% = grade 2 (exceeds the ~30-50% decline the same patents use as their own tolerability screening cut-off for de-selecting a compound)."
TMSR975,TOLG093,animal_invivo,mouse,CD1_mouse_invivo,blood,systemic_dose,50,mg/kg,6wk,platelet_count,platelet_count,614.0,10^3/uL,decrease,-18.0% vs PBS 749,1,TRUE,animal_in_vivo,TP-US20230263822,US 2023/0263822 A1,Table 98,public_domain,"50 mg/kg subcutaneous twice weekly for 6 weeks (Example 41; 6-8-6 MOE and 5-8-5 MOE motif panel). Column header printed as '10^3/mL'; recorded as 10^3/uL. Grading convention for rodent/NHP platelet-count panels in this lane: change vs concurrent PBS control >-10% = grade 0; -10% to -30% = grade 1 (mild decline, counts remain far above 100x10^9/L); worse than -30% = grade 2 (exceeds the ~30-50% decline the same patents use as their own tolerability screening cut-off for de-selecting a compound)."
TMSR976,TOLG094,animal_invivo,mouse,CD1_mouse_invivo,blood,systemic_dose,50,mg/kg,6wk,platelet_count,platelet_count,984.0,10^3/uL,increase,+4.7% vs PBS 940,0,TRUE,animal_in_vivo,TP-US20230263822,US 2023/0263822 A1,Table 84,public_domain,"50 mg/kg subcutaneous twice weekly for 6 weeks (Example 37). Grading convention for rodent/NHP platelet-count panels in this lane: change vs concurrent PBS control >-10% = grade 0; -10% to -30% = grade 1 (mild decline, counts remain far above 100x10^9/L); worse than -30% = grade 2 (exceeds the ~30-50% decline the same patents use as their own tolerability screening cut-off for de-selecting a compound)."
TMSR977,TOLG094,animal_invivo,rat,Sprague-Dawley_rat_invivo,blood,systemic_dose,50,mg/kg,6wk,platelet_count,platelet_count,734.0,10^3/uL,increase,+51.3% vs PBS 485,0,TRUE,animal_in_vivo,TP-US20230263822,US 2023/0263822 A1,Table 90,public_domain,"50 mg/kg subcutaneous twice weekly for 6 weeks (Example 39). Column header printed as '10^3/mL'; values are consistent with 10^3/uL (=10^9/L) and the unit is recorded accordingly. Grading convention for rodent/NHP platelet-count panels in this lane: change vs concurrent PBS control >-10% = grade 0; -10% to -30% = grade 1 (mild decline, counts remain far above 100x10^9/L); worse than -30% = grade 2 (exceeds the ~30-50% decline the same patents use as their own tolerability screening cut-off for de-selecting a compound)."
TMSR978,TOLG095,animal_invivo,mouse,CD1_mouse_invivo,blood,systemic_dose,50,mg/kg,6wk,platelet_count,platelet_count,903.0,10^3/uL,decrease,-3.9% vs PBS 940,0,TRUE,animal_in_vivo,TP-US20230263822,US 2023/0263822 A1,Table 84,public_domain,"50 mg/kg subcutaneous twice weekly for 6 weeks (Example 37). Grading convention for rodent/NHP platelet-count panels in this lane: change vs concurrent PBS control >-10% = grade 0; -10% to -30% = grade 1 (mild decline, counts remain far above 100x10^9/L); worse than -30% = grade 2 (exceeds the ~30-50% decline the same patents use as their own tolerability screening cut-off for de-selecting a compound)."
TMSR979,TOLG095,animal_invivo,rat,Sprague-Dawley_rat_invivo,blood,systemic_dose,50,mg/kg,6wk,platelet_count,platelet_count,632.0,10^3/uL,increase,+30.3% vs PBS 485,0,TRUE,animal_in_vivo,TP-US20230263822,US 2023/0263822 A1,Table 90,public_domain,"50 mg/kg subcutaneous twice weekly for 6 weeks (Example 39). Column header printed as '10^3/mL'; values are consistent with 10^3/uL (=10^9/L) and the unit is recorded accordingly. Grading convention for rodent/NHP platelet-count panels in this lane: change vs concurrent PBS control >-10% = grade 0; -10% to -30% = grade 1 (mild decline, counts remain far above 100x10^9/L); worse than -30% = grade 2 (exceeds the ~30-50% decline the same patents use as their own tolerability screening cut-off for de-selecting a compound)."
TMSR980,TOLG096,animal_invivo,mouse,CD1_mouse_invivo,blood,systemic_dose,50,mg/kg,6wk,platelet_count,platelet_count,801.0,10^3/uL,decrease,-14.8% vs PBS 940,1,TRUE,animal_in_vivo,TP-US20230263822,US 2023/0263822 A1,Table 84,public_domain,"50 mg/kg subcutaneous twice weekly for 6 weeks (Example 37). Grading convention for rodent/NHP platelet-count panels in this lane: change vs concurrent PBS control >-10% = grade 0; -10% to -30% = grade 1 (mild decline, counts remain far above 100x10^9/L); worse than -30% = grade 2 (exceeds the ~30-50% decline the same patents use as their own tolerability screening cut-off for de-selecting a compound)."
TMSR981,TOLG097,animal_invivo,mouse,CD1_mouse_invivo,blood,systemic_dose,50,mg/kg,6wk,platelet_count,platelet_count,1060.0,10^3/uL,increase,+12.8% vs PBS 940,0,TRUE,animal_in_vivo,TP-US20230263822,US 2023/0263822 A1,Table 84,public_domain,"50 mg/kg subcutaneous twice weekly for 6 weeks (Example 37). Grading convention for rodent/NHP platelet-count panels in this lane: change vs concurrent PBS control >-10% = grade 0; -10% to -30% = grade 1 (mild decline, counts remain far above 100x10^9/L); worse than -30% = grade 2 (exceeds the ~30-50% decline the same patents use as their own tolerability screening cut-off for de-selecting a compound)."
TMSR982,TOLG098,animal_invivo,mouse,CD1_mouse_invivo,blood,systemic_dose,50,mg/kg,6wk,platelet_count,platelet_count,784.0,10^3/uL,decrease,-16.6% vs PBS 940,1,TRUE,animal_in_vivo,TP-US20230263822,US 2023/0263822 A1,Table 84,public_domain,"50 mg/kg subcutaneous twice weekly for 6 weeks (Example 37). Grading convention for rodent/NHP platelet-count panels in this lane: change vs concurrent PBS control >-10% = grade 0; -10% to -30% = grade 1 (mild decline, counts remain far above 100x10^9/L); worse than -30% = grade 2 (exceeds the ~30-50% decline the same patents use as their own tolerability screening cut-off for de-selecting a compound)."
TMSR983,TOLG099,animal_invivo,mouse,CD1_mouse_invivo,blood,systemic_dose,50,mg/kg,6wk,platelet_count,platelet_count,753.0,10^3/uL,decrease,-19.9% vs PBS 940,1,TRUE,animal_in_vivo,TP-US20230263822,US 2023/0263822 A1,Table 84,public_domain,"50 mg/kg subcutaneous twice weekly for 6 weeks (Example 37). Grading convention for rodent/NHP platelet-count panels in this lane: change vs concurrent PBS control >-10% = grade 0; -10% to -30% = grade 1 (mild decline, counts remain far above 100x10^9/L); worse than -30% = grade 2 (exceeds the ~30-50% decline the same patents use as their own tolerability screening cut-off for de-selecting a compound)."
TMSR984,TOLG099,animal_invivo,rat,Sprague-Dawley_rat_invivo,blood,systemic_dose,50,mg/kg,6wk,platelet_count,platelet_count,740.0,10^3/uL,increase,+52.6% vs PBS 485,0,TRUE,animal_in_vivo,TP-US20230263822,US 2023/0263822 A1,Table 90,public_domain,"50 mg/kg subcutaneous twice weekly for 6 weeks (Example 39). Column header printed as '10^3/mL'; values are consistent with 10^3/uL (=10^9/L) and the unit is recorded accordingly. Grading convention for rodent/NHP platelet-count panels in this lane: change vs concurrent PBS control >-10% = grade 0; -10% to -30% = grade 1 (mild decline, counts remain far above 100x10^9/L); worse than -30% = grade 2 (exceeds the ~30-50% decline the same patents use as their own tolerability screening cut-off for de-selecting a compound)."
TMSR985,TOLG100,animal_invivo,mouse,CD1_mouse_invivo,blood,systemic_dose,50,mg/kg,6wk,platelet_count,platelet_count,603.0,10^3/uL,decrease,-35.9% vs PBS 940,2,TRUE,animal_in_vivo,TP-US20230263822,US 2023/0263822 A1,Table 84,public_domain,"50 mg/kg subcutaneous twice weekly for 6 weeks (Example 37). Grading convention for rodent/NHP platelet-count panels in this lane: change vs concurrent PBS control >-10% = grade 0; -10% to -30% = grade 1 (mild decline, counts remain far above 100x10^9/L); worse than -30% = grade 2 (exceeds the ~30-50% decline the same patents use as their own tolerability screening cut-off for de-selecting a compound)."
TMSR988,TOLG101,animal_invivo,monkey,cynomolgus_invivo,blood,systemic_dose,4,mg/kg,13wk,platelet_count,platelet_count,516.0,10^3/uL,no_change,+2.0% vs PBS 506,0,TRUE,animal_in_vivo,TP-US20210355497,US 2021/0355497 A1,Table 4,public_domain,"Weekly subcutaneous dosing for 13 weeks, platelets measured at day 93. PBS control 506 x10^3/uL. Dose-dependent decline across 4->40 mg/kg. Grading convention for rodent/NHP platelet-count panels in this lane: change vs concurrent PBS control >-10% = grade 0; -10% to -30% = grade 1 (mild decline, counts remain far above 100x10^9/L); worse than -30% = grade 2 (exceeds the ~30-50% decline the same patents use as their own tolerability screening cut-off for de-selecting a compound)."
TMSR989,TOLG101,animal_invivo,monkey,cynomolgus_invivo,blood,systemic_dose,8,mg/kg,13wk,platelet_count,platelet_count,452.0,10^3/uL,decrease,-10.7% vs PBS 506,1,TRUE,animal_in_vivo,TP-US20210355497,US 2021/0355497 A1,Table 4,public_domain,"Weekly subcutaneous dosing for 13 weeks, platelets measured at day 93. PBS control 506 x10^3/uL. Dose-dependent decline across 4->40 mg/kg. Grading convention for rodent/NHP platelet-count panels in this lane: change vs concurrent PBS control >-10% = grade 0; -10% to -30% = grade 1 (mild decline, counts remain far above 100x10^9/L); worse than -30% = grade 2 (exceeds the ~30-50% decline the same patents use as their own tolerability screening cut-off for de-selecting a compound)."
TMSR990,TOLG101,animal_invivo,monkey,cynomolgus_invivo,blood,systemic_dose,12,mg/kg,13wk,platelet_count,platelet_count,404.0,10^3/uL,decrease,-20.2% vs PBS 506,1,TRUE,animal_in_vivo,TP-US20210355497,US 2021/0355497 A1,Table 4,public_domain,"Weekly subcutaneous dosing for 13 weeks, platelets measured at day 93. PBS control 506 x10^3/uL. Dose-dependent decline across 4->40 mg/kg. Grading convention for rodent/NHP platelet-count panels in this lane: change vs concurrent PBS control >-10% = grade 0; -10% to -30% = grade 1 (mild decline, counts remain far above 100x10^9/L); worse than -30% = grade 2 (exceeds the ~30-50% decline the same patents use as their own tolerability screening cut-off for de-selecting a compound)."
TMSR991,TOLG101,animal_invivo,monkey,cynomolgus_invivo,blood,systemic_dose,40,mg/kg,13wk,platelet_count,platelet_count,357.0,10^3/uL,decrease,-29.4% vs PBS 506,1,TRUE,animal_in_vivo,TP-US20210355497,US 2021/0355497 A1,Table 4,public_domain,"Weekly subcutaneous dosing for 13 weeks, platelets measured at day 93. PBS control 506 x10^3/uL. Dose-dependent decline across 4->40 mg/kg. Grading convention for rodent/NHP platelet-count panels in this lane: change vs concurrent PBS control >-10% = grade 0; -10% to -30% = grade 1 (mild decline, counts remain far above 100x10^9/L); worse than -30% = grade 2 (exceeds the ~30-50% decline the same patents use as their own tolerability screening cut-off for de-selecting a compound)."
TMSR992,TOLG101,ex_vivo,monkey,cynomolgus_invivo,blood,systemic_dose,25,mg/kg,12wk,platelet_aggregation,collagen_induced_platelet_aggregation_impedance,23.0,Ohms,increase,+35.3% vs PBS 17 Ohms,1,TRUE,animal_ex_vivo,TP-US20230263822,US 2023/0263822 A1,"Table 121 (day 85, with collagen)",public_domain,"Ex-vivo whole-blood impedance aggregometry after collagen agonist, in monkeys dosed in vivo (Example 45 dose escalation to 25 mg/kg SC). This is agonist-INDUCED platelet reactivity, not spontaneous ASO-induced aggregation: a value above the concurrent PBS control indicates hypersensitive platelets. Graded 1 where reactivity was >=10% above PBS control, 0 otherwise; the patent itself draws no conclusion from this table."
TMSR993,TOLG101,animal_invivo,monkey,cynomolgus_invivo,blood,systemic_dose,25,mg/kg,12wk,platelet_count,platelet_count,267.0,10^3/uL,decrease,-25.0% vs PBS 356,1,TRUE,animal_in_vivo,TP-US20230263822,US 2023/0263822 A1,Table 137 (day 85),public_domain,"Example 45 dose escalation: 5 mg/kg (weeks 1-3), 10 mg/kg (weeks 4-6), 25 mg/kg (weeks 7-12), subcutaneous; day 85 value at the 25 mg/kg maintenance dose. Grading convention for rodent/NHP platelet-count panels in this lane: change vs concurrent PBS control >-10% = grade 0; -10% to -30% = grade 1 (mild decline, counts remain far above 100x10^9/L); worse than -30% = grade 2 (exceeds the ~30-50% decline the same patents use as their own tolerability screening cut-off for de-selecting a compound)."
TMSR994,TOLG101,animal_invivo,monkey,cynomolgus_invivo,blood,systemic_dose,25,mg/kg,8wk,platelet_count,platelet_count,257.0,10^3/uL,decrease,-37.0% vs PBS 408,2,TRUE,animal_in_vivo,TP-US20230263822,US 2023/0263822 A1,Table 158 (Day 55),public_domain,"25 mg/kg subcutaneous 3x in week 1 then 2x weekly weeks 2-8; Day 55 terminal value. Table 158 header prints '(x100/uL)', which is inconsistent with the physiological range of the values and with Table 137 of the same patent ('x10^3/uL'); unit recorded as 10^3/uL and the header discrepancy is flagged rather than silently corrected. Grading convention for rodent/NHP platelet-count panels in this lane: change vs concurrent PBS control >-10% = grade 0; -10% to -30% = grade 1 (mild decline, counts remain far above 100x10^9/L); worse than -30% = grade 2 (exceeds the ~30-50% decline the same patents use as their own tolerability screening cut-off for de-selecting a compound)."
TMSR995,TOLG101,animal_invivo,mouse,CD1_mouse_invivo,blood,systemic_dose,50,mg/kg,2wk,platelet_count,platelet_count,2480.0,10^3/uL,increase,+16.7% vs PBS 2126,0,TRUE,animal_in_vivo,TP-US20230263822,US 2023/0263822 A1,Table 66,public_domain,"50 mg/kg subcutaneous twice weekly (Example 33); week-2 column only, because the patent reports the PBS control at week 2 only ('n.d.' at weeks 4 and 6), so later timepoints have no concurrent control. Grading convention for rodent/NHP platelet-count panels in this lane: change vs concurrent PBS control >-10% = grade 0; -10% to -30% = grade 1 (mild decline, counts remain far above 100x10^9/L); worse than -30% = grade 2 (exceeds the ~30-50% decline the same patents use as their own tolerability screening cut-off for de-selecting a compound)."
TMSR996,TOLG101,animal_invivo,mouse,CD1_mouse_invivo,blood,systemic_dose,50,mg/kg,6wk,platelet_count,platelet_count,782.0,10^3/uL,decrease,-16.8% vs PBS 940,1,TRUE,animal_in_vivo,TP-US20230263822,US 2023/0263822 A1,Table 84,public_domain,"50 mg/kg subcutaneous twice weekly for 6 weeks (Example 37). Grading convention for rodent/NHP platelet-count panels in this lane: change vs concurrent PBS control >-10% = grade 0; -10% to -30% = grade 1 (mild decline, counts remain far above 100x10^9/L); worse than -30% = grade 2 (exceeds the ~30-50% decline the same patents use as their own tolerability screening cut-off for de-selecting a compound)."
TMSR997,TOLG102,animal_invivo,mouse,CD1_mouse_invivo,blood,systemic_dose,50,mg/kg,6wk,platelet_count,platelet_count,826.0,10^3/uL,decrease,-12.1% vs PBS 940,1,TRUE,animal_in_vivo,TP-US20230263822,US 2023/0263822 A1,Table 84,public_domain,"50 mg/kg subcutaneous twice weekly for 6 weeks (Example 37). Grading convention for rodent/NHP platelet-count panels in this lane: change vs concurrent PBS control >-10% = grade 0; -10% to -30% = grade 1 (mild decline, counts remain far above 100x10^9/L); worse than -30% = grade 2 (exceeds the ~30-50% decline the same patents use as their own tolerability screening cut-off for de-selecting a compound)."
TMSR998,TOLG102,animal_invivo,rat,Sprague-Dawley_rat_invivo,blood,systemic_dose,50,mg/kg,6wk,platelet_count,platelet_count,853.0,10^3/uL,increase,+75.9% vs PBS 485,0,TRUE,animal_in_vivo,TP-US20230263822,US 2023/0263822 A1,Table 90,public_domain,"50 mg/kg subcutaneous twice weekly for 6 weeks (Example 39). Column header printed as '10^3/mL'; values are consistent with 10^3/uL (=10^9/L) and the unit is recorded accordingly. Grading convention for rodent/NHP platelet-count panels in this lane: change vs concurrent PBS control >-10% = grade 0; -10% to -30% = grade 1 (mild decline, counts remain far above 100x10^9/L); worse than -30% = grade 2 (exceeds the ~30-50% decline the same patents use as their own tolerability screening cut-off for de-selecting a compound)."
TMSR999,TOLG103,animal_invivo,mouse,CD1_mouse_invivo,blood,systemic_dose,50,mg/kg,6wk,platelet_count,platelet_count,937.0,10^3/uL,no_change,-0.3% vs PBS 940,0,TRUE,animal_in_vivo,TP-US20230263822,US 2023/0263822 A1,Table 84,public_domain,"50 mg/kg subcutaneous twice weekly for 6 weeks (Example 37). Grading convention for rodent/NHP platelet-count panels in this lane: change vs concurrent PBS control >-10% = grade 0; -10% to -30% = grade 1 (mild decline, counts remain far above 100x10^9/L); worse than -30% = grade 2 (exceeds the ~30-50% decline the same patents use as their own tolerability screening cut-off for de-selecting a compound)."
TMSR1000,TOLG103,animal_invivo,rat,Sprague-Dawley_rat_invivo,blood,systemic_dose,50,mg/kg,6wk,platelet_count,platelet_count,669.0,10^3/uL,increase,+37.9% vs PBS 485,0,TRUE,animal_in_vivo,TP-US20230263822,US 2023/0263822 A1,Table 90,public_domain,"50 mg/kg subcutaneous twice weekly for 6 weeks (Example 39). Column header printed as '10^3/mL'; values are consistent with 10^3/uL (=10^9/L) and the unit is recorded accordingly. Grading convention for rodent/NHP platelet-count panels in this lane: change vs concurrent PBS control >-10% = grade 0; -10% to -30% = grade 1 (mild decline, counts remain far above 100x10^9/L); worse than -30% = grade 2 (exceeds the ~30-50% decline the same patents use as their own tolerability screening cut-off for de-selecting a compound)."
TMSR1001,TOLG104,animal_invivo,mouse,CD1_mouse_invivo,blood,systemic_dose,50,mg/kg,6wk,platelet_count,platelet_count,836.0,10^3/uL,decrease,-11.1% vs PBS 940,1,TRUE,animal_in_vivo,TP-US20230263822,US 2023/0263822 A1,Table 84,public_domain,"50 mg/kg subcutaneous twice weekly for 6 weeks (Example 37). Grading convention for rodent/NHP platelet-count panels in this lane: change vs concurrent PBS control >-10% = grade 0; -10% to -30% = grade 1 (mild decline, counts remain far above 100x10^9/L); worse than -30% = grade 2 (exceeds the ~30-50% decline the same patents use as their own tolerability screening cut-off for de-selecting a compound)."
TMSR1002,TOLG104,animal_invivo,rat,Sprague-Dawley_rat_invivo,blood,systemic_dose,50,mg/kg,6wk,platelet_count,platelet_count,1008.0,10^3/uL,increase,+107.8% vs PBS 485,0,TRUE,animal_in_vivo,TP-US20230263822,US 2023/0263822 A1,Table 90,public_domain,"50 mg/kg subcutaneous twice weekly for 6 weeks (Example 39). Column header printed as '10^3/mL'; values are consistent with 10^3/uL (=10^9/L) and the unit is recorded accordingly. Grading convention for rodent/NHP platelet-count panels in this lane: change vs concurrent PBS control >-10% = grade 0; -10% to -30% = grade 1 (mild decline, counts remain far above 100x10^9/L); worse than -30% = grade 2 (exceeds the ~30-50% decline the same patents use as their own tolerability screening cut-off for de-selecting a compound)."
TMSR1003,TOLG105,animal_invivo,mouse,CD1_mouse_invivo,blood,systemic_dose,50,mg/kg,6wk,platelet_count,platelet_count,1007.0,10^3/uL,increase,+7.1% vs PBS 940,0,TRUE,animal_in_vivo,TP-US20230263822,US 2023/0263822 A1,Table 84,public_domain,"50 mg/kg subcutaneous twice weekly for 6 weeks (Example 37). Grading convention for rodent/NHP platelet-count panels in this lane: change vs concurrent PBS control >-10% = grade 0; -10% to -30% = grade 1 (mild decline, counts remain far above 100x10^9/L); worse than -30% = grade 2 (exceeds the ~30-50% decline the same patents use as their own tolerability screening cut-off for de-selecting a compound)."
TMSR1004,TOLG106,animal_invivo,mouse,CD1_mouse_invivo,blood,systemic_dose,50,mg/kg,6wk,platelet_count,platelet_count,1131.0,10^3/uL,increase,+20.3% vs PBS 940,0,TRUE,animal_in_vivo,TP-US20230263822,US 2023/0263822 A1,Table 84,public_domain,"50 mg/kg subcutaneous twice weekly for 6 weeks (Example 37). Grading convention for rodent/NHP platelet-count panels in this lane: change vs concurrent PBS control >-10% = grade 0; -10% to -30% = grade 1 (mild decline, counts remain far above 100x10^9/L); worse than -30% = grade 2 (exceeds the ~30-50% decline the same patents use as their own tolerability screening cut-off for de-selecting a compound)."
TMSR1005,TOLG106,animal_invivo,rat,Sprague-Dawley_rat_invivo,blood,systemic_dose,50,mg/kg,6wk,platelet_count,platelet_count,674.0,10^3/uL,increase,+39.0% vs PBS 485,0,TRUE,animal_in_vivo,TP-US20230263822,US 2023/0263822 A1,Table 90,public_domain,"50 mg/kg subcutaneous twice weekly for 6 weeks (Example 39). Column header printed as '10^3/mL'; values are consistent with 10^3/uL (=10^9/L) and the unit is recorded accordingly. Grading convention for rodent/NHP platelet-count panels in this lane: change vs concurrent PBS control >-10% = grade 0; -10% to -30% = grade 1 (mild decline, counts remain far above 100x10^9/L); worse than -30% = grade 2 (exceeds the ~30-50% decline the same patents use as their own tolerability screening cut-off for de-selecting a compound)."
TMSR1006,TOLG107,ex_vivo,monkey,cynomolgus_invivo,blood,systemic_dose,25,mg/kg,12wk,platelet_aggregation,collagen_induced_platelet_aggregation_impedance,28.0,Ohms,increase,+64.7% vs PBS 17 Ohms,1,TRUE,animal_ex_vivo,TP-US20230263822,US 2023/0263822 A1,"Table 121 (day 85, with collagen)",public_domain,"Ex-vivo whole-blood impedance aggregometry after collagen agonist, in monkeys dosed in vivo (Example 45 dose escalation to 25 mg/kg SC). This is agonist-INDUCED platelet reactivity, not spontaneous ASO-induced aggregation: a value above the concurrent PBS control indicates hypersensitive platelets. Graded 1 where reactivity was >=10% above PBS control, 0 otherwise; the patent itself draws no conclusion from this table."
TMSR1007,TOLG107,animal_invivo,monkey,cynomolgus_invivo,blood,systemic_dose,25,mg/kg,12wk,platelet_count,platelet_count,387.0,10^3/uL,increase,+8.7% vs PBS 356,0,TRUE,animal_in_vivo,TP-US20230263822,US 2023/0263822 A1,Table 137 (day 85),public_domain,"Example 45 dose escalation: 5 mg/kg (weeks 1-3), 10 mg/kg (weeks 4-6), 25 mg/kg (weeks 7-12), subcutaneous; day 85 value at the 25 mg/kg maintenance dose. Grading convention for rodent/NHP platelet-count panels in this lane: change vs concurrent PBS control >-10% = grade 0; -10% to -30% = grade 1 (mild decline, counts remain far above 100x10^9/L); worse than -30% = grade 2 (exceeds the ~30-50% decline the same patents use as their own tolerability screening cut-off for de-selecting a compound)."
TMSR1008,TOLG107,animal_invivo,mouse,CD1_mouse_invivo,blood,systemic_dose,50,mg/kg,2wk,platelet_count,platelet_count,1924.0,10^3/uL,decrease,-9.5% vs PBS 2126,0,TRUE,animal_in_vivo,TP-US20230263822,US 2023/0263822 A1,Table 66,public_domain,"50 mg/kg subcutaneous twice weekly (Example 33); week-2 column only, because the patent reports the PBS control at week 2 only ('n.d.' at weeks 4 and 6), so later timepoints have no concurrent control. Grading convention for rodent/NHP platelet-count panels in this lane: change vs concurrent PBS control >-10% = grade 0; -10% to -30% = grade 1 (mild decline, counts remain far above 100x10^9/L); worse than -30% = grade 2 (exceeds the ~30-50% decline the same patents use as their own tolerability screening cut-off for de-selecting a compound)."
TMSR1009,TOLG107,animal_invivo,mouse,CD1_mouse_invivo,blood,systemic_dose,50,mg/kg,6wk,platelet_count,platelet_count,750.0,10^3/uL,decrease,-20.2% vs PBS 940,1,TRUE,animal_in_vivo,TP-US20230263822,US 2023/0263822 A1,Table 84,public_domain,"50 mg/kg subcutaneous twice weekly for 6 weeks (Example 37). Grading convention for rodent/NHP platelet-count panels in this lane: change vs concurrent PBS control >-10% = grade 0; -10% to -30% = grade 1 (mild decline, counts remain far above 100x10^9/L); worse than -30% = grade 2 (exceeds the ~30-50% decline the same patents use as their own tolerability screening cut-off for de-selecting a compound)."
TMSR1010,TOLG108,animal_invivo,mouse,CD1_mouse_invivo,blood,systemic_dose,50,mg/kg,6wk,platelet_count,platelet_count,872.0,10^3/uL,decrease,-7.2% vs PBS 940,0,TRUE,animal_in_vivo,TP-US20230263822,US 2023/0263822 A1,Table 84,public_domain,"50 mg/kg subcutaneous twice weekly for 6 weeks (Example 37). Grading convention for rodent/NHP platelet-count panels in this lane: change vs concurrent PBS control >-10% = grade 0; -10% to -30% = grade 1 (mild decline, counts remain far above 100x10^9/L); worse than -30% = grade 2 (exceeds the ~30-50% decline the same patents use as their own tolerability screening cut-off for de-selecting a compound)."
TMSR1011,TOLG109,animal_invivo,mouse,CD1_mouse_invivo,blood,systemic_dose,50,mg/kg,6wk,platelet_count,platelet_count,1045.0,10^3/uL,increase,+11.2% vs PBS 940,0,TRUE,animal_in_vivo,TP-US20230263822,US 2023/0263822 A1,Table 84,public_domain,"50 mg/kg subcutaneous twice weekly for 6 weeks (Example 37). Grading convention for rodent/NHP platelet-count panels in this lane: change vs concurrent PBS control >-10% = grade 0; -10% to -30% = grade 1 (mild decline, counts remain far above 100x10^9/L); worse than -30% = grade 2 (exceeds the ~30-50% decline the same patents use as their own tolerability screening cut-off for de-selecting a compound)."
TMSR1012,TOLG109,animal_invivo,rat,Sprague-Dawley_rat_invivo,blood,systemic_dose,50,mg/kg,6wk,platelet_count,platelet_count,900.0,10^3/uL,increase,+85.6% vs PBS 485,0,TRUE,animal_in_vivo,TP-US20230263822,US 2023/0263822 A1,Table 90,public_domain,"50 mg/kg subcutaneous twice weekly for 6 weeks (Example 39). Column header printed as '10^3/mL'; values are consistent with 10^3/uL (=10^9/L) and the unit is recorded accordingly. Grading convention for rodent/NHP platelet-count panels in this lane: change vs concurrent PBS control >-10% = grade 0; -10% to -30% = grade 1 (mild decline, counts remain far above 100x10^9/L); worse than -30% = grade 2 (exceeds the ~30-50% decline the same patents use as their own tolerability screening cut-off for de-selecting a compound)."
TMSR1013,TOLG110,animal_invivo,mouse,CD1_mouse_invivo,blood,systemic_dose,50,mg/kg,6wk,platelet_count,platelet_count,1006.0,10^3/uL,increase,+7.0% vs PBS 940,0,TRUE,animal_in_vivo,TP-US20230263822,US 2023/0263822 A1,Table 84,public_domain,"50 mg/kg subcutaneous twice weekly for 6 weeks (Example 37). Grading convention for rodent/NHP platelet-count panels in this lane: change vs concurrent PBS control >-10% = grade 0; -10% to -30% = grade 1 (mild decline, counts remain far above 100x10^9/L); worse than -30% = grade 2 (exceeds the ~30-50% decline the same patents use as their own tolerability screening cut-off for de-selecting a compound)."
TMSR1014,TOLG110,animal_invivo,rat,Sprague-Dawley_rat_invivo,blood,systemic_dose,50,mg/kg,6wk,platelet_count,platelet_count,705.0,10^3/uL,increase,+45.4% vs PBS 485,0,TRUE,animal_in_vivo,TP-US20230263822,US 2023/0263822 A1,Table 90,public_domain,"50 mg/kg subcutaneous twice weekly for 6 weeks (Example 39). Column header printed as '10^3/mL'; values are consistent with 10^3/uL (=10^9/L) and the unit is recorded accordingly. Grading convention for rodent/NHP platelet-count panels in this lane: change vs concurrent PBS control >-10% = grade 0; -10% to -30% = grade 1 (mild decline, counts remain far above 100x10^9/L); worse than -30% = grade 2 (exceeds the ~30-50% decline the same patents use as their own tolerability screening cut-off for de-selecting a compound)."
TMSR1015,TOLG111,animal_invivo,mouse,CD1_mouse_invivo,blood,systemic_dose,50,mg/kg,2wk,platelet_count,platelet_count,1687.0,10^3/uL,decrease,-20.6% vs PBS 2126,1,TRUE,animal_in_vivo,TP-US20230263822,US 2023/0263822 A1,Table 66,public_domain,"50 mg/kg subcutaneous twice weekly (Example 33); week-2 column only, because the patent reports the PBS control at week 2 only ('n.d.' at weeks 4 and 6), so later timepoints have no concurrent control. Grading convention for rodent/NHP platelet-count panels in this lane: change vs concurrent PBS control >-10% = grade 0; -10% to -30% = grade 1 (mild decline, counts remain far above 100x10^9/L); worse than -30% = grade 2 (exceeds the ~30-50% decline the same patents use as their own tolerability screening cut-off for de-selecting a compound)."
TMSR1016,TOLG112,animal_invivo,mouse,CD1_mouse_invivo,blood,systemic_dose,50,mg/kg,2wk,platelet_count,platelet_count,1509.0,10^3/uL,decrease,-29.0% vs PBS 2126,1,TRUE,animal_in_vivo,TP-US20230263822,US 2023/0263822 A1,Table 66,public_domain,"50 mg/kg subcutaneous twice weekly (Example 33); week-2 column only, because the patent reports the PBS control at week 2 only ('n.d.' at weeks 4 and 6), so later timepoints have no concurrent control. Grading convention for rodent/NHP platelet-count panels in this lane: change vs concurrent PBS control >-10% = grade 0; -10% to -30% = grade 1 (mild decline, counts remain far above 100x10^9/L); worse than -30% = grade 2 (exceeds the ~30-50% decline the same patents use as their own tolerability screening cut-off for de-selecting a compound)."
TMSR1017,TOLG113,animal_invivo,mouse,CD1_mouse_invivo,blood,systemic_dose,50,mg/kg,2wk,platelet_count,platelet_count,1621.0,10^3/uL,decrease,-23.8% vs PBS 2126,1,TRUE,animal_in_vivo,TP-US20230263822,US 2023/0263822 A1,Table 66,public_domain,"50 mg/kg subcutaneous twice weekly (Example 33); week-2 column only, because the patent reports the PBS control at week 2 only ('n.d.' at weeks 4 and 6), so later timepoints have no concurrent control. Grading convention for rodent/NHP platelet-count panels in this lane: change vs concurrent PBS control >-10% = grade 0; -10% to -30% = grade 1 (mild decline, counts remain far above 100x10^9/L); worse than -30% = grade 2 (exceeds the ~30-50% decline the same patents use as their own tolerability screening cut-off for de-selecting a compound)."
TMSR1018,TOLG114,ex_vivo,monkey,cynomolgus_invivo,blood,systemic_dose,25,mg/kg,12wk,platelet_aggregation,collagen_induced_platelet_aggregation_impedance,24.0,Ohms,increase,+41.2% vs PBS 17 Ohms,1,TRUE,animal_ex_vivo,TP-US20230263822,US 2023/0263822 A1,"Table 121 (day 85, with collagen)",public_domain,"Ex-vivo whole-blood impedance aggregometry after collagen agonist, in monkeys dosed in vivo (Example 45 dose escalation to 25 mg/kg SC). This is agonist-INDUCED platelet reactivity, not spontaneous ASO-induced aggregation: a value above the concurrent PBS control indicates hypersensitive platelets. Graded 1 where reactivity was >=10% above PBS control, 0 otherwise; the patent itself draws no conclusion from this table."
TMSR1019,TOLG114,animal_invivo,monkey,cynomolgus_invivo,blood,systemic_dose,25,mg/kg,12wk,platelet_count,platelet_count,418.0,10^3/uL,increase,+17.4% vs PBS 356,0,TRUE,animal_in_vivo,TP-US20230263822,US 2023/0263822 A1,Table 137 (day 85),public_domain,"Example 45 dose escalation: 5 mg/kg (weeks 1-3), 10 mg/kg (weeks 4-6), 25 mg/kg (weeks 7-12), subcutaneous; day 85 value at the 25 mg/kg maintenance dose. Grading convention for rodent/NHP platelet-count panels in this lane: change vs concurrent PBS control >-10% = grade 0; -10% to -30% = grade 1 (mild decline, counts remain far above 100x10^9/L); worse than -30% = grade 2 (exceeds the ~30-50% decline the same patents use as their own tolerability screening cut-off for de-selecting a compound)."
TMSR1020,TOLG114,animal_invivo,mouse,CD1_mouse_invivo,blood,systemic_dose,50,mg/kg,2wk,platelet_count,platelet_count,1864.0,10^3/uL,decrease,-12.3% vs PBS 2126,1,TRUE,animal_in_vivo,TP-US20230263822,US 2023/0263822 A1,Table 66,public_domain,"50 mg/kg subcutaneous twice weekly (Example 33); week-2 column only, because the patent reports the PBS control at week 2 only ('n.d.' at weeks 4 and 6), so later timepoints have no concurrent control. Grading convention for rodent/NHP platelet-count panels in this lane: change vs concurrent PBS control >-10% = grade 0; -10% to -30% = grade 1 (mild decline, counts remain far above 100x10^9/L); worse than -30% = grade 2 (exceeds the ~30-50% decline the same patents use as their own tolerability screening cut-off for de-selecting a compound)."
TMSR1021,TOLG115,animal_invivo,mouse,CD1_mouse_invivo,blood,systemic_dose,50,mg/kg,2wk,platelet_count,platelet_count,1309.0,10^3/uL,decrease,-38.4% vs PBS 2126,2,TRUE,animal_in_vivo,TP-US20230263822,US 2023/0263822 A1,Table 66,public_domain,"50 mg/kg subcutaneous twice weekly (Example 33); week-2 column only, because the patent reports the PBS control at week 2 only ('n.d.' at weeks 4 and 6), so later timepoints have no concurrent control. Grading convention for rodent/NHP platelet-count panels in this lane: change vs concurrent PBS control >-10% = grade 0; -10% to -30% = grade 1 (mild decline, counts remain far above 100x10^9/L); worse than -30% = grade 2 (exceeds the ~30-50% decline the same patents use as their own tolerability screening cut-off for de-selecting a compound)."
TMSR1022,TOLG116,animal_invivo,mouse,CD1_mouse_invivo,blood,systemic_dose,50,mg/kg,6wk,platelet_count,platelet_count,-2.0,% change vs PBS control,no_change,-2%,0,TRUE,animal_in_vivo,TP-US11535849,"US 11,535,849 B2",Table 53,public_domain,"50 mg/kg subcutaneous twice weekly. Grading convention for rodent/NHP platelet-count panels in this lane: change vs concurrent PBS control >-10% = grade 0; -10% to -30% = grade 1 (mild decline, counts remain far above 100x10^9/L); worse than -30% = grade 2 (exceeds the ~30-50% decline the same patents use as their own tolerability screening cut-off for de-selecting a compound). Table 53 caption does not restate the timepoint; the companion tables of the same Example (Tables 49-51) are labelled week 6. Table 53 prints ISIS 450518-450523 whereas the Example 17 treatment list prints 425518-425523 (apparent typographical inconsistency in the patent); numbers here are exactly as printed in Table 53, which match the ISIS numbers defined in Example 16."
TMSR1023,TOLG116,animal_invivo,rat,Sprague-Dawley_rat_invivo,blood,systemic_dose,50,mg/kg,6wk,platelet_count,platelet_count,0.7,fold_change vs PBS (PBS=1.0),decrease,0.7x vs PBS 1.0,2,TRUE,animal_in_vivo,TP-US11535849,"US 11,535,849 B2",Table 59,public_domain,"50 mg/kg subcutaneous twice weekly. Table 59 reports ratios to the PBS control. ISIS 420959 dropped: value printed as 'n.d.'. Grading convention for rodent/NHP platelet-count panels in this lane: change vs concurrent PBS control >-10% = grade 0; -10% to -30% = grade 1 (mild decline, counts remain far above 100x10^9/L); worse than -30% = grade 2 (exceeds the ~30-50% decline the same patents use as their own tolerability screening cut-off for de-selecting a compound)."
TMSR1024,TOLG117,animal_invivo,mouse,CD1_mouse_invivo,blood,systemic_dose,50,mg/kg,6wk,platelet_count,platelet_count,19.0,% change vs PBS control,increase,+19%,0,TRUE,animal_in_vivo,TP-US11535849,"US 11,535,849 B2",Table 53,public_domain,"50 mg/kg subcutaneous twice weekly. Grading convention for rodent/NHP platelet-count panels in this lane: change vs concurrent PBS control >-10% = grade 0; -10% to -30% = grade 1 (mild decline, counts remain far above 100x10^9/L); worse than -30% = grade 2 (exceeds the ~30-50% decline the same patents use as their own tolerability screening cut-off for de-selecting a compound). Table 53 caption does not restate the timepoint; the companion tables of the same Example (Tables 49-51) are labelled week 6. Table 53 prints ISIS 450518-450523 whereas the Example 17 treatment list prints 425518-425523 (apparent typographical inconsistency in the patent); numbers here are exactly as printed in Table 53, which match the ISIS numbers defined in Example 16."
TMSR1025,TOLG118,animal_invivo,mouse,CD1_mouse_invivo,blood,systemic_dose,50,mg/kg,6wk,platelet_count,platelet_count,25.0,% change vs PBS control,increase,+25%,0,TRUE,animal_in_vivo,TP-US11535849,"US 11,535,849 B2",Table 53,public_domain,"50 mg/kg subcutaneous twice weekly. Grading convention for rodent/NHP platelet-count panels in this lane: change vs concurrent PBS control >-10% = grade 0; -10% to -30% = grade 1 (mild decline, counts remain far above 100x10^9/L); worse than -30% = grade 2 (exceeds the ~30-50% decline the same patents use as their own tolerability screening cut-off for de-selecting a compound). Table 53 caption does not restate the timepoint; the companion tables of the same Example (Tables 49-51) are labelled week 6. Table 53 prints ISIS 450518-450523 whereas the Example 17 treatment list prints 425518-425523 (apparent typographical inconsistency in the patent); numbers here are exactly as printed in Table 53, which match the ISIS numbers defined in Example 16."
TMSR1026,TOLG118,animal_invivo,rat,Sprague-Dawley_rat_invivo,blood,systemic_dose,50,mg/kg,6wk,platelet_count,platelet_count,0.6,fold_change vs PBS (PBS=1.0),decrease,0.6x vs PBS 1.0,2,TRUE,animal_in_vivo,TP-US11535849,"US 11,535,849 B2",Table 59,public_domain,"50 mg/kg subcutaneous twice weekly. Table 59 reports ratios to the PBS control. ISIS 420959 dropped: value printed as 'n.d.'. Grading convention for rodent/NHP platelet-count panels in this lane: change vs concurrent PBS control >-10% = grade 0; -10% to -30% = grade 1 (mild decline, counts remain far above 100x10^9/L); worse than -30% = grade 2 (exceeds the ~30-50% decline the same patents use as their own tolerability screening cut-off for de-selecting a compound)."
TMSR1027,TOLG118,animal_invivo,monkey,cynomolgus_invivo,blood,systemic_dose,25,mg/kg,12wk,platelet_count,platelet_count,385.0,10^3/uL,decrease,-7.2% vs PBS 415,0,TRUE,animal_in_vivo,TP-US11535849,"US 11,535,849 B2",Table 80,public_domain,"25 mg/kg subcutaneous, 3x in week 1 then 2x weekly for 11 weeks; terminal sacrifice day 86. PBS control 415 x10^3/uL (= x10^9/L). Grading convention for rodent/NHP platelet-count panels in this lane: change vs concurrent PBS control >-10% = grade 0; -10% to -30% = grade 1 (mild decline, counts remain far above 100x10^9/L); worse than -30% = grade 2 (exceeds the ~30-50% decline the same patents use as their own tolerability screening cut-off for de-selecting a compound)."
TMSR1028,TOLG119,animal_invivo,mouse,CD1_mouse_invivo,blood,systemic_dose,50,mg/kg,6wk,platelet_count,platelet_count,24.0,% change vs PBS control,increase,+24%,0,TRUE,animal_in_vivo,TP-US11535849,"US 11,535,849 B2",Table 53,public_domain,"50 mg/kg subcutaneous twice weekly. Grading convention for rodent/NHP platelet-count panels in this lane: change vs concurrent PBS control >-10% = grade 0; -10% to -30% = grade 1 (mild decline, counts remain far above 100x10^9/L); worse than -30% = grade 2 (exceeds the ~30-50% decline the same patents use as their own tolerability screening cut-off for de-selecting a compound). Table 53 caption does not restate the timepoint; the companion tables of the same Example (Tables 49-51) are labelled week 6. Table 53 prints ISIS 450518-450523 whereas the Example 17 treatment list prints 425518-425523 (apparent typographical inconsistency in the patent); numbers here are exactly as printed in Table 53, which match the ISIS numbers defined in Example 16."
TMSR1029,TOLG119,animal_invivo,rat,Sprague-Dawley_rat_invivo,blood,systemic_dose,50,mg/kg,6wk,platelet_count,platelet_count,0.7,fold_change vs PBS (PBS=1.0),decrease,0.7x vs PBS 1.0,2,TRUE,animal_in_vivo,TP-US11535849,"US 11,535,849 B2",Table 59,public_domain,"50 mg/kg subcutaneous twice weekly. Table 59 reports ratios to the PBS control. ISIS 420959 dropped: value printed as 'n.d.'. Grading convention for rodent/NHP platelet-count panels in this lane: change vs concurrent PBS control >-10% = grade 0; -10% to -30% = grade 1 (mild decline, counts remain far above 100x10^9/L); worse than -30% = grade 2 (exceeds the ~30-50% decline the same patents use as their own tolerability screening cut-off for de-selecting a compound)."
TMSR1030,TOLG119,animal_invivo,monkey,cynomolgus_invivo,blood,systemic_dose,25,mg/kg,12wk,platelet_count,platelet_count,396.0,10^3/uL,decrease,-4.6% vs PBS 415,0,TRUE,animal_in_vivo,TP-US11535849,"US 11,535,849 B2",Table 80,public_domain,"25 mg/kg subcutaneous, 3x in week 1 then 2x weekly for 11 weeks; terminal sacrifice day 86. PBS control 415 x10^3/uL (= x10^9/L). Grading convention for rodent/NHP platelet-count panels in this lane: change vs concurrent PBS control >-10% = grade 0; -10% to -30% = grade 1 (mild decline, counts remain far above 100x10^9/L); worse than -30% = grade 2 (exceeds the ~30-50% decline the same patents use as their own tolerability screening cut-off for de-selecting a compound)."
TMSR1031,TOLG120,animal_invivo,mouse,CD1_mouse_invivo,blood,systemic_dose,50,mg/kg,6wk,platelet_count,platelet_count,20.0,% change vs PBS control,increase,+20%,0,TRUE,animal_in_vivo,TP-US11535849,"US 11,535,849 B2",Table 53,public_domain,"50 mg/kg subcutaneous twice weekly. Grading convention for rodent/NHP platelet-count panels in this lane: change vs concurrent PBS control >-10% = grade 0; -10% to -30% = grade 1 (mild decline, counts remain far above 100x10^9/L); worse than -30% = grade 2 (exceeds the ~30-50% decline the same patents use as their own tolerability screening cut-off for de-selecting a compound). Table 53 caption does not restate the timepoint; the companion tables of the same Example (Tables 49-51) are labelled week 6. Table 53 prints ISIS 450518-450523 whereas the Example 17 treatment list prints 425518-425523 (apparent typographical inconsistency in the patent); numbers here are exactly as printed in Table 53, which match the ISIS numbers defined in Example 16."
TMSR1032,TOLG121,animal_invivo,mouse,CD1_mouse_invivo,blood,systemic_dose,50,mg/kg,6wk,platelet_count,platelet_count,18.0,% change vs PBS control,increase,+18%,0,TRUE,animal_in_vivo,TP-US11535849,"US 11,535,849 B2",Table 53,public_domain,"50 mg/kg subcutaneous twice weekly. Grading convention for rodent/NHP platelet-count panels in this lane: change vs concurrent PBS control >-10% = grade 0; -10% to -30% = grade 1 (mild decline, counts remain far above 100x10^9/L); worse than -30% = grade 2 (exceeds the ~30-50% decline the same patents use as their own tolerability screening cut-off for de-selecting a compound). Table 53 caption does not restate the timepoint; the companion tables of the same Example (Tables 49-51) are labelled week 6. Table 53 prints ISIS 450518-450523 whereas the Example 17 treatment list prints 425518-425523 (apparent typographical inconsistency in the patent); numbers here are exactly as printed in Table 53, which match the ISIS numbers defined in Example 16."
TMSR1033,TOLG122,animal_invivo,mouse,CD1_mouse_invivo,blood,systemic_dose,50,mg/kg,6wk,platelet_count,platelet_count,-9.0,% change vs PBS control,decrease,-9%,0,TRUE,animal_in_vivo,TP-US11535849,"US 11,535,849 B2",Table 53,public_domain,"50 mg/kg subcutaneous twice weekly. Grading convention for rodent/NHP platelet-count panels in this lane: change vs concurrent PBS control >-10% = grade 0; -10% to -30% = grade 1 (mild decline, counts remain far above 100x10^9/L); worse than -30% = grade 2 (exceeds the ~30-50% decline the same patents use as their own tolerability screening cut-off for de-selecting a compound). Table 53 caption does not restate the timepoint; the companion tables of the same Example (Tables 49-51) are labelled week 6. Table 53 prints ISIS 450518-450523 whereas the Example 17 treatment list prints 425518-425523 (apparent typographical inconsistency in the patent); numbers here are exactly as printed in Table 53, which match the ISIS numbers defined in Example 16."
TMSR1034,TOLG123,animal_invivo,mouse,CD1_mouse_invivo,blood,systemic_dose,50,mg/kg,6wk,platelet_count,platelet_count,17.0,% change vs PBS control,increase,+17%,0,TRUE,animal_in_vivo,TP-US11535849,"US 11,535,849 B2",Table 53,public_domain,"50 mg/kg subcutaneous twice weekly. Grading convention for rodent/NHP platelet-count panels in this lane: change vs concurrent PBS control >-10% = grade 0; -10% to -30% = grade 1 (mild decline, counts remain far above 100x10^9/L); worse than -30% = grade 2 (exceeds the ~30-50% decline the same patents use as their own tolerability screening cut-off for de-selecting a compound). Table 53 caption does not restate the timepoint; the companion tables of the same Example (Tables 49-51) are labelled week 6. Table 53 prints ISIS 450518-450523 whereas the Example 17 treatment list prints 425518-425523 (apparent typographical inconsistency in the patent); numbers here are exactly as printed in Table 53, which match the ISIS numbers defined in Example 16."
TMSR1035,TOLG124,animal_invivo,mouse,CD1_mouse_invivo,blood,systemic_dose,50,mg/kg,6wk,platelet_count,platelet_count,6.0,% change vs PBS control,increase,+6%,0,TRUE,animal_in_vivo,TP-US11535849,"US 11,535,849 B2",Table 53,public_domain,"50 mg/kg subcutaneous twice weekly. Grading convention for rodent/NHP platelet-count panels in this lane: change vs concurrent PBS control >-10% = grade 0; -10% to -30% = grade 1 (mild decline, counts remain far above 100x10^9/L); worse than -30% = grade 2 (exceeds the ~30-50% decline the same patents use as their own tolerability screening cut-off for de-selecting a compound). Table 53 caption does not restate the timepoint; the companion tables of the same Example (Tables 49-51) are labelled week 6. Table 53 prints ISIS 450518-450523 whereas the Example 17 treatment list prints 425518-425523 (apparent typographical inconsistency in the patent); numbers here are exactly as printed in Table 53, which match the ISIS numbers defined in Example 16."
TMSR1036,TOLG124,animal_invivo,rat,Sprague-Dawley_rat_invivo,blood,systemic_dose,50,mg/kg,6wk,platelet_count,platelet_count,0.7,fold_change vs PBS (PBS=1.0),decrease,0.7x vs PBS 1.0,2,TRUE,animal_in_vivo,TP-US11535849,"US 11,535,849 B2",Table 59,public_domain,"50 mg/kg subcutaneous twice weekly. Table 59 reports ratios to the PBS control. ISIS 420959 dropped: value printed as 'n.d.'. Grading convention for rodent/NHP platelet-count panels in this lane: change vs concurrent PBS control >-10% = grade 0; -10% to -30% = grade 1 (mild decline, counts remain far above 100x10^9/L); worse than -30% = grade 2 (exceeds the ~30-50% decline the same patents use as their own tolerability screening cut-off for de-selecting a compound)."
TMSR1037,TOLG124,animal_invivo,monkey,cynomolgus_invivo,blood,systemic_dose,25,mg/kg,12wk,platelet_count,platelet_count,260.0,10^3/uL,decrease,-37.3% vs PBS 415,2,TRUE,animal_in_vivo,TP-US11535849,"US 11,535,849 B2",Table 80,public_domain,"25 mg/kg subcutaneous, 3x in week 1 then 2x weekly for 11 weeks; terminal sacrifice day 86. PBS control 415 x10^3/uL (= x10^9/L). Grading convention for rodent/NHP platelet-count panels in this lane: change vs concurrent PBS control >-10% = grade 0; -10% to -30% = grade 1 (mild decline, counts remain far above 100x10^9/L); worse than -30% = grade 2 (exceeds the ~30-50% decline the same patents use as their own tolerability screening cut-off for de-selecting a compound)."
TMSR1038,TOLG125,animal_invivo,mouse,CD1_mouse_invivo,blood,systemic_dose,50,mg/kg,2wk,platelet_count,platelet_count,-9.0,% change vs PBS control,decrease,-9%,0,TRUE,animal_in_vivo,TP-US11535849,"US 11,535,849 B2",Table 27,public_domain,"50 mg/kg subcutaneous twice weekly. Grading convention for rodent/NHP platelet-count panels in this lane: change vs concurrent PBS control >-10% = grade 0; -10% to -30% = grade 1 (mild decline, counts remain far above 100x10^9/L); worse than -30% = grade 2 (exceeds the ~30-50% decline the same patents use as their own tolerability screening cut-off for de-selecting a compound)."
TMSR1039,TOLG125,animal_invivo,mouse,CD1_mouse_invivo,blood,systemic_dose,50,mg/kg,6wk,platelet_count,platelet_count,-40.0,% change vs PBS control,decrease,-40%,2,TRUE,animal_in_vivo,TP-US11535849,"US 11,535,849 B2",Table 28,public_domain,"50 mg/kg subcutaneous twice weekly. Grading convention for rodent/NHP platelet-count panels in this lane: change vs concurrent PBS control >-10% = grade 0; -10% to -30% = grade 1 (mild decline, counts remain far above 100x10^9/L); worse than -30% = grade 2 (exceeds the ~30-50% decline the same patents use as their own tolerability screening cut-off for de-selecting a compound)."
TMSR1040,TOLG125,animal_invivo,rat,Sprague-Dawley_rat_invivo,blood,systemic_dose,50,mg/kg,6wk,platelet_count,platelet_count,-67.0,% change vs PBS control,decrease,-67%,2,TRUE,animal_in_vivo,TP-US11535849,"US 11,535,849 B2",Table 37,public_domain,"50 mg/kg subcutaneous twice weekly. Grading convention for rodent/NHP platelet-count panels in this lane: change vs concurrent PBS control >-10% = grade 0; -10% to -30% = grade 1 (mild decline, counts remain far above 100x10^9/L); worse than -30% = grade 2 (exceeds the ~30-50% decline the same patents use as their own tolerability screening cut-off for de-selecting a compound)."
TMSR1041,TOLG125,animal_invivo,mouse,CD1_mouse_invivo,blood,systemic_dose,50,mg/kg,6wk,platelet_count,platelet_count,26.0,% change vs PBS control,increase,+26%,0,TRUE,animal_in_vivo,TP-US11535849,"US 11,535,849 B2",Table 53,public_domain,"50 mg/kg subcutaneous twice weekly. Grading convention for rodent/NHP platelet-count panels in this lane: change vs concurrent PBS control >-10% = grade 0; -10% to -30% = grade 1 (mild decline, counts remain far above 100x10^9/L); worse than -30% = grade 2 (exceeds the ~30-50% decline the same patents use as their own tolerability screening cut-off for de-selecting a compound). Table 53 caption does not restate the timepoint; the companion tables of the same Example (Tables 49-51) are labelled week 6. Table 53 prints ISIS 450518-450523 whereas the Example 17 treatment list prints 425518-425523 (apparent typographical inconsistency in the patent); numbers here are exactly as printed in Table 53, which match the ISIS numbers defined in Example 16."
TMSR1042,TOLG126,animal_invivo,mouse,CD1_mouse_invivo,blood,systemic_dose,50,mg/kg,6wk,platelet_count,platelet_count,13.0,% change vs PBS control,increase,+13%,0,TRUE,animal_in_vivo,TP-US11535849,"US 11,535,849 B2",Table 53,public_domain,"50 mg/kg subcutaneous twice weekly. Grading convention for rodent/NHP platelet-count panels in this lane: change vs concurrent PBS control >-10% = grade 0; -10% to -30% = grade 1 (mild decline, counts remain far above 100x10^9/L); worse than -30% = grade 2 (exceeds the ~30-50% decline the same patents use as their own tolerability screening cut-off for de-selecting a compound). Table 53 caption does not restate the timepoint; the companion tables of the same Example (Tables 49-51) are labelled week 6. Table 53 prints ISIS 450518-450523 whereas the Example 17 treatment list prints 425518-425523 (apparent typographical inconsistency in the patent); numbers here are exactly as printed in Table 53, which match the ISIS numbers defined in Example 16."
TMSR1043,TOLG127,animal_invivo,mouse,CD1_mouse_invivo,blood,systemic_dose,50,mg/kg,6wk,platelet_count,platelet_count,11.0,% change vs PBS control,increase,+11%,0,TRUE,animal_in_vivo,TP-US11535849,"US 11,535,849 B2",Table 53,public_domain,"50 mg/kg subcutaneous twice weekly. Grading convention for rodent/NHP platelet-count panels in this lane: change vs concurrent PBS control >-10% = grade 0; -10% to -30% = grade 1 (mild decline, counts remain far above 100x10^9/L); worse than -30% = grade 2 (exceeds the ~30-50% decline the same patents use as their own tolerability screening cut-off for de-selecting a compound). Table 53 caption does not restate the timepoint; the companion tables of the same Example (Tables 49-51) are labelled week 6. Table 53 prints ISIS 450518-450523 whereas the Example 17 treatment list prints 425518-425523 (apparent typographical inconsistency in the patent); numbers here are exactly as printed in Table 53, which match the ISIS numbers defined in Example 16."
TMSR1044,TOLG128,animal_invivo,mouse,CD1_mouse_invivo,blood,systemic_dose,50,mg/kg,6wk,platelet_count,platelet_count,30.0,% change vs PBS control,increase,+30%,0,TRUE,animal_in_vivo,TP-US11535849,"US 11,535,849 B2",Table 53,public_domain,"50 mg/kg subcutaneous twice weekly. Grading convention for rodent/NHP platelet-count panels in this lane: change vs concurrent PBS control >-10% = grade 0; -10% to -30% = grade 1 (mild decline, counts remain far above 100x10^9/L); worse than -30% = grade 2 (exceeds the ~30-50% decline the same patents use as their own tolerability screening cut-off for de-selecting a compound). Table 53 caption does not restate the timepoint; the companion tables of the same Example (Tables 49-51) are labelled week 6. Table 53 prints ISIS 450518-450523 whereas the Example 17 treatment list prints 425518-425523 (apparent typographical inconsistency in the patent); numbers here are exactly as printed in Table 53, which match the ISIS numbers defined in Example 16."
TMSR1045,TOLG128,animal_invivo,rat,Sprague-Dawley_rat_invivo,blood,systemic_dose,50,mg/kg,6wk,platelet_count,platelet_count,0.7,fold_change vs PBS (PBS=1.0),decrease,0.7x vs PBS 1.0,2,TRUE,animal_in_vivo,TP-US11535849,"US 11,535,849 B2",Table 59,public_domain,"50 mg/kg subcutaneous twice weekly. Table 59 reports ratios to the PBS control. ISIS 420959 dropped: value printed as 'n.d.'. Grading convention for rodent/NHP platelet-count panels in this lane: change vs concurrent PBS control >-10% = grade 0; -10% to -30% = grade 1 (mild decline, counts remain far above 100x10^9/L); worse than -30% = grade 2 (exceeds the ~30-50% decline the same patents use as their own tolerability screening cut-off for de-selecting a compound)."
TMSR1046,TOLG129,animal_invivo,mouse,CD1_mouse_invivo,blood,systemic_dose,50,mg/kg,6wk,platelet_count,platelet_count,16.0,% change vs PBS control,increase,+16%,0,TRUE,animal_in_vivo,TP-US11535849,"US 11,535,849 B2",Table 53,public_domain,"50 mg/kg subcutaneous twice weekly. Grading convention for rodent/NHP platelet-count panels in this lane: change vs concurrent PBS control >-10% = grade 0; -10% to -30% = grade 1 (mild decline, counts remain far above 100x10^9/L); worse than -30% = grade 2 (exceeds the ~30-50% decline the same patents use as their own tolerability screening cut-off for de-selecting a compound). Table 53 caption does not restate the timepoint; the companion tables of the same Example (Tables 49-51) are labelled week 6. Table 53 prints ISIS 450518-450523 whereas the Example 17 treatment list prints 425518-425523 (apparent typographical inconsistency in the patent); numbers here are exactly as printed in Table 53, which match the ISIS numbers defined in Example 16."
TMSR1047,TOLG129,animal_invivo,rat,Sprague-Dawley_rat_invivo,blood,systemic_dose,50,mg/kg,6wk,platelet_count,platelet_count,0.3,fold_change vs PBS (PBS=1.0),decrease,0.3x vs PBS 1.0,2,TRUE,animal_in_vivo,TP-US11535849,"US 11,535,849 B2",Table 59,public_domain,"50 mg/kg subcutaneous twice weekly. Table 59 reports ratios to the PBS control. ISIS 420959 dropped: value printed as 'n.d.'. Grading convention for rodent/NHP platelet-count panels in this lane: change vs concurrent PBS control >-10% = grade 0; -10% to -30% = grade 1 (mild decline, counts remain far above 100x10^9/L); worse than -30% = grade 2 (exceeds the ~30-50% decline the same patents use as their own tolerability screening cut-off for de-selecting a compound)."
TMSR1048,TOLG129,animal_invivo,monkey,cynomolgus_invivo,blood,systemic_dose,25,mg/kg,12wk,platelet_count,platelet_count,298.0,10^3/uL,decrease,-28.2% vs PBS 415,1,TRUE,animal_in_vivo,TP-US11535849,"US 11,535,849 B2",Table 80,public_domain,"25 mg/kg subcutaneous, 3x in week 1 then 2x weekly for 11 weeks; terminal sacrifice day 86. PBS control 415 x10^3/uL (= x10^9/L). Grading convention for rodent/NHP platelet-count panels in this lane: change vs concurrent PBS control >-10% = grade 0; -10% to -30% = grade 1 (mild decline, counts remain far above 100x10^9/L); worse than -30% = grade 2 (exceeds the ~30-50% decline the same patents use as their own tolerability screening cut-off for de-selecting a compound)."
TMSR1049,TOLG130,animal_invivo,mouse,CD1_mouse_invivo,blood,systemic_dose,50,mg/kg,6wk,platelet_count,platelet_count,-1.0,% change vs PBS control,no_change,-1%,0,TRUE,animal_in_vivo,TP-US11535849,"US 11,535,849 B2",Table 53,public_domain,"50 mg/kg subcutaneous twice weekly. Grading convention for rodent/NHP platelet-count panels in this lane: change vs concurrent PBS control >-10% = grade 0; -10% to -30% = grade 1 (mild decline, counts remain far above 100x10^9/L); worse than -30% = grade 2 (exceeds the ~30-50% decline the same patents use as their own tolerability screening cut-off for de-selecting a compound). Table 53 caption does not restate the timepoint; the companion tables of the same Example (Tables 49-51) are labelled week 6. Table 53 prints ISIS 450518-450523 whereas the Example 17 treatment list prints 425518-425523 (apparent typographical inconsistency in the patent); numbers here are exactly as printed in Table 53, which match the ISIS numbers defined in Example 16."
TMSR1050,TOLG130,animal_invivo,monkey,cynomolgus_invivo,blood,systemic_dose,25,mg/kg,12wk,platelet_count,platelet_count,306.0,10^3/uL,decrease,-26.3% vs PBS 415,1,TRUE,animal_in_vivo,TP-US11535849,"US 11,535,849 B2",Table 80,public_domain,"25 mg/kg subcutaneous, 3x in week 1 then 2x weekly for 11 weeks; terminal sacrifice day 86. PBS control 415 x10^3/uL (= x10^9/L). Grading convention for rodent/NHP platelet-count panels in this lane: change vs concurrent PBS control >-10% = grade 0; -10% to -30% = grade 1 (mild decline, counts remain far above 100x10^9/L); worse than -30% = grade 2 (exceeds the ~30-50% decline the same patents use as their own tolerability screening cut-off for de-selecting a compound)."
TMSR1051,TOLG131,animal_invivo,mouse,CD1_mouse_invivo,blood,systemic_dose,50,mg/kg,2wk,platelet_count,platelet_count,18.0,% change vs PBS control,increase,+18%,0,TRUE,animal_in_vivo,TP-US11535849,"US 11,535,849 B2",Table 27,public_domain,"50 mg/kg subcutaneous twice weekly. Grading convention for rodent/NHP platelet-count panels in this lane: change vs concurrent PBS control >-10% = grade 0; -10% to -30% = grade 1 (mild decline, counts remain far above 100x10^9/L); worse than -30% = grade 2 (exceeds the ~30-50% decline the same patents use as their own tolerability screening cut-off for de-selecting a compound)."
TMSR1052,TOLG131,animal_invivo,mouse,CD1_mouse_invivo,blood,systemic_dose,50,mg/kg,6wk,platelet_count,platelet_count,-19.0,% change vs PBS control,decrease,-19%,1,TRUE,animal_in_vivo,TP-US11535849,"US 11,535,849 B2",Table 28,public_domain,"50 mg/kg subcutaneous twice weekly. Grading convention for rodent/NHP platelet-count panels in this lane: change vs concurrent PBS control >-10% = grade 0; -10% to -30% = grade 1 (mild decline, counts remain far above 100x10^9/L); worse than -30% = grade 2 (exceeds the ~30-50% decline the same patents use as their own tolerability screening cut-off for de-selecting a compound)."
TMSR1053,TOLG131,animal_invivo,rat,Sprague-Dawley_rat_invivo,blood,systemic_dose,50,mg/kg,6wk,platelet_count,platelet_count,-13.0,% change vs PBS control,decrease,-13%,1,TRUE,animal_in_vivo,TP-US11535849,"US 11,535,849 B2",Table 37,public_domain,"50 mg/kg subcutaneous twice weekly. Grading convention for rodent/NHP platelet-count panels in this lane: change vs concurrent PBS control >-10% = grade 0; -10% to -30% = grade 1 (mild decline, counts remain far above 100x10^9/L); worse than -30% = grade 2 (exceeds the ~30-50% decline the same patents use as their own tolerability screening cut-off for de-selecting a compound)."
TMSR1054,TOLG132,animal_invivo,mouse,CD1_mouse_invivo,blood,systemic_dose,50,mg/kg,2wk,platelet_count,platelet_count,24.0,% change vs PBS control,increase,+24%,0,TRUE,animal_in_vivo,TP-US11535849,"US 11,535,849 B2",Table 27,public_domain,"50 mg/kg subcutaneous twice weekly. Grading convention for rodent/NHP platelet-count panels in this lane: change vs concurrent PBS control >-10% = grade 0; -10% to -30% = grade 1 (mild decline, counts remain far above 100x10^9/L); worse than -30% = grade 2 (exceeds the ~30-50% decline the same patents use as their own tolerability screening cut-off for de-selecting a compound)."
TMSR1055,TOLG132,animal_invivo,mouse,CD1_mouse_invivo,blood,systemic_dose,50,mg/kg,6wk,platelet_count,platelet_count,-25.0,% change vs PBS control,decrease,-25%,1,TRUE,animal_in_vivo,TP-US11535849,"US 11,535,849 B2",Table 28,public_domain,"50 mg/kg subcutaneous twice weekly. Grading convention for rodent/NHP platelet-count panels in this lane: change vs concurrent PBS control >-10% = grade 0; -10% to -30% = grade 1 (mild decline, counts remain far above 100x10^9/L); worse than -30% = grade 2 (exceeds the ~30-50% decline the same patents use as their own tolerability screening cut-off for de-selecting a compound)."
TMSR1056,TOLG132,animal_invivo,rat,Sprague-Dawley_rat_invivo,blood,systemic_dose,50,mg/kg,6wk,platelet_count,platelet_count,-15.0,% change vs PBS control,decrease,-15%,1,TRUE,animal_in_vivo,TP-US11535849,"US 11,535,849 B2",Table 37,public_domain,"50 mg/kg subcutaneous twice weekly. Grading convention for rodent/NHP platelet-count panels in this lane: change vs concurrent PBS control >-10% = grade 0; -10% to -30% = grade 1 (mild decline, counts remain far above 100x10^9/L); worse than -30% = grade 2 (exceeds the ~30-50% decline the same patents use as their own tolerability screening cut-off for de-selecting a compound)."
TMSR1057,TOLG133,animal_invivo,mouse,CD1_mouse_invivo,blood,systemic_dose,50,mg/kg,2wk,platelet_count,platelet_count,-19.0,% change vs PBS control,decrease,-19%,1,TRUE,animal_in_vivo,TP-US11535849,"US 11,535,849 B2",Table 27,public_domain,"50 mg/kg subcutaneous twice weekly. Grading convention for rodent/NHP platelet-count panels in this lane: change vs concurrent PBS control >-10% = grade 0; -10% to -30% = grade 1 (mild decline, counts remain far above 100x10^9/L); worse than -30% = grade 2 (exceeds the ~30-50% decline the same patents use as their own tolerability screening cut-off for de-selecting a compound)."
TMSR1058,TOLG133,animal_invivo,mouse,CD1_mouse_invivo,blood,systemic_dose,50,mg/kg,6wk,platelet_count,platelet_count,-27.0,% change vs PBS control,decrease,-27%,1,TRUE,animal_in_vivo,TP-US11535849,"US 11,535,849 B2",Table 28,public_domain,"50 mg/kg subcutaneous twice weekly. Grading convention for rodent/NHP platelet-count panels in this lane: change vs concurrent PBS control >-10% = grade 0; -10% to -30% = grade 1 (mild decline, counts remain far above 100x10^9/L); worse than -30% = grade 2 (exceeds the ~30-50% decline the same patents use as their own tolerability screening cut-off for de-selecting a compound)."
TMSR1059,TOLG133,animal_invivo,rat,Sprague-Dawley_rat_invivo,blood,systemic_dose,50,mg/kg,6wk,platelet_count,platelet_count,-75.0,% change vs PBS control,decrease,-75%,2,TRUE,animal_in_vivo,TP-US11535849,"US 11,535,849 B2",Table 37,public_domain,"50 mg/kg subcutaneous twice weekly. Grading convention for rodent/NHP platelet-count panels in this lane: change vs concurrent PBS control >-10% = grade 0; -10% to -30% = grade 1 (mild decline, counts remain far above 100x10^9/L); worse than -30% = grade 2 (exceeds the ~30-50% decline the same patents use as their own tolerability screening cut-off for de-selecting a compound)."
TMSR1060,TOLG134,animal_invivo,mouse,CD1_mouse_invivo,blood,systemic_dose,50,mg/kg,2wk,platelet_count,platelet_count,29.0,% change vs PBS control,increase,+29%,0,TRUE,animal_in_vivo,TP-US11535849,"US 11,535,849 B2",Table 27,public_domain,"50 mg/kg subcutaneous twice weekly. Grading convention for rodent/NHP platelet-count panels in this lane: change vs concurrent PBS control >-10% = grade 0; -10% to -30% = grade 1 (mild decline, counts remain far above 100x10^9/L); worse than -30% = grade 2 (exceeds the ~30-50% decline the same patents use as their own tolerability screening cut-off for de-selecting a compound)."
TMSR1061,TOLG134,animal_invivo,mouse,CD1_mouse_invivo,blood,systemic_dose,50,mg/kg,6wk,platelet_count,platelet_count,-49.0,% change vs PBS control,decrease,-49%,2,TRUE,animal_in_vivo,TP-US11535849,"US 11,535,849 B2",Table 28,public_domain,"50 mg/kg subcutaneous twice weekly. Grading convention for rodent/NHP platelet-count panels in this lane: change vs concurrent PBS control >-10% = grade 0; -10% to -30% = grade 1 (mild decline, counts remain far above 100x10^9/L); worse than -30% = grade 2 (exceeds the ~30-50% decline the same patents use as their own tolerability screening cut-off for de-selecting a compound)."
TMSR1062,TOLG134,animal_invivo,rat,Sprague-Dawley_rat_invivo,blood,systemic_dose,50,mg/kg,6wk,platelet_count,platelet_count,-5.0,% change vs PBS control,decrease,-5%,0,TRUE,animal_in_vivo,TP-US11535849,"US 11,535,849 B2",Table 37,public_domain,"50 mg/kg subcutaneous twice weekly. Grading convention for rodent/NHP platelet-count panels in this lane: change vs concurrent PBS control >-10% = grade 0; -10% to -30% = grade 1 (mild decline, counts remain far above 100x10^9/L); worse than -30% = grade 2 (exceeds the ~30-50% decline the same patents use as their own tolerability screening cut-off for de-selecting a compound)."
TMSR1063,TOLG135,animal_invivo,mouse,CD1_mouse_invivo,blood,systemic_dose,50,mg/kg,2wk,platelet_count,platelet_count,10.0,% change vs PBS control,increase,+10%,0,TRUE,animal_in_vivo,TP-US11535849,"US 11,535,849 B2",Table 27,public_domain,"50 mg/kg subcutaneous twice weekly. Grading convention for rodent/NHP platelet-count panels in this lane: change vs concurrent PBS control >-10% = grade 0; -10% to -30% = grade 1 (mild decline, counts remain far above 100x10^9/L); worse than -30% = grade 2 (exceeds the ~30-50% decline the same patents use as their own tolerability screening cut-off for de-selecting a compound)."
TMSR1064,TOLG135,animal_invivo,mouse,CD1_mouse_invivo,blood,systemic_dose,50,mg/kg,6wk,platelet_count,platelet_count,-46.0,% change vs PBS control,decrease,-46%,2,TRUE,animal_in_vivo,TP-US11535849,"US 11,535,849 B2",Table 28,public_domain,"50 mg/kg subcutaneous twice weekly. Grading convention for rodent/NHP platelet-count panels in this lane: change vs concurrent PBS control >-10% = grade 0; -10% to -30% = grade 1 (mild decline, counts remain far above 100x10^9/L); worse than -30% = grade 2 (exceeds the ~30-50% decline the same patents use as their own tolerability screening cut-off for de-selecting a compound)."
TMSR1065,TOLG135,animal_invivo,rat,Sprague-Dawley_rat_invivo,blood,systemic_dose,50,mg/kg,6wk,platelet_count,platelet_count,-1.0,% change vs PBS control,no_change,-1%,0,TRUE,animal_in_vivo,TP-US11535849,"US 11,535,849 B2",Table 37,public_domain,"50 mg/kg subcutaneous twice weekly. Grading convention for rodent/NHP platelet-count panels in this lane: change vs concurrent PBS control >-10% = grade 0; -10% to -30% = grade 1 (mild decline, counts remain far above 100x10^9/L); worse than -30% = grade 2 (exceeds the ~30-50% decline the same patents use as their own tolerability screening cut-off for de-selecting a compound)."
TMSR1066,TOLG136,animal_invivo,mouse,CD1_mouse_invivo,blood,systemic_dose,50,mg/kg,2wk,platelet_count,platelet_count,24.0,% change vs PBS control,increase,+24%,0,TRUE,animal_in_vivo,TP-US11535849,"US 11,535,849 B2",Table 27,public_domain,"50 mg/kg subcutaneous twice weekly. Grading convention for rodent/NHP platelet-count panels in this lane: change vs concurrent PBS control >-10% = grade 0; -10% to -30% = grade 1 (mild decline, counts remain far above 100x10^9/L); worse than -30% = grade 2 (exceeds the ~30-50% decline the same patents use as their own tolerability screening cut-off for de-selecting a compound)."
TMSR1067,TOLG136,animal_invivo,mouse,CD1_mouse_invivo,blood,systemic_dose,50,mg/kg,6wk,platelet_count,platelet_count,-65.0,% change vs PBS control,decrease,-65%,2,TRUE,animal_in_vivo,TP-US11535849,"US 11,535,849 B2",Table 28,public_domain,"50 mg/kg subcutaneous twice weekly. Grading convention for rodent/NHP platelet-count panels in this lane: change vs concurrent PBS control >-10% = grade 0; -10% to -30% = grade 1 (mild decline, counts remain far above 100x10^9/L); worse than -30% = grade 2 (exceeds the ~30-50% decline the same patents use as their own tolerability screening cut-off for de-selecting a compound)."
TMSR1068,TOLG136,animal_invivo,rat,Sprague-Dawley_rat_invivo,blood,systemic_dose,50,mg/kg,6wk,platelet_count,platelet_count,-21.0,% change vs PBS control,decrease,-21%,1,TRUE,animal_in_vivo,TP-US11535849,"US 11,535,849 B2",Table 37,public_domain,"50 mg/kg subcutaneous twice weekly. Grading convention for rodent/NHP platelet-count panels in this lane: change vs concurrent PBS control >-10% = grade 0; -10% to -30% = grade 1 (mild decline, counts remain far above 100x10^9/L); worse than -30% = grade 2 (exceeds the ~30-50% decline the same patents use as their own tolerability screening cut-off for de-selecting a compound)."
TMSR1069,TOLG137,animal_invivo,mouse,CD1_mouse_invivo,blood,systemic_dose,50,mg/kg,2wk,platelet_count,platelet_count,9.0,% change vs PBS control,increase,+9%,0,TRUE,animal_in_vivo,TP-US11535849,"US 11,535,849 B2",Table 27,public_domain,"50 mg/kg subcutaneous twice weekly. Grading convention for rodent/NHP platelet-count panels in this lane: change vs concurrent PBS control >-10% = grade 0; -10% to -30% = grade 1 (mild decline, counts remain far above 100x10^9/L); worse than -30% = grade 2 (exceeds the ~30-50% decline the same patents use as their own tolerability screening cut-off for de-selecting a compound)."
TMSR1070,TOLG137,animal_invivo,mouse,CD1_mouse_invivo,blood,systemic_dose,50,mg/kg,6wk,platelet_count,platelet_count,-41.0,% change vs PBS control,decrease,-41%,2,TRUE,animal_in_vivo,TP-US11535849,"US 11,535,849 B2",Table 28,public_domain,"50 mg/kg subcutaneous twice weekly. Grading convention for rodent/NHP platelet-count panels in this lane: change vs concurrent PBS control >-10% = grade 0; -10% to -30% = grade 1 (mild decline, counts remain far above 100x10^9/L); worse than -30% = grade 2 (exceeds the ~30-50% decline the same patents use as their own tolerability screening cut-off for de-selecting a compound)."
TMSR1071,TOLG137,animal_invivo,rat,Sprague-Dawley_rat_invivo,blood,systemic_dose,50,mg/kg,6wk,platelet_count,platelet_count,-58.0,% change vs PBS control,decrease,-58%,2,TRUE,animal_in_vivo,TP-US11535849,"US 11,535,849 B2",Table 37,public_domain,"50 mg/kg subcutaneous twice weekly. Grading convention for rodent/NHP platelet-count panels in this lane: change vs concurrent PBS control >-10% = grade 0; -10% to -30% = grade 1 (mild decline, counts remain far above 100x10^9/L); worse than -30% = grade 2 (exceeds the ~30-50% decline the same patents use as their own tolerability screening cut-off for de-selecting a compound)."
TMSR1072,TOLG139,animal_invivo,mouse,"mouse_invivo (study 304801-AS10, murine ASO comparator arm)",blood,systemic_dose,30,mg/kg,26wk,platelet_count,platelet_count,TBD,NA,no_change,no_PLT_finding_listed_vs_decreased_PLT_for_volanesorsen_at_the_same_dose,0,TRUE,animal_in_vivo,workflow:EMA/180717/2019 (EMEA/H/C/004538) Waylivra E,EMA/180717/2019 (EMEA/H/C/004538) Waylivra EPAR Public Assessment Report,"Table 9 (p33), study 304801-AS10, sub-block 'Murine ASO (ISIS440670)'",public_domain,"IMPORTANT CAVEAT - this is an absence-of-listing, not an explicitly reported zero. In the same 26-week mouse study the murine apoC-III ASO arm at 30 mg/kg/wk lists only serum-chemistry (decreased TG) and histopathology findings, with NO haematology/PLT entry, whereas volanesorsen at >=30 mg/kg/wk in the same table shows decreased PLT. The EPAR does not state anywhere that platelet counts were unchanged in the murine ASO arm. Treat as weak evidence only."
TMSR1073,TOLG140,animal_invivo,rat,Sprague-Dawley_rat_invivo,blood,systemic_dose,50,mg/kg,6wk,platelet_count,platelet_count,1061.0,10^3/uL,increase,+5.4% vs PBS 1007,0,TRUE,animal_in_vivo,TP-US20230263822,US 2023/0263822 A1,Table 103,public_domain,"50 mg/kg subcutaneous twice weekly for 6 weeks (Example 42). Header unit '/nL' equals 10^3/uL. Grading convention for rodent/NHP platelet-count panels in this lane: change vs concurrent PBS control >-10% = grade 0; -10% to -30% = grade 1 (mild decline, counts remain far above 100x10^9/L); worse than -30% = grade 2 (exceeds the ~30-50% decline the same patents use as their own tolerability screening cut-off for de-selecting a compound)."
TMSR1074,TOLG140,animal_invivo,mouse,CD1_mouse_invivo,blood,systemic_dose,50,mg/kg,6wk,platelet_count,platelet_count,802.0,10^3/uL,increase,+7.1% vs PBS 749,0,TRUE,animal_in_vivo,TP-US20230263822,US 2023/0263822 A1,Table 98,public_domain,"50 mg/kg subcutaneous twice weekly for 6 weeks (Example 41; 6-8-6 MOE and 5-8-5 MOE motif panel). Column header printed as '10^3/mL'; recorded as 10^3/uL. Grading convention for rodent/NHP platelet-count panels in this lane: change vs concurrent PBS control >-10% = grade 0; -10% to -30% = grade 1 (mild decline, counts remain far above 100x10^9/L); worse than -30% = grade 2 (exceeds the ~30-50% decline the same patents use as their own tolerability screening cut-off for de-selecting a compound)."
TMSR1075,TOLG141,animal_invivo,mouse,CD1_mouse_invivo,blood,systemic_dose,50,mg/kg,6wk,platelet_count,platelet_count,309.0,10^3/uL,decrease,-58.7% vs PBS 749,2,TRUE,animal_in_vivo,TP-US20230263822,US 2023/0263822 A1,Table 98,public_domain,"50 mg/kg subcutaneous twice weekly for 6 weeks (Example 41; 6-8-6 MOE and 5-8-5 MOE motif panel). Column header printed as '10^3/mL'; recorded as 10^3/uL. Grading convention for rodent/NHP platelet-count panels in this lane: change vs concurrent PBS control >-10% = grade 0; -10% to -30% = grade 1 (mild decline, counts remain far above 100x10^9/L); worse than -30% = grade 2 (exceeds the ~30-50% decline the same patents use as their own tolerability screening cut-off for de-selecting a compound)."
TMSR1076,TOLG142,animal_invivo,rat,Sprague-Dawley_rat_invivo,blood,systemic_dose,50,mg/kg,6wk,platelet_count,platelet_count,776.0,10^3/uL,decrease,-22.9% vs PBS 1007,1,TRUE,animal_in_vivo,TP-US20230263822,US 2023/0263822 A1,Table 103,public_domain,"50 mg/kg subcutaneous twice weekly for 6 weeks (Example 42). Header unit '/nL' equals 10^3/uL. Grading convention for rodent/NHP platelet-count panels in this lane: change vs concurrent PBS control >-10% = grade 0; -10% to -30% = grade 1 (mild decline, counts remain far above 100x10^9/L); worse than -30% = grade 2 (exceeds the ~30-50% decline the same patents use as their own tolerability screening cut-off for de-selecting a compound)."
TMSR1077,TOLG142,animal_invivo,mouse,CD1_mouse_invivo,blood,systemic_dose,50,mg/kg,6wk,platelet_count,platelet_count,826.0,10^3/uL,increase,+10.3% vs PBS 749,0,TRUE,animal_in_vivo,TP-US20230263822,US 2023/0263822 A1,Table 98,public_domain,"50 mg/kg subcutaneous twice weekly for 6 weeks (Example 41; 6-8-6 MOE and 5-8-5 MOE motif panel). Column header printed as '10^3/mL'; recorded as 10^3/uL. Grading convention for rodent/NHP platelet-count panels in this lane: change vs concurrent PBS control >-10% = grade 0; -10% to -30% = grade 1 (mild decline, counts remain far above 100x10^9/L); worse than -30% = grade 2 (exceeds the ~30-50% decline the same patents use as their own tolerability screening cut-off for de-selecting a compound)."
TMSR1078,TOLG143,animal_invivo,rat,Sprague-Dawley_rat_invivo,blood,systemic_dose,50,mg/kg,6wk,platelet_count,platelet_count,1089.0,10^3/uL,increase,+8.1% vs PBS 1007,0,TRUE,animal_in_vivo,TP-US20230263822,US 2023/0263822 A1,Table 103,public_domain,"50 mg/kg subcutaneous twice weekly for 6 weeks (Example 42). Header unit '/nL' equals 10^3/uL. Grading convention for rodent/NHP platelet-count panels in this lane: change vs concurrent PBS control >-10% = grade 0; -10% to -30% = grade 1 (mild decline, counts remain far above 100x10^9/L); worse than -30% = grade 2 (exceeds the ~30-50% decline the same patents use as their own tolerability screening cut-off for de-selecting a compound)."
TMSR1079,TOLG143,animal_invivo,mouse,CD1_mouse_invivo,blood,systemic_dose,50,mg/kg,6wk,platelet_count,platelet_count,725.0,10^3/uL,decrease,-3.2% vs PBS 749,0,TRUE,animal_in_vivo,TP-US20230263822,US 2023/0263822 A1,Table 98,public_domain,"50 mg/kg subcutaneous twice weekly for 6 weeks (Example 41; 6-8-6 MOE and 5-8-5 MOE motif panel). Column header printed as '10^3/mL'; recorded as 10^3/uL. Grading convention for rodent/NHP platelet-count panels in this lane: change vs concurrent PBS control >-10% = grade 0; -10% to -30% = grade 1 (mild decline, counts remain far above 100x10^9/L); worse than -30% = grade 2 (exceeds the ~30-50% decline the same patents use as their own tolerability screening cut-off for de-selecting a compound)."
TMSR1080,TOLG144,animal_invivo,rat,Sprague-Dawley_rat_invivo,blood,systemic_dose,50,mg/kg,6wk,platelet_count,platelet_count,1115.0,10^3/uL,increase,+10.7% vs PBS 1007,0,TRUE,animal_in_vivo,TP-US20230263822,US 2023/0263822 A1,Table 103,public_domain,"50 mg/kg subcutaneous twice weekly for 6 weeks (Example 42). Header unit '/nL' equals 10^3/uL. Grading convention for rodent/NHP platelet-count panels in this lane: change vs concurrent PBS control >-10% = grade 0; -10% to -30% = grade 1 (mild decline, counts remain far above 100x10^9/L); worse than -30% = grade 2 (exceeds the ~30-50% decline the same patents use as their own tolerability screening cut-off for de-selecting a compound)."
TMSR1081,TOLG144,animal_invivo,mouse,CD1_mouse_invivo,blood,systemic_dose,50,mg/kg,6wk,platelet_count,platelet_count,1085.0,10^3/uL,increase,+44.9% vs PBS 749,0,TRUE,animal_in_vivo,TP-US20230263822,US 2023/0263822 A1,Table 98,public_domain,"50 mg/kg subcutaneous twice weekly for 6 weeks (Example 41; 6-8-6 MOE and 5-8-5 MOE motif panel). Column header printed as '10^3/mL'; recorded as 10^3/uL. Grading convention for rodent/NHP platelet-count panels in this lane: change vs concurrent PBS control >-10% = grade 0; -10% to -30% = grade 1 (mild decline, counts remain far above 100x10^9/L); worse than -30% = grade 2 (exceeds the ~30-50% decline the same patents use as their own tolerability screening cut-off for de-selecting a compound)."
TMSR1082,TOLG145,animal_invivo,rat,Sprague-Dawley_rat_invivo,blood,systemic_dose,50,mg/kg,6wk,platelet_count,platelet_count,1051.0,10^3/uL,increase,+4.4% vs PBS 1007,0,TRUE,animal_in_vivo,TP-US20230263822,US 2023/0263822 A1,Table 103,public_domain,"50 mg/kg subcutaneous twice weekly for 6 weeks (Example 42). Header unit '/nL' equals 10^3/uL. Grading convention for rodent/NHP platelet-count panels in this lane: change vs concurrent PBS control >-10% = grade 0; -10% to -30% = grade 1 (mild decline, counts remain far above 100x10^9/L); worse than -30% = grade 2 (exceeds the ~30-50% decline the same patents use as their own tolerability screening cut-off for de-selecting a compound)."
TMSR1083,TOLG145,animal_invivo,mouse,CD1_mouse_invivo,blood,systemic_dose,50,mg/kg,6wk,platelet_count,platelet_count,942.0,10^3/uL,increase,+25.8% vs PBS 749,0,TRUE,animal_in_vivo,TP-US20230263822,US 2023/0263822 A1,Table 98,public_domain,"50 mg/kg subcutaneous twice weekly for 6 weeks (Example 41; 6-8-6 MOE and 5-8-5 MOE motif panel). Column header printed as '10^3/mL'; recorded as 10^3/uL. Grading convention for rodent/NHP platelet-count panels in this lane: change vs concurrent PBS control >-10% = grade 0; -10% to -30% = grade 1 (mild decline, counts remain far above 100x10^9/L); worse than -30% = grade 2 (exceeds the ~30-50% decline the same patents use as their own tolerability screening cut-off for de-selecting a compound)."
TMSR1084,TOLG146,animal_invivo,rat,Sprague-Dawley_rat_invivo,blood,systemic_dose,50,mg/kg,6wk,platelet_count,platelet_count,1334.0,10^3/uL,increase,+32.5% vs PBS 1007,0,TRUE,animal_in_vivo,TP-US20230263822,US 2023/0263822 A1,Table 103,public_domain,"50 mg/kg subcutaneous twice weekly for 6 weeks (Example 42). Header unit '/nL' equals 10^3/uL. Grading convention for rodent/NHP platelet-count panels in this lane: change vs concurrent PBS control >-10% = grade 0; -10% to -30% = grade 1 (mild decline, counts remain far above 100x10^9/L); worse than -30% = grade 2 (exceeds the ~30-50% decline the same patents use as their own tolerability screening cut-off for de-selecting a compound)."
TMSR1085,TOLG146,animal_invivo,monkey,cynomolgus_invivo,blood,systemic_dose,25,mg/kg,8wk,platelet_count,platelet_count,333.0,10^3/uL,decrease,-18.4% vs PBS 408,1,TRUE,animal_in_vivo,TP-US20230263822,US 2023/0263822 A1,Table 158 (Day 55),public_domain,"25 mg/kg subcutaneous 3x in week 1 then 2x weekly weeks 2-8; Day 55 terminal value. Table 158 header prints '(x100/uL)', which is inconsistent with the physiological range of the values and with Table 137 of the same patent ('x10^3/uL'); unit recorded as 10^3/uL and the header discrepancy is flagged rather than silently corrected. Grading convention for rodent/NHP platelet-count panels in this lane: change vs concurrent PBS control >-10% = grade 0; -10% to -30% = grade 1 (mild decline, counts remain far above 100x10^9/L); worse than -30% = grade 2 (exceeds the ~30-50% decline the same patents use as their own tolerability screening cut-off for de-selecting a compound)."
TMSR1086,TOLG146,animal_invivo,mouse,CD1_mouse_invivo,blood,systemic_dose,50,mg/kg,6wk,platelet_count,platelet_count,1005.0,10^3/uL,increase,+34.2% vs PBS 749,0,TRUE,animal_in_vivo,TP-US20230263822,US 2023/0263822 A1,Table 98,public_domain,"50 mg/kg subcutaneous twice weekly for 6 weeks (Example 41; 6-8-6 MOE and 5-8-5 MOE motif panel). Column header printed as '10^3/mL'; recorded as 10^3/uL. Grading convention for rodent/NHP platelet-count panels in this lane: change vs concurrent PBS control >-10% = grade 0; -10% to -30% = grade 1 (mild decline, counts remain far above 100x10^9/L); worse than -30% = grade 2 (exceeds the ~30-50% decline the same patents use as their own tolerability screening cut-off for de-selecting a compound)."
TMSR1087,TOLG147,animal_invivo,rat,Sprague-Dawley_rat_invivo,blood,systemic_dose,50,mg/kg,6wk,platelet_count,platelet_count,1249.0,10^3/uL,increase,+24.0% vs PBS 1007,0,TRUE,animal_in_vivo,TP-US20230263822,US 2023/0263822 A1,Table 103,public_domain,"50 mg/kg subcutaneous twice weekly for 6 weeks (Example 42). Header unit '/nL' equals 10^3/uL. Grading convention for rodent/NHP platelet-count panels in this lane: change vs concurrent PBS control >-10% = grade 0; -10% to -30% = grade 1 (mild decline, counts remain far above 100x10^9/L); worse than -30% = grade 2 (exceeds the ~30-50% decline the same patents use as their own tolerability screening cut-off for de-selecting a compound)."
TMSR1088,TOLG147,animal_invivo,mouse,CD1_mouse_invivo,blood,systemic_dose,50,mg/kg,6wk,platelet_count,platelet_count,849.0,10^3/uL,increase,+13.4% vs PBS 749,0,TRUE,animal_in_vivo,TP-US20230263822,US 2023/0263822 A1,Table 98,public_domain,"50 mg/kg subcutaneous twice weekly for 6 weeks (Example 41; 6-8-6 MOE and 5-8-5 MOE motif panel). Column header printed as '10^3/mL'; recorded as 10^3/uL. Grading convention for rodent/NHP platelet-count panels in this lane: change vs concurrent PBS control >-10% = grade 0; -10% to -30% = grade 1 (mild decline, counts remain far above 100x10^9/L); worse than -30% = grade 2 (exceeds the ~30-50% decline the same patents use as their own tolerability screening cut-off for de-selecting a compound)."
TMSR1089,TOLG148,animal_invivo,rat,Sprague-Dawley_rat_invivo,blood,systemic_dose,50,mg/kg,6wk,platelet_count,platelet_count,1023.0,10^3/uL,no_change,+1.6% vs PBS 1007,0,TRUE,animal_in_vivo,TP-US20230263822,US 2023/0263822 A1,Table 103,public_domain,"50 mg/kg subcutaneous twice weekly for 6 weeks (Example 42). Header unit '/nL' equals 10^3/uL. Grading convention for rodent/NHP platelet-count panels in this lane: change vs concurrent PBS control >-10% = grade 0; -10% to -30% = grade 1 (mild decline, counts remain far above 100x10^9/L); worse than -30% = grade 2 (exceeds the ~30-50% decline the same patents use as their own tolerability screening cut-off for de-selecting a compound)."
TMSR1090,TOLG148,animal_invivo,monkey,cynomolgus_invivo,blood,systemic_dose,25,mg/kg,8wk,platelet_count,platelet_count,319.0,10^3/uL,decrease,-21.8% vs PBS 408,1,TRUE,animal_in_vivo,TP-US20230263822,US 2023/0263822 A1,Table 158 (Day 55),public_domain,"25 mg/kg subcutaneous 3x in week 1 then 2x weekly weeks 2-8; Day 55 terminal value. Table 158 header prints '(x100/uL)', which is inconsistent with the physiological range of the values and with Table 137 of the same patent ('x10^3/uL'); unit recorded as 10^3/uL and the header discrepancy is flagged rather than silently corrected. Grading convention for rodent/NHP platelet-count panels in this lane: change vs concurrent PBS control >-10% = grade 0; -10% to -30% = grade 1 (mild decline, counts remain far above 100x10^9/L); worse than -30% = grade 2 (exceeds the ~30-50% decline the same patents use as their own tolerability screening cut-off for de-selecting a compound)."
TMSR1091,TOLG148,animal_invivo,mouse,CD1_mouse_invivo,blood,systemic_dose,50,mg/kg,6wk,platelet_count,platelet_count,996.0,10^3/uL,increase,+33.0% vs PBS 749,0,TRUE,animal_in_vivo,TP-US20230263822,US 2023/0263822 A1,Table 98,public_domain,"50 mg/kg subcutaneous twice weekly for 6 weeks (Example 41; 6-8-6 MOE and 5-8-5 MOE motif panel). Column header printed as '10^3/mL'; recorded as 10^3/uL. Grading convention for rodent/NHP platelet-count panels in this lane: change vs concurrent PBS control >-10% = grade 0; -10% to -30% = grade 1 (mild decline, counts remain far above 100x10^9/L); worse than -30% = grade 2 (exceeds the ~30-50% decline the same patents use as their own tolerability screening cut-off for de-selecting a compound)."
TMSR1092,TOLG149,animal_invivo,mouse,CD1_mouse_invivo,blood,systemic_dose,50,mg/kg,6wk,platelet_count,platelet_count,689.0,10^3/uL,decrease,-8.0% vs PBS 749,0,TRUE,animal_in_vivo,TP-US20230263822,US 2023/0263822 A1,Table 98,public_domain,"50 mg/kg subcutaneous twice weekly for 6 weeks (Example 41; 6-8-6 MOE and 5-8-5 MOE motif panel). Column header printed as '10^3/mL'; recorded as 10^3/uL. Grading convention for rodent/NHP platelet-count panels in this lane: change vs concurrent PBS control >-10% = grade 0; -10% to -30% = grade 1 (mild decline, counts remain far above 100x10^9/L); worse than -30% = grade 2 (exceeds the ~30-50% decline the same patents use as their own tolerability screening cut-off for de-selecting a compound)."
TMSR1093,TOLG150,animal_invivo,mouse,CD1_mouse_invivo,blood,systemic_dose,50,mg/kg,6wk,platelet_count,platelet_count,1386.0,10^3/uL,no_change,+0.2% vs PBS 1383,0,TRUE,animal_in_vivo,TP-US20230263822,US 2023/0263822 A1,Table 108,public_domain,"50 mg/kg subcutaneous twice weekly for 6 weeks (Example 43; 4-8-4 / 3-8-3 / 2-10-2 / 3-10-3 / 4-10-4 MOE shortened-gapmer panel). Header unit '/nL' equals 10^3/uL. Grading convention for rodent/NHP platelet-count panels in this lane: change vs concurrent PBS control >-10% = grade 0; -10% to -30% = grade 1 (mild decline, counts remain far above 100x10^9/L); worse than -30% = grade 2 (exceeds the ~30-50% decline the same patents use as their own tolerability screening cut-off for de-selecting a compound)."
TMSR1094,TOLG150,animal_invivo,rat,Sprague-Dawley_rat_invivo,blood,systemic_dose,50,mg/kg,6wk,platelet_count,platelet_count,722.0,10^3/uL,decrease,-28.1% vs PBS 1004,1,TRUE,animal_in_vivo,TP-US20230263822,US 2023/0263822 A1,Table 113,public_domain,"50 mg/kg subcutaneous twice weekly for 6 weeks (Example 44). Header unit '/nL' equals 10^3/uL. Grading convention for rodent/NHP platelet-count panels in this lane: change vs concurrent PBS control >-10% = grade 0; -10% to -30% = grade 1 (mild decline, counts remain far above 100x10^9/L); worse than -30% = grade 2 (exceeds the ~30-50% decline the same patents use as their own tolerability screening cut-off for de-selecting a compound)."
TMSR1095,TOLG150,animal_invivo,monkey,cynomolgus_invivo,blood,systemic_dose,25,mg/kg,8wk,platelet_count,platelet_count,399.0,10^3/uL,no_change,-2.2% vs PBS 408,0,TRUE,animal_in_vivo,TP-US20230263822,US 2023/0263822 A1,Table 158 (Day 55),public_domain,"25 mg/kg subcutaneous 3x in week 1 then 2x weekly weeks 2-8; Day 55 terminal value. Table 158 header prints '(x100/uL)', which is inconsistent with the physiological range of the values and with Table 137 of the same patent ('x10^3/uL'); unit recorded as 10^3/uL and the header discrepancy is flagged rather than silently corrected. Grading convention for rodent/NHP platelet-count panels in this lane: change vs concurrent PBS control >-10% = grade 0; -10% to -30% = grade 1 (mild decline, counts remain far above 100x10^9/L); worse than -30% = grade 2 (exceeds the ~30-50% decline the same patents use as their own tolerability screening cut-off for de-selecting a compound)."
TMSR1096,TOLG151,animal_invivo,mouse,CD1_mouse_invivo,blood,systemic_dose,50,mg/kg,6wk,platelet_count,platelet_count,1395.0,10^3/uL,no_change,+0.9% vs PBS 1383,0,TRUE,animal_in_vivo,TP-US20230263822,US 2023/0263822 A1,Table 108,public_domain,"50 mg/kg subcutaneous twice weekly for 6 weeks (Example 43; 4-8-4 / 3-8-3 / 2-10-2 / 3-10-3 / 4-10-4 MOE shortened-gapmer panel). Header unit '/nL' equals 10^3/uL. Grading convention for rodent/NHP platelet-count panels in this lane: change vs concurrent PBS control >-10% = grade 0; -10% to -30% = grade 1 (mild decline, counts remain far above 100x10^9/L); worse than -30% = grade 2 (exceeds the ~30-50% decline the same patents use as their own tolerability screening cut-off for de-selecting a compound)."
TMSR1097,TOLG151,animal_invivo,rat,Sprague-Dawley_rat_invivo,blood,systemic_dose,50,mg/kg,6wk,platelet_count,platelet_count,925.0,10^3/uL,decrease,-7.9% vs PBS 1004,0,TRUE,animal_in_vivo,TP-US20230263822,US 2023/0263822 A1,Table 113,public_domain,"50 mg/kg subcutaneous twice weekly for 6 weeks (Example 44). Header unit '/nL' equals 10^3/uL. Grading convention for rodent/NHP platelet-count panels in this lane: change vs concurrent PBS control >-10% = grade 0; -10% to -30% = grade 1 (mild decline, counts remain far above 100x10^9/L); worse than -30% = grade 2 (exceeds the ~30-50% decline the same patents use as their own tolerability screening cut-off for de-selecting a compound)."
TMSR1098,TOLG151,animal_invivo,monkey,cynomolgus_invivo,blood,systemic_dose,25,mg/kg,8wk,platelet_count,platelet_count,348.0,10^3/uL,decrease,-14.7% vs PBS 408,1,TRUE,animal_in_vivo,TP-US20230263822,US 2023/0263822 A1,Table 158 (Day 55),public_domain,"25 mg/kg subcutaneous 3x in week 1 then 2x weekly weeks 2-8; Day 55 terminal value. Table 158 header prints '(x100/uL)', which is inconsistent with the physiological range of the values and with Table 137 of the same patent ('x10^3/uL'); unit recorded as 10^3/uL and the header discrepancy is flagged rather than silently corrected. Grading convention for rodent/NHP platelet-count panels in this lane: change vs concurrent PBS control >-10% = grade 0; -10% to -30% = grade 1 (mild decline, counts remain far above 100x10^9/L); worse than -30% = grade 2 (exceeds the ~30-50% decline the same patents use as their own tolerability screening cut-off for de-selecting a compound)."
TMSR1099,TOLG152,animal_invivo,mouse,CD1_mouse_invivo,blood,systemic_dose,50,mg/kg,6wk,platelet_count,platelet_count,1447.0,10^3/uL,increase,+4.6% vs PBS 1383,0,TRUE,animal_in_vivo,TP-US20230263822,US 2023/0263822 A1,Table 108,public_domain,"50 mg/kg subcutaneous twice weekly for 6 weeks (Example 43; 4-8-4 / 3-8-3 / 2-10-2 / 3-10-3 / 4-10-4 MOE shortened-gapmer panel). Header unit '/nL' equals 10^3/uL. Grading convention for rodent/NHP platelet-count panels in this lane: change vs concurrent PBS control >-10% = grade 0; -10% to -30% = grade 1 (mild decline, counts remain far above 100x10^9/L); worse than -30% = grade 2 (exceeds the ~30-50% decline the same patents use as their own tolerability screening cut-off for de-selecting a compound)."
TMSR1100,TOLG152,animal_invivo,rat,Sprague-Dawley_rat_invivo,blood,systemic_dose,50,mg/kg,6wk,platelet_count,platelet_count,631.0,10^3/uL,decrease,-37.2% vs PBS 1004,2,TRUE,animal_in_vivo,TP-US20230263822,US 2023/0263822 A1,Table 113,public_domain,"50 mg/kg subcutaneous twice weekly for 6 weeks (Example 44). Header unit '/nL' equals 10^3/uL. Grading convention for rodent/NHP platelet-count panels in this lane: change vs concurrent PBS control >-10% = grade 0; -10% to -30% = grade 1 (mild decline, counts remain far above 100x10^9/L); worse than -30% = grade 2 (exceeds the ~30-50% decline the same patents use as their own tolerability screening cut-off for de-selecting a compound)."
TMSR1101,TOLG152,animal_invivo,monkey,cynomolgus_invivo,blood,systemic_dose,25,mg/kg,8wk,platelet_count,platelet_count,441.0,10^3/uL,increase,+8.1% vs PBS 408,0,TRUE,animal_in_vivo,TP-US20230263822,US 2023/0263822 A1,Table 158 (Day 55),public_domain,"25 mg/kg subcutaneous 3x in week 1 then 2x weekly weeks 2-8; Day 55 terminal value. Table 158 header prints '(x100/uL)', which is inconsistent with the physiological range of the values and with Table 137 of the same patent ('x10^3/uL'); unit recorded as 10^3/uL and the header discrepancy is flagged rather than silently corrected. Grading convention for rodent/NHP platelet-count panels in this lane: change vs concurrent PBS control >-10% = grade 0; -10% to -30% = grade 1 (mild decline, counts remain far above 100x10^9/L); worse than -30% = grade 2 (exceeds the ~30-50% decline the same patents use as their own tolerability screening cut-off for de-selecting a compound)."
TMSR1102,TOLG153,animal_invivo,mouse,CD1_mouse_invivo,blood,systemic_dose,50,mg/kg,6wk,platelet_count,platelet_count,1245.0,10^3/uL,decrease,-10.0% vs PBS 1383,1,TRUE,animal_in_vivo,TP-US20230263822,US 2023/0263822 A1,Table 108,public_domain,"50 mg/kg subcutaneous twice weekly for 6 weeks (Example 43; 4-8-4 / 3-8-3 / 2-10-2 / 3-10-3 / 4-10-4 MOE shortened-gapmer panel). Header unit '/nL' equals 10^3/uL. Grading convention for rodent/NHP platelet-count panels in this lane: change vs concurrent PBS control >-10% = grade 0; -10% to -30% = grade 1 (mild decline, counts remain far above 100x10^9/L); worse than -30% = grade 2 (exceeds the ~30-50% decline the same patents use as their own tolerability screening cut-off for de-selecting a compound)."
TMSR1103,TOLG153,animal_invivo,rat,Sprague-Dawley_rat_invivo,blood,systemic_dose,50,mg/kg,6wk,platelet_count,platelet_count,509.0,10^3/uL,decrease,-49.3% vs PBS 1004,2,TRUE,animal_in_vivo,TP-US20230263822,US 2023/0263822 A1,Table 113,public_domain,"50 mg/kg subcutaneous twice weekly for 6 weeks (Example 44). Header unit '/nL' equals 10^3/uL. Grading convention for rodent/NHP platelet-count panels in this lane: change vs concurrent PBS control >-10% = grade 0; -10% to -30% = grade 1 (mild decline, counts remain far above 100x10^9/L); worse than -30% = grade 2 (exceeds the ~30-50% decline the same patents use as their own tolerability screening cut-off for de-selecting a compound)."
TMSR1104,TOLG153,animal_invivo,monkey,cynomolgus_invivo,blood,systemic_dose,25,mg/kg,8wk,platelet_count,platelet_count,360.0,10^3/uL,decrease,-11.8% vs PBS 408,1,TRUE,animal_in_vivo,TP-US20230263822,US 2023/0263822 A1,Table 158 (Day 55),public_domain,"25 mg/kg subcutaneous 3x in week 1 then 2x weekly weeks 2-8; Day 55 terminal value. Table 158 header prints '(x100/uL)', which is inconsistent with the physiological range of the values and with Table 137 of the same patent ('x10^3/uL'); unit recorded as 10^3/uL and the header discrepancy is flagged rather than silently corrected. Grading convention for rodent/NHP platelet-count panels in this lane: change vs concurrent PBS control >-10% = grade 0; -10% to -30% = grade 1 (mild decline, counts remain far above 100x10^9/L); worse than -30% = grade 2 (exceeds the ~30-50% decline the same patents use as their own tolerability screening cut-off for de-selecting a compound)."
TMSR1105,TOLG154,animal_invivo,mouse,CD1_mouse_invivo,blood,systemic_dose,50,mg/kg,6wk,platelet_count,platelet_count,1225.0,10^3/uL,decrease,-11.4% vs PBS 1383,1,TRUE,animal_in_vivo,TP-US20230263822,US 2023/0263822 A1,Table 108,public_domain,"50 mg/kg subcutaneous twice weekly for 6 weeks (Example 43; 4-8-4 / 3-8-3 / 2-10-2 / 3-10-3 / 4-10-4 MOE shortened-gapmer panel). Header unit '/nL' equals 10^3/uL. Grading convention for rodent/NHP platelet-count panels in this lane: change vs concurrent PBS control >-10% = grade 0; -10% to -30% = grade 1 (mild decline, counts remain far above 100x10^9/L); worse than -30% = grade 2 (exceeds the ~30-50% decline the same patents use as their own tolerability screening cut-off for de-selecting a compound)."
TMSR1106,TOLG154,animal_invivo,rat,Sprague-Dawley_rat_invivo,blood,systemic_dose,50,mg/kg,6wk,platelet_count,platelet_count,919.0,10^3/uL,decrease,-8.5% vs PBS 1004,0,TRUE,animal_in_vivo,TP-US20230263822,US 2023/0263822 A1,Table 113,public_domain,"50 mg/kg subcutaneous twice weekly for 6 weeks (Example 44). Header unit '/nL' equals 10^3/uL. Grading convention for rodent/NHP platelet-count panels in this lane: change vs concurrent PBS control >-10% = grade 0; -10% to -30% = grade 1 (mild decline, counts remain far above 100x10^9/L); worse than -30% = grade 2 (exceeds the ~30-50% decline the same patents use as their own tolerability screening cut-off for de-selecting a compound)."
TMSR1107,TOLG154,animal_invivo,monkey,cynomolgus_invivo,blood,systemic_dose,25,mg/kg,8wk,platelet_count,platelet_count,259.0,10^3/uL,decrease,-36.5% vs PBS 408,2,TRUE,animal_in_vivo,TP-US20230263822,US 2023/0263822 A1,Table 158 (Day 55),public_domain,"25 mg/kg subcutaneous 3x in week 1 then 2x weekly weeks 2-8; Day 55 terminal value. Table 158 header prints '(x100/uL)', which is inconsistent with the physiological range of the values and with Table 137 of the same patent ('x10^3/uL'); unit recorded as 10^3/uL and the header discrepancy is flagged rather than silently corrected. Grading convention for rodent/NHP platelet-count panels in this lane: change vs concurrent PBS control >-10% = grade 0; -10% to -30% = grade 1 (mild decline, counts remain far above 100x10^9/L); worse than -30% = grade 2 (exceeds the ~30-50% decline the same patents use as their own tolerability screening cut-off for de-selecting a compound)."
TMSR1108,TOLG156,animal_invivo,mouse,CD1_mouse_invivo,blood,systemic_dose,50,mg/kg,6wk,platelet_count,platelet_count,18.0,% change vs PBS control,increase,+18%,0,TRUE,animal_in_vivo,TP-US11535849,"US 11,535,849 B2",Table 53,public_domain,"50 mg/kg subcutaneous twice weekly. Grading convention for rodent/NHP platelet-count panels in this lane: change vs concurrent PBS control >-10% = grade 0; -10% to -30% = grade 1 (mild decline, counts remain far above 100x10^9/L); worse than -30% = grade 2 (exceeds the ~30-50% decline the same patents use as their own tolerability screening cut-off for de-selecting a compound). Table 53 caption does not restate the timepoint; the companion tables of the same Example (Tables 49-51) are labelled week 6. Table 53 prints ISIS 450518-450523 whereas the Example 17 treatment list prints 425518-425523 (apparent typographical inconsistency in the patent); numbers here are exactly as printed in Table 53, which match the ISIS numbers defined in Example 16."
TMSR1109,TOLG157,animal_invivo,mouse,CD1_mouse_invivo,blood,systemic_dose,50,mg/kg,6wk,platelet_count,platelet_count,55.0,% change vs PBS control,increase,+55%,0,TRUE,animal_in_vivo,TP-US11535849,"US 11,535,849 B2",Table 53,public_domain,"50 mg/kg subcutaneous twice weekly. Grading convention for rodent/NHP platelet-count panels in this lane: change vs concurrent PBS control >-10% = grade 0; -10% to -30% = grade 1 (mild decline, counts remain far above 100x10^9/L); worse than -30% = grade 2 (exceeds the ~30-50% decline the same patents use as their own tolerability screening cut-off for de-selecting a compound). Table 53 caption does not restate the timepoint; the companion tables of the same Example (Tables 49-51) are labelled week 6. Table 53 prints ISIS 450518-450523 whereas the Example 17 treatment list prints 425518-425523 (apparent typographical inconsistency in the patent); numbers here are exactly as printed in Table 53, which match the ISIS numbers defined in Example 16."
TMSR1110,TOLG158,animal_invivo,mouse,CD1_mouse_invivo,blood,systemic_dose,50,mg/kg,6wk,platelet_count,platelet_count,7.0,% change vs PBS control,increase,+7%,0,TRUE,animal_in_vivo,TP-US11535849,"US 11,535,849 B2",Table 53,public_domain,"50 mg/kg subcutaneous twice weekly. Grading convention for rodent/NHP platelet-count panels in this lane: change vs concurrent PBS control >-10% = grade 0; -10% to -30% = grade 1 (mild decline, counts remain far above 100x10^9/L); worse than -30% = grade 2 (exceeds the ~30-50% decline the same patents use as their own tolerability screening cut-off for de-selecting a compound). Table 53 caption does not restate the timepoint; the companion tables of the same Example (Tables 49-51) are labelled week 6. Table 53 prints ISIS 450518-450523 whereas the Example 17 treatment list prints 425518-425523 (apparent typographical inconsistency in the patent); numbers here are exactly as printed in Table 53, which match the ISIS numbers defined in Example 16."
TMSR1111,TOLG159,animal_invivo,mouse,CD1_mouse_invivo,blood,systemic_dose,50,mg/kg,6wk,platelet_count,platelet_count,21.0,% change vs PBS control,increase,+21%,0,TRUE,animal_in_vivo,TP-US11535849,"US 11,535,849 B2",Table 53,public_domain,"50 mg/kg subcutaneous twice weekly. Grading convention for rodent/NHP platelet-count panels in this lane: change vs concurrent PBS control >-10% = grade 0; -10% to -30% = grade 1 (mild decline, counts remain far above 100x10^9/L); worse than -30% = grade 2 (exceeds the ~30-50% decline the same patents use as their own tolerability screening cut-off for de-selecting a compound). Table 53 caption does not restate the timepoint; the companion tables of the same Example (Tables 49-51) are labelled week 6. Table 53 prints ISIS 450518-450523 whereas the Example 17 treatment list prints 425518-425523 (apparent typographical inconsistency in the patent); numbers here are exactly as printed in Table 53, which match the ISIS numbers defined in Example 16."
TMSR1112,TOLG160,animal_invivo,mouse,CD1_mouse_invivo,blood,systemic_dose,50,mg/kg,6wk,platelet_count,platelet_count,58.0,% change vs PBS control,increase,+58%,0,TRUE,animal_in_vivo,TP-US11535849,"US 11,535,849 B2",Table 53,public_domain,"50 mg/kg subcutaneous twice weekly. Grading convention for rodent/NHP platelet-count panels in this lane: change vs concurrent PBS control >-10% = grade 0; -10% to -30% = grade 1 (mild decline, counts remain far above 100x10^9/L); worse than -30% = grade 2 (exceeds the ~30-50% decline the same patents use as their own tolerability screening cut-off for de-selecting a compound). Table 53 caption does not restate the timepoint; the companion tables of the same Example (Tables 49-51) are labelled week 6. Table 53 prints ISIS 450518-450523 whereas the Example 17 treatment list prints 425518-425523 (apparent typographical inconsistency in the patent); numbers here are exactly as printed in Table 53, which match the ISIS numbers defined in Example 16."
TMSR1113,TOLG161,animal_invivo,mouse,CD1_mouse_invivo,blood,systemic_dose,50,mg/kg,6wk,platelet_count,platelet_count,51.0,% change vs PBS control,increase,+51%,0,TRUE,animal_in_vivo,TP-US11535849,"US 11,535,849 B2",Table 53,public_domain,"50 mg/kg subcutaneous twice weekly. Grading convention for rodent/NHP platelet-count panels in this lane: change vs concurrent PBS control >-10% = grade 0; -10% to -30% = grade 1 (mild decline, counts remain far above 100x10^9/L); worse than -30% = grade 2 (exceeds the ~30-50% decline the same patents use as their own tolerability screening cut-off for de-selecting a compound). Table 53 caption does not restate the timepoint; the companion tables of the same Example (Tables 49-51) are labelled week 6. Table 53 prints ISIS 450518-450523 whereas the Example 17 treatment list prints 425518-425523 (apparent typographical inconsistency in the patent); numbers here are exactly as printed in Table 53, which match the ISIS numbers defined in Example 16."
TMSR1114,TOLG163,animal_invivo,monkey,cynomolgus_invivo,blood,systemic_dose,35,mg/kg,44d,platelet_count,platelet_count,472.0,10^3/uL,increase,+24.9% vs PBS 378,0,TRUE,animal_in_vivo,TP-US20150031747,US 2015/0031747 A1,Table 45,public_domain,"Example 39: 35 mg/kg subcutaneous, loading doses on days 1/3/5/7 then once weekly for weeks 2-12; blood for hematology collected on day 44 (ADVIA120 analyser). NOTE: the Table 45 caption in the patent is misprinted as 'Complement C3 levels in cynomolgus monkeys' but its column headers are 'Platelet count (x10^3/uL)' and 'RBC count (x10^6/uL)'; recorded from the column header, and the caption error is flagged rather than silently corrected. This is a cEt-vs-MOE, 16-mer-vs-20-mer chemistry panel with no platelet decline in any arm. Grading convention for rodent/NHP platelet-count panels in this lane: change vs concurrent PBS control >-10% = grade 0; -10% to -30% = grade 1 (mild decline, counts remain far above 100x10^9/L); worse than -30% = grade 2 (exceeds the ~30-50% decline the same patents use as their own tolerability screening cut-off for de-selecting a compound)."
TMSR1115,TOLG164,in_vitro,mouse,mouse_fetal_liver_megakaryocytes,bone_marrow,gymnotic_free_uptake,5,uM,24h,megakaryocyte,proplatelet_producing_MK_percent,25,% of MK,increase,25pm1pct_vs_17pm1pct_vehicle,0,TRUE,animal_in_vitro,workflow:10.3324/haematol.2020.260059,10.3324/haematol.2020.260059,Fig 1B,summary_stat,"CD-1 mouse fetal-liver-derived MK, day 13.5 gestation. All six values stated in Results prose. Small INCREASE, no inhibition of proplatelet production.;verified_against_source"
TMSR1131,TOLG165,animal_invivo,monkey,cynomolgus_invivo,blood,systemic_dose,35,mg/kg,44d,platelet_count,platelet_count,457.0,10^3/uL,increase,+20.9% vs PBS 378,0,TRUE,animal_in_vivo,TP-US20150031747,US 2015/0031747 A1,Table 45,public_domain,"Example 39: 35 mg/kg subcutaneous, loading doses on days 1/3/5/7 then once weekly for weeks 2-12; blood for hematology collected on day 44 (ADVIA120 analyser). NOTE: the Table 45 caption in the patent is misprinted as 'Complement C3 levels in cynomolgus monkeys' but its column headers are 'Platelet count (x10^3/uL)' and 'RBC count (x10^6/uL)'; recorded from the column header, and the caption error is flagged rather than silently corrected. This is a cEt-vs-MOE, 16-mer-vs-20-mer chemistry panel with no platelet decline in any arm. Grading convention for rodent/NHP platelet-count panels in this lane: change vs concurrent PBS control >-10% = grade 0; -10% to -30% = grade 1 (mild decline, counts remain far above 100x10^9/L); worse than -30% = grade 2 (exceeds the ~30-50% decline the same patents use as their own tolerability screening cut-off for de-selecting a compound)."
TMSR1133,TOLG167,in_vitro,mouse,mouse_fetal_liver_megakaryocytes,bone_marrow,gymnotic_free_uptake,5,uM,24h,megakaryocyte,proplatelet_producing_MK_percent,25,% of MK,increase,25pm2pct_vs_17pm1pct_vehicle,0,TRUE,animal_in_vitro,workflow:10.3324/haematol.2020.260059,10.3324/haematol.2020.260059,Fig 1B,summary_stat,Value stated in Results prose.;verified_against_source
TMSR1166,TOLG169,animal_invivo,monkey,cynomolgus_invivo,blood,systemic_dose,35,mg/kg,44d,platelet_count,platelet_count,343.0,10^3/uL,decrease,-9.3% vs PBS 378,0,TRUE,animal_in_vivo,TP-US20150031747,US 2015/0031747 A1,Table 45,public_domain,"Example 39: 35 mg/kg subcutaneous, loading doses on days 1/3/5/7 then once weekly for weeks 2-12; blood for hematology collected on day 44 (ADVIA120 analyser). NOTE: the Table 45 caption in the patent is misprinted as 'Complement C3 levels in cynomolgus monkeys' but its column headers are 'Platelet count (x10^3/uL)' and 'RBC count (x10^6/uL)'; recorded from the column header, and the caption error is flagged rather than silently corrected. This is a cEt-vs-MOE, 16-mer-vs-20-mer chemistry panel with no platelet decline in any arm. Grading convention for rodent/NHP platelet-count panels in this lane: change vs concurrent PBS control >-10% = grade 0; -10% to -30% = grade 1 (mild decline, counts remain far above 100x10^9/L); worse than -30% = grade 2 (exceeds the ~30-50% decline the same patents use as their own tolerability screening cut-off for de-selecting a compound)."
TMSR1167,TOLG170,animal_invivo,monkey,cynomolgus_invivo,blood,systemic_dose,35,mg/kg,44d,platelet_count,platelet_count,473.0,10^3/uL,increase,+25.1% vs PBS 378,0,TRUE,animal_in_vivo,TP-US20150031747,US 2015/0031747 A1,Table 45,public_domain,"Example 39: 35 mg/kg subcutaneous, loading doses on days 1/3/5/7 then once weekly for weeks 2-12; blood for hematology collected on day 44 (ADVIA120 analyser). NOTE: the Table 45 caption in the patent is misprinted as 'Complement C3 levels in cynomolgus monkeys' but its column headers are 'Platelet count (x10^3/uL)' and 'RBC count (x10^6/uL)'; recorded from the column header, and the caption error is flagged rather than silently corrected. This is a cEt-vs-MOE, 16-mer-vs-20-mer chemistry panel with no platelet decline in any arm. Grading convention for rodent/NHP platelet-count panels in this lane: change vs concurrent PBS control >-10% = grade 0; -10% to -30% = grade 1 (mild decline, counts remain far above 100x10^9/L); worse than -30% = grade 2 (exceeds the ~30-50% decline the same patents use as their own tolerability screening cut-off for de-selecting a compound)."
TMSR1168,TOLG171,animal_invivo,monkey,cynomolgus_invivo,blood,systemic_dose,35,mg/kg,44d,platelet_count,platelet_count,379.0,10^3/uL,no_change,+0.3% vs PBS 378,0,TRUE,animal_in_vivo,TP-US20150031747,US 2015/0031747 A1,Table 45,public_domain,"Example 39: 35 mg/kg subcutaneous, loading doses on days 1/3/5/7 then once weekly for weeks 2-12; blood for hematology collected on day 44 (ADVIA120 analyser). NOTE: the Table 45 caption in the patent is misprinted as 'Complement C3 levels in cynomolgus monkeys' but its column headers are 'Platelet count (x10^3/uL)' and 'RBC count (x10^6/uL)'; recorded from the column header, and the caption error is flagged rather than silently corrected. This is a cEt-vs-MOE, 16-mer-vs-20-mer chemistry panel with no platelet decline in any arm. Grading convention for rodent/NHP platelet-count panels in this lane: change vs concurrent PBS control >-10% = grade 0; -10% to -30% = grade 1 (mild decline, counts remain far above 100x10^9/L); worse than -30% = grade 2 (exceeds the ~30-50% decline the same patents use as their own tolerability screening cut-off for de-selecting a compound)."
TMSR1169,TOLG172,animal_invivo,monkey,cynomolgus_invivo,blood,systemic_dose,35,mg/kg,44d,platelet_count,platelet_count,445.0,10^3/uL,increase,+17.7% vs PBS 378,0,TRUE,animal_in_vivo,TP-US20150031747,US 2015/0031747 A1,Table 45,public_domain,"Example 39: 35 mg/kg subcutaneous, loading doses on days 1/3/5/7 then once weekly for weeks 2-12; blood for hematology collected on day 44 (ADVIA120 analyser). NOTE: the Table 45 caption in the patent is misprinted as 'Complement C3 levels in cynomolgus monkeys' but its column headers are 'Platelet count (x10^3/uL)' and 'RBC count (x10^6/uL)'; recorded from the column header, and the caption error is flagged rather than silently corrected. This is a cEt-vs-MOE, 16-mer-vs-20-mer chemistry panel with no platelet decline in any arm. Grading convention for rodent/NHP platelet-count panels in this lane: change vs concurrent PBS control >-10% = grade 0; -10% to -30% = grade 1 (mild decline, counts remain far above 100x10^9/L); worse than -30% = grade 2 (exceeds the ~30-50% decline the same patents use as their own tolerability screening cut-off for de-selecting a compound)."
TMSR1170,TOLG173,animal_invivo,monkey,cynomolgus_invivo,blood,systemic_dose,35,mg/kg,44d,platelet_count,platelet_count,481.0,10^3/uL,increase,+27.2% vs PBS 378,0,TRUE,animal_in_vivo,TP-US20150031747,US 2015/0031747 A1,Table 45,public_domain,"Example 39: 35 mg/kg subcutaneous, loading doses on days 1/3/5/7 then once weekly for weeks 2-12; blood for hematology collected on day 44 (ADVIA120 analyser). NOTE: the Table 45 caption in the patent is misprinted as 'Complement C3 levels in cynomolgus monkeys' but its column headers are 'Platelet count (x10^3/uL)' and 'RBC count (x10^6/uL)'; recorded from the column header, and the caption error is flagged rather than silently corrected. This is a cEt-vs-MOE, 16-mer-vs-20-mer chemistry panel with no platelet decline in any arm. Grading convention for rodent/NHP platelet-count panels in this lane: change vs concurrent PBS control >-10% = grade 0; -10% to -30% = grade 1 (mild decline, counts remain far above 100x10^9/L); worse than -30% = grade 2 (exceeds the ~30-50% decline the same patents use as their own tolerability screening cut-off for de-selecting a compound)."
TMSR1171,TOLG174,animal_invivo,monkey,cynomolgus_invivo,blood,systemic_dose,35,mg/kg,44d,platelet_count,platelet_count,528.0,10^3/uL,increase,+39.7% vs PBS 378,0,TRUE,animal_in_vivo,TP-US20150031747,US 2015/0031747 A1,Table 45,public_domain,"Example 39: 35 mg/kg subcutaneous, loading doses on days 1/3/5/7 then once weekly for weeks 2-12; blood for hematology collected on day 44 (ADVIA120 analyser). NOTE: the Table 45 caption in the patent is misprinted as 'Complement C3 levels in cynomolgus monkeys' but its column headers are 'Platelet count (x10^3/uL)' and 'RBC count (x10^6/uL)'; recorded from the column header, and the caption error is flagged rather than silently corrected. This is a cEt-vs-MOE, 16-mer-vs-20-mer chemistry panel with no platelet decline in any arm. Grading convention for rodent/NHP platelet-count panels in this lane: change vs concurrent PBS control >-10% = grade 0; -10% to -30% = grade 1 (mild decline, counts remain far above 100x10^9/L); worse than -30% = grade 2 (exceeds the ~30-50% decline the same patents use as their own tolerability screening cut-off for de-selecting a compound)."
TMSR1172,TOLG175,animal_invivo,monkey,cynomolgus_invivo,blood,systemic_dose,40,mg/kg,"13wk (loading days 1,3,5,7 then once weekly weeks 2-13)",platelet_count,platelet_count,391.0,10^3/uL,decrease,-14.6% vs PBS control (458 10^3/uL),0,TRUE,animal_in_vivo,P-PKK,"US 10,100,310 B2 (Ionis Pharmaceuticals, ""Modulation of prekallikrein (PKK) expression"", granted 2018-10-16)",TABLE 54,public_domain,"85.4% of concurrent PBS control. Graded on platelet count relative to the concurrent control group in the same table (ratio>=0.80 -> 0; 0.55-0.79 -> 1; 0.20-0.54 -> 2; <0.20 -> 3). Rodent/NHP baselines are not comparable to human CTCAE cut-offs, so the bands are anchored by treating the control mean as a normal human count of 275x10^9/L. Example 8: ten groups of four male cynomolgus monkeys, subcutaneous, 40 mg/kg; blood drawn pre-dose and on day 87/88; ADVIA2120i analyser. Patent text: ""treatment with most of the oligonucleotides did not cause any changes in hematologic parameters outside the expected range for antisense oligonucleotides at this dose."""
TMSR1173,TOLG176,animal_invivo,monkey,cynomolgus_invivo,blood,systemic_dose,40,mg/kg,"13wk (loading days 1,3,5,7 then once weekly weeks 2-13)",platelet_count,platelet_count,419.0,10^3/uL,decrease,-8.5% vs PBS control (458 10^3/uL),0,TRUE,animal_in_vivo,P-PKK,"US 10,100,310 B2 (Ionis Pharmaceuticals, ""Modulation of prekallikrein (PKK) expression"", granted 2018-10-16)",TABLE 54,public_domain,"91.5% of concurrent PBS control. Graded on platelet count relative to the concurrent control group in the same table (ratio>=0.80 -> 0; 0.55-0.79 -> 1; 0.20-0.54 -> 2; <0.20 -> 3). Rodent/NHP baselines are not comparable to human CTCAE cut-offs, so the bands are anchored by treating the control mean as a normal human count of 275x10^9/L. Example 8: ten groups of four male cynomolgus monkeys, subcutaneous, 40 mg/kg; blood drawn pre-dose and on day 87/88; ADVIA2120i analyser. Patent text: ""treatment with most of the oligonucleotides did not cause any changes in hematologic parameters outside the expected range for antisense oligonucleotides at this dose."""
TMSR1174,TOLG177,animal_invivo,monkey,cynomolgus_invivo,blood,systemic_dose,40,mg/kg,"13wk (loading days 1,3,5,7 then once weekly weeks 2-13)",platelet_count,platelet_count,436.0,10^3/uL,decrease,-4.8% vs PBS control (458 10^3/uL),0,TRUE,animal_in_vivo,P-PKK,"US 10,100,310 B2 (Ionis Pharmaceuticals, ""Modulation of prekallikrein (PKK) expression"", granted 2018-10-16)",TABLE 54,public_domain,"95.2% of concurrent PBS control. Graded on platelet count relative to the concurrent control group in the same table (ratio>=0.80 -> 0; 0.55-0.79 -> 1; 0.20-0.54 -> 2; <0.20 -> 3). Rodent/NHP baselines are not comparable to human CTCAE cut-offs, so the bands are anchored by treating the control mean as a normal human count of 275x10^9/L. Example 8: ten groups of four male cynomolgus monkeys, subcutaneous, 40 mg/kg; blood drawn pre-dose and on day 87/88; ADVIA2120i analyser. Patent text: ""treatment with most of the oligonucleotides did not cause any changes in hematologic parameters outside the expected range for antisense oligonucleotides at this dose."""
TMSR1175,TOLG178,animal_invivo,monkey,cynomolgus_invivo,blood,systemic_dose,40,mg/kg,"13wk (loading days 1,3,5,7 then once weekly weeks 2-13)",platelet_count,platelet_count,373.0,10^3/uL,decrease,-18.6% vs PBS control (458 10^3/uL),0,TRUE,animal_in_vivo,P-PKK,"US 10,100,310 B2 (Ionis Pharmaceuticals, ""Modulation of prekallikrein (PKK) expression"", granted 2018-10-16)",TABLE 54,public_domain,"81.4% of concurrent PBS control. Graded on platelet count relative to the concurrent control group in the same table (ratio>=0.80 -> 0; 0.55-0.79 -> 1; 0.20-0.54 -> 2; <0.20 -> 3). Rodent/NHP baselines are not comparable to human CTCAE cut-offs, so the bands are anchored by treating the control mean as a normal human count of 275x10^9/L. Example 8: ten groups of four male cynomolgus monkeys, subcutaneous, 40 mg/kg; blood drawn pre-dose and on day 87/88; ADVIA2120i analyser. Patent text: ""treatment with most of the oligonucleotides did not cause any changes in hematologic parameters outside the expected range for antisense oligonucleotides at this dose."""
TMSR1176,TOLG179,animal_invivo,monkey,cynomolgus_invivo,blood,systemic_dose,40,mg/kg,"13wk (loading days 1,3,5,7 then once weekly weeks 2-13)",platelet_count,platelet_count,408.0,10^3/uL,decrease,-10.9% vs PBS control (458 10^3/uL),0,TRUE,animal_in_vivo,P-PKK,"US 10,100,310 B2 (Ionis Pharmaceuticals, ""Modulation of prekallikrein (PKK) expression"", granted 2018-10-16)",TABLE 54,public_domain,"89.1% of concurrent PBS control. Graded on platelet count relative to the concurrent control group in the same table (ratio>=0.80 -> 0; 0.55-0.79 -> 1; 0.20-0.54 -> 2; <0.20 -> 3). Rodent/NHP baselines are not comparable to human CTCAE cut-offs, so the bands are anchored by treating the control mean as a normal human count of 275x10^9/L. Example 8: ten groups of four male cynomolgus monkeys, subcutaneous, 40 mg/kg; blood drawn pre-dose and on day 87/88; ADVIA2120i analyser. Patent text: ""treatment with most of the oligonucleotides did not cause any changes in hematologic parameters outside the expected range for antisense oligonucleotides at this dose."""
TMSR1177,TOLG180,animal_invivo,monkey,cynomolgus_invivo,blood,systemic_dose,40,mg/kg,"13wk (loading days 1,3,5,7 then once weekly weeks 2-13)",platelet_count,platelet_count,448.0,10^3/uL,decrease,-2.2% vs PBS control (458 10^3/uL),0,TRUE,animal_in_vivo,P-PKK,"US 10,100,310 B2 (Ionis Pharmaceuticals, ""Modulation of prekallikrein (PKK) expression"", granted 2018-10-16)",TABLE 54,public_domain,"97.8% of concurrent PBS control. Graded on platelet count relative to the concurrent control group in the same table (ratio>=0.80 -> 0; 0.55-0.79 -> 1; 0.20-0.54 -> 2; <0.20 -> 3). Rodent/NHP baselines are not comparable to human CTCAE cut-offs, so the bands are anchored by treating the control mean as a normal human count of 275x10^9/L. Example 8: ten groups of four male cynomolgus monkeys, subcutaneous, 40 mg/kg; blood drawn pre-dose and on day 87/88; ADVIA2120i analyser. Patent text: ""treatment with most of the oligonucleotides did not cause any changes in hematologic parameters outside the expected range for antisense oligonucleotides at this dose."""
TMSR1178,TOLG181,animal_invivo,monkey,cynomolgus_invivo,blood,systemic_dose,40,mg/kg,"13wk (loading days 1,3,5,7 then once weekly weeks 2-13)",platelet_count,platelet_count,367.0,10^3/uL,decrease,-19.9% vs PBS control (458 10^3/uL),0,TRUE,animal_in_vivo,P-PKK,"US 10,100,310 B2 (Ionis Pharmaceuticals, ""Modulation of prekallikrein (PKK) expression"", granted 2018-10-16)",TABLE 54,public_domain,"80.1% of concurrent PBS control. Graded on platelet count relative to the concurrent control group in the same table (ratio>=0.80 -> 0; 0.55-0.79 -> 1; 0.20-0.54 -> 2; <0.20 -> 3). Rodent/NHP baselines are not comparable to human CTCAE cut-offs, so the bands are anchored by treating the control mean as a normal human count of 275x10^9/L. Example 8: ten groups of four male cynomolgus monkeys, subcutaneous, 40 mg/kg; blood drawn pre-dose and on day 87/88; ADVIA2120i analyser. Patent text: ""treatment with most of the oligonucleotides did not cause any changes in hematologic parameters outside the expected range for antisense oligonucleotides at this dose."""
TMSR1179,TOLG182,animal_invivo,monkey,cynomolgus_invivo,blood,systemic_dose,40,mg/kg,"13wk (loading days 1,3,5,7 then once weekly weeks 2-13)",platelet_count,platelet_count,461.0,10^3/uL,no_change,+0.7% vs PBS control (458 10^3/uL),0,TRUE,animal_in_vivo,P-PKK,"US 10,100,310 B2 (Ionis Pharmaceuticals, ""Modulation of prekallikrein (PKK) expression"", granted 2018-10-16)",TABLE 54,public_domain,"100.7% of concurrent PBS control. Graded on platelet count relative to the concurrent control group in the same table (ratio>=0.80 -> 0; 0.55-0.79 -> 1; 0.20-0.54 -> 2; <0.20 -> 3). Rodent/NHP baselines are not comparable to human CTCAE cut-offs, so the bands are anchored by treating the control mean as a normal human count of 275x10^9/L. Example 8: ten groups of four male cynomolgus monkeys, subcutaneous, 40 mg/kg; blood drawn pre-dose and on day 87/88; ADVIA2120i analyser. Patent text: ""treatment with most of the oligonucleotides did not cause any changes in hematologic parameters outside the expected range for antisense oligonucleotides at this dose."""
TMSR1180,TOLG183,animal_invivo,monkey,cynomolgus_invivo,blood,systemic_dose,40,mg/kg,"13wk (loading days 1,3,5,7 then once weekly weeks 2-13)",platelet_count,platelet_count,393.0,10^3/uL,decrease,-14.2% vs PBS control (458 10^3/uL),0,TRUE,animal_in_vivo,P-PKK,"US 10,100,310 B2 (Ionis Pharmaceuticals, ""Modulation of prekallikrein (PKK) expression"", granted 2018-10-16)",TABLE 54,public_domain,"85.8% of concurrent PBS control. Graded on platelet count relative to the concurrent control group in the same table (ratio>=0.80 -> 0; 0.55-0.79 -> 1; 0.20-0.54 -> 2; <0.20 -> 3). Rodent/NHP baselines are not comparable to human CTCAE cut-offs, so the bands are anchored by treating the control mean as a normal human count of 275x10^9/L. Example 8: ten groups of four male cynomolgus monkeys, subcutaneous, 40 mg/kg; blood drawn pre-dose and on day 87/88; ADVIA2120i analyser. Patent text: ""treatment with most of the oligonucleotides did not cause any changes in hematologic parameters outside the expected range for antisense oligonucleotides at this dose."""
TMSR1181,TOLG185,animal_invivo,rat,rat_invivo,blood,systemic_dose,TBD,mg/kg,26wk,platelet_count,platelet_count,TBD,NA,no_change,no platelet reduction (vs mild reductions for inotersen at >=15 mg/kg/week in the same species),0,TRUE,animal_in_vivo,workflow:EMA/411876/2018 (EMEA/H/C/004782) Tegsedi EP,EMA/411876/2018 (EMEA/H/C/004782) Tegsedi EPAR public assessment report,"p24, section 2.3.4 Toxicology, subheading 'Platelet declines and thrombocytopenia'",public_domain,Explicit negative-control row from the same sentence as the ISIS 401724 row. Grade 0.
TMSR1182,TOLG187,animal_invivo,mouse,mouse_invivo,blood,systemic_dose,25,mg/kg,6wk (25 mg/kg twice weekly = 50 mg/kg/wk x 6 weeks),platelet_count,platelet_count,1002.0,K/uL,decrease,-13.0% vs PBS control (1152 K/uL),0,TRUE,animal_in_vivo,P-APOL1,"US 10,927,377 B2 (Ionis Pharmaceuticals, ""Modulators of APOL1 expression"", granted 2021-02-23)",TABLE 74,public_domain,"87.0% of concurrent PBS control. Graded on platelet count relative to the concurrent control group in the same table (ratio>=0.80 -> 0; 0.55-0.79 -> 1; 0.20-0.54 -> 2; <0.20 -> 3). Rodent/NHP baselines are not comparable to human CTCAE cut-offs, so the bands are anchored by treating the control mean as a normal human count of 275x10^9/L. Example 5 Study 1: male CD1 mice, subcutaneous, twice weekly for 6 weeks; euthanised 48 h after last dose. IDEXX BioResearch haematology. ""Platelet Count (K/uL)"" column."
TMSR1183,TOLG194,animal_invivo,monkey,cynomolgus_invivo,blood,systemic_dose,30,mg/kg,12wk (once weekly x 12 weeks),platelet_count,platelet_count,437.0,10^3/uL,increase,+15.0% vs Saline control (380 10^3/uL),0,TRUE,animal_in_vivo,P-APOL1,"US 10,927,377 B2 (Ionis Pharmaceuticals, ""Modulators of APOL1 expression"", granted 2021-02-23)",TABLE 103,public_domain,"115.0% of concurrent Saline control. Graded on platelet count relative to the concurrent control group in the same table (ratio>=0.80 -> 0; 0.55-0.79 -> 1; 0.20-0.54 -> 2; <0.20 -> 3). Rodent/NHP baselines are not comparable to human CTCAE cut-offs, so the bands are anchored by treating the control mean as a normal human count of 275x10^9/L. Example 9: 8 groups of 4 male cynomolgus monkeys, 30 mg/kg once weekly for 12 weeks, necropsy day 85 (~48 h after last dose). ADVIA120 analyser. Patent text: ""the oligonucleotides did not cause any changes in hematologic parameters outside the expected range for antisense oligonucleotides at this dose."""
TMSR1184,TOLG195,animal_invivo,rat,rat_invivo,blood,systemic_dose,50,mg/kg,6wk (once weekly x 6 weeks),platelet_count,platelet_count,559.0,K/uL,decrease,-18.6% vs PBS control (687 K/uL),0,TRUE,animal_in_vivo,P-APOL1,"US 10,927,377 B2 (Ionis Pharmaceuticals, ""Modulators of APOL1 expression"", granted 2021-02-23)",TABLE 82,public_domain,"81.4% of concurrent PBS control. Graded on platelet count relative to the concurrent control group in the same table (ratio>=0.80 -> 0; 0.55-0.79 -> 1; 0.20-0.54 -> 2; <0.20 -> 3). Rodent/NHP baselines are not comparable to human CTCAE cut-offs, so the bands are anchored by treating the control mean as a normal human count of 275x10^9/L. Example 6 Study 1: groups of 4 male Sprague-Dawley rats, subcutaneous, 50 mg/kg once weekly for 6 weeks; euthanised 48 h after last dose. Antech Diagnostics haematology."
TMSR1185,TOLG196,animal_invivo,rat,rat_invivo,blood,systemic_dose,50,mg/kg,6wk (once weekly x 6 weeks),platelet_count,platelet_count,670.0,K/uL,decrease,-2.5% vs PBS control (687 K/uL),0,TRUE,animal_in_vivo,P-APOL1,"US 10,927,377 B2 (Ionis Pharmaceuticals, ""Modulators of APOL1 expression"", granted 2021-02-23)",TABLE 82,public_domain,"97.5% of concurrent PBS control. Graded on platelet count relative to the concurrent control group in the same table (ratio>=0.80 -> 0; 0.55-0.79 -> 1; 0.20-0.54 -> 2; <0.20 -> 3). Rodent/NHP baselines are not comparable to human CTCAE cut-offs, so the bands are anchored by treating the control mean as a normal human count of 275x10^9/L. Example 6 Study 1: groups of 4 male Sprague-Dawley rats, subcutaneous, 50 mg/kg once weekly for 6 weeks; euthanised 48 h after last dose. Antech Diagnostics haematology."
TMSR1186,TOLG197,animal_invivo,rat,rat_invivo,blood,systemic_dose,50,mg/kg,6wk (once weekly x 6 weeks),platelet_count,platelet_count,680.0,K/uL,no_change,-1.0% vs PBS control (687 K/uL),0,TRUE,animal_in_vivo,P-APOL1,"US 10,927,377 B2 (Ionis Pharmaceuticals, ""Modulators of APOL1 expression"", granted 2021-02-23)",TABLE 82,public_domain,"99.0% of concurrent PBS control. Graded on platelet count relative to the concurrent control group in the same table (ratio>=0.80 -> 0; 0.55-0.79 -> 1; 0.20-0.54 -> 2; <0.20 -> 3). Rodent/NHP baselines are not comparable to human CTCAE cut-offs, so the bands are anchored by treating the control mean as a normal human count of 275x10^9/L. Example 6 Study 1: groups of 4 male Sprague-Dawley rats, subcutaneous, 50 mg/kg once weekly for 6 weeks; euthanised 48 h after last dose. Antech Diagnostics haematology."
TMSR1187,TOLG198,animal_invivo,monkey,cynomolgus_invivo,blood,systemic_dose,30,mg/kg,12wk (once weekly x 12 weeks),platelet_count,platelet_count,412.0,10^3/uL,increase,+8.4% vs Saline control (380 10^3/uL),0,TRUE,animal_in_vivo,P-APOL1,"US 10,927,377 B2 (Ionis Pharmaceuticals, ""Modulators of APOL1 expression"", granted 2021-02-23)",TABLE 103,public_domain,"108.4% of concurrent Saline control. Graded on platelet count relative to the concurrent control group in the same table (ratio>=0.80 -> 0; 0.55-0.79 -> 1; 0.20-0.54 -> 2; <0.20 -> 3). Rodent/NHP baselines are not comparable to human CTCAE cut-offs, so the bands are anchored by treating the control mean as a normal human count of 275x10^9/L. Example 9: 8 groups of 4 male cynomolgus monkeys, 30 mg/kg once weekly for 12 weeks, necropsy day 85 (~48 h after last dose). ADVIA120 analyser. Patent text: ""the oligonucleotides did not cause any changes in hematologic parameters outside the expected range for antisense oligonucleotides at this dose."""
TMSR1188,TOLG198,animal_invivo,rat,rat_invivo,blood,systemic_dose,50,mg/kg,6wk (once weekly x 6 weeks),platelet_count,platelet_count,785.0,K/uL,increase,+14.3% vs PBS control (687 K/uL),0,TRUE,animal_in_vivo,P-APOL1,"US 10,927,377 B2 (Ionis Pharmaceuticals, ""Modulators of APOL1 expression"", granted 2021-02-23)",TABLE 82,public_domain,"114.3% of concurrent PBS control. Graded on platelet count relative to the concurrent control group in the same table (ratio>=0.80 -> 0; 0.55-0.79 -> 1; 0.20-0.54 -> 2; <0.20 -> 3). Rodent/NHP baselines are not comparable to human CTCAE cut-offs, so the bands are anchored by treating the control mean as a normal human count of 275x10^9/L. Example 6 Study 1: groups of 4 male Sprague-Dawley rats, subcutaneous, 50 mg/kg once weekly for 6 weeks; euthanised 48 h after last dose. Antech Diagnostics haematology."
TMSR1189,TOLG199,animal_invivo,rat,rat_invivo,blood,systemic_dose,50,mg/kg,6wk (once weekly x 6 weeks),platelet_count,platelet_count,769.0,K/uL,increase,+11.9% vs PBS control (687 K/uL),0,TRUE,animal_in_vivo,P-APOL1,"US 10,927,377 B2 (Ionis Pharmaceuticals, ""Modulators of APOL1 expression"", granted 2021-02-23)",TABLE 82,public_domain,"111.9% of concurrent PBS control. Graded on platelet count relative to the concurrent control group in the same table (ratio>=0.80 -> 0; 0.55-0.79 -> 1; 0.20-0.54 -> 2; <0.20 -> 3). Rodent/NHP baselines are not comparable to human CTCAE cut-offs, so the bands are anchored by treating the control mean as a normal human count of 275x10^9/L. Example 6 Study 1: groups of 4 male Sprague-Dawley rats, subcutaneous, 50 mg/kg once weekly for 6 weeks; euthanised 48 h after last dose. Antech Diagnostics haematology."
TMSR1190,TOLG200,animal_invivo,monkey,cynomolgus_invivo,blood,systemic_dose,30,mg/kg,12wk (once weekly x 12 weeks),platelet_count,platelet_count,483.0,10^3/uL,increase,+27.1% vs Saline control (380 10^3/uL),0,TRUE,animal_in_vivo,P-APOL1,"US 10,927,377 B2 (Ionis Pharmaceuticals, ""Modulators of APOL1 expression"", granted 2021-02-23)",TABLE 103,public_domain,"127.1% of concurrent Saline control. Graded on platelet count relative to the concurrent control group in the same table (ratio>=0.80 -> 0; 0.55-0.79 -> 1; 0.20-0.54 -> 2; <0.20 -> 3). Rodent/NHP baselines are not comparable to human CTCAE cut-offs, so the bands are anchored by treating the control mean as a normal human count of 275x10^9/L. Example 9: 8 groups of 4 male cynomolgus monkeys, 30 mg/kg once weekly for 12 weeks, necropsy day 85 (~48 h after last dose). ADVIA120 analyser. Patent text: ""the oligonucleotides did not cause any changes in hematologic parameters outside the expected range for antisense oligonucleotides at this dose."""
TMSR1191,TOLG200,animal_invivo,rat,rat_invivo,blood,systemic_dose,50,mg/kg,6wk (once weekly x 6 weeks),platelet_count,platelet_count,592.0,K/uL,decrease,-13.8% vs PBS control (687 K/uL),0,TRUE,animal_in_vivo,P-APOL1,"US 10,927,377 B2 (Ionis Pharmaceuticals, ""Modulators of APOL1 expression"", granted 2021-02-23)",TABLE 82,public_domain,"86.2% of concurrent PBS control. Graded on platelet count relative to the concurrent control group in the same table (ratio>=0.80 -> 0; 0.55-0.79 -> 1; 0.20-0.54 -> 2; <0.20 -> 3). Rodent/NHP baselines are not comparable to human CTCAE cut-offs, so the bands are anchored by treating the control mean as a normal human count of 275x10^9/L. Example 6 Study 1: groups of 4 male Sprague-Dawley rats, subcutaneous, 50 mg/kg once weekly for 6 weeks; euthanised 48 h after last dose. Antech Diagnostics haematology."
TMSR1192,TOLG201,animal_invivo,monkey,cynomolgus_invivo,blood,systemic_dose,30,mg/kg,12wk (once weekly x 12 weeks),platelet_count,platelet_count,400.0,10^3/uL,increase,+5.3% vs Saline control (380 10^3/uL),0,TRUE,animal_in_vivo,P-APOL1,"US 10,927,377 B2 (Ionis Pharmaceuticals, ""Modulators of APOL1 expression"", granted 2021-02-23)",TABLE 103,public_domain,"105.3% of concurrent Saline control. Graded on platelet count relative to the concurrent control group in the same table (ratio>=0.80 -> 0; 0.55-0.79 -> 1; 0.20-0.54 -> 2; <0.20 -> 3). Rodent/NHP baselines are not comparable to human CTCAE cut-offs, so the bands are anchored by treating the control mean as a normal human count of 275x10^9/L. Example 9: 8 groups of 4 male cynomolgus monkeys, 30 mg/kg once weekly for 12 weeks, necropsy day 85 (~48 h after last dose). ADVIA120 analyser. Patent text: ""the oligonucleotides did not cause any changes in hematologic parameters outside the expected range for antisense oligonucleotides at this dose."""
TMSR1193,TOLG202,animal_invivo,monkey,cynomolgus_invivo,blood,systemic_dose,30,mg/kg,12wk (once weekly x 12 weeks),platelet_count,platelet_count,340.0,10^3/uL,decrease,-10.5% vs Saline control (380 10^3/uL),0,TRUE,animal_in_vivo,P-APOL1,"US 10,927,377 B2 (Ionis Pharmaceuticals, ""Modulators of APOL1 expression"", granted 2021-02-23)",TABLE 103,public_domain,"89.5% of concurrent Saline control. Graded on platelet count relative to the concurrent control group in the same table (ratio>=0.80 -> 0; 0.55-0.79 -> 1; 0.20-0.54 -> 2; <0.20 -> 3). Rodent/NHP baselines are not comparable to human CTCAE cut-offs, so the bands are anchored by treating the control mean as a normal human count of 275x10^9/L. Example 9: 8 groups of 4 male cynomolgus monkeys, 30 mg/kg once weekly for 12 weeks, necropsy day 85 (~48 h after last dose). ADVIA120 analyser. Patent text: ""the oligonucleotides did not cause any changes in hematologic parameters outside the expected range for antisense oligonucleotides at this dose."""
TMSR1194,TOLG202,animal_invivo,rat,rat_invivo,blood,systemic_dose,50,mg/kg,6wk (once weekly x 6 weeks),platelet_count,platelet_count,668.0,K/uL,decrease,-2.8% vs PBS control (687 K/uL),0,TRUE,animal_in_vivo,P-APOL1,"US 10,927,377 B2 (Ionis Pharmaceuticals, ""Modulators of APOL1 expression"", granted 2021-02-23)",TABLE 82,public_domain,"97.2% of concurrent PBS control. Graded on platelet count relative to the concurrent control group in the same table (ratio>=0.80 -> 0; 0.55-0.79 -> 1; 0.20-0.54 -> 2; <0.20 -> 3). Rodent/NHP baselines are not comparable to human CTCAE cut-offs, so the bands are anchored by treating the control mean as a normal human count of 275x10^9/L. Example 6 Study 1: groups of 4 male Sprague-Dawley rats, subcutaneous, 50 mg/kg once weekly for 6 weeks; euthanised 48 h after last dose. Antech Diagnostics haematology."
TMSR1195,TOLG203,animal_invivo,monkey,cynomolgus_invivo,blood,systemic_dose,30,mg/kg,12wk (once weekly x 12 weeks),platelet_count,platelet_count,440.0,10^3/uL,increase,+15.8% vs Saline control (380 10^3/uL),0,TRUE,animal_in_vivo,P-APOL1,"US 10,927,377 B2 (Ionis Pharmaceuticals, ""Modulators of APOL1 expression"", granted 2021-02-23)",TABLE 103,public_domain,"115.8% of concurrent Saline control. Graded on platelet count relative to the concurrent control group in the same table (ratio>=0.80 -> 0; 0.55-0.79 -> 1; 0.20-0.54 -> 2; <0.20 -> 3). Rodent/NHP baselines are not comparable to human CTCAE cut-offs, so the bands are anchored by treating the control mean as a normal human count of 275x10^9/L. Example 9: 8 groups of 4 male cynomolgus monkeys, 30 mg/kg once weekly for 12 weeks, necropsy day 85 (~48 h after last dose). ADVIA120 analyser. Patent text: ""the oligonucleotides did not cause any changes in hematologic parameters outside the expected range for antisense oligonucleotides at this dose."""
TMSR1196,TOLG203,animal_invivo,rat,rat_invivo,blood,systemic_dose,50,mg/kg,6wk (once weekly x 6 weeks),platelet_count,platelet_count,814.0,K/uL,increase,+18.5% vs PBS control (687 K/uL),0,TRUE,animal_in_vivo,P-APOL1,"US 10,927,377 B2 (Ionis Pharmaceuticals, ""Modulators of APOL1 expression"", granted 2021-02-23)",TABLE 82,public_domain,"118.5% of concurrent PBS control. Graded on platelet count relative to the concurrent control group in the same table (ratio>=0.80 -> 0; 0.55-0.79 -> 1; 0.20-0.54 -> 2; <0.20 -> 3). Rodent/NHP baselines are not comparable to human CTCAE cut-offs, so the bands are anchored by treating the control mean as a normal human count of 275x10^9/L. Example 6 Study 1: groups of 4 male Sprague-Dawley rats, subcutaneous, 50 mg/kg once weekly for 6 weeks; euthanised 48 h after last dose. Antech Diagnostics haematology."
TMSR1197,TOLG204,animal_invivo,mouse,mouse_invivo,blood,systemic_dose,25,mg/kg,6wk (25 mg/kg twice weekly = 50 mg/kg/wk x 6 weeks),platelet_count,platelet_count,1338.0,K/uL,increase,+16.1% vs PBS control (1152 K/uL),0,TRUE,animal_in_vivo,P-APOL1,"US 10,927,377 B2 (Ionis Pharmaceuticals, ""Modulators of APOL1 expression"", granted 2021-02-23)",TABLE 74,public_domain,"116.1% of concurrent PBS control. Graded on platelet count relative to the concurrent control group in the same table (ratio>=0.80 -> 0; 0.55-0.79 -> 1; 0.20-0.54 -> 2; <0.20 -> 3). Rodent/NHP baselines are not comparable to human CTCAE cut-offs, so the bands are anchored by treating the control mean as a normal human count of 275x10^9/L. Example 5 Study 1: male CD1 mice, subcutaneous, twice weekly for 6 weeks; euthanised 48 h after last dose. IDEXX BioResearch haematology. ""Platelet Count (K/uL)"" column."
TMSR1198,TOLG205,animal_invivo,mouse,mouse_invivo,blood,systemic_dose,25,mg/kg,6wk (25 mg/kg twice weekly = 50 mg/kg/wk x 6 weeks),platelet_count,platelet_count,974.0,K/uL,decrease,-15.5% vs PBS control (1152 K/uL),0,TRUE,animal_in_vivo,P-APOL1,"US 10,927,377 B2 (Ionis Pharmaceuticals, ""Modulators of APOL1 expression"", granted 2021-02-23)",TABLE 74,public_domain,"84.5% of concurrent PBS control. Graded on platelet count relative to the concurrent control group in the same table (ratio>=0.80 -> 0; 0.55-0.79 -> 1; 0.20-0.54 -> 2; <0.20 -> 3). Rodent/NHP baselines are not comparable to human CTCAE cut-offs, so the bands are anchored by treating the control mean as a normal human count of 275x10^9/L. Example 5 Study 1: male CD1 mice, subcutaneous, twice weekly for 6 weeks; euthanised 48 h after last dose. IDEXX BioResearch haematology. ""Platelet Count (K/uL)"" column."
TMSR1199,TOLG206,animal_invivo,rat,rat_invivo,blood,systemic_dose,50,mg/kg,6wk (once weekly x 6 weeks),platelet_count,platelet_count,144.0,K/uL,decrease,-80.1% vs PBS control (725 K/uL),3,TRUE,animal_in_vivo,P-APOL1,"US 10,927,377 B2 (Ionis Pharmaceuticals, ""Modulators of APOL1 expression"", granted 2021-02-23)",TABLE 87,public_domain,"19.9% of concurrent PBS control. Graded on platelet count relative to the concurrent control group in the same table (ratio>=0.80 -> 0; 0.55-0.79 -> 1; 0.20-0.54 -> 2; <0.20 -> 3). Rodent/NHP baselines are not comparable to human CTCAE cut-offs, so the bands are anchored by treating the control mean as a normal human count of 275x10^9/L. Example 6 Study 2: groups of 4 male Sprague-Dawley rats, subcutaneous, 50 mg/kg once weekly for 6 weeks. SAME PROTOCOL as Table 82 but a different compound set; this study contains the strongest platelet signal in the patent."
TMSR1200,TOLG207,animal_invivo,mouse,mouse_invivo,blood,systemic_dose,25,mg/kg,6wk (25 mg/kg twice weekly = 50 mg/kg/wk x 6 weeks),platelet_count,platelet_count,920.0,K/uL,decrease,-20.1% vs PBS control (1152 K/uL),1,TRUE,animal_in_vivo,P-APOL1,"US 10,927,377 B2 (Ionis Pharmaceuticals, ""Modulators of APOL1 expression"", granted 2021-02-23)",TABLE 74,public_domain,"79.9% of concurrent PBS control. Graded on platelet count relative to the concurrent control group in the same table (ratio>=0.80 -> 0; 0.55-0.79 -> 1; 0.20-0.54 -> 2; <0.20 -> 3). Rodent/NHP baselines are not comparable to human CTCAE cut-offs, so the bands are anchored by treating the control mean as a normal human count of 275x10^9/L. Example 5 Study 1: male CD1 mice, subcutaneous, twice weekly for 6 weeks; euthanised 48 h after last dose. IDEXX BioResearch haematology. ""Platelet Count (K/uL)"" column."
TMSR1201,TOLG207,animal_invivo,rat,rat_invivo,blood,systemic_dose,50,mg/kg,6wk (once weekly x 6 weeks),platelet_count,platelet_count,294.0,K/uL,decrease,-59.4% vs PBS control (725 K/uL),2,TRUE,animal_in_vivo,P-APOL1,"US 10,927,377 B2 (Ionis Pharmaceuticals, ""Modulators of APOL1 expression"", granted 2021-02-23)",TABLE 87,public_domain,"40.6% of concurrent PBS control. Graded on platelet count relative to the concurrent control group in the same table (ratio>=0.80 -> 0; 0.55-0.79 -> 1; 0.20-0.54 -> 2; <0.20 -> 3). Rodent/NHP baselines are not comparable to human CTCAE cut-offs, so the bands are anchored by treating the control mean as a normal human count of 275x10^9/L. Example 6 Study 2: groups of 4 male Sprague-Dawley rats, subcutaneous, 50 mg/kg once weekly for 6 weeks. SAME PROTOCOL as Table 82 but a different compound set; this study contains the strongest platelet signal in the patent."
TMSR1202,TOLG208,animal_invivo,mouse,mouse_invivo,blood,systemic_dose,25,mg/kg,6wk (25 mg/kg twice weekly = 50 mg/kg/wk x 6 weeks),platelet_count,platelet_count,1076.0,K/uL,decrease,-6.6% vs PBS control (1152 K/uL),0,TRUE,animal_in_vivo,P-APOL1,"US 10,927,377 B2 (Ionis Pharmaceuticals, ""Modulators of APOL1 expression"", granted 2021-02-23)",TABLE 74,public_domain,"93.4% of concurrent PBS control. Graded on platelet count relative to the concurrent control group in the same table (ratio>=0.80 -> 0; 0.55-0.79 -> 1; 0.20-0.54 -> 2; <0.20 -> 3). Rodent/NHP baselines are not comparable to human CTCAE cut-offs, so the bands are anchored by treating the control mean as a normal human count of 275x10^9/L. Example 5 Study 1: male CD1 mice, subcutaneous, twice weekly for 6 weeks; euthanised 48 h after last dose. IDEXX BioResearch haematology. ""Platelet Count (K/uL)"" column."
TMSR1203,TOLG209,animal_invivo,mouse,mouse_invivo,blood,systemic_dose,25,mg/kg,6wk (25 mg/kg twice weekly = 50 mg/kg/wk x 6 weeks),platelet_count,platelet_count,931.0,K/uL,decrease,-19.2% vs PBS control (1152 K/uL),0,TRUE,animal_in_vivo,P-APOL1,"US 10,927,377 B2 (Ionis Pharmaceuticals, ""Modulators of APOL1 expression"", granted 2021-02-23)",TABLE 74,public_domain,"80.8% of concurrent PBS control. Graded on platelet count relative to the concurrent control group in the same table (ratio>=0.80 -> 0; 0.55-0.79 -> 1; 0.20-0.54 -> 2; <0.20 -> 3). Rodent/NHP baselines are not comparable to human CTCAE cut-offs, so the bands are anchored by treating the control mean as a normal human count of 275x10^9/L. Example 5 Study 1: male CD1 mice, subcutaneous, twice weekly for 6 weeks; euthanised 48 h after last dose. IDEXX BioResearch haematology. ""Platelet Count (K/uL)"" column."
TMSR1204,TOLG209,animal_invivo,rat,rat_invivo,blood,systemic_dose,50,mg/kg,6wk (once weekly x 6 weeks),platelet_count,platelet_count,230.0,K/uL,decrease,-68.3% vs PBS control (725 K/uL),2,TRUE,animal_in_vivo,P-APOL1,"US 10,927,377 B2 (Ionis Pharmaceuticals, ""Modulators of APOL1 expression"", granted 2021-02-23)",TABLE 87,public_domain,"31.7% of concurrent PBS control. Graded on platelet count relative to the concurrent control group in the same table (ratio>=0.80 -> 0; 0.55-0.79 -> 1; 0.20-0.54 -> 2; <0.20 -> 3). Rodent/NHP baselines are not comparable to human CTCAE cut-offs, so the bands are anchored by treating the control mean as a normal human count of 275x10^9/L. Example 6 Study 2: groups of 4 male Sprague-Dawley rats, subcutaneous, 50 mg/kg once weekly for 6 weeks. SAME PROTOCOL as Table 82 but a different compound set; this study contains the strongest platelet signal in the patent."
TMSR1205,TOLG210,animal_invivo,mouse,mouse_invivo,blood,systemic_dose,25,mg/kg,6wk (25 mg/kg twice weekly = 50 mg/kg/wk x 6 weeks),platelet_count,platelet_count,1069.0,K/uL,decrease,-7.2% vs PBS control (1152 K/uL),0,TRUE,animal_in_vivo,P-APOL1,"US 10,927,377 B2 (Ionis Pharmaceuticals, ""Modulators of APOL1 expression"", granted 2021-02-23)",TABLE 74,public_domain,"92.8% of concurrent PBS control. Graded on platelet count relative to the concurrent control group in the same table (ratio>=0.80 -> 0; 0.55-0.79 -> 1; 0.20-0.54 -> 2; <0.20 -> 3). Rodent/NHP baselines are not comparable to human CTCAE cut-offs, so the bands are anchored by treating the control mean as a normal human count of 275x10^9/L. Example 5 Study 1: male CD1 mice, subcutaneous, twice weekly for 6 weeks; euthanised 48 h after last dose. IDEXX BioResearch haematology. ""Platelet Count (K/uL)"" column."
TMSR1206,TOLG210,animal_invivo,rat,rat_invivo,blood,systemic_dose,50,mg/kg,6wk (once weekly x 6 weeks),platelet_count,platelet_count,685.0,K/uL,decrease,-5.5% vs PBS control (725 K/uL),0,TRUE,animal_in_vivo,P-APOL1,"US 10,927,377 B2 (Ionis Pharmaceuticals, ""Modulators of APOL1 expression"", granted 2021-02-23)",TABLE 87,public_domain,"94.5% of concurrent PBS control. Graded on platelet count relative to the concurrent control group in the same table (ratio>=0.80 -> 0; 0.55-0.79 -> 1; 0.20-0.54 -> 2; <0.20 -> 3). Rodent/NHP baselines are not comparable to human CTCAE cut-offs, so the bands are anchored by treating the control mean as a normal human count of 275x10^9/L. Example 6 Study 2: groups of 4 male Sprague-Dawley rats, subcutaneous, 50 mg/kg once weekly for 6 weeks. SAME PROTOCOL as Table 82 but a different compound set; this study contains the strongest platelet signal in the patent."
TMSR1207,TOLG211,animal_invivo,mouse,mouse_invivo,blood,systemic_dose,25,mg/kg,6wk (25 mg/kg twice weekly = 50 mg/kg/wk x 6 weeks),platelet_count,platelet_count,1054.0,K/uL,decrease,-8.5% vs PBS control (1152 K/uL),0,TRUE,animal_in_vivo,P-APOL1,"US 10,927,377 B2 (Ionis Pharmaceuticals, ""Modulators of APOL1 expression"", granted 2021-02-23)",TABLE 74,public_domain,"91.5% of concurrent PBS control. Graded on platelet count relative to the concurrent control group in the same table (ratio>=0.80 -> 0; 0.55-0.79 -> 1; 0.20-0.54 -> 2; <0.20 -> 3). Rodent/NHP baselines are not comparable to human CTCAE cut-offs, so the bands are anchored by treating the control mean as a normal human count of 275x10^9/L. Example 5 Study 1: male CD1 mice, subcutaneous, twice weekly for 6 weeks; euthanised 48 h after last dose. IDEXX BioResearch haematology. ""Platelet Count (K/uL)"" column."
TMSR1208,TOLG211,animal_invivo,rat,rat_invivo,blood,systemic_dose,50,mg/kg,6wk (once weekly x 6 weeks),platelet_count,platelet_count,112.0,K/uL,decrease,-84.6% vs PBS control (725 K/uL),3,TRUE,animal_in_vivo,P-APOL1,"US 10,927,377 B2 (Ionis Pharmaceuticals, ""Modulators of APOL1 expression"", granted 2021-02-23)",TABLE 87,public_domain,"15.4% of concurrent PBS control. Graded on platelet count relative to the concurrent control group in the same table (ratio>=0.80 -> 0; 0.55-0.79 -> 1; 0.20-0.54 -> 2; <0.20 -> 3). Rodent/NHP baselines are not comparable to human CTCAE cut-offs, so the bands are anchored by treating the control mean as a normal human count of 275x10^9/L. Example 6 Study 2: groups of 4 male Sprague-Dawley rats, subcutaneous, 50 mg/kg once weekly for 6 weeks. SAME PROTOCOL as Table 82 but a different compound set; this study contains the strongest platelet signal in the patent."
TMSR1209,TOLG212,animal_invivo,mouse,mouse_invivo,blood,systemic_dose,25,mg/kg,6wk (25 mg/kg twice weekly = 50 mg/kg/wk x 6 weeks),platelet_count,platelet_count,1316.0,K/uL,increase,+14.2% vs PBS control (1152 K/uL),0,TRUE,animal_in_vivo,P-APOL1,"US 10,927,377 B2 (Ionis Pharmaceuticals, ""Modulators of APOL1 expression"", granted 2021-02-23)",TABLE 74,public_domain,"114.2% of concurrent PBS control. Graded on platelet count relative to the concurrent control group in the same table (ratio>=0.80 -> 0; 0.55-0.79 -> 1; 0.20-0.54 -> 2; <0.20 -> 3). Rodent/NHP baselines are not comparable to human CTCAE cut-offs, so the bands are anchored by treating the control mean as a normal human count of 275x10^9/L. Example 5 Study 1: male CD1 mice, subcutaneous, twice weekly for 6 weeks; euthanised 48 h after last dose. IDEXX BioResearch haematology. ""Platelet Count (K/uL)"" column."
TMSR1210,TOLG213,animal_invivo,mouse,mouse_invivo,blood,systemic_dose,25,mg/kg,6wk (25 mg/kg twice weekly = 50 mg/kg/wk x 6 weeks),platelet_count,platelet_count,1075.0,K/uL,decrease,-6.7% vs PBS control (1152 K/uL),0,TRUE,animal_in_vivo,P-APOL1,"US 10,927,377 B2 (Ionis Pharmaceuticals, ""Modulators of APOL1 expression"", granted 2021-02-23)",TABLE 74,public_domain,"93.3% of concurrent PBS control. Graded on platelet count relative to the concurrent control group in the same table (ratio>=0.80 -> 0; 0.55-0.79 -> 1; 0.20-0.54 -> 2; <0.20 -> 3). Rodent/NHP baselines are not comparable to human CTCAE cut-offs, so the bands are anchored by treating the control mean as a normal human count of 275x10^9/L. Example 5 Study 1: male CD1 mice, subcutaneous, twice weekly for 6 weeks; euthanised 48 h after last dose. IDEXX BioResearch haematology. ""Platelet Count (K/uL)"" column."
TMSR1211,TOLG214,animal_invivo,mouse,mouse_invivo,blood,systemic_dose,25,mg/kg,6wk (25 mg/kg twice weekly = 50 mg/kg/wk x 6 weeks),platelet_count,platelet_count,961.0,K/uL,decrease,-16.6% vs PBS control (1152 K/uL),0,TRUE,animal_in_vivo,P-APOL1,"US 10,927,377 B2 (Ionis Pharmaceuticals, ""Modulators of APOL1 expression"", granted 2021-02-23)",TABLE 74,public_domain,"83.4% of concurrent PBS control. Graded on platelet count relative to the concurrent control group in the same table (ratio>=0.80 -> 0; 0.55-0.79 -> 1; 0.20-0.54 -> 2; <0.20 -> 3). Rodent/NHP baselines are not comparable to human CTCAE cut-offs, so the bands are anchored by treating the control mean as a normal human count of 275x10^9/L. Example 5 Study 1: male CD1 mice, subcutaneous, twice weekly for 6 weeks; euthanised 48 h after last dose. IDEXX BioResearch haematology. ""Platelet Count (K/uL)"" column."
TMSR1212,TOLG215,animal_invivo,mouse,mouse_invivo,blood,systemic_dose,25,mg/kg,6wk (25 mg/kg twice weekly = 50 mg/kg/wk x 6 weeks),platelet_count,platelet_count,1216.0,K/uL,increase,+5.6% vs PBS control (1152 K/uL),0,TRUE,animal_in_vivo,P-APOL1,"US 10,927,377 B2 (Ionis Pharmaceuticals, ""Modulators of APOL1 expression"", granted 2021-02-23)",TABLE 74,public_domain,"105.6% of concurrent PBS control. Graded on platelet count relative to the concurrent control group in the same table (ratio>=0.80 -> 0; 0.55-0.79 -> 1; 0.20-0.54 -> 2; <0.20 -> 3). Rodent/NHP baselines are not comparable to human CTCAE cut-offs, so the bands are anchored by treating the control mean as a normal human count of 275x10^9/L. Example 5 Study 1: male CD1 mice, subcutaneous, twice weekly for 6 weeks; euthanised 48 h after last dose. IDEXX BioResearch haematology. ""Platelet Count (K/uL)"" column."
TMSR1213,TOLG215,animal_invivo,rat,rat_invivo,blood,systemic_dose,50,mg/kg,6wk (once weekly x 6 weeks),platelet_count,platelet_count,458.0,K/uL,decrease,-36.8% vs PBS control (725 K/uL),1,TRUE,animal_in_vivo,P-APOL1,"US 10,927,377 B2 (Ionis Pharmaceuticals, ""Modulators of APOL1 expression"", granted 2021-02-23)",TABLE 87,public_domain,"63.2% of concurrent PBS control. Graded on platelet count relative to the concurrent control group in the same table (ratio>=0.80 -> 0; 0.55-0.79 -> 1; 0.20-0.54 -> 2; <0.20 -> 3). Rodent/NHP baselines are not comparable to human CTCAE cut-offs, so the bands are anchored by treating the control mean as a normal human count of 275x10^9/L. Example 6 Study 2: groups of 4 male Sprague-Dawley rats, subcutaneous, 50 mg/kg once weekly for 6 weeks. SAME PROTOCOL as Table 82 but a different compound set; this study contains the strongest platelet signal in the patent."
TMSR1214,TOLG216,animal_invivo,mouse,mouse_invivo,blood,systemic_dose,25,mg/kg,6wk (25 mg/kg twice weekly = 50 mg/kg/wk x 6 weeks),platelet_count,platelet_count,1069.0,K/uL,decrease,-7.2% vs PBS control (1152 K/uL),0,TRUE,animal_in_vivo,P-APOL1,"US 10,927,377 B2 (Ionis Pharmaceuticals, ""Modulators of APOL1 expression"", granted 2021-02-23)",TABLE 74,public_domain,"92.8% of concurrent PBS control. Graded on platelet count relative to the concurrent control group in the same table (ratio>=0.80 -> 0; 0.55-0.79 -> 1; 0.20-0.54 -> 2; <0.20 -> 3). Rodent/NHP baselines are not comparable to human CTCAE cut-offs, so the bands are anchored by treating the control mean as a normal human count of 275x10^9/L. Example 5 Study 1: male CD1 mice, subcutaneous, twice weekly for 6 weeks; euthanised 48 h after last dose. IDEXX BioResearch haematology. ""Platelet Count (K/uL)"" column."
TMSR1215,TOLG216,animal_invivo,rat,rat_invivo,blood,systemic_dose,50,mg/kg,6wk (once weekly x 6 weeks),platelet_count,platelet_count,547.0,K/uL,decrease,-24.6% vs PBS control (725 K/uL),1,TRUE,animal_in_vivo,P-APOL1,"US 10,927,377 B2 (Ionis Pharmaceuticals, ""Modulators of APOL1 expression"", granted 2021-02-23)",TABLE 87,public_domain,"75.4% of concurrent PBS control. Graded on platelet count relative to the concurrent control group in the same table (ratio>=0.80 -> 0; 0.55-0.79 -> 1; 0.20-0.54 -> 2; <0.20 -> 3). Rodent/NHP baselines are not comparable to human CTCAE cut-offs, so the bands are anchored by treating the control mean as a normal human count of 275x10^9/L. Example 6 Study 2: groups of 4 male Sprague-Dawley rats, subcutaneous, 50 mg/kg once weekly for 6 weeks. SAME PROTOCOL as Table 82 but a different compound set; this study contains the strongest platelet signal in the patent."
TMSR1216,TOLG217,animal_invivo,mouse,mouse_invivo,blood,systemic_dose,25,mg/kg,6wk (25 mg/kg twice weekly = 50 mg/kg/wk x 6 weeks),platelet_count,platelet_count,1141.0,K/uL,no_change,-1.0% vs PBS control (1152 K/uL),0,TRUE,animal_in_vivo,P-APOL1,"US 10,927,377 B2 (Ionis Pharmaceuticals, ""Modulators of APOL1 expression"", granted 2021-02-23)",TABLE 74,public_domain,"99.0% of concurrent PBS control. Graded on platelet count relative to the concurrent control group in the same table (ratio>=0.80 -> 0; 0.55-0.79 -> 1; 0.20-0.54 -> 2; <0.20 -> 3). Rodent/NHP baselines are not comparable to human CTCAE cut-offs, so the bands are anchored by treating the control mean as a normal human count of 275x10^9/L. Example 5 Study 1: male CD1 mice, subcutaneous, twice weekly for 6 weeks; euthanised 48 h after last dose. IDEXX BioResearch haematology. ""Platelet Count (K/uL)"" column."
TMSR1217,TOLG217,animal_invivo,rat,rat_invivo,blood,systemic_dose,50,mg/kg,6wk (once weekly x 6 weeks),platelet_count,platelet_count,325.0,K/uL,decrease,-55.2% vs PBS control (725 K/uL),2,TRUE,animal_in_vivo,P-APOL1,"US 10,927,377 B2 (Ionis Pharmaceuticals, ""Modulators of APOL1 expression"", granted 2021-02-23)",TABLE 87,public_domain,"44.8% of concurrent PBS control. Graded on platelet count relative to the concurrent control group in the same table (ratio>=0.80 -> 0; 0.55-0.79 -> 1; 0.20-0.54 -> 2; <0.20 -> 3). Rodent/NHP baselines are not comparable to human CTCAE cut-offs, so the bands are anchored by treating the control mean as a normal human count of 275x10^9/L. Example 6 Study 2: groups of 4 male Sprague-Dawley rats, subcutaneous, 50 mg/kg once weekly for 6 weeks. SAME PROTOCOL as Table 82 but a different compound set; this study contains the strongest platelet signal in the patent."
TMSR1218,TOLG218,animal_invivo,mouse,mouse_invivo,blood,systemic_dose,25,mg/kg,6wk (25 mg/kg twice weekly = 50 mg/kg/wk x 6 weeks),platelet_count,platelet_count,877.0,K/uL,decrease,-23.9% vs PBS control (1152 K/uL),1,TRUE,animal_in_vivo,P-APOL1,"US 10,927,377 B2 (Ionis Pharmaceuticals, ""Modulators of APOL1 expression"", granted 2021-02-23)",TABLE 74,public_domain,"76.1% of concurrent PBS control. Graded on platelet count relative to the concurrent control group in the same table (ratio>=0.80 -> 0; 0.55-0.79 -> 1; 0.20-0.54 -> 2; <0.20 -> 3). Rodent/NHP baselines are not comparable to human CTCAE cut-offs, so the bands are anchored by treating the control mean as a normal human count of 275x10^9/L. Example 5 Study 1: male CD1 mice, subcutaneous, twice weekly for 6 weeks; euthanised 48 h after last dose. IDEXX BioResearch haematology. ""Platelet Count (K/uL)"" column."
TMSR1219,TOLG218,animal_invivo,rat,rat_invivo,blood,systemic_dose,50,mg/kg,6wk (once weekly x 6 weeks),platelet_count,platelet_count,427.0,K/uL,decrease,-41.1% vs PBS control (725 K/uL),1,TRUE,animal_in_vivo,P-APOL1,"US 10,927,377 B2 (Ionis Pharmaceuticals, ""Modulators of APOL1 expression"", granted 2021-02-23)",TABLE 87,public_domain,"58.9% of concurrent PBS control. Graded on platelet count relative to the concurrent control group in the same table (ratio>=0.80 -> 0; 0.55-0.79 -> 1; 0.20-0.54 -> 2; <0.20 -> 3). Rodent/NHP baselines are not comparable to human CTCAE cut-offs, so the bands are anchored by treating the control mean as a normal human count of 275x10^9/L. Example 6 Study 2: groups of 4 male Sprague-Dawley rats, subcutaneous, 50 mg/kg once weekly for 6 weeks. SAME PROTOCOL as Table 82 but a different compound set; this study contains the strongest platelet signal in the patent."
TMSR1220,TOLG219,animal_invivo,monkey,cynomolgus_invivo,blood,systemic_dose,30,mg/kg,12wk (once weekly x 12 weeks),platelet_count,platelet_count,377.0,10^3/uL,no_change,-0.8% vs Saline control (380 10^3/uL),0,TRUE,animal_in_vivo,P-APOL1,"US 10,927,377 B2 (Ionis Pharmaceuticals, ""Modulators of APOL1 expression"", granted 2021-02-23)",TABLE 103,public_domain,"99.2% of concurrent Saline control. Graded on platelet count relative to the concurrent control group in the same table (ratio>=0.80 -> 0; 0.55-0.79 -> 1; 0.20-0.54 -> 2; <0.20 -> 3). Rodent/NHP baselines are not comparable to human CTCAE cut-offs, so the bands are anchored by treating the control mean as a normal human count of 275x10^9/L. Example 9: 8 groups of 4 male cynomolgus monkeys, 30 mg/kg once weekly for 12 weeks, necropsy day 85 (~48 h after last dose). ADVIA120 analyser. Patent text: ""the oligonucleotides did not cause any changes in hematologic parameters outside the expected range for antisense oligonucleotides at this dose."""
TMSR1221,TOLG219,animal_invivo,mouse,mouse_invivo,blood,systemic_dose,25,mg/kg,6wk (25 mg/kg twice weekly = 50 mg/kg/wk x 6 weeks),platelet_count,platelet_count,925.0,K/uL,decrease,-19.7% vs PBS control (1152 K/uL),0,TRUE,animal_in_vivo,P-APOL1,"US 10,927,377 B2 (Ionis Pharmaceuticals, ""Modulators of APOL1 expression"", granted 2021-02-23)",TABLE 74,public_domain,"80.3% of concurrent PBS control. Graded on platelet count relative to the concurrent control group in the same table (ratio>=0.80 -> 0; 0.55-0.79 -> 1; 0.20-0.54 -> 2; <0.20 -> 3). Rodent/NHP baselines are not comparable to human CTCAE cut-offs, so the bands are anchored by treating the control mean as a normal human count of 275x10^9/L. Example 5 Study 1: male CD1 mice, subcutaneous, twice weekly for 6 weeks; euthanised 48 h after last dose. IDEXX BioResearch haematology. ""Platelet Count (K/uL)"" column."
TMSR1222,TOLG219,animal_invivo,rat,rat_invivo,blood,systemic_dose,50,mg/kg,6wk (once weekly x 6 weeks),platelet_count,platelet_count,556.0,K/uL,decrease,-23.3% vs PBS control (725 K/uL),1,TRUE,animal_in_vivo,P-APOL1,"US 10,927,377 B2 (Ionis Pharmaceuticals, ""Modulators of APOL1 expression"", granted 2021-02-23)",TABLE 87,public_domain,"76.7% of concurrent PBS control. Graded on platelet count relative to the concurrent control group in the same table (ratio>=0.80 -> 0; 0.55-0.79 -> 1; 0.20-0.54 -> 2; <0.20 -> 3). Rodent/NHP baselines are not comparable to human CTCAE cut-offs, so the bands are anchored by treating the control mean as a normal human count of 275x10^9/L. Example 6 Study 2: groups of 4 male Sprague-Dawley rats, subcutaneous, 50 mg/kg once weekly for 6 weeks. SAME PROTOCOL as Table 82 but a different compound set; this study contains the strongest platelet signal in the patent."
TMSR1223,TOLG220,animal_invivo,monkey,cynomolgus_invivo,blood,systemic_dose,30,mg/kg,12wk (once weekly x 12 weeks),platelet_count,platelet_count,392.0,10^3/uL,increase,+3.2% vs Saline control (380 10^3/uL),0,TRUE,animal_in_vivo,P-APOL1,"US 10,927,377 B2 (Ionis Pharmaceuticals, ""Modulators of APOL1 expression"", granted 2021-02-23)",TABLE 103,public_domain,"103.2% of concurrent Saline control. Graded on platelet count relative to the concurrent control group in the same table (ratio>=0.80 -> 0; 0.55-0.79 -> 1; 0.20-0.54 -> 2; <0.20 -> 3). Rodent/NHP baselines are not comparable to human CTCAE cut-offs, so the bands are anchored by treating the control mean as a normal human count of 275x10^9/L. Example 9: 8 groups of 4 male cynomolgus monkeys, 30 mg/kg once weekly for 12 weeks, necropsy day 85 (~48 h after last dose). ADVIA120 analyser. Patent text: ""the oligonucleotides did not cause any changes in hematologic parameters outside the expected range for antisense oligonucleotides at this dose."""
TMSR1224,TOLG220,animal_invivo,mouse,mouse_invivo,blood,systemic_dose,25,mg/kg,6wk (25 mg/kg twice weekly = 50 mg/kg/wk x 6 weeks),platelet_count,platelet_count,1453.0,K/uL,increase,+26.1% vs PBS control (1152 K/uL),0,TRUE,animal_in_vivo,P-APOL1,"US 10,927,377 B2 (Ionis Pharmaceuticals, ""Modulators of APOL1 expression"", granted 2021-02-23)",TABLE 74,public_domain,"126.1% of concurrent PBS control. Graded on platelet count relative to the concurrent control group in the same table (ratio>=0.80 -> 0; 0.55-0.79 -> 1; 0.20-0.54 -> 2; <0.20 -> 3). Rodent/NHP baselines are not comparable to human CTCAE cut-offs, so the bands are anchored by treating the control mean as a normal human count of 275x10^9/L. Example 5 Study 1: male CD1 mice, subcutaneous, twice weekly for 6 weeks; euthanised 48 h after last dose. IDEXX BioResearch haematology. ""Platelet Count (K/uL)"" column."
TMSR1225,TOLG220,animal_invivo,rat,rat_invivo,blood,systemic_dose,50,mg/kg,6wk (once weekly x 6 weeks),platelet_count,platelet_count,703.0,K/uL,decrease,-3.0% vs PBS control (725 K/uL),0,TRUE,animal_in_vivo,P-APOL1,"US 10,927,377 B2 (Ionis Pharmaceuticals, ""Modulators of APOL1 expression"", granted 2021-02-23)",TABLE 87,public_domain,"97.0% of concurrent PBS control. Graded on platelet count relative to the concurrent control group in the same table (ratio>=0.80 -> 0; 0.55-0.79 -> 1; 0.20-0.54 -> 2; <0.20 -> 3). Rodent/NHP baselines are not comparable to human CTCAE cut-offs, so the bands are anchored by treating the control mean as a normal human count of 275x10^9/L. Example 6 Study 2: groups of 4 male Sprague-Dawley rats, subcutaneous, 50 mg/kg once weekly for 6 weeks. SAME PROTOCOL as Table 82 but a different compound set; this study contains the strongest platelet signal in the patent."
TMSR1226,TOLG221,animal_invivo,mouse,mouse_invivo,blood,systemic_dose,25,mg/kg,6wk (25 mg/kg twice weekly = 50 mg/kg/wk x 6 weeks),platelet_count,platelet_count,1468.0,K/uL,increase,+27.4% vs PBS control (1152 K/uL),0,TRUE,animal_in_vivo,P-APOL1,"US 10,927,377 B2 (Ionis Pharmaceuticals, ""Modulators of APOL1 expression"", granted 2021-02-23)",TABLE 74,public_domain,"127.4% of concurrent PBS control. Graded on platelet count relative to the concurrent control group in the same table (ratio>=0.80 -> 0; 0.55-0.79 -> 1; 0.20-0.54 -> 2; <0.20 -> 3). Rodent/NHP baselines are not comparable to human CTCAE cut-offs, so the bands are anchored by treating the control mean as a normal human count of 275x10^9/L. Example 5 Study 1: male CD1 mice, subcutaneous, twice weekly for 6 weeks; euthanised 48 h after last dose. IDEXX BioResearch haematology. ""Platelet Count (K/uL)"" column."
TMSR1227,TOLG221,animal_invivo,rat,rat_invivo,blood,systemic_dose,50,mg/kg,6wk (once weekly x 6 weeks),platelet_count,platelet_count,737.0,K/uL,no_change,+1.7% vs PBS control (725 K/uL),0,TRUE,animal_in_vivo,P-APOL1,"US 10,927,377 B2 (Ionis Pharmaceuticals, ""Modulators of APOL1 expression"", granted 2021-02-23)",TABLE 87,public_domain,"101.7% of concurrent PBS control. Graded on platelet count relative to the concurrent control group in the same table (ratio>=0.80 -> 0; 0.55-0.79 -> 1; 0.20-0.54 -> 2; <0.20 -> 3). Rodent/NHP baselines are not comparable to human CTCAE cut-offs, so the bands are anchored by treating the control mean as a normal human count of 275x10^9/L. Example 6 Study 2: groups of 4 male Sprague-Dawley rats, subcutaneous, 50 mg/kg once weekly for 6 weeks. SAME PROTOCOL as Table 82 but a different compound set; this study contains the strongest platelet signal in the patent."
TMSR1228,TOLG222,in_vitro,minipig,adult_Gottingen_minipig_PRP,platelet,direct_addition,1,uM,30min,platelet_activation,TSP-1_release,TBD,fold_change,no_change,TBD,0,TRUE,animal_in_vitro,workflow:doi:10.3390/pharmaceutics15041112 (PMC101434,doi:10.3390/pharmaceutics15041112 (PMC10143489; PMID 37111598),Fig 1A (Results 3.1),cc_by,"Explicit negative: 'none of the PRP samples treated with 1 uM ASOs showed a significant increase in TSP-1' (Results 3.1); no asterisk on any 1 uM group in Fig 1A. n=5. Box-plot data, no printed numbers -> readout_value=TBD. Human Cmax ~1-2 uM per the Discussion. Grade 0."
TMSR1229,TOLG222,in_vitro,minipig,adult_Gottingen_minipig_PRP,platelet,direct_addition,5,uM,30min,platelet_activation,TSP-1_release,TBD,fold_change,increase,TBD,1,TRUE,animal_in_vitro,workflow:doi:10.3390/pharmaceutics15041112 (PMC101434,doi:10.3390/pharmaceutics15041112 (PMC10143489; PMID 37111598),Fig 1A (Results 3.1),cc_by,"Significant TSP-1 release vs DPBS vehicle (p=0.0056, linear mixed model with Dunnett post hoc); asterisk in Fig 1A. n=5. Box plots without printed numbers -> readout_value=TBD. Human Cmax ~1-2 uM per the Discussion. Graded 1. INTERNAL CONTRADICTION IN THE SOURCE: Table 2 lists ISIS104838-PS as 'PRP: no effect / WB: activation', which is the reverse of Results 3.1 and of the asterisks in Fig 1A/1B (significant in PRP, p=0.0630 i.e. not significant in WB). The primary Results text and figure are used here; Table 2 appears to have inherited the ODN2395-PO cell text."
TMSR1230,TOLG222,in_vitro,minipig,adult_Gottingen_minipig_whole_blood,blood,direct_addition,1,uM,30min,platelet_activation,TSP-1_release,TBD,fold_change,no_change,TBD,0,TRUE,animal_in_vitro,workflow:doi:10.3390/pharmaceutics15041112 (PMC101434,doi:10.3390/pharmaceutics15041112 (PMC10143489; PMID 37111598),Fig 1B (Results 3.1),cc_by,"Explicit negative: 'no considerable stimulation was detected for the WB samples treated with 1 uM ASOs' (Results 3.1); no asterisk on any 1 uM group in Fig 1B. n=5. Box-plot data, no printed values -> readout_value=TBD. Grade 0."
TMSR1231,TOLG222,in_vitro,minipig,adult_Gottingen_minipig_whole_blood,blood,direct_addition,5,uM,30min,platelet_activation,TSP-1_release,TBD,fold_change,no_change,TBD,0,TRUE,animal_in_vitro,workflow:doi:10.3390/pharmaceutics15041112 (PMC101434,doi:10.3390/pharmaceutics15041112 (PMC10143489; PMID 37111598),Fig 1B (Results 3.1),cc_by,"Not significant: 'we failed to detect a significant increase in TSP-1 for the WB samples treated with 5 uM ISIS104818-PS (p = 0.0630)' - the source prints 'ISIS104818-PS', read as ISIS104838-PS; no asterisk in Fig 1B. n=5. Grade 0. The Discussion attributes the PRP/WB discrepancy for this compound to higher variability in WB. INTERNAL CONTRADICTION: Table 2 lists this compound as 'PRP: no effect / WB: activation', the reverse of the Results text and Fig 1; the primary data are used here."
TMSR1232,TOLG222,in_vitro,minipig,adult_Gottingen_minipig_PRP,platelet,direct_addition,5,uM,30min,platelet_aggregation,platelet_aggregation,TBD,% change in OD (595 nm),increase,minimal OD decrease,2,TRUE,animal_in_vitro,workflow:doi:10.3390/pharmaceutics15041112 (PMC101434,doi:10.3390/pharmaceutics15041112 (PMC10143489; PMID 37111598),Fig 2G (Results 3.2),cc_by,"96-well plate aggregometry as above; p=0.0387 (printed on the panel). n=5. Same 'minimal decrease ... after an erratic increase in the OD' description as ISIS104838; the initial OD rise is attributed by the authors to platelet shape change and fibrinogen bridging. No numeric group value printed -> readout_value=TBD. Graded 2 on significant aggregation at 5 uM; magnitude minimal - borderline 1/2. A strong correlation was reported between this compound's aggregation data and GPVI abundance in PRP (p=0.0374, r=0.9)."
TMSR1233,TOLG222,in_vitro,minipig,washed_Gottingen_minipig_platelet_lysate,platelet,direct_addition,400 pmol,NA,30min,platelet_binding,GPVI_binding,TBD,NA,increase,GPVI pulled down,1,TRUE,animal_in_vitro,workflow:doi:10.3390/pharmaceutics15041112 (PMC101434,doi:10.3390/pharmaceutics15041112 (PMC10143489; PMID 37111598),Fig 3A (Results 3.3),cc_by,"400 pmol biotinylated ASO on streptavidin beads, 30 min at RT with washed-platelet lysate ('pmol' outside the schema unit enum; carried verbatim with unit NA). An ~75 kDa band identified as GPVI by Western blot (n=3). Qualitative blot -> readout_value=TBD. Graded 1. Note the Results text names the three PS-containing ASOs (ODN2395, ISIS104838, ISIS104838-PS) as GPVI binders; the Discussion generalises this to 'all the tested ASOs containing PS modifications'."
TMSR1234,TOLG223,animal_invivo,rat,rat_invivo,blood,systemic_dose,50,mg/kg,8wk (once weekly) + 13wk recovery,platelet_count,platelet_count,TBD,NA,increase,TBD (direction only),0,TRUE,animal_in_vivo,S-EMA-OXLU,"EMA Oxlumo (lumasiran) EPAR public assessment report, EMA/568312/2020 (EMEA/H/C/005040)","p.34-35, Table 7 'Overview on repeated dose toxicity studies', study GO1-GLP15-008, 50 mg row",public_domain,"Table entry reads 'up-arrow PLT (M)' at 50 mg/kg/wk in males. Platelet INCREASE, not thrombocytopenia; graded 0 on this rubric. NOAEL was the top dose (50 QW), i.e. the change was not adverse. No numeric magnitude given in the EPAR."
TMSR1235,TOLG223,animal_invivo,monkey,cynomolgus_invivo,blood,systemic_dose,100,mg/kg,8wk (once weekly) + 13wk recovery,platelet_count,platelet_count,TBD,NA,no_change,no platelet finding reported up to 100 mg/kg/wk,0,TRUE,animal_in_vivo,S-EMA-OXLU,"EMA Oxlumo (lumasiran) EPAR public assessment report, EMA/568312/2020 (EMEA/H/C/005040)","p.34-35, Table 7 'Overview on repeated dose toxicity studies', study GO1-GLP15-009 (8-week cynomolgus monkey) major-findings column",public_domain,Same reasoning as the 36-week monkey row. NOAEL 100 QW and 100 QM (highest doses).
TMSR1236,TOLG223,animal_invivo,monkey,cynomolgus_invivo,blood,systemic_dose,300,mg/kg,36wk (once monthly),platelet_count,platelet_count,TBD,NA,no_change,no platelet finding reported at any dose up to 300 mg/kg/month,0,TRUE,animal_in_vivo,S-EMA-OXLU,"EMA Oxlumo (lumasiran) EPAR public assessment report, EMA/568312/2020 (EMEA/H/C/005040)","p.34-35, Table 7 'Overview on repeated dose toxicity studies', study GO1-GLP15-036 (36-week cynomolgus monkey) major-findings column",public_domain,"MEASURED GRADE 0. Platelets (PLT) are an explicitly monitored parameter in this table (defined in the table legend, and reported as changed in the rat study GO1-GLP15-008 in the same table), so the absence of any PLT entry in the monkey rows is a reported no-effect within a table that does report platelet changes where they occurred, not unmonitored silence. NOAEL 300 mg/kg QM (highest dose); only findings were increased ALP, vacuolated macrophages in lymph node sinusoids and Kupffer-cell basophilic granules."
TMSR1239,TOLG225,in_vitro,mouse,mouse_PRP,platelet,direct_addition,12.5,uM,TBD,platelet_aggregation,platelet_aggregation,TBD,phase-contrast microscopy (qualitative),no_change,no aggregation observed,0,TRUE,animal_in_vitro,TL-PMC12846741,PMC12846741 / PMID 41592789 / DOI 10.1093/nar/gkag007,Fig 6C,cc_by,"Text: 'no aggregation was observed following treatment with either unconjugated ASO or Chol-HDO'. Explicit no-effect result. Concentration discrepancy in the source: the Fig 6C legend states 12.5 uM while the corresponding Results sentence states 25 uM; the figure-legend value is recorded because the figure is the cited locus. Figure 6 panels B-D name the test articles only as 'ASO', 'Chol-ASO' and 'Chol-HDO'; panel A of the same figure specifies Malat1-targeting constructs, so the Malat1 constructs are assigned here. This assignment is an inference from the figure, not an explicit statement in the legend."
TMSR1240,TOLG225,animal_invivo,mouse,mouse_invivo,blood,systemic_dose,25,mg/kg,3d,platelet_count,platelet_count,TBD,NA,no_change,reference arm; Chol-ASO reduced counts relative to this arm,0,TRUE,animal_in_vivo,TL-PMC12846741,PMC12846741 / PMID 41592789 / DOI 10.1093/nar/gkag007,Fig 6D,cc_by,"Unconjugated ASO was the comparator against which Chol-ASO showed a significant platelet reduction. Single intravenous injection; platelets measured 3 days later. Doses are expressed as the mass of the unconjugated ASO moiety. Numeric values are in the figure only, so readout_value is TBD. Figure 6 panels B-D name the test articles only as 'ASO', 'Chol-ASO' and 'Chol-HDO'; panel A of the same figure specifies Malat1-targeting constructs, so the Malat1 constructs are assigned here. This assignment is an inference from the figure, not an explicit statement in the legend."
TMSR1241,TOLG226,in_vitro,mouse,purified_mouse_platelets,platelet,direct_addition,TBD,NA,TBD,platelet_binding,GPVI_binding,TBD,fluorescence polarization binding curve,increase,stronger mGPVI binding than Chol-HDO,1,TRUE,animal_in_vitro,TL-PMC12846741,PMC12846741 / PMID 41592789 / DOI 10.1093/nar/gkag007,Fig 6A,cc_by,"Fluorescence-polarization binding of oligonucleotides to recombinant mouse glycoprotein VI. Text: 'Chol-HDO exhibited weaker binding affinity to GPVI compared with Chol-ASO'. No numeric Kd is printed in the text, so readout_value is TBD. Graded 1: receptor binding demonstrated without an aggregation readout in this panel."
TMSR1242,TOLG226,in_vitro,mouse,purified_mouse_platelets,platelet,direct_addition,12.5,uM,TBD,platelet_activation,intracellular_calcium_flux_Fluo-8,TBD,delta fluorescence intensity,increase,marked increase in intracellular calcium vs PBS,1,TRUE,animal_in_vitro,TL-PMC12846741,PMC12846741 / PMID 41592789 / DOI 10.1093/nar/gkag007,Fig 6B,cc_by,"Text: 'Chol-ASO induced a marked increase in intracellular calcium levels'. Graded 1: platelet activation marker at a supra-clinical concentration, no aggregation measured in this panel. Figure 6 panels B-D name the test articles only as 'ASO', 'Chol-ASO' and 'Chol-HDO'; panel A of the same figure specifies Malat1-targeting constructs, so the Malat1 constructs are assigned here. This assignment is an inference from the figure, not an explicit statement in the legend."
TMSR1243,TOLG226,in_vitro,mouse,mouse_PRP,platelet,direct_addition,12.5,uM,TBD,platelet_aggregation,platelet_aggregation,TBD,phase-contrast microscopy (qualitative),increase,platelet aggregation induced; absent with PBS,2,TRUE,animal_in_vitro,TL-PMC12846741,PMC12846741 / PMID 41592789 / DOI 10.1093/nar/gkag007,Fig 6C,cc_by,"Text: 'Chol-ASO induced platelet aggregation'. Graded 2: clear aggregation (not merely marker upregulation). Concentration discrepancy in the source: the Fig 6C legend states 12.5 uM while the corresponding Results sentence states 25 uM; the figure-legend value is recorded because the figure is the cited locus. Figure 6 panels B-D name the test articles only as 'ASO', 'Chol-ASO' and 'Chol-HDO'; panel A of the same figure specifies Malat1-targeting constructs, so the Malat1 constructs are assigned here. This assignment is an inference from the figure, not an explicit statement in the legend."
TMSR1244,TOLG226,animal_invivo,mouse,mouse_invivo,blood,systemic_dose,25,mg/kg,3d,platelet_count,platelet_count,TBD,NA,decrease,significant reduction vs unconjugated ASO,2,TRUE,animal_in_vivo,TL-PMC12846741,PMC12846741 / PMID 41592789 / DOI 10.1093/nar/gkag007,Fig 6D,cc_by,"Text: 'Chol-ASO caused a significant reduction in platelet count compared with unconjugated ASO'. Single intravenous injection; platelets measured 3 days later. Doses are expressed as the mass of the unconjugated ASO moiety. Numeric values are in the figure only, so readout_value is TBD. Figure 6 panels B-D name the test articles only as 'ASO', 'Chol-ASO' and 'Chol-HDO'; panel A of the same figure specifies Malat1-targeting constructs, so the Malat1 constructs are assigned here. This assignment is an inference from the figure, not an explicit statement in the legend."
TMSR1245,TOLG227,in_vitro,mouse,purified_mouse_platelets,platelet,direct_addition,TBD,NA,TBD,platelet_binding,GPVI_binding,TBD,fluorescence polarization binding curve,decrease,weaker mGPVI binding than Chol-ASO,0,TRUE,animal_in_vitro,TL-PMC12846741,PMC12846741 / PMID 41592789 / DOI 10.1093/nar/gkag007,Fig 6A,cc_by,Duplexing the cholesterol-conjugated gapmer into a heteroduplex reduced GPVI binding. Numeric values are in the figure only.
TMSR1246,TOLG227,in_vitro,mouse,purified_mouse_platelets,platelet,direct_addition,12.5,uM,TBD,platelet_activation,intracellular_calcium_flux_Fluo-8,TBD,delta fluorescence intensity,no_change,markedly attenuated vs Chol-ASO,0,TRUE,animal_in_vitro,TL-PMC12846741,PMC12846741 / PMID 41592789 / DOI 10.1093/nar/gkag007,Fig 6B,cc_by,"Text: 'Chol-HDO exhibited a markedly attenuated response'. Explicit no/minimal-effect result. Figure 6 panels B-D name the test articles only as 'ASO', 'Chol-ASO' and 'Chol-HDO'; panel A of the same figure specifies Malat1-targeting constructs, so the Malat1 constructs are assigned here. This assignment is an inference from the figure, not an explicit statement in the legend."
TMSR1247,TOLG227,in_vitro,mouse,mouse_PRP,platelet,direct_addition,12.5,uM,TBD,platelet_aggregation,platelet_aggregation,TBD,phase-contrast microscopy (qualitative),no_change,no aggregation observed,0,TRUE,animal_in_vitro,TL-PMC12846741,PMC12846741 / PMID 41592789 / DOI 10.1093/nar/gkag007,Fig 6C,cc_by,"Text: 'no aggregation was observed following treatment with either unconjugated ASO or Chol-HDO'. Explicit no-effect result. Concentration discrepancy in the source: the Fig 6C legend states 12.5 uM while the corresponding Results sentence states 25 uM; the figure-legend value is recorded because the figure is the cited locus. Figure 6 panels B-D name the test articles only as 'ASO', 'Chol-ASO' and 'Chol-HDO'; panel A of the same figure specifies Malat1-targeting constructs, so the Malat1 constructs are assigned here. This assignment is an inference from the figure, not an explicit statement in the legend."
TMSR1248,TOLG227,animal_invivo,mouse,mouse_invivo,blood,systemic_dose,25,mg/kg,3d,platelet_count,platelet_count,TBD,NA,decrease,reduction attenuated vs Chol-ASO,1,TRUE,animal_in_vivo,TL-PMC12846741,PMC12846741 / PMID 41592789 / DOI 10.1093/nar/gkag007,Fig 6D,cc_by,"Text: 'whereas this effect was attenuated by Chol-HDO'. Single intravenous injection; platelets measured 3 days later. Doses are expressed as the mass of the unconjugated ASO moiety. Numeric values are in the figure only, so readout_value is TBD. Figure 6 panels B-D name the test articles only as 'ASO', 'Chol-ASO' and 'Chol-HDO'; panel A of the same figure specifies Malat1-targeting constructs, so the Malat1 constructs are assigned here. This assignment is an inference from the figure, not an explicit statement in the legend."
TMSR1250,TOLG229,animal_invivo,monkey,cynomolgus_invivo,spleen,systemic_dose,10,mg/kg,52wk,histopathology,spleen_to_body_weight_ratio,1.61,fold_change,increase,"1.61x control, statistically significant",0,FALSE,animal_in_vivo,workflow:FDA NDA 203568 Orig1s000 PharmR (Kynamro/mip,FDA NDA 203568 Orig1s000 PharmR (Kynamro/mipomersen Pharmacology Review(s)),"'12-month Changes in Organ to Body Weight Ratio (fold over controls; male&female combined)', Spleen row, 10 mg/kg/week column - review p101 (PDF p115)",public_domain,"ADJACENT row for dose-response context (is_platelet_specific FALSE). Grade 0 because no platelet effect occurred at 10 mg/kg/week (platelet count unchanged; 10 mg/kg/week is the thrombocytopenia NOAEL). Full spleen dose-response from the same table: 1.33 (1 mg/kg), 1.25 (3), 1.61* (10), 6.30* (30) - i.e. the splenic enlargement becomes steeply supra-linear only at the dose where thrombocytopenia appears."
TMSR1251,TOLG229,animal_invivo,monkey,cynomolgus_invivo,spleen,systemic_dose,30,mg/kg,52wk,histopathology,splenomegaly_with_platelet_sequestration,6.30,fold_change,increase,"6.30x control spleen:body weight ratio, statistically significant",2,FALSE,animal_in_vivo,workflow:FDA NDA 203568 Orig1s000 PharmR (Kynamro/mip,FDA NDA 203568 Orig1s000 PharmR (Kynamro/mipomersen Pharmacology Review(s)),"'12-month Changes in Organ to Body Weight Ratio (fold over controls; male&female combined)', Spleen row, 30 mg/kg/week column - review p101 (PDF p115)",public_domain,"ADJACENT (non-platelet) readout kept for mechanistic context - is_platelet_specific FALSE. Graded 2 because it is the same dose group and the same animals in which thrombocytopenia required dose interruption, and the reviewer explicitly ties the two: 'Splenomegaly, with sequestration of platelets, may have contributed to the thrombocytopenia' (review p82) and 'Splenic sequestration may account for some of the [decrease] in platelet count, since the spleen is enlarged in HD animals, especially so in HD monkeys 5007, 5506 and 5603, which experienced some of the greatest [decreases] and had the largest spleens (~3.5x the rest of their dose cohort)' (review p85). Also observed grossly: accentuation of the splenic follicular pattern in 4 of 6 monkeys at 30 mg/kg/week vs 1 control (review p101)."
TMSR1252,TOLG229,animal_invivo,rat,rat_invivo,plasma,systemic_dose,50,mg/kg,5mo,coagulation,APTT,26.20,sec,increase,"1.30x control (26.20 vs 20.21 sec, males), p<0.01",0,FALSE,animal_in_vivo,workflow:FDA NDA 203568 Orig1s000 PharmR (Kynamro/mip,FDA NDA 203568 Orig1s000 PharmR (Kynamro/mipomersen Pharmacology Review(s)),"'Hematology Group Means' table, APTT (sec) / Term row, Male 50 mg/kg/week column - review p47 (PDF p61); narrative review p42 Key Study Findings (PDF p56)",public_domain,"ADJACENT haematology row (is_platelet_specific FALSE). Male APTT dose-response at terminal sacrifice: 20.21 (0), 20.01 (3), 21.97 (10), 23.74** (30), 26.20** (50); female: 17.19, 18.86, 17.63, 21.02**, 20.97**. Reviewer narrative: 'APTT was prolonged at doses >= 30 mg/kg/week (max increase of 30% in HD males)' and 'Recovery was seen'. Grade 0 on the platelet endpoint: platelet estimate was 'Adequate' in these same animals, so this is an isolated coagulation change, not a platelet injury. Corroborates the review's Integrated Summary framing that mipomersen affected 'the coagulative pathways (transient increase in APTT, decrease in platelets in monkeys)' - i.e. APTT in rat, platelets in monkey."
TMSR1253,TOLG229,animal_invivo,rat,rat_invivo,blood,systemic_dose,50,mg/kg,10wk dosing + 4wk recovery,platelet_count,mean_platelet_volume_MPV,9.4,fL,increase,"+10.6% vs control (9.4 vs 8.5 fL, males), p<0.001",1,TRUE,animal_in_vivo,workflow:FDA NDA 203568 Orig1s000 PharmR (Kynamro/mip,FDA NDA 203568 Orig1s000 PharmR (Kynamro/mipomersen Pharmacology Review(s)),"'Hematology Group Means' table, MPV (fL) / Reco row, Male 50 mg/kg/week column - review p222 (PDF p236)",public_domain,"Juvenile rat GT-348-TX-5. Female recovery values from the same row: control 8.5, 50 mg/kg/week 9.3*** (+9.4%). At TERMINAL sacrifice MPV was, if anything, slightly LOWER than control (male 7.3 vs 7.7; female 7.2 vs 7.5, neither bolded as significant) - the increase appears only after the 4-week recovery period. Graded 1: a platelet-lineage signal (increased turnover / larger, recently generated platelets) with an explicitly unchanged platelet count and no clinical action - not grade 0, because a statistically significant platelet index change is a platelet signal. Reviewer's interpretation: 'suggesting that there was increased turnover of platelets with a greater proportion of larger, recently generated platelets.'"
TMSR1254,TOLG229,animal_invivo,rat,rat_invivo,blood,systemic_dose,50,mg/kg,10wk dosing + 4wk recovery,platelet_count,platelet_distribution_width,48.6,%,increase,"+6.6% vs control (48.6 vs 45.6%, males), p<0.01",1,TRUE,animal_in_vivo,workflow:FDA NDA 203568 Orig1s000 PharmR (Kynamro/mip,FDA NDA 203568 Orig1s000 PharmR (Kynamro/mipomersen Pharmacology Review(s)),"'Hematology Group Means' table, Platelet Dist. Width (%) / Reco row, Male 50 mg/kg/week column - review p222 (PDF p236)",public_domain,"Juvenile rat GT-348-TX-5. Female recovery values from the same row: control 42.4, 50 mg/kg/week 47.1*** (+11.1%). At terminal sacrifice PDW was not significantly different from control at any mipomersen dose (male 53.2, 49.9, 50.4, 50.1; female 50.3, 47.3, 47.5, 47.6). Graded 1 for the same reason as the MPV row: a significant platelet index change with an unchanged platelet count, indicating increased platelet turnover."
TMSR1255,TOLG229,animal_invivo,rat,rat_invivo,blood,systemic_dose,50,mg/kg,5mo,platelet_count,platelet_estimate_blood_smear,Adequate,NA,no_change,"'Adequate' platelet estimate in every animal examined, including all animals with abnormal RBC morphology",0,TRUE,animal_in_vivo,workflow:FDA NDA 203568 Orig1s000 PharmR (Kynamro/mip,FDA NDA 203568 Orig1s000 PharmR (Kynamro/mipomersen Pharmacology Review(s)),"'Individual Blood Cell Morphology Values - MALE, Terminal' and '- FEMALE, Terminal' tables, 'Platelet Estimate' column - review p47 (PDF p61)",public_domain,"5-month SC repeat-dose study in Sprague-Dawley rats (301012-AS21; doses 0, 3, 10, 30, 50 mg/kg/week). Explicit zero row at the top rat dose. The blood-smear tables list only animals with morphology findings; every listed animal at 10, 30 and 50 mg/kg/week (males 3004, 5003, 5005, 5009, 5016; females 3513, 4514, 5501) has 'Adequate' in the Platelet Estimate column, i.e. platelets were normal even in the animals with 'Findings' for RBC morphology. NOTE: the rat Hematology Group Means table for this study contains NO platelet count parameter at all - platelets were assessed only by smear estimate, which is a genuine gap in this species."
TMSR1256,TOLG229,animal_invivo,monkey,cynomolgus_invivo,blood,systemic_dose,>10,mg/kg,52wk,clinical_outcome,thrombocytopenia_NOAEL,10,mg/kg/week (NOAEL); 3x clinical safety margin,decrease,"NOAEL 10 mg/kg qw, safety margin 3x the clinical dose (200 mg qw = 3.3 mg/kg/week)",2,TRUE,animal_in_vivo,workflow:FDA NDA 203568 Orig1s000 PharmR (Kynamro/mip,FDA NDA 203568 Orig1s000 PharmR (Kynamro/mipomersen Pharmacology Review(s)),"'Tabular Summary of Notable Findings and Clinical Safety Margins', HEMATOPOIETIC section, 'Thrombocytopenia' row - review p251 (PDF p265)",public_domain,"Regulatory bottom line: thrombocytopenia is listed as a monkey (M/F) finding with NOAEL 10 mg/kg qw and only a 3x clinical safety margin. dose_or_conc_value recorded as the band '>10' verbatim in spirit (the finding occurred above the NOAEL, i.e. at 30 mg/kg qw, the only higher dose tested). Graded 2 on the event severity (thrombocytopenia requiring dose interruption). Safety-margin basis per footnote a: body-mass scaling for toxicity judged to arise from intravascular/Cmax-related exposures, body-surface-area scaling otherwise; elsewhere the review calls 30 mg/kg/week '~10x clinical exposure' (BSA-scaled), so the two multiples are consistent under different scalings. SPECIES-TRANSLATION CONTRAST: the approved human Kynamro label carries no thrombocytopenia warning, while this 1-year monkey study did."
TMSR1257,TOLG229,animal_invivo,monkey,cynomolgus_invivo,plasma,systemic_dose,30,mg/kg,52wk,immunogenicity,anti-drug_antibody,100,reciprocal_titer (1:100),increase,"11/? samples positive on screening, 7 confirmed, 3 specific for mipomersen; all of very low titer (1:100)",0,FALSE,animal_in_vivo,workflow:FDA NDA 203568 Orig1s000 PharmR (Kynamro/mip,FDA NDA 203568 Orig1s000 PharmR (Kynamro/mipomersen Pharmacology Review(s)),review p117 'Immunogenicity' + 'Specificity Results for Anti-ISIS 301012' and 'Titration Results for Anti-ISIS 301012' tables (PDF p131 and p133),public_domain,"ADJACENT row (is_platelet_specific FALSE) kept because it bears directly on whether the monkey thrombocytopenia was antibody-mediated. Anti-mipomersen (anti-drug) antibodies, NOT anti-platelet antibodies - no anti-platelet antibody assay was performed anywhere in this review. As printed: 'all samples with positive binding activity were found to be of very low titer (1:100). It seems unlikely that these low titer antibodies materially affected the study or contributed to any of the toxicity findings noted above.' Grade 0 on the platelet endpoint. NB the specificity table does show ADA-positive samples in animals 5007 (Days 185, 269) and 5506 (Days 185, 269), i.e. the two most thrombocytopenic monkeys, but the reviewer discounts a causal role on titer grounds. The review's own preferred mechanism is complement-mediated platelet activation/consumption plus splenic sequestration, with acquired haemophagocytic lymphohistiocytosis (HLH) considered: monkeys #5505 and #5506 'had evidence of immune-mediated (macrophage/histiocyte) extravascular destruction of RBCs and/or platelets, and may also have had an HLH-like syndrome' (review p82)."
TMSR1258,TOLG229,animal_invivo,rat,rat_invivo,blood,systemic_dose,50,mg/kg,10wk,platelet_count,platelet_count,TBD,10^9/L,no_change,'no effect on platelet count was apparent',0,TRUE,animal_in_vivo,workflow:FDA NDA 203568 Orig1s000 PharmR (Kynamro/mip,FDA NDA 203568 Orig1s000 PharmR (Kynamro/mipomersen Pharmacology Review(s)),review p222 'Hematology' narrative (PDF p236); corroborated review p217 Key Study Findings (PDF p231),public_domain,"Juvenile rat study GT-348-TX-5 (10 weeks dosing + 4 weeks recovery; Crl:CD(SD) rats dosed from 22 days old; doses 0, 3, 10, 50 mg/kg/week mipomersen plus ISIS 147768 rat surrogate at 10 mg/kg/week). Explicit zero row at the top dose. As printed: 'Although no effect on platelet count was apparent, there was a slight s.s. increase in platelet volume and increase in platelet distribution width following the recovery period'. No platelet count numbers are tabulated in the Hematology Group Means table for this study -> readout_value TBD."
TMSR1259,TOLG229,animal_invivo,monkey,cynomolgus_invivo,blood,systemic_dose,30,mg/kg,52wk,clinical_outcome,thrombocytopenia_incidence_requiring_dosing_holiday,3,n_animals,decrease,3 monkeys in the 30 mg/kg/week group; dosing holidays for low platelets were reported only in the high-dose group,2,TRUE,animal_in_vivo,workflow:FDA NDA 203568 Orig1s000 PharmR (Kynamro/mip,FDA NDA 203568 Orig1s000 PharmR (Kynamro/mipomersen Pharmacology Review(s)),"review p82 Key Study Findings bullet 'Thrombocytopenia was elicited in 3 HD monkeys...' (PDF p96) + review p83 Methods, 'Deviation from study protocol' (PDF p97)",public_domain,"Graded 2 on the severity of the event described - thrombocytopenia sufficient to require DOSE INTERRUPTION (dosing holidays), which is the grade-2 clinical band. Per-animal holidays as printed: HD-male 5007 Days 211-232 and Days 309-330; HD-female 5506 Day 246 to unscheduled sacrifice Day 271; HD-female 5603 Day 309. Denominator: the group-mean platelet table gives N=14 for group 5 at prestudy (3/sex terminal + 2/sex/group interim + 2/sex recovery). One of the three (5506) progressed to a grade-3 outcome (own row); the other two recovered on withdrawal. Review also notes the other 2 had vascular lesions at necropsy."
TMSR1260,TOLG229,animal_invivo,monkey,cynomolgus_invivo,blood,systemic_dose,30,mg/kg,52wk,platelet_count,thrombocytopenia_requiring_dose_interruption,TBD,10^9/L,decrease,among the greatest platelet reductions in the high-dose cohort; recovered after drug withdrawal,2,TRUE,animal_in_vivo,workflow:FDA NDA 203568 Orig1s000 PharmR (Kynamro/mip,FDA NDA 203568 Orig1s000 PharmR (Kynamro/mipomersen Pharmacology Review(s)),"review p83 Methods 'Deviation from study protocol' (PDF p97); review p8 (PDF p22); Figure 4 female platelet panel, review p88 (PDF p102)",public_domain,"INDIVIDUAL ANIMAL HD-female #5603. Dosing holiday on Day 309 for low platelet count = dose interruption, grade-2 band; recovered_after_discontinuation. No numeric nadir printed; Figure 4 female panel plots this animal at ~145 x10^3/uL at Day ~300 after ~380 at Day 185 (READ OFF THE PLOT, approximate). One of the two animals cited as having 'among the greatest reductions in platelets, and also the greatest percentage of platelets with upregulated activation markers (CD62P)'; had a Shigella infection around Day 310 and one of the largest spleens (~3.5x cohort). Unlike #5007, this animal's plasma C3 was comparable to the rest of the dose cohort."
TMSR1261,TOLG229,animal_invivo,monkey,cynomolgus_invivo,blood,systemic_dose,30,mg/kg,52wk,platelet_count,thrombocytopenia_requiring_dose_interruption,TBD,10^9/L,decrease,among the greatest platelet reductions in the high-dose cohort,2,TRUE,animal_in_vivo,workflow:FDA NDA 203568 Orig1s000 PharmR (Kynamro/mip,FDA NDA 203568 Orig1s000 PharmR (Kynamro/mipomersen Pharmacology Review(s)),"review p83 Methods 'Deviation from study protocol' (PDF p97); review p8 (PDF p22); Figure 4 male platelet panel, review p88 (PDF p102)",public_domain,"INDIVIDUAL ANIMAL HD-male #5007. Two dosing holidays for low platelet counts (Days 211-232 and Days 309-330) = dose interruption, the grade-2 band. No numeric nadir printed; Figure 4 male panel plots this animal declining from ~290 x10^3/uL at baseline to ~105-130 x10^3/uL over Days 185-297 (READ OFF THE PLOT, approximate). Review links this animal to the mechanistic hypothesis: had 'a very low C3 level compared to the rest of the cohort' (C3 18% vs 58% for the rest of the dose cohort), among the greatest platelet reductions AND the greatest percentage of platelets with upregulated CD62P; also had one of the largest spleens (~3.5x the rest of the cohort) and vascular lesions at necropsy."
TMSR1262,TOLG229,animal_invivo,monkey,cynomolgus_invivo,blood,systemic_dose,30,mg/kg,39wk (Days 269-271),clinical_outcome,bleeding_event,TBD,NA,increase,no comparable bleeding described in control or lower-dose animals,3,TRUE,animal_in_vivo,workflow:FDA NDA 203568 Orig1s000 PharmR (Kynamro/mip,FDA NDA 203568 Orig1s000 PharmR (Kynamro/mipomersen Pharmacology Review(s)),"review p84 Mortality, HD-female #5506 (PDF p98); corroborated review p8 supervisory memo and review p242 Integrated Summary (PDF p22/p256)",public_domain,"Haemorrhagic event ATTRIBUTED to thrombocytopenia, which is what the rubric requires for grade 3 (not the keyword alone). As printed: 'Following blood collection on Day 269, it was noted that that the venipuncture site bled for ~30 min after sample collection and became severely swollen'; and 'Postmortem analysis revealed widespread multifocal hemorrhage (presumably secondary to thrombocytopenia)'. Gross necropsy correlates: red discoloration of bone marrow, heart (hemorrhage) and gastric mucosa (hemorrhage) (review p100). Animal died (moribund sacrifice), independently satisfying grade 3."
TMSR1263,TOLG229,animal_invivo,monkey,cynomolgus_invivo,blood,systemic_dose,30,mg/kg,"39wk (Day 271, last dose Day 239)",platelet_count,platelet_nadir,TBD,10^9/L,decrease,'most profound decrease in platelets' of any animal on study; severe thrombocytopenia,3,TRUE,animal_in_vivo,workflow:FDA NDA 203568 Orig1s000 PharmR (Kynamro/mip,FDA NDA 203568 Orig1s000 PharmR (Kynamro/mipomersen Pharmacology Review(s)),"review p84 Mortality, HD-female #5506 (PDF p98); review p85 Hematology (PDF p99); Figure 4 female platelet panel, review p88 (PDF p102)",public_domain,"INDIVIDUAL ANIMAL HD-female #5506, sacrificed moribund Day 271 / Week 39 while on a platelet-driven dosing holiday (last dose Day 239). No numeric platelet nadir is printed in text, so readout_value = TBD rather than invented. Figure 4 (female platelet panel) plots this animal falling from ~285 x10^3/uL at Day 185 to below 50 x10^3/uL by Day ~245 and essentially to the x-axis (~0-30 x10^3/uL) at Days ~248-268 - values READ OFF THE PLOT, approximate, not printed numbers. Grade 3 on the described severity: 'severe thrombocytopenia', moribund sacrifice, plus severe anemia (RBCs 13% of baseline) and schistocytes consistent with microangiopathic hemolytic anemia."
TMSR1264,TOLG229,animal_invivo,monkey,cynomolgus_invivo,bone_marrow,systemic_dose,30,mg/kg,52wk,megakaryocyte,bone_marrow_megakaryocyte_count,TBD,NA,no_change,normal or elevated megakaryocytes despite reduced peripheral platelet count,1,TRUE,animal_in_vivo,workflow:FDA NDA 203568 Orig1s000 PharmR (Kynamro/mip,FDA NDA 203568 Orig1s000 PharmR (Kynamro/mipomersen Pharmacology Review(s)),review p85 Hematology (PDF p99),public_domain,"As printed: 'The etiology of the [decrease] in platelets is unclear, but does not appear to be due to reduced production, as analysis of bone marrow finds normal or elevated levels of magakaryocytes [sic].' No numeric megakaryocyte count is printed -> readout_value TBD. Graded 1, NOT the grade-2 'megakaryocyte/bone-marrow findings in animals' band: this is a compensatory/exculpatory finding that rules OUT marrow suppression and points to peripheral consumption/sequestration, so grading it 2 would misrepresent it as a marrow toxicity."
TMSR1265,TOLG229,animal_invivo,monkey,cynomolgus_invivo,blood,systemic_dose,30,mg/kg,52wk,platelet_count,mean_platelet_volume_MPV,TBD,fL,increase,increased MPV correlating with reduced platelet count in affected animals,1,TRUE,animal_in_vivo,workflow:FDA NDA 203568 Orig1s000 PharmR (Kynamro/mip,FDA NDA 203568 Orig1s000 PharmR (Kynamro/mipomersen Pharmacology Review(s)),review p85 Hematology (PDF p99),public_domain,"As printed: 'there is a correlation between reduced platelet count and increased mean platelet volume (MPV) in affected animals, indicating increased thrombopoiesis.' No numeric MPV value is printed for the monkey study -> readout_value TBD. Corroborates the peripheral-consumption (rather than production-failure) mechanism."
TMSR1266,TOLG229,animal_invivo,monkey,cynomolgus_invivo,plasma,systemic_dose,30,mg/kg,52wk,coagulation,PT_APTT_fibrinogen,TBD,NA,no_change,"no clear effect on PT, APTT or fibrinogen",0,FALSE,animal_in_vivo,workflow:FDA NDA 203568 Orig1s000 PharmR (Kynamro/mip,FDA NDA 203568 Orig1s000 PharmR (Kynamro/mipomersen Pharmacology Review(s)),review p89 'Coagulation' section (PDF p103),public_domain,"ADJACENT haematology row (is_platelet_specific FALSE). Explicit negative, as printed: 'Group mean data were not provided by the Sponsor, only individual data. No clear effect of test item on PT, APTT or Fibrinogen.' Important for attribution: the haemorrhage in HD-female #5506 is attributed to thrombocytopenia rather than to a coagulopathy. No numeric values were provided -> readout_value TBD."
TMSR1267,TOLG229,animal_invivo,monkey,cynomolgus_invivo,platelet,systemic_dose,0,mg/kg,50wk (Days 352-353),platelet_activation,CD62P_P-selectin,0,pct_incidence,no_change,TBD,0,TRUE,animal_in_vivo,workflow:FDA NDA 203568 Orig1s000 PharmR (Kynamro/mip,FDA NDA 203568 Orig1s000 PharmR (Kynamro/mipomersen Pharmacology Review(s)),"review p89 'Coagulation' section, CD62P/CD61 flow assay (PDF p103)",public_domain,"CONTROL ARM (group 1). Assay as printed: percentage of circulating platelets (CD61-positive cells) that are activated (double positive for CD62P and CD61), measured on Days 352 & 353 (24 and 48 h after the most recent dose) in groups 1, 4 and 5 only. 'None of the C group samples gave values within the positive control range' -> 0 samples above the positive-control range. Denominator for the control group is not printed (TBD). Explicit zero row; canonical control filter dose_or_conc_value == '0' applies."
TMSR1268,TOLG229,animal_invivo,monkey,cynomolgus_invivo,platelet,systemic_dose,10,mg/kg,50wk (Days 352-353),platelet_activation,CD62P_P-selectin,16.7,pct_incidence,increase,1/6 samples in the positive-control range vs 0/N control samples,1,TRUE,animal_in_vivo,workflow:FDA NDA 203568 Orig1s000 PharmR (Kynamro/mip,FDA NDA 203568 Orig1s000 PharmR (Kynamro/mipomersen Pharmacology Review(s)),"review p89 'Coagulation' section, CD62P/CD61 flow assay, group 4 (PDF p103)",public_domain,As printed: '1/6 group 4 sample was [within the positive control range]'. readout_value 16.7 = 1/6 expressed as a percentage; the raw fraction 1/6 is carried in effect_vs_control so no derived number stands alone. 10 mg/kg/week ~3x clinical exposure (Tabular Summary safety margin). Graded 1 per the rubric's activation-marker band: a CD62P rise WITHOUT an accompanying platelet-count decline at this dose (platelet count at 10 mg/kg was unchanged - see the 10 mg/kg platelet_count row). Reviewer's own caution: 'This may indicate an effect of test item to activate platelets.'
TMSR1269,TOLG229,animal_invivo,monkey,cynomolgus_invivo,platelet,systemic_dose,30,mg/kg,50wk (Days 352-353),platelet_activation,CD62P_P-selectin,22.2,pct_incidence,increase,2/9 samples in the positive-control range vs 0/N control samples,1,TRUE,animal_in_vivo,workflow:FDA NDA 203568 Orig1s000 PharmR (Kynamro/mip,FDA NDA 203568 Orig1s000 PharmR (Kynamro/mipomersen Pharmacology Review(s)),"review p89 'Coagulation' section, CD62P/CD61 flow assay, group 5 (PDF p103)",public_domain,"As printed: '2/9 group 5 samples were [within the positive control range]'. readout_value 22.2 = 2/9 as a percentage; raw fraction carried in effect_vs_control. Graded 1 per the rubric's activation-marker band (activation marker rise, not a count); the co-occurring count decline at this dose is graded separately. MECHANISTIC LINK stated by the reviewer (review p8/p22/p242): monkeys #5007 and #5603 'had among the greatest reductions in platelets, and also the greatest percentage of platelets with upregulated activation markers (CD62P)', with the proposed mechanism 'Complement activation can cause consumption of platelets by inducing platelet activation and subsequent removal in the spleen.'"
TMSR1270,TOLG229,animal_invivo,monkey,cynomolgus_invivo,blood,systemic_dose,0,mg/kg,39wk,platelet_count,platelet_count,393.7,10^9/L,no_change,TBD,0,TRUE,animal_in_vivo,workflow:FDA NDA 203568 Orig1s000 PharmR (Kynamro/mip,FDA NDA 203568 Orig1s000 PharmR (Kynamro/mipomersen Pharmacology Review(s)),"Sponsor hematology table 'Parameter: Plt 10^3/uL', Group 1, WEEK 39 - review p86 (PDF p100)",public_domain,"CONTROL ARM (PBS vehicle, group 1) of the 1-year SC cynomolgus study 301012-AS15. Mean 393.7, SD 116.9, N=10. Units in source are 10^3/uL = 10^9/L. Group means combine both sexes per the reviewer's note on review p85. Canonical control filter dose_or_conc_value == '0' applies to this row."
TMSR1271,TOLG229,animal_invivo,monkey,cynomolgus_invivo,blood,systemic_dose,1,mg/kg,39wk,platelet_count,platelet_count,405.8,10^9/L,no_change,+3% vs concurrent control (405.8 vs 393.7),0,TRUE,animal_in_vivo,workflow:FDA NDA 203568 Orig1s000 PharmR (Kynamro/mip,FDA NDA 203568 Orig1s000 PharmR (Kynamro/mipomersen Pharmacology Review(s)),"Sponsor hematology table 'Parameter: Plt 10^3/uL', Group 2, WEEK 39 - review p86 (PDF p100)",public_domain,"1 mg/kg/week SC. SD 141.9, N=6. Not statistically significant at any timepoint. Reviewer text (review p85): '< 3 mg/kg: no test item-related effect.' Explicit zero row."
TMSR1272,TOLG229,animal_invivo,monkey,cynomolgus_invivo,blood,systemic_dose,3,mg/kg,39wk,platelet_count,platelet_count,416.5,10^9/L,no_change,+6% vs concurrent control (416.5 vs 393.7),0,TRUE,animal_in_vivo,workflow:FDA NDA 203568 Orig1s000 PharmR (Kynamro/mip,FDA NDA 203568 Orig1s000 PharmR (Kynamro/mipomersen Pharmacology Review(s)),"Sponsor hematology table 'Parameter: Plt 10^3/uL', Group 3, WEEK 39 - review p86 (PDF p100)",public_domain,"3 mg/kg/week SC. SD 69.8, N=6. Not statistically significant. Reviewer: '< 3 mg/kg: no test item-related effect.' Explicit zero row."
TMSR1273,TOLG229,animal_invivo,monkey,cynomolgus_invivo,blood,systemic_dose,10,mg/kg,39wk,platelet_count,platelet_count,398.0,10^9/L,no_change,+1% vs concurrent control (398.0 vs 393.7),0,TRUE,animal_in_vivo,workflow:FDA NDA 203568 Orig1s000 PharmR (Kynamro/mip,FDA NDA 203568 Orig1s000 PharmR (Kynamro/mipomersen Pharmacology Review(s)),"Sponsor hematology table 'Parameter: Plt 10^3/uL', Group 4, WEEK 39 - review p86 (PDF p100)",public_domain,"10 mg/kg/week SC = the NOAEL for thrombocytopenia (3x clinical safety margin per the review's Tabular Summary). SD 65.3, N=6. Reviewer text for this dose group lists only 'Minimal increase in lymphocytes in males' - no platelet effect. Valuable explicit zero at the NOAEL."
TMSR1274,TOLG229,animal_invivo,monkey,cynomolgus_invivo,blood,systemic_dose,30,mg/kg,27wk,platelet_count,platelet_count,298.7,10^9/L,decrease,"-24.7% vs concurrent control (298.7 vs 396.6), p<=0.05",1,TRUE,animal_in_vivo,workflow:FDA NDA 203568 Orig1s000 PharmR (Kynamro/mip,FDA NDA 203568 Orig1s000 PharmR (Kynamro/mipomersen Pharmacology Review(s)),"Sponsor hematology table 'Parameter: Plt 10^3/uL', Group 5, WEEK 27 - review p86 (PDF p100)",public_domain,"30 mg/kg/week SC = highest dose, ~10x clinical exposure (review p8). SD 85.6, N=14. This is the ONLY timepoint carrying the statistical-significance asterisk (ANOVA with Dunnett's/Dunn's, p<=0.05) in the platelet table. Grade 1 because the GROUP MEAN decline stays far above 100 x10^9/L; the severe individual-animal events at this dose are captured in their own rows (grade 2-3)."
TMSR1275,TOLG229,animal_invivo,monkey,cynomolgus_invivo,blood,systemic_dose,30,mg/kg,39wk,platelet_count,platelet_nadir,273.6,10^9/L,decrease,-30.5% vs concurrent control (273.6 vs 393.7),1,TRUE,animal_in_vivo,workflow:FDA NDA 203568 Orig1s000 PharmR (Kynamro/mip,FDA NDA 203568 Orig1s000 PharmR (Kynamro/mipomersen Pharmacology Review(s)),"Sponsor hematology table 'Parameter: Plt 10^3/uL', Group 5, WEEK 39 - review p86 (PDF p100)",public_domain,"Group-mean NADIR of the 1-year monkey study. SD 132.8, N=10. Not asterisked at this timepoint (only Week 27 was). Matches the reviewer's narrative (review p85): '30 mg/kg: [decreased] platelet counts in both sexes (19-31% throughout the study)' - the full time course vs concurrent control computes to -15.6% (Wk1), -18.8% (Wk14), -24.7% (Wk27), -30.5% (Wk39), -23.8% (Wk51), i.e. the reviewer's 19-31% band. Grade 1 on the group mean; individual animals at this dose reached grade 2-3 (separate rows)."
TMSR1276,TOLG229,animal_invivo,monkey,cynomolgus_invivo,blood,systemic_dose,30,mg/kg,52wk dosing + 13wk recovery,platelet_count,platelet_count,366.7,10^9/L,no_change,"-10.6% vs concurrent control (366.7 vs 410.3), not statistically significant",0,TRUE,animal_in_vivo,workflow:FDA NDA 203568 Orig1s000 PharmR (Kynamro/mip,FDA NDA 203568 Orig1s000 PharmR (Kynamro/mipomersen Pharmacology Review(s)),"Sponsor hematology table 'Parameter: Plt 10^3/uL', Group 5, WEEK 65: RECOVERY - review p86 (PDF p100)",public_domain,"recovered_after_discontinuation. SD 137.3, N=3 (control N=4). Platelet count returns from the Week-39 nadir of 273.6 toward the control range after drug withdrawal, consistent with the reviewer's statement that 'Platelet counts recovered following drug withdrawal' (review p82). CAUTION for downstream users: groups 2, 3 and 4 print '0.0' in this recovery column because N=0 (no recovery animals were assigned to those groups) - those are missing, NOT zero platelet counts, and are deliberately not extracted as rows."
TMSR1277,TOLG229,animal_invivo,mouse,mouse_invivo,blood,systemic_dose,75,mg/kg,26wk,platelet_count,platelet_count,TBD,fold_change,no_change,not statistically significant in females at any dose,0,TRUE,animal_in_vivo,workflow:FDA NDA 203568 Orig1s000 PharmR (Kynamro/mip,FDA NDA 203568 Orig1s000 PharmR (Kynamro/mipomersen Pharmacology Review(s)),"Sponsor table 'Summary of ISIS 301012 Effects on Hematology Parameters', Platelet Counts row, FEMALE, 75 mg/kg/week column - review p70 (PDF p84)",public_domain,"SEX-SPECIFICITY row: the entire female Platelet Counts line prints '-' (not statistically significant) at 10, 25 and 75 mg/kg/week and in both recovery columns, i.e. the mouse platelet increase was confined to males ('a dose-related [increase] in platelet count in males'). Explicit zero row at the top mouse dose (~4x human AUC). No numeric value is printed -> readout_value TBD."
TMSR1278,TOLG229,animal_invivo,mouse,mouse_invivo,blood,systemic_dose,10,mg/kg,26wk,platelet_count,platelet_count,TBD,fold_change,no_change,not statistically significant,0,TRUE,animal_in_vivo,workflow:FDA NDA 203568 Orig1s000 PharmR (Kynamro/mip,FDA NDA 203568 Orig1s000 PharmR (Kynamro/mipomersen Pharmacology Review(s)),"Sponsor table 'Summary of ISIS 301012 Effects on Hematology Parameters', Platelet Counts row, Male, 10 mg/kg/week column - review p70 (PDF p84)",public_domain,"6-month SC repeat-dose study in CD-1 mice (301012-AS14; doses 0, 2, 10, 25, 75 mg/kg/week). Table cell prints '-' which the table legend defines as 'Not statistically significant'; the reviewer adds that absence of values indicates lack of statistical significance, not reversal of the numerical difference. No fold-change number is printed for this cell -> readout_value TBD. Explicit zero row. Exposure multiple at 10 mg/kg/week: <1x human AUC (supervisory memo table, review p2)."
TMSR1279,TOLG229,animal_invivo,mouse,mouse_invivo,blood,systemic_dose,25,mg/kg,26wk,platelet_count,platelet_count,1.49,fold_change,increase,"1.49x control (males), p<0.01",0,TRUE,animal_in_vivo,workflow:FDA NDA 203568 Orig1s000 PharmR (Kynamro/mip,FDA NDA 203568 Orig1s000 PharmR (Kynamro/mipomersen Pharmacology Review(s)),"Sponsor table 'Summary of ISIS 301012 Effects on Hematology Parameters', Platelet Counts row, Male, 25 mg/kg/week column - review p70 (PDF p84)",public_domain,"GRADE 0 DESPITE A SIGNIFICANT CHANGE: the direction is an INCREASE (reactive thrombocytosis), not thrombocytopenia, so the thrombocytopenia rubric scores it 0. Table legend: 'Mean treated value > control mean value displayed as fold increase'; the dagger marks p<0.01 vs untreated control. Reviewer text: 'a dose-related [increase] in platelet count in males'. Corroborated in the supervisory memo dose table (review p2), which lists 'increased platelets' as a 25 mg/kg/wk finding at ~1x human AUC. This is the direct opposite of the monkey response to the same drug and is a useful species-discordance signal."
TMSR1280,TOLG229,animal_invivo,mouse,mouse_invivo,blood,systemic_dose,75,mg/kg,26wk,platelet_count,platelet_count,1.61,fold_change,increase,"1.61x control (males), p<0.01",0,TRUE,animal_in_vivo,workflow:FDA NDA 203568 Orig1s000 PharmR (Kynamro/mip,FDA NDA 203568 Orig1s000 PharmR (Kynamro/mipomersen Pharmacology Review(s)),"Sponsor table 'Summary of ISIS 301012 Effects on Hematology Parameters', Platelet Counts row, Male, 75 mg/kg/week column - review p70 (PDF p84)",public_domain,"Highest mouse dose, ~4x human AUC (supervisory memo table, review p2). Grade 0: platelet count INCREASED 1.61x - thrombocytosis, not thrombocytopenia. Dose-related with the 25 mg/kg/week value (1.49x). Recovery columns (10 and 75 mg/kg/week Recovery) both print '-' (not statistically significant) for platelets, with n=3 per recovery group."
TMSR1405,TOLG231,animal_invivo,mouse,mouse_invivo,NA,systemic_dose,2,uM,16min,histopathology,pulmonary_microvascular_thrombosis_occluded_vessels,0,occluded_vessels_per_10_fields,no_change,"0 occluded vessels, identical to SHAM (saline) mice which were also 0",0,FALSE,animal_in_vivo,workflow:PMC8264460; PMID 33540294; doi:10.1016/j.thr,PMC8264460; PMID 33540294; doi:10.1016/j.thromres.2021.01.006,"Fig 1D (ASO 2 uM group, blue ME/PS-ASO points)",summary_stat,EXPLICIT ZERO - the band would have carried grade 2 had events occurred. Same experiment and caveats as the PS-ASO 2 uM row; n = 4 total for the dose group across both ASOs.
TMSR1406,TOLG231,animal_invivo,mouse,mouse_invivo,NA,systemic_dose,24,uM,16min,histopathology,pulmonary_microvascular_thrombosis_occluded_vessels,TBD,occluded_vessels_per_10_fields,increase,"p<0.001 (***) vs SHAM, which had 0 occluded vessels; pooled group mean ~27 per 10 fields",2,FALSE,animal_in_vivo,workflow:PMC8264460; PMID 33540294; doi:10.1016/j.thr,PMC8264460; PMID 33540294; doi:10.1016/j.thromres.2021.01.006,"Fig 1D (ASO 24 uM group, blue ME/PS-ASO points)",summary_stat,"readout_value TBD - pooled mean bar shared with the PS-ASO arm (see the paired PS-ASO 24 uM row); the three blue ME/PS-ASO points read ~14, ~20 and ~29 (approx, digitized from Fig 1D). Fig 1E shows representative H&E lungs with intravascular fibrin precipitation and thrombus after 24 uM PS- or ME/PS-ASO."
TMSR1407,TOLG231,animal_invivo,mouse,mouse_invivo,NA,systemic_dose,8,uM,16min,histopathology,pulmonary_microvascular_thrombosis_occluded_vessels,0,occluded_vessels_per_10_fields,no_change,"0 occluded vessels, identical to SHAM (saline) mice",0,FALSE,animal_in_vivo,workflow:PMC8264460; PMID 33540294; doi:10.1016/j.thr,PMC8264460; PMID 33540294; doi:10.1016/j.thromres.2021.01.006,"Fig 1D (ASO 8 uM group, blue ME/PS-ASO points)",summary_stat,EXPLICIT ZERO - the band would have carried grade 2 had events occurred. n = 4 for the 8 uM group across both ASOs.
TMSR1412,TOLG231,animal_invivo,mouse,mouse_invivo,NA,systemic_dose,24,uM,16min,histopathology,pulmonary_microvascular_thrombosis_occluded_vessels_with_p-selectin_inhibitor,TBD,occluded_vessels_per_10_fields,decrease,"pooled mean ~11.5 with p-selectin inhibitor + ASO vs ~24.5 with ASO alone, p = 0.012",2,FALSE,animal_in_vivo,workflow:PMC8264460; PMID 33540294; doi:10.1016/j.thr,PMC8264460; PMID 33540294; doi:10.1016/j.thromres.2021.01.006,Fig 2D (p-Selectin inhibitor + ASO 24 uM group),summary_stat,"MITIGATION ROW, pooled with the PS-ASO arm - Fig 2D reports one mean for the combined 'p-Selectin inhibitor + modified ASO' group (n = 6), so no per-compound value exists and readout_value is TBD. Same experiment and caveats as the paired PS-ASO row. The Fig 2D 'ASO (24 uM)' comparator arm (pooled mean ~24.5) was not emitted as separate rows because it is the same in-vivo arm already captured from Fig 1D."
TMSR1426,TOLG232,animal_invivo,mouse,mouse_invivo,NA,systemic_dose,2,uM,16min,histopathology,pulmonary_microvascular_thrombosis_occluded_vessels,0,occluded_vessels_per_10_fields,no_change,"0 occluded vessels, identical to SHAM (saline) mice which were also 0",0,FALSE,animal_in_vivo,workflow:PMC8264460; PMID 33540294; doi:10.1016/j.thr,PMC8264460; PMID 33540294; doi:10.1016/j.thromres.2021.01.006,"Fig 1D (ASO 2 uM group, black PS-ASO points)",summary_stat,"EXPLICIT ZERO - had events occurred this band would have carried grade 2 as in-vivo platelet/fibrin microthrombosis. NOD-SCID or C57Bl/6J mice, 8-10 wk, IV tail vein in 100 uL, lungs H&E, 10 non-overlapping 400x fields, scored blinded. n = 4 for the 2 uM group across both ASOs (2 black PS points, 2 blue ME/PS points, all at zero). is_platelet_specific FALSE because the score counts vessels with aggregated platelets AND/OR fibrin plugs (Methods 2.11), i.e. not a strictly platelet-specific readout. UNIT CAVEAT: Fig 1D prints uM for an injected dose; Results 3.1 prints '2 mM, 8 mM and 24 mM' and asserts 24 mM is 'equivalent to 30 mg/kg' - the article's dose units are internally inconsistent; the figure axis value is recorded."
TMSR1427,TOLG232,animal_invivo,mouse,mouse_invivo,NA,systemic_dose,24,uM,16min,histopathology,pulmonary_microvascular_thrombosis_occluded_vessels,TBD,occluded_vessels_per_10_fields,increase,"p<0.001 (***) vs SHAM, which had 0 occluded vessels; group mean ~27 per 10 fields",2,FALSE,animal_in_vivo,workflow:PMC8264460; PMID 33540294; doi:10.1016/j.thr,PMC8264460; PMID 33540294; doi:10.1016/j.thromres.2021.01.006,"Fig 1D (ASO 24 uM group, black PS-ASO points)",summary_stat,"readout_value TBD because Fig 1D draws ONE pooled mean bar (~27 occluded vessels per 10 fields, n = 6) over both ASOs; the three black PS-ASO points read ~17, ~24 and ~43, the three blue ME/PS-ASO points ~14, ~20 and ~29 (approx, digitized). No per-compound mean is reported, so none was computed. Grade 2: clear in-vivo platelet/fibrin microvascular thrombosis at the only dose the article compares to human exposure (Results 3.1 argues the human trial doses that produced thromboembolism, '900 mg/kg and 1150 mg/kg', greatly exceeded the 30 mg/kg said to equal this dose). Not a thrombocytopenia event - the finding is prothrombotic, recorded here for the platelet-hyperreactivity axis."
TMSR1428,TOLG232,animal_invivo,mouse,mouse_invivo,NA,systemic_dose,8,uM,16min,histopathology,pulmonary_microvascular_thrombosis_occluded_vessels,0,occluded_vessels_per_10_fields,no_change,"0 occluded vessels, identical to SHAM (saline) mice",0,FALSE,animal_in_vivo,workflow:PMC8264460; PMID 33540294; doi:10.1016/j.thr,PMC8264460; PMID 33540294; doi:10.1016/j.thromres.2021.01.006,"Fig 1D (ASO 8 uM group, black PS-ASO points)",summary_stat,"EXPLICIT ZERO - the band would have carried grade 2 had events occurred. n = 4 for the 8 uM group across both ASOs. Results 3.1: 'pulmonary microvascular thrombosis only in the lungs of animals exposed to the highest dose'. Note the divergence from the in-vitro data, where 8 uM was already significant for aggregation."
TMSR1432,TOLG232,animal_invivo,mouse,mouse_invivo,NA,systemic_dose,24,uM,16min,histopathology,pulmonary_microvascular_thrombosis_occluded_vessels_with_p-selectin_inhibitor,TBD,occluded_vessels_per_10_fields,decrease,"pooled mean ~11.5 with p-selectin inhibitor + ASO vs ~24.5 with ASO alone, p = 0.012; p = 0.027 vs p-selectin-inhibitor-only mice (which had 0 occluded vessels)",2,FALSE,animal_in_vivo,workflow:PMC8264460; PMID 33540294; doi:10.1016/j.thr,PMC8264460; PMID 33540294; doi:10.1016/j.thromres.2021.01.006,Fig 2D (p-Selectin inhibitor + ASO 24 uM group),summary_stat,"MITIGATION ROW. p-Selectin inhibitor (Santa Cruz sc-220688) 10 mg/kg IV 10 min before ASO transfusion (Methods 2.8). readout_value TBD because the Fig 2D combination group carries one pooled mean (n = 6) over PS- and ME/PS-ASO; individual points read ~3, ~7, ~15, ~16 and ~16.5 (approx, digitized). Graded 2 because microvascular thrombosis is significantly reduced but NOT abolished. Control mice + p-selectin inhibitor alone (n = 6) scored 0. DISCREPANCY: the abstract states the inhibitor reduced microthrombosis with p = 0.02, while the Fig 2D legend gives p = 0.012 (ASO vs inhibitor+ASO) and p = 0.027 (inhibitor vs inhibitor+ASO)."
TMSR1468,TOLG235,animal_invivo,mouse,mouse_invivo_C57BL6_ferric_chloride_carotid_artery_injury,blood,systemic_dose,0.6,mg/kg,5min pre-injury; occlusion monitored after 3min FeCl3 injury,platelet_aggregation,carotid_artery_occlusion_time,~532,s,no_change,~532 s vs ~608 s PBS - not significantly shortened; significantly LONGER than the PS oligo (P<0.01 ODN2395 vs ODN nonmod),0,FALSE,animal_in_vivo,workflow:PMC4322051; PMID 25646267; doi:10.1084/jem.2,PMC4322051; PMID 25646267; doi:10.1084/jem.20140391,Fig 3a,summary_stat,"n=6. EXPLICIT NEGATIVE: 'Treatment with ODN2395 but not the nonmodified oligonucleotide significantly reduced occlusion times.' Digitized (approximate). Had it shortened occlusion time it would have carried grade 2.;name_canonicalized_from:ODN2395_nonmod;same molecule as the canonical record - identical sequence, backbone and ps_count, confirmed by content not by name"
TMSR1469,TOLG235,animal_invivo,mouse,mouse_invivo_C57BL6_pulmonary_thromboembolism,NA,systemic_dose,1,mg/kg,20min,histopathology,pulmonary_thrombus_formation_CD41_immunostaining,TBD,NA,no_change,lung sections indistinguishable from PBS control - no CD41-positive thrombi,0,TRUE,animal_in_vivo,workflow:PMC4322051; PMID 25646267; doi:10.1084/jem.2,PMC4322051; PMID 25646267; doi:10.1084/jem.20140391,Fig 3b (panel II),summary_stat,"Representative of 4 animals/group. EXPLICIT NEGATIVE: 'pulmonary thrombus formation could be detected 20 min after i.v. injection of ODN2395 compared with PBS control or nonmodified ODN.' Had thrombi formed it would have carried grade 2.;name_canonicalized_from:ODN2395_nonmod;same molecule as the canonical record - identical sequence, backbone and ps_count, confirmed by content not by name"
TMSR1470,TOLG235,animal_invivo,mouse,mouse_invivo_C57BL6_laser-induced_mesenteric_artery_injury,blood,systemic_dose,1,mg/kg,acute (laser injury after i.v. injection),platelet_aggregation,mesenteric_arterial_thrombus_size,~4620,pixels,no_change,~4620 vs ~4650 pixels for PBS - no increase; the PS oligo was P<0.001 vs this group,0,TRUE,animal_in_vivo,workflow:PMC4322051; PMID 25646267; doi:10.1084/jem.2,PMC4322051; PMID 25646267; doi:10.1084/jem.20140391,Fig 3c-d,summary_stat,"n=4-5. EXPLICIT NEGATIVE, digitized (approximate). Backbone chemistry, not sequence or dose, determines the in-vivo prothrombotic effect. Had it enlarged thrombi it would have carried grade 2.;name_canonicalized_from:ODN2395_nonmod;same molecule as the canonical record - identical sequence, backbone and ps_count, confirmed by content not by name"
TMSR1478,TOLG236,in_vitro,minipig,adult_Gottingen_minipig_PRP,platelet,direct_addition,1,uM,30min,platelet_activation,TSP-1_release,TBD,fold_change,no_change,TBD,0,TRUE,animal_in_vitro,workflow:doi:10.3390/pharmaceutics15041112 (PMC101434,doi:10.3390/pharmaceutics15041112 (PMC10143489; PMID 37111598),Fig 1A (Results 3.1),cc_by,"Explicit negative: 'none of the PRP samples treated with 1 uM ASOs showed a significant increase in TSP-1' (Results 3.1); no asterisk on any 1 uM group in Fig 1A. Box-plot data, no printed numbers, so readout_value=TBD. n=5. Positive control 20 uM ADP significant (p=0.0095). Human Cmax ~1-2 uM per the Discussion, so 1 uM is at clinical exposure. Grade 0."
TMSR1479,TOLG236,in_vitro,minipig,adult_Gottingen_minipig_PRP,platelet,direct_addition,5,uM,30min,platelet_activation,TSP-1_release,TBD,fold_change,no_change,TBD,0,TRUE,animal_in_vitro,workflow:doi:10.3390/pharmaceutics15041112 (PMC101434,doi:10.3390/pharmaceutics15041112 (PMC10143489; PMID 37111598),Fig 1A (Results 3.1),cc_by,"Explicit negative: 'no significant TSP-1 release was observed for ODN2395-PO, RTR5001, and RTR5001-PO, even at a 5 uM concentration' (Results 3.1); no asterisk in Fig 1A. n=5. Grade 0. Isosequential PS/PO pair with ODN2395 (grade 1 at the same concentration) - the phosphorothioate backbone, not the CpG sequence, drives PRP activation."
TMSR1480,TOLG236,in_vitro,minipig,adult_Gottingen_minipig_whole_blood,blood,direct_addition,1,uM,30min,platelet_activation,TSP-1_release,TBD,fold_change,no_change,TBD,0,TRUE,animal_in_vitro,workflow:doi:10.3390/pharmaceutics15041112 (PMC101434,doi:10.3390/pharmaceutics15041112 (PMC10143489; PMID 37111598),Fig 1B (Results 3.1),cc_by,"Explicit negative: 'no considerable stimulation was detected for the WB samples treated with 1 uM ASOs' (Results 3.1); no asterisk on any 1 uM group in Fig 1B. n=5. Box-plot data, no printed values -> readout_value=TBD. Grade 0; the same compound IS significant in WB at 5 uM."
TMSR1481,TOLG236,in_vitro,minipig,adult_Gottingen_minipig_whole_blood,blood,direct_addition,5,uM,30min,platelet_activation,TSP-1_release,TBD,fold_change,increase,TBD,1,TRUE,animal_in_vitro,workflow:doi:10.3390/pharmaceutics15041112 (PMC101434,doi:10.3390/pharmaceutics15041112 (PMC10143489; PMID 37111598),Fig 1B (Results 3.1),cc_by,"Significant TSP-1 release vs vehicle (p=0.0323); asterisk in Fig 1B. n=5. Box-plot data, no printed values -> readout_value=TBD. Graded 1 (supra-therapeutic only; human Cmax ~1-2 uM). Notable exception to the PS-dependence rule: this unmodified, PS-load-0 oligo activated platelets in WHOLE BLOOD but not in PRP and did not bind GPVI (Fig 3A). The Discussion attributes it to the unmethylated CpG motifs acting via TLR9 in immune cells or via complement, i.e. an indirect/systemic route to platelet activation rather than direct GPVI engagement."
TMSR1482,TOLG236,in_vitro,minipig,adult_Gottingen_minipig_PRP,platelet,direct_addition,5,uM,30min,platelet_aggregation,platelet_aggregation,TBD,% change in OD (595 nm),no_change,TBD,0,TRUE,animal_in_vitro,workflow:doi:10.3390/pharmaceutics15041112 (PMC101434,doi:10.3390/pharmaceutics15041112 (PMC10143489; PMID 37111598),Fig 2E (Results 3.2),cc_by,"96-well plate aggregometry as above; not significant, no asterisk/p-value on the panel. n=5. Explicit grade-0 negative: 'No significant change in OD was observed for samples treated with ODN2395-PO, RTR5001, and its unmodified variant.' Isosequential PS/PO contrast with ODN2395 (grade 2)."
TMSR1483,TOLG236,in_vitro,minipig,washed_Gottingen_minipig_platelet_lysate,platelet,direct_addition,400 pmol,NA,30min,platelet_binding,GPVI_binding,TBD,NA,no_change,no GPVI pulled down,0,TRUE,animal_in_vitro,workflow:doi:10.3390/pharmaceutics15041112 (PMC101434,doi:10.3390/pharmaceutics15041112 (PMC10143489; PMID 37111598),Fig 3A (Results 3.3),cc_by,"400 pmol biotinylated ASO on streptavidin beads, 30 min at RT with washed-platelet lysate ('pmol' is outside the schema dose-unit enum; carried verbatim with unit NA). Explicit negative: 'no binding was observed with the ODN2395-PO that lacks the PS-modification in its backbone, even with the eluent volume increased by two-fold.' Grade 0. Establishes the phosphorothioate backbone rather than the CpG-rich sequence as the determinant of GPVI binding, and explains why this compound's whole-blood activation (Fig 1B) must run through a non-GPVI route."
TMSR1486,TOLG237,in_vitro,mouse,mouse_fetal_liver_megakaryocytes,bone_marrow,gymnotic_free_uptake,5,uM,24h,megakaryocyte,proplatelet_producing_MK_percent,26,% of MK,increase,26pm1pct_vs_17pm1pct_vehicle,0,TRUE,animal_in_vitro,workflow:10.3324/haematol.2020.260059,10.3324/haematol.2020.260059,Fig 1B,summary_stat,Value stated in Results prose. The Fig 1B * bracket spans ~16-24 h for the ASO groups vs vehicle.;name_disambiguated:bare 'ODN 2395' outside Sewing 2017 is the standard fully-PS reagent;verified_against_source
TMSR1523,TOLG237,in_vitro,minipig,adult_Gottingen_minipig_PRP,platelet,direct_addition,1,uM,30min,platelet_activation,TSP-1_release,TBD,fold_change,no_change,TBD,0,TRUE,animal_in_vitro,workflow:doi:10.3390/pharmaceutics15041112 (PMC101434,doi:10.3390/pharmaceutics15041112 (PMC10143489; PMID 37111598),Fig 1A (Results 3.1),cc_by,"Explicit negative: 'none of the PRP samples treated with 1 uM ASOs showed a significant increase in TSP-1' (Results 3.1); no asterisk on any 1 uM group in Fig 1A. Box-plot data, no printed numbers, so readout_value=TBD. n=5 adult female minipigs. Positive control 20 uM ADP was significant (p=0.0095). Human therapeutic plasma Cmax for subcutaneous ASOs is stated in the Discussion as ~1-2 uM, so 1 uM is at clinical exposure and 5 uM is ~2.5-5x Cmax. Grade 0 = no activation above vehicle at a clinically relevant concentration.;name_disambiguated:bare 'ODN 2395' outside Sewing 2017 is the standard fully-PS reagent"
TMSR1524,TOLG237,in_vitro,minipig,adult_Gottingen_minipig_PRP,platelet,direct_addition,5,uM,30min,platelet_activation,TSP-1_release,TBD,fold_change,increase,TBD,1,TRUE,animal_in_vitro,workflow:doi:10.3390/pharmaceutics15041112 (PMC101434,doi:10.3390/pharmaceutics15041112 (PMC10143489; PMID 37111598),Fig 1A (Results 3.1),cc_by,"Significant TSP-1 release vs DPBS vehicle (p<0.0001, linear mixed model with Dunnett post hoc); asterisk in Fig 1A. n=5. Box plots without printed numbers -> readout_value=TBD. Human Cmax ~1-2 uM per the Discussion, so 5 uM is ~2.5-5x Cmax. Graded 1: activation-marker rise only at supra-therapeutic concentration (no effect at 1 uM). ODN2395 (CpG-rich, PS load 21) produced the largest TSP-1 release of the panel; the Discussion states the panel's 'mean maximum of about 1.3 fold change in the TSP-1 marker', i.e. these are weak agonists.;name_disambiguated:bare 'ODN 2395' outside Sewing 2017 is the standard fully-PS reagent"
TMSR1525,TOLG237,in_vitro,minipig,adult_Gottingen_minipig_whole_blood,blood,direct_addition,1,uM,30min,platelet_activation,TSP-1_release,TBD,fold_change,no_change,TBD,0,TRUE,animal_in_vitro,workflow:doi:10.3390/pharmaceutics15041112 (PMC101434,doi:10.3390/pharmaceutics15041112 (PMC10143489; PMID 37111598),Fig 1B (Results 3.1),cc_by,Explicit negative: 'no considerable stimulation was detected for the WB samples treated with 1 uM ASOs' (Results 3.1); no asterisk on any 1 uM group in Fig 1B. n=5. Box-plot data with no printed values -> readout_value=TBD. Positive control 20 uM ADP significant (p=0.0110). Human Cmax ~1-2 uM per the Discussion. Grade 0 = no activation at clinical exposure.;name_disambiguated:bare 'ODN 2395' outside Sewing 2017 is the standard fully-PS reagent
TMSR1526,TOLG237,in_vitro,minipig,adult_Gottingen_minipig_whole_blood,blood,direct_addition,5,uM,30min,platelet_activation,TSP-1_release,TBD,fold_change,increase,TBD,1,TRUE,animal_in_vitro,workflow:doi:10.3390/pharmaceutics15041112 (PMC101434,doi:10.3390/pharmaceutics15041112 (PMC10143489; PMID 37111598),Fig 1B (Results 3.1),cc_by,"Significant TSP-1 release vs vehicle (p<0.0001); asterisk in Fig 1B. '5 uM ODN2395 also stimulated the highest release (p < 0.0001) of TSP-1 in the WB'. n=5. Box-plot data, no printed values -> readout_value=TBD. Human Cmax ~1-2 uM per the Discussion, so 5 uM is ~2.5-5x Cmax. Graded 1: activation marker only at supra-therapeutic concentration. A strong correlation was reported between WB platelet activation by ODN2395 and GPVI abundance in PRP (p=0.0374, r=0.9).;name_disambiguated:bare 'ODN 2395' outside Sewing 2017 is the standard fully-PS reagent"
TMSR1527,TOLG237,in_vitro,minipig,adult_Gottingen_minipig_PRP,platelet,direct_addition,5,uM,30min,platelet_aggregation,platelet_aggregation,TBD,% change in OD (595 nm),increase,max ~-80% OD in 2 of 5 samples,2,TRUE,animal_in_vitro,workflow:doi:10.3390/pharmaceutics15041112 (PMC101434,doi:10.3390/pharmaceutics15041112 (PMC10143489; PMID 37111598),Fig 2D (Results 3.2),cc_by,"96-well plate aggregometry, OD 595 nm every minute for 30 min, statistics on the last 10 min (21-30 min) vs DPBS vehicle; aggregation reads as a FALL in OD (PPP=100%, PRP=0% aggregation references). p<0.0001. n=5. 'Samples treated with ODN2395 triggered the highest reduction in OD throughout time (p < 0.0001)... Two samples showed a maximum reduction of around 80% in OD values.' Only mean trend lines are plotted - no numeric group value printed, so readout_value=TBD. Positive control 5 uM ADP p<0.0001; negative control 0.01 U/mL apyrase unchanged. Graded 2: clear aggregation at 5 uM, i.e. within ~10x the stated human Cmax of 1-2 uM. The Discussion tempers the magnitude ('only ... a weak impact on platelet aggregation' relative to ADP).;name_disambiguated:bare 'ODN 2395' outside Sewing 2017 is the standard fully-PS reagent"
TMSR1528,TOLG237,in_vitro,minipig,washed_Gottingen_minipig_platelet_lysate,platelet,direct_addition,400 pmol,NA,30min,platelet_binding,GPVI_binding,TBD,NA,increase,GPVI pulled down,1,TRUE,animal_in_vitro,workflow:doi:10.3390/pharmaceutics15041112 (PMC101434,doi:10.3390/pharmaceutics15041112 (PMC10143489; PMID 37111598),Fig 3A (Results 3.3),cc_by,"400 pmol biotinylated ASO coated onto 100 uL streptavidin beads, incubated 30 min at RT with precleared washed-platelet lysate ('pmol' is outside the schema dose-unit enum, so it is carried verbatim in dose_or_conc_value with unit NA). The beads pulled down an ~75 kDa protein identified as GPVI by Western blot (n=3), matched to the predicted swine GPVI reference XP_005656014.2. Qualitative blot - no quantitative value reported, so readout_value=TBD. Nonspecific proteins were also pulled down (Ponceau). Graded 1: GPVI binding demonstrated, with no aggregation endpoint in this assay.;name_disambiguated:bare 'ODN 2395' outside Sewing 2017 is the standard fully-PS reagent"
TMSR1529,TOLG237,in_vitro,minipig,adult_Gottingen_minipig_whole_blood + 10uM SYK inhibitor PRT-060318,blood,direct_addition,5,uM,30min,platelet_activation,TSP-1_release,TBD,fold_change,no_change,activation abolished by SYK inhibitor,0,TRUE,animal_in_vitro,workflow:doi:10.3390/pharmaceutics15041112 (PMC101434,doi:10.3390/pharmaceutics15041112 (PMC10143489; PMID 37111598),Fig 3B (Results 3.3),cc_by,"Whole blood (n=5) pretreated 10 min at 37C with 10 uM SYK inhibitor PRT-060318 (or 0.1% DMSO vehicle) before 30 min with 5 uM ASO: 'Pre-treatment with SYK inhibitor abolished the increase in platelet activation marker, TSP-1, in ODN2395- and ISIS104838-treated samples.' No numeric fold-change printed -> readout_value=TBD. MECHANISTIC ROW: grade 0 describes the SYK-INHIBITED condition only and is NOT a statement that the compound is non-activating - compare the uninhibited Fig 1B row for the same compound and concentration (grade 1). Establishes GPVI/SYK-dependent downstream signalling in minipig platelets.;name_disambiguated:bare 'ODN 2395' outside Sewing 2017 is the standard fully-PS reagent"
TMSR1545,TOLG237,ex_vivo,mouse,mouse_platelets_WT_C57BL6,platelet,direct_addition,1,uM,TBD,platelet_activation,GPIIbIIIa_activation_scFvSCE5,~420,MFI,increase,~19x unstimulated WT (~22 MFI); P<0.05 vs unstimulated,3,TRUE,animal_ex_vivo,workflow:PMC4322051; PMID 25646267; doi:10.1084/jem.2,PMC4322051; PMID 25646267; doi:10.1084/jem.20140391,Fig 1d,summary_stat,"n=4-5. Activated murine GPIIb/IIIa detected with the single-chain antibody scFvSCE5. Digitized from Fig 1d (approximate). Grade 3: activation at 1 uM, at the human oblimersen Cmax reported in this article."
TMSR1546,TOLG237,ex_vivo,mouse,mouse_platelets_WT_C57BL6,platelet,direct_addition,5,uM,TBD,platelet_activation,GPIIbIIIa_activation_scFvSCE5,~1155,MFI,increase,~53x unstimulated WT (~22 MFI); P<0.001 vs unstimulated,3,TRUE,animal_ex_vivo,workflow:PMC4322051; PMID 25646267; doi:10.1084/jem.2,PMC4322051; PMID 25646267; doi:10.1084/jem.20140391,Fig 1d,summary_stat,n=4-5. Digitized from Fig 1d (approximate). Clear concentration dependence (1 uM ~420 -> 5 uM ~1155 MFI).
TMSR1547,TOLG237,ex_vivo,mouse,mouse_platelets_TLR9_knockout,platelet,direct_addition,1,uM,TBD,platelet_activation,GPIIbIIIa_activation_scFvSCE5,~485,MFI,increase,~24x unstimulated TLR9-/- (~20 MFI); n.s. vs WT at the same concentration,3,TRUE,animal_ex_vivo,workflow:PMC4322051; PMID 25646267; doi:10.1084/jem.2,PMC4322051; PMID 25646267; doi:10.1084/jem.20140391,Fig 1d,summary_stat,"n=4-5. TLR9-/- platelets are activated indistinguishably from WT (explicit 'n.s.' bracket in the panel), establishing that PS-ODN platelet activation is TLR9-INDEPENDENT. Digitized from Fig 1d (approximate)."
TMSR1548,TOLG237,ex_vivo,mouse,mouse_platelets_TLR9_knockout,platelet,direct_addition,5,uM,TBD,platelet_activation,GPIIbIIIa_activation_scFvSCE5,~1280,MFI,increase,~64x unstimulated TLR9-/-; n.s. vs WT at the same concentration,3,TRUE,animal_ex_vivo,workflow:PMC4322051; PMID 25646267; doi:10.1084/jem.2,PMC4322051; PMID 25646267; doi:10.1084/jem.20140391,Fig 1d,summary_stat,n=4-5. Digitized from Fig 1d (approximate). TLR9-independence confirmed at the higher concentration too.
TMSR1549,TOLG237,ex_vivo,mouse,mouse_platelets_WT_C57BL6,platelet,direct_addition,1,uM,TBD,platelet_binding,ODN_platelet_binding,~40,pct_positive_platelets,increase,vs background ~1%; P<0.001 vs BG,2,TRUE,animal_ex_vivo,workflow:PMC4322051; PMID 25646267; doi:10.1084/jem.2,PMC4322051; PMID 25646267; doi:10.1084/jem.20140391,Fig 1e,summary_stat,"n=4-5. Digitized from Fig 1e (approximate). Binding-only readout, capped at grade 2 per rubric."
TMSR1550,TOLG237,ex_vivo,mouse,mouse_platelets_WT_C57BL6,platelet,direct_addition,5,uM,TBD,platelet_binding,ODN_platelet_binding,~58,pct_positive_platelets,increase,vs background ~1%; P<0.001 vs BG,2,TRUE,animal_ex_vivo,workflow:PMC4322051; PMID 25646267; doi:10.1084/jem.2,PMC4322051; PMID 25646267; doi:10.1084/jem.20140391,Fig 1e,summary_stat,n=4-5. Digitized from Fig 1e (approximate).
TMSR1551,TOLG237,ex_vivo,mouse,mouse_platelets_TLR9_knockout,platelet,direct_addition,1,uM,TBD,platelet_binding,ODN_platelet_binding,~40,pct_positive_platelets,increase,vs background ~1%; P<0.001 vs BG; n.s. vs WT at the same concentration,2,TRUE,animal_ex_vivo,workflow:PMC4322051; PMID 25646267; doi:10.1084/jem.2,PMC4322051; PMID 25646267; doi:10.1084/jem.20140391,Fig 1e,summary_stat,n=4-5. Digitized from Fig 1e (approximate). Binding is TLR9-independent (explicit n.s. bracket).
TMSR1552,TOLG237,ex_vivo,mouse,mouse_platelets_TLR9_knockout,platelet,direct_addition,5,uM,TBD,platelet_binding,ODN_platelet_binding,~67,pct_positive_platelets,increase,vs background ~1%; P<0.001 vs BG; n.s. vs WT at the same concentration,2,TRUE,animal_ex_vivo,workflow:PMC4322051; PMID 25646267; doi:10.1084/jem.2,PMC4322051; PMID 25646267; doi:10.1084/jem.20140391,Fig 1e,summary_stat,n=4-5. Digitized from Fig 1e (approximate).
TMSR1584,TOLG237,animal_invivo,mouse,mouse_invivo_C57BL6_ferric_chloride_carotid_artery_injury,blood,systemic_dose,0.6,mg/kg,5min pre-injury; occlusion monitored after 3min FeCl3 injury,platelet_aggregation,carotid_artery_occlusion_time,~268,s,decrease,~268 s vs ~608 s for PBS (a ~56% reduction; P<0.001) and ~532 s for nonmodified ODN2395 (P<0.01),2,FALSE,animal_in_vivo,workflow:PMC4322051; PMID 25646267; doi:10.1084/jem.2,PMC4322051; PMID 25646267; doi:10.1084/jem.20140391,Fig 3a,summary_stat,"n=6-8 (PBS/ODN2395), n=6 (nonmod). Values digitized from Fig 3a (approximate). Jugular-vein injection 5 min before a 3 min 10% FeCl3 injury; Doppler flow probe. Body text states this dose was chosen to attain a plasma concentration of ~1 uM, i.e. the human oblimersen Cmax - the key in-vivo clinical-relevance anchor. Graded 2, not 3: this is a PROTHROMBOTIC vessel-level outcome; no platelet count and no haemorrhagic event were measured, so the grade-3 clinical criteria are not met. is_platelet_specific=FALSE because occlusion time is a vascular functional endpoint rather than a direct platelet measurement."
TMSR1585,TOLG237,animal_invivo,mouse,mouse_invivo_C57BL6_pulmonary_thromboembolism,NA,systemic_dose,1,mg/kg,20min,histopathology,pulmonary_thrombus_formation_CD41_immunostaining,TBD,NA,increase,abundant CD41-positive (DAB-brown) intravascular platelet thrombi in lung sections vs none in PBS- or ODN nonmod-injected mice,2,TRUE,animal_in_vivo,workflow:PMC4322051; PMID 25646267; doi:10.1084/jem.2,PMC4322051; PMID 25646267; doi:10.1084/jem.20140391,Fig 3b (panels III and IV),summary_stat,"Representative of 4 animals/group. The thrombi were counted across 10 transverse cryosections per lobe per Methods, but no count is plotted, so readout_value is TBD. Tissue is lung, which is not in the schema's tissue vocabulary - recorded as NA with the organ carried in system_model. Graded 2: platelet thrombus formation in vivo at a clinically relevant systemic exposure; no platelet count or haemorrhage measured. Authors frame this as the clinically feared prothrombotic consequence ('Pulmonary embolisms ranging from small asymptomatic to large fatal embolisms are a potential clinical consequence of prothrombotic side effects of drug therapy')."
TMSR1586,TOLG237,animal_invivo,mouse,mouse_invivo_C57BL6_laser-induced_mesenteric_artery_injury,blood,systemic_dose,1,mg/kg,acute (laser injury after i.v. injection),platelet_aggregation,mesenteric_arterial_thrombus_size,~8150,pixels,increase,~8150 vs ~4650 pixels for PBS (~1.75x) and ~4620 for ODN nonmod; P<0.001 vs PBS and vs ODN nonmod,2,TRUE,animal_in_vivo,workflow:PMC4322051; PMID 25646267; doi:10.1084/jem.2,PMC4322051; PMID 25646267; doi:10.1084/jem.20140391,Fig 3c-d,summary_stat,n=4-5. Values digitized from the Fig 3d bar chart (approximate); the y-axis unit is literally 'Thrombus size (pixels)' after rhodamine staining. i.v. tail-vein injection; 440-nm pulsed nitrogen dye laser injury to 70-100 um mesenteric arteries - a model with a prominent role for GPVI. Graded 2 for the same reason as the other in-vivo thrombosis rows: no platelet count or haemorrhagic event assessed.
TMSR1597,TOLG237,animal_invivo,mouse,BALB/c_mouse_invivo,blood,systemic_dose,TBD,mg/kg,3h,platelet_count,platelet_count,TBD,NA,decrease,acute dose-dependent thrombocytopenia within 3 hours vs saline-treated mice,2,TRUE,animal_in_vivo,S-JOHA24,"PMID 39155024 / doi:10.1016/j.jtha.2024.08.003 (Johansson et al. 2024, J Thromb Haemost 22:3266-3276)",Abstract (Results); full text not open access,summary_stat,"Graded 2 (moderate) rather than 3 because the abstract does not give a platelet count or a severity band - only 'acute dose-dependent thrombocytopenia'. Mechanism: TLR9- and Syk-dependent, IVIg-rescuable, with raised plasma MCP-1; CpG ODN also activated human platelets in vitro and drove Syk-dependent phagocytosis by THP-1 monocytes. IMPORTANT INTERNAL NEGATIVE CONTROL in the same experiment: mice treated with a 2'-O-methoxyethyl-modified antisense ODN did NOT become thrombocytopenic, i.e. the acute murine effect is CpG/TLR9-driven and sequence-motif-dependent, not a generic oligonucleotide effect. That comparator ASO is unnamed in the abstract, so no separate row is created for it.;name_disambiguated:bare 'ODN 2395' outside Sewing 2017 is the standard fully-PS reagent"
TMSR1604,TOLG240,animal_invivo,rat,Sprague-Dawley_rat_invivo,blood,systemic_dose,TBD,mg/kg,Q2W or Q3W IV infusion (dose-range-finding),platelet_count,platelet_count,TBD,NA,decrease,TBD,1,TRUE,animal_in_vivo,S-FDA-PATI,FDA NDA 210922 Orig1s000 Multi-discipline Review (210922Orig1s000MultiR.pdf),"Pharm/Tox review p.19, MTD study narrative ('Drug-related changes in hematology parameters ... decreases in platelet counts'); MTD 0.3 mg/kg",public_domain,Qualitative only - no numeric platelet value given in the review. Reviewer attributes the change to the injection-site reaction (i.e. inflammation-associated rather than a direct platelet effect).
TMSR1605,TOLG240,animal_invivo,rat,Sprague-Dawley_rat_invivo,blood,systemic_dose,1.0,mg/kg,2 monthly IV infusions (2 months),platelet_count,platelet_count,1151.8,10^3/uL,no_change,"-2.5% vs control (1181.2 -> 1151.8, not significant)",0,TRUE,animal_in_vivo,S-FDA-PATI,FDA NDA 210922 Orig1s000 Multi-discipline Review (210922Orig1s000MultiR.pdf),"Pharm/Tox review p.22, Study TTR02-NCD11-002 Hematology/Clinical Chemistry findings table (females)",public_domain,Sex difference: reviewer states 'Signs of liver injury or thrombocytopenia were not observed in females'. Measured grade 0.
TMSR1606,TOLG240,animal_invivo,rat,Sprague-Dawley_rat_invivo,blood,systemic_dose,1.0,mg/kg,2 monthly IV infusions (2 months),platelet_count,platelet_count,955.5,10^3/uL,decrease,"-23% vs control (1237.3 -> 955.5, p<0.05)",1,TRUE,animal_in_vivo,S-FDA-PATI,FDA NDA 210922 Orig1s000 Multi-discipline Review (210922Orig1s000MultiR.pdf),"Pharm/Tox review p.22, Study TTR02-NCD11-002 Hematology/Clinical Chemistry findings table (males)",public_domain,"Study TTR02-NCD11-002, 1 h IV infusion once monthly x2, 10/sex/group. Reviewer text: 'Drug-related findings in males included dose-dependent decreases in mean platelet counts'. Mean decline only, no thrombocytopenia threshold crossed -> grade 1."
TMSR1607,TOLG240,animal_invivo,rat,Sprague-Dawley_rat_invivo,blood,systemic_dose,0.3,mg/kg,2 monthly IV infusions (2 months),platelet_count,platelet_count,983.2,10^3/uL,decrease,"-21% vs control (1237.3 -> 983.2, p<0.05)",1,TRUE,animal_in_vivo,S-FDA-PATI,FDA NDA 210922 Orig1s000 Multi-discipline Review (210922Orig1s000MultiR.pdf),"Pharm/Tox review p.22, Study TTR02-NCD11-002 Hematology/Clinical Chemistry findings table (males)",public_domain,Dose-dependent; 0.3 mg/kg is the human-relevant dose level (clinical dose 0.3 mg/kg q3wk).
TMSR1608,TOLG240,animal_invivo,rat,Sprague-Dawley_rat_invivo,blood,systemic_dose,3.0,mg/kg,"Q2W IV infusion, Day 44 sampling (13 weeks)",platelet_count,platelet_count,730.1,10^3/uL,no_change,"-13% vs PBS control (837.0 -> 730.1, not statistically significant)",0,TRUE,animal_in_vivo,S-FDA-PATI,FDA NDA 210922 Orig1s000 Multi-discipline Review (210922Orig1s000MultiR.pdf),"Pharm/Tox review p.27, Study hematology table Day 44 (males), ALN-TTR02 arm",public_domain,Same study contains the AF-011-1955 LNP comparator arm; the LNP control produced a statistically significant platelet fall at the same dose while ALN-TTR02 did not.
TMSR1626,TOLG244,in_vitro,minipig,adult_Gottingen_minipig_PRP,platelet,direct_addition,1,uM,30min,platelet_activation,TSP-1_release,TBD,fold_change,no_change,TBD,0,TRUE,animal_in_vitro,workflow:doi:10.3390/pharmaceutics15041112 (PMC101434,doi:10.3390/pharmaceutics15041112 (PMC10143489; PMID 37111598),Fig 1A (Results 3.1),cc_by,"Explicit negative: 'none of the PRP samples treated with 1 uM ASOs showed a significant increase in TSP-1' (Results 3.1); no asterisk on any 1 uM group in Fig 1A. n=3 (Fig 1A axis label). Box-plot data, no printed numbers -> readout_value=TBD. Human Cmax ~1-2 uM per the Discussion. Grade 0."
TMSR1627,TOLG244,in_vitro,minipig,adult_Gottingen_minipig_PRP,platelet,direct_addition,5,uM,30min,platelet_activation,TSP-1_release,TBD,fold_change,no_change,TBD,0,TRUE,animal_in_vitro,workflow:doi:10.3390/pharmaceutics15041112 (PMC101434,doi:10.3390/pharmaceutics15041112 (PMC10143489; PMID 37111598),Fig 1A (Results 3.1),cc_by,"Explicit negative: 'no significant TSP-1 release was observed for ODN2395-PO, RTR5001, and RTR5001-PO, even at a 5 uM concentration' (Results 3.1); no asterisk in Fig 1A. n=5. Grade 0. Key LNA result: the LNA/PS/LNA gapmer is inert while its all-PS isosequence RTR5001-PS activates - the Discussion concludes LNA sugar modification reduces the risk of platelet activation. Consistent with in vivo 'no effect' in minipig, NHP and human (Table 2)."
TMSR1628,TOLG244,in_vitro,minipig,adult_Gottingen_minipig_whole_blood,blood,direct_addition,1,uM,30min,platelet_activation,TSP-1_release,TBD,fold_change,no_change,TBD,0,TRUE,animal_in_vitro,workflow:doi:10.3390/pharmaceutics15041112 (PMC101434,doi:10.3390/pharmaceutics15041112 (PMC10143489; PMID 37111598),Fig 1B (Results 3.1),cc_by,"Explicit negative: 'no considerable stimulation was detected for the WB samples treated with 1 uM ASOs' (Results 3.1); no asterisk on any 1 uM group in Fig 1B. n=5. Box-plot data, no printed values -> readout_value=TBD. Grade 0."
TMSR1629,TOLG244,in_vitro,minipig,adult_Gottingen_minipig_whole_blood,blood,direct_addition,5,uM,30min,platelet_activation,TSP-1_release,TBD,fold_change,no_change,TBD,0,TRUE,animal_in_vitro,workflow:doi:10.3390/pharmaceutics15041112 (PMC101434,doi:10.3390/pharmaceutics15041112 (PMC10143489; PMID 37111598),Fig 1B (Results 3.1),cc_by,"No significant TSP-1 increase at 5 uM; not listed among the significant WB groups in Results 3.1 and no asterisk in Fig 1B. n=5. Grade 0. Table 2 scores RTR5001 as 'no effect' in the minipig activation assay, consistent with its in vivo no-effect in minipig, NHP and human."
TMSR1630,TOLG244,in_vitro,minipig,adult_Gottingen_minipig_PRP,platelet,direct_addition,5,uM,30min,platelet_aggregation,platelet_aggregation,TBD,% change in OD (595 nm),no_change,TBD,0,TRUE,animal_in_vitro,workflow:doi:10.3390/pharmaceutics15041112 (PMC101434,doi:10.3390/pharmaceutics15041112 (PMC10143489; PMID 37111598),Fig 2H (Results 3.2),cc_by,"96-well plate aggregometry as above; not significant, no p-value on the panel. n=4. Explicit grade-0 negative ('No significant change in OD was observed for samples treated with ODN2395-PO, RTR5001, and its unmodified variant'). Consistent with in vivo 'no effect' for RTR5001 in minipig, NHP and human (Table 2), and with the LNA-mitigation conclusion in the Discussion."
TMSR1631,TOLG244,animal_invivo,minipig,"juvenile_Gottingen_minipig_invivo (PND 9-51, control + RTR5001-treated)",platelet,systemic_dose,TBD,NA,up to 8wk,platelet_binding,GPVI_abundance,TBD,ng/mL,no_change,no treatment effect,0,TRUE,animal_in_vivo,workflow:doi:10.3390/pharmaceutics15041112 (PMC101434,doi:10.3390/pharmaceutics15041112 (PMC10143489; PMID 37111598),Fig 4B + Section 2.9 (Statistical Analysis) + Supplementary Table S1,cc_by,"GPVI ELISA in PRP, adjusted to 1x10^8 platelets/mL. 'No significant effect of treatment, sex, and their interactions was detected in either approach' (Section 2.9) - an explicit drug-effect negative for RTR5001 on the platelet receptor that mediates PS-ASO platelet activation. Separately (ontogeny, not treatment): GPVI abundance showed no significant difference between age groups (Fig 4B), was unchanged when adjusted to whole-blood platelet concentration, and did not correlate with platelet concentration. Per-animal values are listed in Supplementary Table S1 but no group mean is printed, so readout_value=TBD. GPVI level has been proposed as a screening biomarker for patients at higher risk of ASO-induced thrombocytopenia."
TMSR1632,TOLG244,animal_invivo,minipig,"juvenile_Gottingen_minipig_invivo (PND 9-51, control + RTR5001-treated)",plasma,systemic_dose,TBD,NA,up to 8wk,platelet_activation,PF4_abundance,TBD,ng/mL,no_change,no treatment effect,0,TRUE,animal_in_vivo,workflow:doi:10.3390/pharmaceutics15041112 (PMC101434,doi:10.3390/pharmaceutics15041112 (PMC10143489; PMID 37111598),Fig 4C + Section 2.9 (Statistical Analysis) + Supplementary Table S1,cc_by,"Free PF4 ELISA in platelet-poor plasma (no anticoagulant). No significant effect of treatment or sex (Section 2.9) - an explicit drug-effect negative for RTR5001 on the plasma protein that drives the HIT-like ASO-PF4 immune mechanism. Ontogeny finding (NOT treatment-related): PF4 was significantly HIGHER at PND 9, 43 and 51 than in adults (p=0.0124), with PND 16-37 intermediate, and correlated moderately with platelet concentration (p=0.0010, r=0.6075) - the paper's main paediatric-risk signal, since more free PF4 means more ASO-PF4 complex available to trigger a humoral response. Per-animal values in Supplementary Table S1; no group mean printed, so readout_value=TBD."
TMSR1633,TOLG244,animal_invivo,minipig,juvenile_Gottingen_minipig_invivo (PND 2),blood,systemic_dose,TBD,NA,sampled at PND 2 within an 8-week repeat-dose study,platelet_count,platelet_count,344-348,10^9/L,no_change,no treatment-related difference vs vehicle control,0,TRUE,animal_in_vivo,workflow:doi:10.3390/pharmaceutics15041112 (PMC101434,doi:10.3390/pharmaceutics15041112 (PMC10143489; PMID 37111598),Supplementary Table S1 (also plotted in Fig 4A),cc_by,"Range of the individual platelet counts (Giga/L = 10^9/L) of the RTR5001-TREATED juvenile Gottingen minipigs at this age; animal IDs and values: 521 (348), 531 (344). Counts measured on an ADVIA 120/2120 in the 8-week repeat-dose study of ref 30. Dose level and route are NOT stated in this paper (TBD). Section 2.9: 'No significant effect of treatment, sex, and their interactions was detected in either approach.' All values far above 100x10^9/L -> grade 0. Lowest mean platelet concentration of the ontogeny series occurs at PND 2 in both control and treated animals (Fig 4A) - a developmental, not treatment-related, nadir; relevant to paediatric dosing since ASOs could in principle precipitate an already low neonatal platelet count."
TMSR1634,TOLG244,animal_invivo,minipig,juvenile_Gottingen_minipig_invivo (PND 9),blood,systemic_dose,TBD,NA,sampled at PND 9 within an 8-week repeat-dose study,platelet_count,platelet_count,969-1097,10^9/L,no_change,no treatment-related difference vs vehicle control,0,TRUE,animal_in_vivo,workflow:doi:10.3390/pharmaceutics15041112 (PMC101434,doi:10.3390/pharmaceutics15041112 (PMC10143489; PMID 37111598),Supplementary Table S1 (also plotted in Fig 4A),cc_by,"Range of individual platelet counts of the RTR5001-TREATED juvenile minipigs at this age; animal IDs and values: 523 (969), 535 (1097). ADVIA 120/2120; dose and route not stated in this paper (TBD). No treatment or sex effect (Section 2.9). Grade 0. PND 9 is one of the two ontogeny peaks of platelet concentration (Fig 4A) and also carries significantly higher PF4 abundance than adults."
TMSR1635,TOLG244,animal_invivo,minipig,juvenile_Gottingen_minipig_invivo (PND 16),blood,systemic_dose,TBD,NA,sampled at PND 16 within an 8-week repeat-dose study,platelet_count,platelet_count,546-660,10^9/L,no_change,no treatment-related difference vs vehicle control,0,TRUE,animal_in_vivo,workflow:doi:10.3390/pharmaceutics15041112 (PMC101434,doi:10.3390/pharmaceutics15041112 (PMC10143489; PMID 37111598),Supplementary Table S1 (also plotted in Fig 4A),cc_by,"Range of individual platelet counts of the RTR5001-TREATED juvenile minipigs at this age; animal IDs and values: 524 (546), 537 (660). ADVIA 120/2120; dose and route not stated in this paper (TBD). No treatment or sex effect (Section 2.9). Grade 0."
TMSR1636,TOLG244,animal_invivo,minipig,juvenile_Gottingen_minipig_invivo (PND 23),blood,systemic_dose,TBD,NA,sampled at PND 23 within an 8-week repeat-dose study,platelet_count,platelet_count,226-682,10^9/L,no_change,no treatment-related difference vs vehicle control,0,TRUE,animal_in_vivo,workflow:doi:10.3390/pharmaceutics15041112 (PMC101434,doi:10.3390/pharmaceutics15041112 (PMC10143489; PMID 37111598),Supplementary Table S1 (also plotted in Fig 4A),cc_by,"Range of individual platelet counts of the RTR5001-TREATED juvenile minipigs at this age; animal IDs and values: 522 (226), 532 (581), 534 (682). ADVIA 120/2120; dose and route not stated in this paper (TBD). No treatment or sex effect (Section 2.9). Animal 522 (226 x10^9/L) is the lowest individual treated value in the whole study and is still far above any thrombocytopenia threshold, so grade 0."
TMSR1637,TOLG244,animal_invivo,minipig,juvenile_Gottingen_minipig_invivo (PND 29-30),blood,systemic_dose,TBD,NA,sampled at PND 29-30 within an 8-week repeat-dose study,platelet_count,platelet_count,643-650,10^9/L,no_change,no treatment-related difference vs vehicle control,0,TRUE,animal_in_vivo,workflow:doi:10.3390/pharmaceutics15041112 (PMC101434,doi:10.3390/pharmaceutics15041112 (PMC10143489; PMID 37111598),Supplementary Table S1 (also plotted in Fig 4A),cc_by,"Range of individual platelet counts of the RTR5001-TREATED juvenile minipigs at this age; animal IDs and values: 527 (643), 533 (650). ADVIA 120/2120; dose and route not stated in this paper (TBD). No treatment or sex effect (Section 2.9). Grade 0."
TMSR1638,TOLG244,animal_invivo,minipig,juvenile_Gottingen_minipig_invivo (PND 37),blood,systemic_dose,TBD,NA,sampled at PND 37 within an 8-week repeat-dose study,platelet_count,platelet_count,676-699,10^9/L,no_change,no treatment-related difference vs vehicle control,0,TRUE,animal_in_vivo,workflow:doi:10.3390/pharmaceutics15041112 (PMC101434,doi:10.3390/pharmaceutics15041112 (PMC10143489; PMID 37111598),Supplementary Table S1 (also plotted in Fig 4A),cc_by,"Range of individual platelet counts of the RTR5001-TREATED juvenile minipigs at this age; animal IDs and values: 525 (699), 538 (676). ADVIA 120/2120; dose and route not stated in this paper (TBD). No treatment or sex effect (Section 2.9). Grade 0."
TMSR1639,TOLG244,animal_invivo,minipig,juvenile_Gottingen_minipig_invivo (PND 43),blood,systemic_dose,TBD,NA,sampled at PND 43 within an 8-week repeat-dose study,platelet_count,platelet_count,892,10^9/L,no_change,no treatment-related difference vs vehicle control,0,TRUE,animal_in_vivo,workflow:doi:10.3390/pharmaceutics15041112 (PMC101434,doi:10.3390/pharmaceutics15041112 (PMC10143489; PMID 37111598),Supplementary Table S1 (also plotted in Fig 4A),cc_by,Single RTR5001-TREATED juvenile minipig at this age; animal ID and value: 539 (892). ADVIA 120/2120; dose and route not stated in this paper (TBD). No treatment or sex effect (Section 2.9). Grade 0. PND 43-51 is the second ontogeny peak of platelet concentration (Fig 4A).
TMSR1640,TOLG244,animal_invivo,minipig,juvenile_Gottingen_minipig_invivo (PND 51),blood,systemic_dose,TBD,NA,sampled at PND 51 within an 8-week repeat-dose study,platelet_count,platelet_count,728-828,10^9/L,no_change,no treatment-related difference vs vehicle control,0,TRUE,animal_in_vivo,workflow:doi:10.3390/pharmaceutics15041112 (PMC101434,doi:10.3390/pharmaceutics15041112 (PMC10143489; PMID 37111598),Supplementary Table S1 (also plotted in Fig 4A),cc_by,"Range of individual platelet counts of the RTR5001-TREATED juvenile minipigs at this age; animal IDs and values: 526 (828), 536 (728). ADVIA 120/2120; dose and route not stated in this paper (TBD). No treatment or sex effect (Section 2.9). This is the end-of-study timepoint of the 8-week juvenile study - the basis for the Introduction's statement that no fall in platelet count was seen after up to eight weeks of RTR5001. Grade 0."
TMSR1642,TOLG244,animal_invivo,minipig,"Gottingen_minipig_invivo (literature summary, refs 29/30 of this paper)",blood,systemic_dose,TBD,NA,4-8wk,platelet_count,platelet_count,TBD,NA,no_change,TBD,0,TRUE,animal_in_vivo,workflow:doi:10.3390/pharmaceutics15041112 (PMC101434,doi:10.3390/pharmaceutics15041112 (PMC10143489; PMID 37111598),"Table 2, In Vivo column ('no effect', superscript M = Gottingen minipigs)",cc_by,"SECONDARY/SUMMARY CLAIM from Table 2 (refs 29,30) - flagged as a possible duplicate of primary-source rows. Introduction: adult Gottingen minipigs treated with various LNA-based PS ASOs showed no fall in platelet count after four weeks, and juvenile Gottingen minipigs treated with RTR5001 showed no fall after up to eight weeks. Individual juvenile platelet counts underlying the second statement are extracted separately from Supplementary Table S1. No doses stated in this source, so readout_value=TBD."
TMSR1643,TOLG244,animal_invivo,monkey,"cynomolgus_invivo (literature summary, ref 38 of this paper)",blood,systemic_dose,TBD,NA,13wk,platelet_count,platelet_count,TBD,NA,no_change,TBD,0,TRUE,animal_in_vivo,workflow:doi:10.3390/pharmaceutics15041112 (PMC101434,doi:10.3390/pharmaceutics15041112 (PMC10143489; PMID 37111598),"Table 2, In Vivo column ('no effect', superscript N = non-human primates)",cc_by,"SECONDARY/SUMMARY CLAIM from Table 2 (ref 38) - flagged as a possible duplicate of primary-source rows. Explicit in vivo grade-0 negative in NHPs; 13 weeks of treatment per the Discussion. No counts or doses stated, so readout_value=TBD."
TMSR1644,TOLG245,in_vitro,minipig,adult_Gottingen_minipig_PRP,platelet,direct_addition,1,uM,30min,platelet_activation,TSP-1_release,TBD,fold_change,no_change,TBD,0,TRUE,animal_in_vitro,workflow:doi:10.3390/pharmaceutics15041112 (PMC101434,doi:10.3390/pharmaceutics15041112 (PMC10143489; PMID 37111598),Fig 1A (Results 3.1),cc_by,"Explicit negative: 'none of the PRP samples treated with 1 uM ASOs showed a significant increase in TSP-1' (Results 3.1); no asterisk on any 1 uM group in Fig 1A. n=3 (Fig 1A axis label). Box-plot data, no printed numbers -> readout_value=TBD. Grade 0."
TMSR1645,TOLG245,in_vitro,minipig,adult_Gottingen_minipig_PRP,platelet,direct_addition,5,uM,30min,platelet_activation,TSP-1_release,TBD,fold_change,no_change,TBD,0,TRUE,animal_in_vitro,workflow:doi:10.3390/pharmaceutics15041112 (PMC101434,doi:10.3390/pharmaceutics15041112 (PMC10143489; PMID 37111598),Fig 1A (Results 3.1),cc_by,"Explicit negative: 'no significant TSP-1 release was observed for ODN2395-PO, RTR5001, and RTR5001-PO, even at a 5 uM concentration' (Results 3.1); no asterisk in Fig 1A. n=4 (Fig 1A axis label). Grade 0. PS load 0."
TMSR1646,TOLG245,in_vitro,minipig,adult_Gottingen_minipig_whole_blood,blood,direct_addition,1,uM,30min,platelet_activation,TSP-1_release,TBD,fold_change,no_change,TBD,0,TRUE,animal_in_vitro,workflow:doi:10.3390/pharmaceutics15041112 (PMC101434,doi:10.3390/pharmaceutics15041112 (PMC10143489; PMID 37111598),Fig 1B (Results 3.1),cc_by,"Explicit negative: 'no considerable stimulation was detected for the WB samples treated with 1 uM ASOs' (Results 3.1); no asterisk on any 1 uM group in Fig 1B. n=5. Box-plot data, no printed values -> readout_value=TBD. Grade 0."
TMSR1647,TOLG245,in_vitro,minipig,adult_Gottingen_minipig_whole_blood,blood,direct_addition,5,uM,30min,platelet_activation,TSP-1_release,TBD,fold_change,no_change,TBD,0,TRUE,animal_in_vitro,workflow:doi:10.3390/pharmaceutics15041112 (PMC101434,doi:10.3390/pharmaceutics15041112 (PMC10143489; PMID 37111598),Fig 1B (Results 3.1),cc_by,"No significant TSP-1 increase at 5 uM; not listed among the significant WB groups and no asterisk in Fig 1B. n=5. Grade 0. PS load 0; contrast with ODN2395-PO, the other PS-load-0 oligo, which DID activate in WB (CpG/TLR9 route)."
TMSR1648,TOLG245,in_vitro,minipig,adult_Gottingen_minipig_PRP,platelet,direct_addition,5,uM,30min,platelet_aggregation,platelet_aggregation,TBD,% change in OD (595 nm),no_change,TBD,0,TRUE,animal_in_vitro,workflow:doi:10.3390/pharmaceutics15041112 (PMC101434,doi:10.3390/pharmaceutics15041112 (PMC10143489; PMID 37111598),Fig 2J (Results 3.2),cc_by,"96-well plate aggregometry as above; not significant, no p-value on the panel. n=4. Explicit grade-0 negative for the unmodified isosequence (PS load 0)."
TMSR1649,TOLG246,in_vitro,minipig,adult_Gottingen_minipig_PRP,platelet,direct_addition,1,uM,30min,platelet_activation,TSP-1_release,TBD,fold_change,no_change,TBD,0,TRUE,animal_in_vitro,workflow:doi:10.3390/pharmaceutics15041112 (PMC101434,doi:10.3390/pharmaceutics15041112 (PMC10143489; PMID 37111598),Fig 1A (Results 3.1),cc_by,"Explicit negative: 'none of the PRP samples treated with 1 uM ASOs showed a significant increase in TSP-1' (Results 3.1); no asterisk on any 1 uM group in Fig 1A. n=3 (Fig 1A axis label). Box-plot data, no printed numbers -> readout_value=TBD. Concentration threshold row: the same compound IS significant at 5 uM. Grade 0."
TMSR1650,TOLG246,in_vitro,minipig,adult_Gottingen_minipig_PRP,platelet,direct_addition,5,uM,30min,platelet_activation,TSP-1_release,TBD,fold_change,increase,TBD,1,TRUE,animal_in_vitro,workflow:doi:10.3390/pharmaceutics15041112 (PMC101434,doi:10.3390/pharmaceutics15041112 (PMC10143489; PMID 37111598),Fig 1A (Results 3.1),cc_by,"Significant TSP-1 release vs DPBS vehicle (p=0.0053, linear mixed model with Dunnett post hoc); asterisk in Fig 1A. n=5. Box plots without printed numbers -> readout_value=TBD. Human Cmax ~1-2 uM per the Discussion. Graded 1: activation only at supra-therapeutic 5 uM. Discussion: 'RTR5001-PS induced a slightly higher activation than ISIS104838-PS, even though the latter has a longer sequence and more PS bonds' - i.e. the response is sequence-specific, not a pure length/PS-load function."
TMSR1651,TOLG246,in_vitro,minipig,adult_Gottingen_minipig_whole_blood,blood,direct_addition,1,uM,30min,platelet_activation,TSP-1_release,TBD,fold_change,no_change,TBD,0,TRUE,animal_in_vitro,workflow:doi:10.3390/pharmaceutics15041112 (PMC101434,doi:10.3390/pharmaceutics15041112 (PMC10143489; PMID 37111598),Fig 1B (Results 3.1),cc_by,"Explicit negative: 'no considerable stimulation was detected for the WB samples treated with 1 uM ASOs' (Results 3.1); no asterisk on any 1 uM group in Fig 1B. n=5. Box-plot data, no printed values -> readout_value=TBD. Concentration threshold row: significant in WB at 5 uM. Grade 0."
TMSR1652,TOLG246,in_vitro,minipig,adult_Gottingen_minipig_whole_blood,blood,direct_addition,5,uM,30min,platelet_activation,TSP-1_release,TBD,fold_change,increase,TBD,1,TRUE,animal_in_vitro,workflow:doi:10.3390/pharmaceutics15041112 (PMC101434,doi:10.3390/pharmaceutics15041112 (PMC10143489; PMID 37111598),Fig 1B (Results 3.1),cc_by,"Significant TSP-1 release vs vehicle (p=0.0210); asterisk in Fig 1B. n=5. Box-plot data, no printed values -> readout_value=TBD. Human Cmax ~1-2 uM per the Discussion. Graded 1: activation only at supra-therapeutic 5 uM. Third-ranked WB activator after ODN2395 and ISIS104838."
TMSR1653,TOLG246,in_vitro,minipig,adult_Gottingen_minipig_PRP,platelet,direct_addition,5,uM,30min,platelet_aggregation,platelet_aggregation,TBD,% change in OD (595 nm),increase,~-60 to -80% OD in 2 of 4 samples,2,TRUE,animal_in_vitro,workflow:doi:10.3390/pharmaceutics15041112 (PMC101434,doi:10.3390/pharmaceutics15041112 (PMC10143489; PMID 37111598),Fig 2I (Results 3.2),cc_by,"96-well plate aggregometry as above; p<0.0001 (printed on the panel). n=4. 'This is followed by RTR5001-PS, for which a significant decline in OD values was observed (p < 0.0001)... Two samples in this group decreased by around 60-80% in their OD values.' No numeric group value printed -> readout_value=TBD. Graded 2: clear aggregation at 5 uM (<=10x human Cmax). Highest-value design contrast in the paper: the 14-mer LNA gapmer RTR5001 is inert on every endpoint while its all-PS isosequence (identical length and PS load 13) both activates and aggregates."
TMSR1658,TOLG249,animal_invivo,monkey,cynomolgus_invivo,blood,systemic_dose,360,mg/kg,39wk (once weekly IV infusion) + 8wk recovery,platelet_count,hematology_panel_no_effect,TBD,NA,no_change,no drug effect on haematology up to 360 mg/kg/wk,0,FALSE,animal_in_vivo,S-FDA-VILT,"FDA NDA 212154 Orig1s000 Pharmacology/Toxicology Review (VILTEPSO, reviewer D.L. Carbone), Reference ID 4641598","p.~22-23, 39-week cynomolgus monkey IV study (NS-065), 'Hematology, Clinical Chemistry, and Urinalysis' section",public_domain,"ADJACENT-HAEMATOLOGY FALLBACK ROW. Verbatim: 'There were no drug effects on hematology, clinical chemistry, or urinalysis parameters.' Blood sampled predose and on Days 71, 162, 267 and recovery Day 55. Doses 0, 10, 60, 360 mg/kg weekly, 5 males main / 3 recovery."
TMSR1664,TOLG250,animal_invivo,mouse,"mouse_invivo (study 304801-AS17, peri- and post-natal, dams)",blood,systemic_dose,87.5,mg/kg,"GD6 to LD20 (dosed alternate days, expressed per week)",platelet_count,platelet_count_maternal,TBD,NA,decrease,decrease_vs_control_at_high_dose_only,1,TRUE,animal_in_vivo,workflow:EMA/180717/2019 (EMEA/H/C/004538) Waylivra E,EMA/180717/2019 (EMEA/H/C/004538) Waylivra EPAR Public Assessment Report,p39 narrative following Table 14,public_domain,"'Maternal toxicity observed in mice consisted of decreases in mean PLT count, as well as, increases in spleen weight, circulating monocytes, and serum cytokines at the high dose only.' High dose = 87.5 mg/kg/wk; doses 0, 10.5, 35, 87.5 mg/kg/wk SC. No numeric platelet value printed."
TMSR1665,TOLG250,animal_invivo,monkey,cynomolgus_invivo,platelet,systemic_dose,5,mg/kg,13wk,platelet_aggregation,platelet_aggregation_aggregometry,no effect,NA,no_change,no_effect_vs_control,0,TRUE,animal_in_vivo,workflow:EMA/180717/2019 (EMEA/H/C/004538) Waylivra E,EMA/180717/2019 (EMEA/H/C/004538) Waylivra EPAR Public Assessment Report,"p40, Toxicology section 'Other studies'",public_domain,Dedicated platelet-function study run because of the observed platelet effects in monkeys. 5 mg/kg/wk SC for 13 weeks; no effect on platelet function by aggregometry.
TMSR1666,TOLG250,animal_invivo,monkey,cynomolgus_invivo,platelet,systemic_dose,10,mg/kg,13wk,platelet_aggregation,platelet_aggregation_aggregometry,no effect,NA,no_change,no_effect_vs_control,0,TRUE,animal_in_vivo,workflow:EMA/180717/2019 (EMEA/H/C/004538) Waylivra E,EMA/180717/2019 (EMEA/H/C/004538) Waylivra EPAR Public Assessment Report,"p40, Toxicology section 'Other studies'",public_domain,10 mg/kg/wk SC for 13 weeks; no effect on platelet function by aggregometry.
TMSR1667,TOLG250,animal_invivo,monkey,cynomolgus_invivo,platelet,systemic_dose,5,mg/kg,13wk,platelet_aggregation,platelet_function_PFA-100,no effect,NA,no_change,no_effect_vs_control,0,TRUE,animal_in_vivo,workflow:EMA/180717/2019 (EMEA/H/C/004538) Waylivra E,EMA/180717/2019 (EMEA/H/C/004538) Waylivra EPAR Public Assessment Report,"p40, Toxicology section 'Other studies'",public_domain,PFA-100 closure-time platelet function analyser; no effect at 5 mg/kg/wk for 13 weeks.
TMSR1668,TOLG250,animal_invivo,monkey,cynomolgus_invivo,platelet,systemic_dose,10,mg/kg,13wk,platelet_aggregation,platelet_function_PFA-100,no effect,NA,no_change,no_effect_vs_control,0,TRUE,animal_in_vivo,workflow:EMA/180717/2019 (EMEA/H/C/004538) Waylivra E,EMA/180717/2019 (EMEA/H/C/004538) Waylivra EPAR Public Assessment Report,"p40, Toxicology section 'Other studies'",public_domain,PFA-100; no effect at 10 mg/kg/wk for 13 weeks.
TMSR1671,TOLG250,animal_invivo,monkey,cynomolgus_invivo,blood,systemic_dose,TBD,mg/kg,TBD,clinical_outcome,bleeding_event_bruising,present,NA,increase,TBD,3,TRUE,animal_in_vivo,workflow:EMA/180717/2019 (EMEA/H/C/004538) Waylivra E,EMA/180717/2019 (EMEA/H/C/004538) Waylivra EPAR Public Assessment Report,"p42 narrative, section 2.3.6 Discussion on non-clinical aspects",public_domain,'Low platelet counts in monkeys correlated with bruising and increased APPT and is considered a clinically relevant effect as thrombocytopenia was also observed in clinical trials.' Bleeding manifestation in the presence of low platelet counts; no incidence figure is printed.
TMSR1672,TOLG250,animal_invivo,monkey,cynomolgus_invivo,plasma,systemic_dose,TBD,mg/kg,TBD,immunogenicity,anti-drug_antibody_vs_platelet_status,not increased in animals with low platelets,NA,no_change,TBD,0,FALSE,animal_in_vivo,workflow:EMA/180717/2019 (EMEA/H/C/004538) Waylivra E,EMA/180717/2019 (EMEA/H/C/004538) Waylivra EPAR Public Assessment Report,"p43 narrative, section 2.3.6 Discussion on non-clinical aspects",public_domain,"Adjacent-immunology context row. Anti-volanesorsen antibodies were measured in the majority of animals but were not increased in animals with low platelets. ADA incidence/titre by dose is in Table 8 (p32): 0 mg/kg 0%, 3 mg/kg 50%, 6 mg/kg 71%, 12 mg/kg 72%, 20 mg/kg 72%."
TMSR1673,TOLG250,animal_invivo,monkey,cynomolgus_invivo,plasma,systemic_dose,TBD,mg/kg,TBD,immunogenicity,anti-platelet_antibody,not detected in 7 of 8 affected monkeys,NA,no_change,TBD,0,TRUE,animal_in_vivo,workflow:EMA/180717/2019 (EMEA/H/C/004538) Waylivra E,EMA/180717/2019 (EMEA/H/C/004538) Waylivra EPAR Public Assessment Report,"p43 narrative, section 2.3.6 Discussion on non-clinical aspects",public_domain,"'Anti-platelet antibodies were not detected in 7 out of 8 affected monkeys.' The status of the 8th animal is not stated in the source. Graded 0 on the antibody readout because the finding is predominantly negative - it argues against an antibody-mediated mechanism, although the applicant still considers platelet clearance the most likely explanation."
TMSR1674,TOLG250,animal_invivo,monkey,cynomolgus_invivo,bone_marrow,systemic_dose,TBD,mg/kg,TBD,histopathology,bone_marrow_haematopoietic_toxicity,no toxicity,NA,no_change,no_toxicity_vs_control,0,FALSE,animal_in_vivo,workflow:EMA/180717/2019 (EMEA/H/C/004538) Waylivra E,EMA/180717/2019 (EMEA/H/C/004538) Waylivra EPAR Public Assessment Report,"p43 narrative, section 2.3.6 Discussion on non-clinical aspects",public_domain,"'There was no toxicity to hematopoietic organs including bone marrow.' Adjacent-haematology row: rules out a megakaryocyte/production-side mechanism, supporting peripheral platelet clearance as the applicant's proposed mechanism. Kept with is_platelet_specific FALSE as an adjacent bone-marrow readout."
TMSR1675,TOLG250,animal_invivo,monkey,cynomolgus_invivo,platelet,systemic_dose,TBD,mg/kg,TBD,platelet_activation,CD62P_P-selectin,no apparent induction,NA,no_change,no_induction_vs_control,0,TRUE,animal_in_vivo,workflow:EMA/180717/2019 (EMEA/H/C/004538) Waylivra E,EMA/180717/2019 (EMEA/H/C/004538) Waylivra EPAR Public Assessment Report,"p43 narrative, section 2.3.6 Discussion on non-clinical aspects",public_domain,"'In a subset of monkeys with PLT < 50,000 cells/uL, there was no apparent induction of PLT activation markers (CD62P).' Mechanistically important negative: even in severely thrombocytopenic animals no platelet activation marker rise was detectable. Graded 0 for the activation readout itself; the same animals carry grade-3 platelet-count rows. Dose level of the subset is not stated."
TMSR1676,TOLG250,animal_invivo,monkey,cynomolgus_invivo,plasma,systemic_dose,TBD,mg/kg,TBD,immunogenicity,IL-6_and_neutrophil_count_in_affected_animals,increased,NA,increase,TBD,0,FALSE,animal_in_vivo,workflow:EMA/180717/2019 (EMEA/H/C/004538) Waylivra E,EMA/180717/2019 (EMEA/H/C/004538) Waylivra EPAR Public Assessment Report,"p43 narrative, section 2.3.6 Discussion on non-clinical aspects",public_domain,"Adjacent-inflammation context row: 'inflammatory markers (in particular IL-6 and neutrophil counts) appeared to be increased in several affected monkeys, suggesting that the inflammatory response, in part, may drive the observed changes.' Qualitative only, no values printed."
TMSR1769,TOLG250,animal_invivo,mouse,mouse_invivo (study 304801-AS01),blood,systemic_dose,40,mg/kg,13wk,platelet_count,platelet_count,TBD,NA,decrease,decrease_vs_control,1,TRUE,animal_in_vivo,workflow:EMA/180717/2019 (EMEA/H/C/004538) Waylivra E,EMA/180717/2019 (EMEA/H/C/004538) Waylivra EPAR Public Assessment Report,"Table 9 (p32-33), study 304801-AS01, Haematology row '>=40: decreased PLT'",public_domain,"GLP 13-week mouse study, doses 0-4-12-40-100 mg/kg SC, 16 or 22/sex/group, NOAEL not determined. Lowest effect dose for decreased PLT is 40 mg/kg. Arrow direction confirmed by vision rendering of the bitmap arrows and corroborated by p42 ('A decrease in platelet count was noted in all tested animal species'). No numeric platelet value is printed - graded 1 as a mean decrease with no thrombocytopenia or bleeding reported."
TMSR1770,TOLG250,animal_invivo,mouse,mouse_invivo (study 304801-AS10),blood,systemic_dose,30,mg/kg,26wk,platelet_count,platelet_count,TBD,NA,decrease,decrease_vs_control,1,TRUE,animal_in_vivo,workflow:EMA/180717/2019 (EMEA/H/C/004538) Waylivra E,EMA/180717/2019 (EMEA/H/C/004538) Waylivra EPAR Public Assessment Report,"Table 9 (p33), study 304801-AS10, Haematology row '>=30: decreased PLT'",public_domain,"GLP 26-week mouse study, doses 0-3-10-30-80 mg/kg SC plus a 30 mg/kg murine ASO (ISIS 440670) arm, 18 or 12/sex/group, NOAEL 3 mg/kg. Decreased PLT from 30 mg/kg alongside decreased RBC, HB and haematocrit. Arrow direction confirmed by vision rendering."
TMSR1771,TOLG250,animal_invivo,monkey,cynomolgus_invivo (study 304801-AS11),blood,systemic_dose,6,mg/kg,39wk,platelet_count,platelet_count,sporadic cases of very low PLT,NA,decrease,TBD,3,TRUE,animal_in_vivo,workflow:EMA/180717/2019 (EMEA/H/C/004538) Waylivra E,EMA/180717/2019 (EMEA/H/C/004538) Waylivra EPAR Public Assessment Report,"Table 9 (p35), study 304801-AS11, Haematology row",public_domain,"Lowest dose with the finding: '>=6: Sporadic cases of very low PLT'. Doses tested 0-3-6-12-20 mg/kg, 39 weeks SC, 7 or 9/sex/group, NOAEL 3 mg/kg. p43 identifies a subset of monkeys with PLT <50,000 cells/uL, so graded 3. No numeric platelet value is printed."
TMSR1772,TOLG250,animal_invivo,monkey,cynomolgus_invivo (study 304801-AS11),blood,systemic_dose,12,mg/kg,39wk,clinical_outcome,mortality_attributed_to_thrombocytopenia,1,animals,increase,1F_vs_0_control,3,TRUE,animal_in_vivo,workflow:EMA/180717/2019 (EMEA/H/C/004538) Waylivra E,EMA/180717/2019 (EMEA/H/C/004538) Waylivra EPAR Public Assessment Report,"Table 9 (p35), study 304801-AS11, Mortality row",public_domain,'=12: 1F (thrombocytopenia)' plus 2F (declining condition). Death/moribund sacrifice attributed to thrombocytopenia - the most severe possible endpoint.
TMSR1773,TOLG250,animal_invivo,monkey,cynomolgus_invivo (study 304801-AS11),blood,systemic_dose,20,mg/kg,39wk,clinical_outcome,mortality_attributed_to_thrombocytopenia,2,animals,increase,1M+1F_vs_0_control,3,TRUE,animal_in_vivo,workflow:EMA/180717/2019 (EMEA/H/C/004538) Waylivra E,EMA/180717/2019 (EMEA/H/C/004538) Waylivra EPAR Public Assessment Report,"Table 9 (p35), study 304801-AS11, Mortality row",public_domain,"'=20: 1M, 1F (thrombocytopenia)', plus 1M (proinflammatory effects) and 2M (declining condition). Dose-dependent mortality from thrombocytopenia across 12 and 20 mg/kg."
TMSR1774,TOLG250,animal_invivo,rat,rat_invivo (study 304801-AS13),blood,systemic_dose,20,mg/kg,TBD,platelet_count,platelet_count,TBD,NA,decrease,decrease_vs_control,1,TRUE,animal_in_vivo,workflow:EMA/180717/2019 (EMEA/H/C/004538) Waylivra E,EMA/180717/2019 (EMEA/H/C/004538) Waylivra EPAR Public Assessment Report,"Table 9 (p35), study 304801-AS13, Haematology row '>=20: decreased RBC, HB, HCrit, PLT'",public_domain,"GLP rat study, doses 0-40/20-80 mg/kg SC, 10/sex/group; 5 animals moribund, treatment related; duration not stated in the table. Decreased PLT from 20 mg/kg together with decreased RBC/HB/haematocrit and pale appearance. Arrow direction confirmed by vision rendering. NOTE: the companion 26-week rat study 304801-AS12 lists no PLT finding."
TMSR1775,TOLG250,animal_invivo,monkey,cynomolgus_invivo (study 304801-AS02),plasma,systemic_dose,40,mg/kg,13wk,coagulation,aPTT,increased,NA,increase,increase_vs_control,0,FALSE,animal_in_vivo,workflow:EMA/180717/2019 (EMEA/H/C/004538) Waylivra E,EMA/180717/2019 (EMEA/H/C/004538) Waylivra EPAR Public Assessment Report,"Table 9 (p36), study 304801-AS02, Serum chemistry row '=40: increased APPT'",public_domain,"Adjacent coagulation context row (the known transient PS-ASO effect on the intrinsic tenase complex, invoked at p103 to explain injection-site bleeding). Doses 0-4-8-12-40 mg/kg (loading IV then SC; SC only at 40), 13 weeks. NOTE: no PLT finding is listed for this 13-week monkey study - the platelet decreases appear in the 39-week study 304801-AS11."
